id,time_iso,longitude,latitude,depth,mag,mag_type,lon_error,lat_error,depth_error,mag_error,strike1,dip1,rake1,strike2,dip2,rake2,Mrr,Mtt,Mpp,Mrt,Mrp,Mtp,source,dups,class_raw,sub_depth,class,time,mc_window,tc_years,mc_window_index,time_dt,is_mainshock,cluster_id
181,1902-03-05T19:03:00,-70.0,-20.0,52.67,6.8,mw,,,,0.2,,,,,,,,,,,,,CERESIS-GEM,,slab_deep,52.5618515015,slab_deep,1902-03-05T19:03:00,6.8,49.99863107460644,1,1902-03-05 19:03:00+00:00,True,37
183,1903-12-07T14:44:00,-70.0,-27.0,68.22,6.8,mw,,,,0.2,,,,,,,,,,,,,CERESIS-GEM,,slab_deep,68.0207214355,slab_deep,1903-12-07T14:44:00,6.8,49.99863107460644,1,1903-12-07 14:44:00+00:00,True,38
186,1905-10-26T00:00:00,-70.75,-34.17,80.05,6.8,mw,,,,0.6,,,,,,,,,,,,,CERESIS-GEM,,slab_deep,79.7492141724,slab_deep,1905-10-26T00:00:00,6.8,49.99863107460644,1,1905-10-26 00:00:00+00:00,True,39
222,1915-06-06T21:29:37,-68.5,-18.5,160.0,7.5,mw,,,,,,,,,,,,,,,,,ISC,,slab_deep,140.655349731,slab_deep,1915-06-06T21:29:37,6.8,49.99863107460644,1,1915-06-06 21:29:37+00:00,True,5
228,1916-12-23T09:24:34,-69.642,-22.762,75.0,6.8,mw,,,21.4,0.2,,,,,,,,,,,,,ISC-GEM,,slab_deep,56.9580230713,slab_deep,1916-12-23T09:24:34,6.8,49.99863107460644,1,1916-12-23 09:24:34+00:00,True,40
255,1921-10-20T06:03:23,-68.77,-19.87,117.0,7.2,mw,,,,,,,,,,,,,,,,,ISC,,slab_deep,101.443992615,slab_deep,1921-10-20T06:03:23,6.8,49.99863107460644,1,1921-10-20 06:03:23+00:00,True,9
260,1922-10-11T14:49:57,-72.705,-16.287,75.0,7.2,mw,,,23.6,0.47,,,,,,,,,,,,,ISC-GEM,,slab_deep,66.5761795044,slab_deep,1922-10-11T14:49:57,6.8,49.99863107460644,1,1922-10-11 14:49:57+00:00,True,10
296,1926-04-28T11:13:45,-68.051,-22.556,90.0,6.8,mw,,,,,,,,,,,,,,,,,ISC,,slab_deep,104.379135132,slab_deep,1926-04-28T11:13:45,6.8,49.99863107460644,1,1926-04-28 11:13:45+00:00,True,41
318,1927-04-14T06:23:39,-69.396,-32.526,110.0,7.2,mw,,,,,,,,,,,,,,,,,ISC,,slab_deep,105.51890564,slab_deep,1927-04-14T06:23:39,6.8,49.99863107460644,1,1927-04-14 06:23:39+00:00,True,11
380,1929-10-19T10:12:00,-69.0,-23.0,100.0,7.5,mw,,,,,,,,,,,,,,,,,CERESIS-GEM,,slab_deep,76.9564666748,slab_deep,1929-10-19T10:12:00,6.8,49.99863107460644,1,1929-10-19 10:12:00+00:00,True,6
461,1933-10-25T23:28:15,-66.428,-23.647,205.0,7.0,mw,,,,,,,,,,,,,,,,,ISC,,slab_deep,188.850082397,slab_deep,1933-10-25T23:28:15,6.8,49.99863107460644,1,1933-10-25 23:28:15+00:00,True,19
480,1934-06-24T05:59:34,-68.6,-22.0,100.0,6.9,mw,,,,0.2,,,,,,,,,,,,,CERESIS-GEM,,slab_deep,89.9944152832,slab_deep,1934-06-24T05:59:34,6.8,49.99863107460644,1,1934-06-24 05:59:34+00:00,True,28
510,1936-03-01T20:45:00,-72.5,-40.0,120.0,7.0,mw,,,,,,,,,,,,,,,,,CSN-improved,,slab_deep,84.712348938,slab_deep,1936-03-01T20:45:00,6.8,49.99863107460644,1,1936-03-01 20:45:00+00:00,True,20
552,1939-01-24T03:32:15,-72.213,-36.296,100.0,8.0,mw,,,6.2,0.2,,,,,,,,,,,,,ISC-GEM,,slab_deep,59.1176147461,slab_deep,1939-01-24T03:32:15,6.8,49.99863107460644,1,1939-01-24 03:32:15+00:00,True,1
581,1940-10-06T15:35:42,-70.4,-17.8,200.0,6.8,mw,,,,0.2,,,,,,,,,,,,,CERESIS-GEM,,slab_deep,81.8183059692,slab_deep,1940-10-06T15:35:42,6.8,49.99863107460644,1,1940-10-06 15:35:42+00:00,True,42
587,1941-04-03T15:21:34,-66.588,-23.121,200.0,7.2,mw,,,,,,,,,,,,,,,,,ISC,,slab_deep,182.921676636,slab_deep,1941-04-03T15:21:34,6.8,49.99863107460644,1,1941-04-03 15:21:34+00:00,True,12
596,1942-06-29T06:26:40,-70.238,-33.037,95.0,6.8,mw,,,,,,,,,,,,,,,,,ISC,,slab_deep,87.3247299194,slab_deep,1942-06-29T06:26:40,6.8,49.99863107460644,1,1942-06-29 06:26:40+00:00,True,43
607,1943-03-14T18:38:03,-68.967,-19.671,120.0,7.2,mw,,,,,,,,,,,,,,,,,ISC,,slab_deep,96.6078491211,slab_deep,1943-03-14T18:38:03,6.8,49.99863107460644,1,1943-03-14 18:38:03+00:00,True,13
620,1943-12-01T10:34:50,-68.856,-20.733,114.0,6.9,mw,,,,,,,,,,,,,,,,,ISC,,slab_deep,89.2919616699,slab_deep,1943-12-01T10:34:50,6.8,49.99863107460644,1,1943-12-01 10:34:50+00:00,True,29
631,1945-09-13T11:17:14,-70.418,-33.757,92.0,7.0,mw,,,,,,,,,,,,,,,,,ISC,,slab_deep,87.2664642334,slab_deep,1945-09-13T11:17:14,6.8,49.99863107460644,1,1945-09-13 11:17:14+00:00,True,21
668,1949-04-20T03:29:10,-72.713,-37.634,57.7,7.0,mw,,,5.9,0.33,,,,,,,,,,,,,ISC-GEM,,slab_deep,51.0705833435,slab_deep,1949-04-20T03:29:10,6.8,49.99863107460644,1,1949-04-20 03:29:10+00:00,True,22
671,1949-05-30T01:32:53,-68.408,-20.581,98.0,7.0,mw,,,,,,,,,,,,,,,,,ISC,,slab_deep,105.649337769,slab_deep,1949-05-30T01:32:53,6.8,49.99863107460644,1,1949-05-30 01:32:53+00:00,True,23
683,1950-03-05T18:01:23,-68.7,-22.1,160.0,6.2,mw,,,,0.6,,,,,,,,,,,,,CERESIS-GEM,,slab_deep,86.9344100952,slab_deep,1950-03-05T18:01:23,5.9,25.998631074606436,2,1950-03-05 18:01:23+00:00,True,114
691,1950-12-09T21:38:52,-67.912,-23.977,113.9,8.0,mw,,,6.0,0.4,,,,,,,,,,,,,ISC-GEM,,slab_deep,101.773658752,slab_deep,1950-12-09T21:38:52,5.9,25.998631074606436,2,1950-12-09 21:38:52+00:00,True,2
693,1950-12-21T11:36:48,-71.0,-29.5,100.0,6.2,mw,,,,0.6,,,,,,,,,,,,,CERESIS-GEM,,slab_deep,51.5293807983,slab_deep,1950-12-21T11:36:48,5.9,25.998631074606436,2,1950-12-21 11:36:48+00:00,True,115
697,1951-04-14T00:45:29,-66.4,-23.3,223.0,6.8,mw,,,,0.2,,,,,,,,,,,,,CERESIS-GEM,,slab_deep,196.177429199,slab_deep,1951-04-14T00:45:29,5.9,25.998631074606436,2,1951-04-14 00:45:29+00:00,True,44
700,1951-05-15T05:18:40,-69.86,-21.462,53.3,6.1,mw,,,5.1,0.2,,,,,,,,,,,,,ISC-GEM,,slab_deep,50.2137985229,slab_deep,1951-05-15T05:18:40,5.9,25.998631074606436,2,1951-05-15 05:18:40+00:00,True,139
702,1951-06-28T03:36:52,-71.5,-17.0,78.89,6.2,mw,,,,0.6,,,,,,,,,,,,,CERESIS-GEM,,slab_deep,79.1357498169,slab_deep,1951-06-28T03:36:52,5.9,25.998631074606436,2,1951-06-28 03:36:52+00:00,True,116
706,1951-10-03T11:07:09,-70.5,-18.8,64.0,6.5,mw,,,,0.6,,,,,,,,,,,,,CERESIS-GEM,,slab_deep,51.0856208801,slab_deep,1951-10-03T11:07:09,5.9,25.998631074606436,2,1951-10-03 11:07:09+00:00,True,69
708,1951-11-09T22:07:55,-68.0,-21.75,120.0,6.1,mw,,,,0.29,,,,,,,,,,,,,CERESIS-GEM,,slab_deep,112.329429626,slab_deep,1951-11-09T22:07:55,5.9,25.998631074606436,2,1951-11-09 22:07:55+00:00,True,140
719,1952-09-21T02:30:40,-65.814,-22.216,268.0,7.2,mw,,,,,,,,,,,,,,,,,ISC,,slab_deep,251.384567261,slab_deep,1952-09-21T02:30:40,5.9,25.998631074606436,2,1952-09-21 02:30:40+00:00,True,14
721,1952-10-12T04:28:32,-71.0,-17.4,78.18,6.0,mw,,,,0.29,,,,,,,,,,,,,CERESIS-GEM,,slab_deep,77.4939727783,slab_deep,1952-10-12T04:28:32,5.9,25.998631074606436,2,1952-10-12 04:28:32+00:00,True,168
723,1953-01-06T16:05:43,-67.5,-21.0,160.0,5.9,mw,,,,0.29,,,,,,,,,,,,,CERESIS-GEM,,slab_deep,147.244430542,slab_deep,1953-01-06T16:05:43,5.9,25.998631074606436,2,1953-01-06 16:05:43+00:00,True,187
732,1953-10-27T18:20:46,-66.515,-19.61,272.0,6.4,mw,,,,,,,,,,,,,,,,,ISC,,slab_deep,239.572860718,slab_deep,1953-10-27T18:20:46,5.9,25.998631074606436,2,1953-10-27 18:20:46+00:00,True,82
733,1953-12-07T02:05:41,-68.692,-22.429,106.0,7.4,mw,,,,,,,,,,,,,,,,,ISC,,slab_deep,85.5546112061,slab_deep,1953-12-07T02:05:41,5.9,25.998631074606436,2,1953-12-07 02:05:41+00:00,True,8
737,1954-04-05T17:52:22,-67.5,-23.0,150.0,6.2,mw,,,,0.6,,,,,,,,,,,,,CERESIS-GEM,,slab_deep,125.898345947,slab_deep,1954-04-05T17:52:22,5.9,25.998631074606436,2,1954-04-05 17:52:22+00:00,True,117
743,1954-06-21T01:48:44,-68.229,-23.194,113.0,6.6,mw,,,,,,,,,,,,,,,,,ISC,,slab_deep,93.6472625732,slab_deep,1954-06-21T01:48:44,5.9,25.998631074606436,2,1954-06-21 01:48:44+00:00,True,62
748,1954-07-26T20:15:53,-72.955,-41.233,55.0,6.3,mw,,,4.9,0.2,,,,,,,,,,,,,ISC-GEM,,slab_deep,66.0554046631,slab_deep,1954-07-26T20:15:53,5.9,25.998631074606436,2,1954-07-26 20:15:53+00:00,True,95
754,1954-12-19T10:23:46,-66.184,-22.869,247.0,6.6,mw,,,,,,,,,,,,,,,,,ISC,,slab_deep,216.262451172,slab_deep,1954-12-19T10:23:46,5.9,25.998631074606436,2,1954-12-19 10:23:46+00:00,True,63
764,1955-05-28T06:20:41,-65.186,-30.737,179.0,6.9,mw,,,,,,,,,,,,,,,,,ISC,,slab_deep,171.934143066,slab_deep,1955-05-28T06:20:41,5.9,25.998631074606436,2,1955-05-28 06:20:41+00:00,True,30
769,1955-10-06T11:03:18,-70.34,-37.612,167.0,6.5,mw,,,,,,,,,,,,,,,,,ISC,,slab_deep,160.507171631,slab_deep,1955-10-06T11:03:18,5.9,25.998631074606436,2,1955-10-06 11:03:18+00:00,True,70
771,1955-11-04T22:44:04,-70.22,-34.664,112.0,6.8,mw,,,,,,,,,,,,,,,,,ISC,,slab_deep,111.209571838,slab_deep,1955-11-04T22:44:04,5.9,25.998631074606436,2,1955-11-04 22:44:04+00:00,True,45
782,1956-07-22T09:25:08,-69.0,-19.0,100.0,6.2,mw,,,,0.17,,,,,,,,,,,,,CERESIS-GEM,,slab_deep,105.155761719,slab_deep,1956-07-22T09:25:08,5.9,25.998631074606436,2,1956-07-22 09:25:08+00:00,True,118
784,1956-09-15T07:39:04,-69.0,-20.0,100.0,6.8,mw,,,,0.2,,,,,,,,,,,,,CERESIS-GEM,,slab_deep,90.5167236328,slab_deep,1956-09-15T07:39:04,5.9,25.998631074606436,2,1956-09-15 07:39:04+00:00,True,46
791,1956-12-18T02:31:11,-70.036,-25.552,44.9,6.8,mw,,,5.0,0.2,,,,,,,,,,,,,ISC-GEM,,slab_deep,55.7980232239,slab_deep,1956-12-18T02:31:11,5.9,25.998631074606436,2,1956-12-18 02:31:11+00:00,True,47
792,1957-01-15T22:54:28,-67.15,-28.12,124.0,6.1,mw,,,,0.17,,,,,,,,,,,,,CERESIS-GEM,,slab_deep,115.061378479,slab_deep,1957-01-15T22:54:28,5.9,25.998631074606436,2,1957-01-15 22:54:28+00:00,True,141
807,1957-11-29T22:19:51,-66.713,-20.948,232.5,7.7,mw,,,6.0,0.4,,,,,,,,,,,,,ISC-GEM,,slab_deep,197.586044312,slab_deep,1957-11-29T22:19:51,5.9,25.998631074606436,2,1957-11-29 22:19:51+00:00,True,4
812,1958-01-15T19:14:31,-72.242,-16.625,64.0,7.0,mw,,,6.0,0.31,,,,,,,,,,,,,ISC-GEM,,slab_deep,67.4554138184,slab_deep,1958-01-15T19:14:31,5.9,25.998631074606436,2,1958-01-15 19:14:31+00:00,True,24
813,1958-04-30T19:27:34,-68.415,-21.269,113.0,6.0,mw,,,,,,,,,,,,,,,,,ISC,,slab_deep,100.118759155,slab_deep,1958-04-30T19:27:34,5.9,25.998631074606436,2,1958-04-30 19:27:34+00:00,True,169
814,1958-05-08T12:40:50,-66.894,-24.248,181.0,6.4,mw,,,,,,,,,,,,,,,,,ISC,,slab_deep,151.331222534,slab_deep,1958-05-08T12:40:50,5.9,25.998631074606436,2,1958-05-08 12:40:50+00:00,True,83
815,1958-05-09T04:40:32,-65.32,-30.82,174.0,6.1,mw,,,,0.17,,,,,,,,,,,,,CERESIS-GEM,,slab_deep,165.426071167,slab_deep,1958-05-09T04:40:32,5.9,25.998631074606436,2,1958-05-09 04:40:32+00:00,True,142
824,1958-07-11T19:10:30,-69.574,-21.214,55.0,6.0,mw,,,5.2,0.2,,,,,,,,,,,,,ISC-GEM,,slab_deep,63.519203186,slab_deep,1958-07-11T19:10:30,5.9,25.998631074606436,2,1958-07-11 19:10:30+00:00,True,170
842,1958-12-19T11:14:42,-73.023,-16.437,54.6,5.9,mw,,,5.3,0.2,,,,,,,,,,,,,ISC-GEM,,slab_deep,51.8924598694,slab_deep,1958-12-19T11:14:42,5.9,25.998631074606436,2,1958-12-19 11:14:42+00:00,True,188
846,1959-02-20T04:12:57,-71.094,-30.728,60.0,6.4,mw,,,,,,,,,,,,,,,,,ISC,,slab_deep,55.0036201477,slab_deep,1959-02-20T04:12:57,5.9,25.998631074606436,2,1959-02-20 04:12:57+00:00,True,84
847,1959-03-04T10:56:42,-68.0,-20.0,253.0,5.9,mw,,,,0.29,,,,,,,,,,,,,CERESIS-GEM,,slab_deep,136.631851196,slab_deep,1959-03-04T10:56:42,5.9,25.998631074606436,2,1959-03-04 10:56:42+00:00,True,189
856,1959-06-14T00:12:07,-68.862,-20.407,109.2,7.1,mw,,,5.2,0.4,,,,,,,,,,,,,ISC-GEM,,slab_deep,91.6957321167,slab_deep,1959-06-14T00:12:07,5.9,25.998631074606436,2,1959-06-14 00:12:07+00:00,True,17
861,1959-07-10T04:11:40,-69.0,-19.0,104.99,5.9,mw,,,,0.29,,,,,,,,,,,,,CERESIS-GEM,,slab_deep,105.155761719,slab_deep,1959-07-10T04:11:40,5.9,25.998631074606436,2,1959-07-10 04:11:40+00:00,True,190
874,1959-12-25T10:18:52,-68.832,-25.464,101.0,6.6,mw,,,,,,,,,,,,,,,,,ISC,,slab_deep,84.988861084,slab_deep,1959-12-25T10:18:52,5.9,25.998631074606436,2,1959-12-25 10:18:52+00:00,True,64
876,1960-01-02T03:21:48,-69.397,-17.69,146.0,6.2,mw,,,,,,,,,,,,,,,,,ISC,,slab_deep,117.529174805,slab_deep,1960-01-02T03:21:48,5.9,25.998631074606436,2,1960-01-02 03:21:48+00:00,True,119
877,1960-01-09T06:32:15,-65.0,-18.5,433.88,6.0,mw,,,,0.29,,,,,,,,,,,,,CERESIS-GEM,,slab_deep,434.026062012,slab_deep,1960-01-09T06:32:15,5.9,25.998631074606436,2,1960-01-09 06:32:15+00:00,True,171
895,1960-05-23T00:53:57,-73.0,-39.5,58.11,6.9,mw,,,,0.2,,,,,,,,,,,,,CERESIS-GEM,,slab_deep,58.423789978,slab_deep,1960-05-23T00:53:57,5.9,25.998631074606436,2,1960-05-23 00:53:57+00:00,True,31
923,1960-06-11T00:34:53,-65.614,-21.098,287.0,6.2,mw,,,,,,,,,,,,,,,,,ISC,,slab_deep,268.621307373,slab_deep,1960-06-11T00:34:53,5.9,25.998631074606436,2,1960-06-11 00:34:53+00:00,True,120
929,1960-06-30T11:45:18,-73.5,-43.5,57.73,6.0,mw,,,,0.17,,,,,,,,,,,,,CERESIS-GEM,,slab_deep,57.4682769775,slab_deep,1960-06-30T11:45:18,5.9,25.998631074606436,2,1960-06-30 11:45:18+00:00,True,172
936,1960-07-19T11:12:55,-68.5,-28.5,200.0,6.1,mw,,,,0.17,,,,,,,,,,,,,CERESIS-GEM,,slab_deep,89.5092849731,slab_deep,1960-07-19T11:12:55,5.9,25.998631074606436,2,1960-07-19 11:12:55+00:00,True,143
949,1960-10-30T21:32:55,-68.704,-22.989,95.0,6.8,mw,,,,,,,,,,,,,,,,,ISC,,slab_deep,83.748336792,slab_deep,1960-10-30T21:32:55,5.9,25.998631074606436,2,1960-10-30 21:32:55+00:00,True,48
965,1960-12-06T08:56:17,-69.694,-21.404,49.6,6.1,mw,,,5.3,0.45,,,,,,,,,,,,,ISC-GEM,,slab_deep,56.6718101501,slab_deep,1960-12-06T08:56:17,5.9,25.998631074606436,2,1960-12-06 08:56:17+00:00,True,144
975,1961-03-28T21:01:00,-68.0,-22.1,125.0,6.1,mw,,,,0.17,,,,,,,,,,,,,CERESIS-GEM,,slab_deep,109.772575378,slab_deep,1961-03-28T21:01:00,5.9,25.998631074606436,2,1961-03-28 21:01:00+00:00,True,145
997,1961-10-07T08:15:10,-68.4,-21.3,144.0,6.3,mw,,,,0.29,,,,,,,,,,,,,CERESIS-GEM,,slab_deep,99.7833709717,slab_deep,1961-10-07T08:15:10,5.9,25.998631074606436,2,1961-10-07 08:15:10+00:00,True,96
1000,1961-10-19T11:19:22,-70.531,-37.066,149.0,6.2,mw,,,,,,,,,,,,,,,,,ISC,,slab_deep,138.178314209,slab_deep,1961-10-19T11:19:22,5.9,25.998631074606436,2,1961-10-19 11:19:22+00:00,True,121
1025,1962-08-03T08:56:20,-67.914,-23.167,124.8,6.8,mw,,,6.0,0.4,,,,,,,,,,,,,ISC-GEM,,slab_deep,105.534835815,slab_deep,1962-08-03T08:56:20,5.9,25.998631074606436,2,1962-08-03 08:56:20+00:00,True,49
1036,1962-10-10T20:53:35,-70.1,-34.9,137.0,6.3,mw,,,,0.29,,,,,,,,,,,,,CERESIS-GEM,,slab_deep,121.155380249,slab_deep,1962-10-10T20:53:35,5.9,25.998631074606436,2,1962-10-10 20:53:35+00:00,True,97
1041,1962-12-08T18:00:39,-69.1,-23.7,84.0,6.9,mw,,,,0.2,,,,,,,,,,,,,CERESIS-GEM,,slab_deep,74.6922607422,slab_deep,1962-12-08T18:00:39,5.9,25.998631074606436,2,1962-12-08 18:00:39+00:00,True,32
1067,1963-05-07T16:23:12,-68.7,-22.1,112.0,5.9,mw,,,,0.29,,,,,,,,,,,,,CERESIS-GEM,,slab_deep,86.9344100952,slab_deep,1963-05-07T16:23:12,5.9,25.998631074606436,2,1963-05-07 16:23:12+00:00,True,191
1073,1963-05-19T23:31:25,-69.4,-17.7,137.0,6.4,mw,,,,0.29,,,,,,,,,,,,,CERESIS-GEM,,slab_deep,117.529174805,slab_deep,1963-05-19T23:31:25,5.9,25.998631074606436,2,1963-05-19 23:31:25+00:00,True,85
1087,1963-07-14T09:08:33,-69.1,-31.7,110.0,6.0,mw,,,,0.17,,,,,,,,,,,,,CERESIS-GEM,,slab_deep,100.504684448,slab_deep,1963-07-14T09:08:33,5.9,25.998631074606436,2,1963-07-14 09:08:33+00:00,True,173
1139,1964-01-26T09:09:35,-71.744,-16.402,117.7,6.5,mw,,,5.2,0.87,,,,,,,,,,,,,USGS,,slab_deep,95.2310562134,slab_deep,1964-01-26T09:09:35,5.9,25.998631074606436,2,1964-01-26 09:09:35+00:00,True,71
1481,1965-06-12T18:50:13,-68.944,-20.38,102.2,5.9,mw,,,4.9,0.4,,,,,,,,,,,,,ISC-GEM,,slab_deep,88.538482666,slab_deep,1965-06-12T18:50:13,5.9,25.998631074606436,2,1965-06-12 18:50:13+00:00,True,192
1543,1965-08-20T09:42:50,-68.82,-18.954,124.0,6.7,mw,,,5.2,0.4,,,,,,,,,,,,,ISC-GEM,,slab_deep,114.965187073,slab_deep,1965-08-20T09:42:50,5.9,25.998631074606436,2,1965-08-20 09:42:50+00:00,True,55
1715,1966-04-10T16:36:16,-71.049,-31.452,60.5,6.1,mw,,,5.1,0.3,308.0,22.0,46.0,174.0,75.0,106.0,,,,,,,ISC-GEM,,slab_deep,59.3515357971,slab_deep,1966-04-10T16:36:16,5.9,25.998631074606436,2,1966-04-10 16:36:16+00:00,True,146
1942,1966-11-10T03:02:34,-68.301,-31.973,113.0,6.1,mw,,,5.0,0.4,,,,,,,,,,,,,ISC-GEM,,slab_deep,101.345108032,slab_deep,1966-11-10T03:02:34,5.9,25.998631074606436,2,1966-11-10 03:02:34+00:00,True,147
2150,1967-05-11T15:05:23,-68.821,-20.304,109.4,6.1,mw,,,4.9,0.55,,,,,,,,,,,,,ISC-GEM,,slab_deep,94.2039337158,slab_deep,1967-05-11T15:05:23,5.9,25.998631074606436,2,1967-05-11 15:05:23+00:00,True,148
2295,1967-09-26T11:11:26,-70.532,-33.463,83.1,5.9,mw,,,5.2,0.58,,,,,,,,,,,,,ISC-GEM,,slab_deep,79.4352340698,slab_deep,1967-09-26T11:11:26,5.9,25.998631074606436,2,1967-09-26 11:11:26+00:00,True,193
2377,1967-12-27T09:17:54,-68.311,-21.362,114.7,6.7,mw,,,5.0,0.78,,,,,,,,,,,,,USGS,,slab_deep,102.975631714,slab_deep,1967-12-27T09:17:54,5.9,25.998631074606436,2,1967-12-27 09:17:54+00:00,True,56
2975,1970-03-15T12:39:19,-69.397,-29.701,116.7,6.0,mw,,,5.4,0.38,,,,,,,,,,,,,ISC-GEM,,slab_deep,89.607208252,slab_deep,1970-03-15T12:39:19,5.9,25.998631074606436,2,1970-03-15 12:39:19+00:00,True,174
3024,1970-06-11T06:02:56,-68.413,-24.418,110.6,6.6,mw,,,5.0,1.13,,,,,,,,,,,,,USGS,,slab_deep,89.1305465698,slab_deep,1970-06-11T06:02:56,5.9,25.998631074606436,2,1970-06-11 06:02:56+00:00,True,65
3031,1970-06-17T04:44:24,-71.724,-16.015,108.6,6.0,mw,,,5.3,0.91,,,,,,,,,,,,,USGS,,slab_deep,109.153434753,slab_deep,1970-06-17T04:44:24,5.9,25.998631074606436,2,1970-06-17 04:44:24+00:00,True,175
3150,1970-11-28T11:08:45,-69.797,-21.092,44.9,5.9,mw,,,4.9,0.3,340.0,58.0,105.0,133.0,35.0,68.0,,,,,,,ISC-GEM,,slab_deep,53.3933486938,slab_deep,1970-11-28T11:08:45,5.9,25.998631074606436,2,1970-11-28 11:08:45+00:00,True,194
3158,1970-12-08T19:30:09,-71.146,-30.838,50.7,6.5,mw,,,5.4,0.35,,,,,,,,,,,,,ISC-GEM,,slab_deep,52.9534912109,slab_deep,1970-12-08T19:30:09,5.9,25.998631074606436,2,1970-12-08 19:30:09+00:00,True,72
3201,1971-02-21T10:35:38,-66.75,-23.47,214.9,6.9,mw,0.1,0.07,3.0,,167.0,33.0,-83.0,338.0,57.0,-95.0,-1.87,-0.59,2.46,0.39,-0.94,-1.1,GCMT,,slab_deep,168.562026978,slab_deep,1971-02-21T10:35:38,5.9,25.998631074606436,2,1971-02-21 10:35:38+00:00,True,33
3240,1971-05-08T00:49:47,-71.793,-42.229,156.2,6.0,mw,,,5.2,0.3,,,,,,,,,,,,,ISC-GEM,,slab_deep,130.79447937,slab_deep,1971-05-08T00:49:47,5.9,25.998631074606436,2,1971-05-08 00:49:47+00:00,True,176
3246,1971-05-18T06:12:37,-68.778,-28.393,85.0,6.0,mw,,,5.0,0.44,,,,,,,,,,,,,ISC-GEM,,slab_deep,87.9178237915,slab_deep,1971-05-18T06:12:37,5.9,25.998631074606436,2,1971-05-18 06:12:37+00:00,True,177
3272,1971-06-17T21:00:43,-68.938,-25.375,91.7,6.8,mw,,,4.8,0.72,,,,,,,,,,,,,USGS,,slab_deep,83.2055053711,slab_deep,1971-06-17T21:00:43,5.9,25.998631074606436,2,1971-06-17 21:00:43+00:00,True,50
3289,1971-07-09T03:03:21,-71.076,-32.601,60.3,7.5,mw,,,5.0,0.3,180.0,66.0,87.0,7.0,24.0,97.0,,,,,,,ISC-GEM,,slab_deep,55.3686943054,slab_deep,1971-07-09T03:03:21,5.9,25.998631074606436,2,1971-07-09 03:03:21+00:00,True,7
3356,1971-08-14T15:00:26,-67.227,-21.735,185.0,5.9,mw,,,5.3,0.47,,,,,,,,,,,,,ISC-GEM,,slab_deep,152.592056274,slab_deep,1971-08-14T15:00:26,5.9,25.998631074606436,2,1971-08-14 15:00:26+00:00,True,195
3438,1971-11-28T11:12:02,-69.428,-29.98,110.0,5.9,mw,,,5.0,0.56,,,,,,,,,,,,,ISC-GEM,,slab_deep,91.478263855,slab_deep,1971-11-28T11:12:02,5.9,25.998631074606436,2,1971-11-28 11:12:02+00:00,True,196
3755,1973-02-01T05:14:21,-66.195,-22.655,229.0,6.5,mw,,,,,,,,,,,,,,,,,USGS,,slab_deep,217.470901489,slab_deep,1973-02-01T05:14:21,5.9,25.998631074606436,2,1973-02-01 05:14:21+00:00,True,73
4239,1974-01-02T10:42:34,-68.198,-22.497,120.2,7.0,mw,,,5.0,0.4,,,,,,,,,,,,,ISC-GEM,,slab_deep,99.297706604,slab_deep,1974-01-02T10:42:34,5.9,25.998631074606436,2,1974-01-02 10:42:34+00:00,True,25
4613,1975-01-22T10:46:14,-67.543,-28.342,136.0,5.9,mw,,,,,,,,,,,,,,,,,USGS,,slab_deep,103.913581848,slab_deep,1975-01-22T10:46:14,5.9,25.998631074606436,2,1975-01-22 10:46:14+00:00,True,197
4643,1975-02-26T20:15:00,-69.271,-19.795,82.0,6.1,mw,,,,,,,,,,,,,,,,,USGS,,slab_deep,84.1277160645,slab_deep,1975-02-26T20:15:00,5.9,25.998631074606436,2,1975-02-26 20:15:00+00:00,True,149
4671,1975-03-25T06:41:35,-66.57,-27.96,172.0,6.2,mw,0.03,0.02,1.1,,317.0,46.0,-121.0,178.0,52.0,-62.0,-1.94,-0.21,2.15,0.48,0.44,-1.16,GCMT,,slab_deep,137.790390015,slab_deep,1975-03-25T06:41:35,5.9,25.998631074606436,2,1975-03-25 06:41:35+00:00,True,122
4770,1975-06-14T10:40:21,-70.827,-32.51,90.7,5.9,mw,,,5.3,0.42,,,,,,,,,,,,,ISC-GEM,,slab_deep,66.3103561401,slab_deep,1975-06-14T10:40:21,5.9,25.998631074606436,2,1975-06-14 10:40:21+00:00,True,198
4815,1975-08-10T10:25:52,-66.85,-22.95,225.5,6.5,mw,0.02,0.02,1.3,,154.0,22.0,-88.0,332.0,68.0,-91.0,-4.8,1.01,3.79,2.38,-4.47,-1.89,GCMT,,slab_deep,166.628417969,slab_deep,1975-08-10T10:25:52,5.9,25.998631074606436,2,1975-08-10 10:25:52+00:00,True,74
4822,1975-08-25T21:42:11,-69.162,-19.236,119.0,6.1,mw,,,,,,,,,,,,,,,,,USGS,,slab_deep,95.1115951538,slab_deep,1975-08-25T21:42:11,5.9,25.998631074606436,2,1975-08-25 21:42:11+00:00,True,150
4914,1976-02-05T09:53:12,-68.244,-21.774,87.3,5.8,mw,,,5.1,0.32,,,,,,,,,,,,,ISC-GEM,,slab_deep,102.171920776,slab_deep,1976-02-05T09:53:12,5.8,10.001368925393566,3,1976-02-05 09:53:12+00:00,True,217
5035,1976-09-12T03:51:24,-66.766,-24.12,173.0,6.0,mw,,,,,,,,,,,,,,,,,USGS,,slab_deep,162.576980591,slab_deep,1976-09-12T03:51:24,5.8,10.001368925393566,3,1976-09-12 03:51:24+00:00,True,178
5077,1976-11-30T00:41:13,-68.51,-20.54,133.7,7.2,mw,0.04,0.03,3.0,,181.0,27.0,-73.0,342.0,64.0,-99.0,-1.79e+20,-3.5e+19,2.14e+20,5.500000000000001e+19,-1.42e+20,-4.4e+19,GCMT,,slab_deep,102.284172058,slab_deep,1976-11-30T00:41:13,5.8,10.001368925393566,3,1976-11-30 00:41:13+00:00,True,15
5115,1976-12-28T13:52:01,-68.592,-21.295,112.0,5.8,mw,,,,,,,,,,,,,,,,,ISC,,slab_deep,93.5297317505,slab_deep,1976-12-28T13:52:01,5.8,10.001368925393566,3,1976-12-28 13:52:01+00:00,True,218
5126,1977-01-17T21:27:36,-68.61,-24.89,134.4,6.9,mw,0.02,0.02,1.2,,183.0,44.0,73.0,26.0,49.0,105.0,1.978e+19,4.43e+18,-2.422e+19,3.27e+18,1.33e+18,-8.21e+18,GCMT,,slab_deep,86.7549285889,slab_deep,1977-01-17T21:27:36,5.8,10.001368925393566,3,1977-01-17 21:27:36+00:00,True,34
5274,1977-08-29T16:36:03,-69.173,-31.892,123.0,5.8,mw,,,,,,,,,,,,,,,,,USGS,,slab_deep,102.355148315,slab_deep,1977-08-29T16:36:03,5.8,10.001368925393566,3,1977-08-29 16:36:03+00:00,True,219
5418,1977-12-07T00:32:36,-67.386,-28.573,124.0,5.8,mw,,,,,148.0,42.0,-82.0,318.0,48.0,-97.0,-1.84e+17,6.38e+16,1.201e+17,2.37e+16,-5400000000000000.0,-1.0169999999999998e+17,USGS,,slab_deep,105.188591003,slab_deep,1977-12-07T00:32:36,5.8,10.001368925393566,3,1977-12-07 00:32:36+00:00,True,220
5456,1978-01-20T04:42:58,-70.19,-34.278,132.0,6.1,mw,,,,,183.0,26.0,-98.0,12.0,64.0,-86.0,-2.592e+17,4.56e+16,2.136e+17,-5.36e+16,-1.819e+17,1.94e+16,USGS,,slab_deep,103.40309906,slab_deep,1978-01-20T04:42:58,5.8,10.001368925393566,3,1978-01-20 04:42:58+00:00,True,151
5618,1978-10-27T10:06:56,-66.03,-21.86,299.6,5.8,mw,0.04,0.04,1.8,,134.0,24.0,-126.0,353.0,71.0,-75.0,-3.359e+17,1.07e+16,3.252e+17,1.98e+16,-4.437e+17,-1.895e+17,GCMT,,slab_deep,231.368728638,slab_deep,1978-10-27T10:06:56,5.8,10.001368925393566,3,1978-10-27 10:06:56+00:00,True,221
5649,1978-12-24T00:02:02,-69.815,-20.024,48.0,5.8,mw,,,,,344.0,34.0,82.0,173.0,57.0,95.0,7.32e+16,1.329e+16,-8.648e+16,1290000000000000.0,-3.453e+16,2e+16,USGS,,slab_deep,60.9875144958,slab_deep,1978-12-24T00:02:02,5.8,10.001368925393566,3,1978-12-24 00:02:02+00:00,True,222
5677,1979-02-16T10:08:53,-72.658,-16.39,53.0,6.9,mw,,,,,59.0,16.0,25.0,305.0,84.0,104.0,1.208e+19,-2.331e+19,1.123e+19,-4.718e+19,3.404e+19,3.06e+18,USGS,,slab_deep,64.2673416138,slab_deep,1979-02-16T10:08:53,5.8,10.001368925393566,3,1979-02-16 10:08:53+00:00,True,35
5753,1979-05-14T23:04:07,-69.32,-23.05,72.4,6.3,mw,0.02,0.03,1.0,,183.0,27.0,-101.0,16.0,63.0,-84.0,-2.219e+18,-3.61e+17,2.58e+18,-5.66e+17,-1.707e+18,5.5800000000000006e+17,GCMT,,slab_deep,68.8893508911,slab_deep,1979-05-14T23:04:07,5.8,10.001368925393566,3,1979-05-14 23:04:07+00:00,True,98
5886,1979-11-22T02:41:27,-66.84,-24.27,181.0,6.4,mw,0.03,0.04,1.0,,209.0,44.0,-37.0,327.0,65.0,-128.0,-3.437e+18,-2.282e+18,5.718e+18,2.298e+18,-1.808e+18,-4.87e+17,GCMT,,slab_deep,154.572113037,slab_deep,1979-11-22T02:41:27,5.8,10.001368925393566,3,1979-11-22 02:41:27+00:00,True,86
6005,1980-05-26T18:41:51,-69.17,-19.43,104.0,6.6,mw,0.02,0.02,1.1,,177.0,23.0,-83.0,349.0,67.0,-93.0,-6.928e+18,-6.07e+17,7.535e+18,1.495e+18,-7.093e+18,-1.052e+18,GCMT,,slab_deep,92.1045303345,slab_deep,1980-05-26T18:41:51,5.8,10.001368925393566,3,1980-05-26 18:41:51+00:00,True,66
6041,1980-07-19T11:52:21,-69.675,-28.997,110.0,6.5,mw,,,,,306.0,26.0,-77.0,112.0,65.0,-96.0,-8.087e+17,5.889e+17,2.198e+17,-6.221e+17,1.875e+17,-3.052e+17,USGS,,slab_deep,84.990234375,slab_deep,1980-07-19T11:52:21,5.8,10.001368925393566,3,1980-07-19 11:52:21+00:00,True,75
6106,1980-11-08T21:35:43,-67.654,-24.341,103.0,5.8,mw,,,,,137.0,28.0,-95.0,323.0,62.0,-87.0,-1.107e+17,4.69e+16,6.38e+16,4.28e+16,-6.22e+16,-5.07e+16,USGS,,slab_deep,110.943122864,slab_deep,1980-11-08T21:35:43,5.8,10.001368925393566,3,1980-11-08 21:35:43+00:00,True,223
6128,1980-12-11T18:15:14,-68.46,-21.26,120.8,6.3,mw,0.02,0.02,1.1,,159.0,38.0,-111.0,5.0,55.0,-74.0,-2.948e+18,-6.93e+17,3.642e+18,-4.48e+17,-1.15e+18,-5.6200000000000006e+17,GCMT,,slab_deep,98.4441375732,slab_deep,1980-12-11T18:15:14,5.8,10.001368925393566,3,1980-12-11 18:15:14+00:00,True,99
6158,1981-01-27T14:25:44,-68.032,-23.028,125.0,5.8,mw,,,,,147.0,32.0,-130.0,12.0,66.0,-68.0,-7.802e+16,-9130000000000000.0,8.715e+16,-3.3690000000000004e+16,-6.298e+16,-1.949e+16,USGS,,slab_deep,100.674316406,slab_deep,1981-01-27T14:25:44,5.8,10.001368925393566,3,1981-01-27 14:25:44+00:00,True,224
6290,1981-07-28T03:03:22,-73.204,-41.574,43.0,5.9,mw,,,,,44.0,59.0,17.0,305.0,75.0,148.0,6.37e+16,-2.863e+17,2.226e+17,-7.46e+16,1.733e+17,-5.500000000000001e+16,USGS,,slab_deep,56.9438400269,slab_deep,1981-07-28T03:03:22,5.8,10.001368925393566,3,1981-07-28 03:03:22+00:00,True,199
6437,1982-02-10T20:38:17,-66.09,-22.76,236.6,6.7,mw,0.03,0.02,1.1,,235.0,10.0,-28.0,353.0,85.0,-99.0,-2.42e+18,-1.22e+18,3.64e+18,1.89e+18,-1.556e+19,2.08e+18,GCMT,,slab_deep,225.34022522,slab_deep,1982-02-10T20:38:17,5.8,10.001368925393566,3,1982-02-10 20:38:17+00:00,True,57
6622,1982-11-18T20:39:54,-65.74,-31.21,166.2,6.0,mw,0.06,0.04,1.8,,129.0,24.0,-114.0,335.0,68.0,-80.0,-8.794e+17,3.461e+17,5.333e+17,2.8690000000000003e+17,-8.276999999999999e+17,-4.33e+17,GCMT,,slab_deep,143.402175903,slab_deep,1982-11-18T20:39:54,5.8,10.001368925393566,3,1982-11-18 20:39:54+00:00,True,179
6666,1983-01-01T05:32:01,-69.45,-17.03,171.8,6.3,mw,0.03,0.03,0.9,,216.0,32.0,-19.0,322.0,80.0,-121.0,-9.38e+17,-1.189e+18,2.127e+18,1.802e+18,-1.832e+18,-6.6e+16,GCMT,,slab_deep,138.498184204,slab_deep,1983-01-01T05:32:01,5.8,10.001368925393566,3,1983-01-01 05:32:01+00:00,True,100
6669,1983-01-10T09:17:37,-69.16,-21.95,131.9,5.9,mw,0.04,0.04,1.5,,162.0,11.0,-115.0,7.0,80.0,-85.0,-1.332e+17,-2.59e+17,3.923e+17,-7.35e+16,-7.257e+17,1.66e+16,GCMT,,slab_deep,75.354598999,slab_deep,1983-01-10T09:17:37,5.8,10.001368925393566,3,1983-01-10 09:17:37+00:00,True,200
6705,1983-02-25T22:49:58,-69.47,-18.61,144.9,6.7,mw,0.01,0.02,0.6,,253.0,15.0,-14.0,357.0,87.0,-104.0,-1.36e+18,-7.3e+17,2.09e+18,7.4e+17,-1.262e+19,3.1e+18,GCMT,,slab_deep,95.3892745972,slab_deep,1983-02-25T22:49:58,5.8,10.001368925393566,3,1983-02-25 22:49:58+00:00,True,58
6826,1983-09-01T20:01:52,-69.93,-17.43,105.1,5.9,mw,0.04,0.03,2.8,,143.0,13.0,-86.0,319.0,77.0,-91.0,-4.522e+17,1.904e+17,2.618e+17,5.547e+17,-6.268e+17,-1.557e+17,GCMT,,slab_deep,106.250167847,slab_deep,1983-09-01T20:01:52,5.8,10.001368925393566,3,1983-09-01 20:01:52+00:00,True,201
6915,1983-12-15T04:22:36,-70.56,-33.09,103.6,6.0,mw,0.06,0.03,2.6,,202.0,21.0,-78.0,9.0,69.0,-95.0,-8.194000000000001e+17,2.03e+16,7.991e+17,-1.062e+17,-9.358e+17,2.21e+17,GCMT,,slab_deep,77.9047088623,slab_deep,1983-12-15T04:22:36,5.8,10.001368925393566,3,1983-12-15 04:22:36+00:00,True,180
6959,1984-02-26T08:18:24,-70.65,-17.31,115.6,6.1,mw,0.03,0.02,1.8,,169.0,21.0,-69.0,327.0,71.0,-98.0,-8.48e+17,-1.14e+17,9.62e+17,6.98e+17,-1.073e+18,-6.32e+17,GCMT,,slab_deep,91.7285995483,slab_deep,1984-02-26T08:18:24,5.8,10.001368925393566,3,1984-02-26 08:18:24+00:00,True,152
7130,1984-10-20T17:59:25,-66.94,-24.27,209.0,6.2,mw,0.03,0.03,1.3,,220.0,27.0,-67.0,14.0,65.0,-101.0,-1.407e+18,-4.6e+16,1.453e+18,-2.55e+17,-1.289e+18,8.94e+17,GCMT,,slab_deep,148.15826416,slab_deep,1984-10-20T17:59:25,5.8,10.001368925393566,3,1984-10-20 17:59:25+00:00,True,123
7187,1984-12-11T23:22:29,-68.96,-22.56,128.1,6.4,mw,0.02,0.02,1.0,,217.0,13.0,-62.0,8.0,79.0,-96.0,-2.165e+18,4.41e+17,1.723e+18,-5.4100000000000006e+17,-4.854e+18,7.58e+17,GCMT,,slab_deep,79.0946502686,slab_deep,1984-12-11T23:22:29,5.8,10.001368925393566,3,1984-12-11 23:22:29+00:00,True,87
7225,1985-01-18T15:00:10,-70.891,-29.416,80.8,6.3,mw,,,5.2,0.1,227.0,78.0,156.0,322.0,67.0,13.0,5.3900000000000006e+17,2.904e+18,-3.443e+18,-1.459e+18,-4.09e+17,-4.98e+17,ISC-GEM,,slab_deep,55.1383743286,slab_deep,1985-01-18T15:00:10,5.8,10.001368925393566,3,1985-01-18 15:00:10+00:00,True,101
7289,1985-03-04T15:01:07,-71.249,-33.842,40.1,6.3,mw,,,,,21.0,28.0,109.0,179.0,63.0,80.0,2.537e+18,4.36e+17,-2.973e+18,1.97e+17,-2.02e+18,-5.4700000000000006e+17,USGS,,slab_deep,54.377746582,slab_deep,1985-03-04T15:01:07,5.8,10.001368925393566,3,1985-03-04 15:01:07+00:00,True,102
7589,1985-06-10T15:37:08,-66.64,-27.88,170.2,6.3,mw,0.02,0.02,0.7,,161.0,33.0,-64.0,310.0,61.0,-106.0,-2.821e+18,6.65e+17,2.1560000000000005e+18,1.577e+18,-1.087e+18,-2.501e+18,GCMT,,slab_deep,134.638565063,slab_deep,1985-06-10T15:37:08,5.8,10.001368925393566,3,1985-06-10 15:37:08+00:00,True,103
7595,1985-06-12T02:57:50,-69.627,-17.601,149.5,5.8,mw,,,8.7,,,,,,,,,,,,,,USGS,,slab_deep,111.397689819,slab_deep,1985-06-12T02:57:50,5.8,10.001368925393566,3,1985-06-12 02:57:50+00:00,True,225
7909,1986-03-15T11:29:50,-67.35,-18.91,241.3,6.3,mw,0.03,0.02,0.9,,259.0,50.0,-42.0,19.0,59.0,-132.0,-2.098e+18,1.345e+18,7.53e+17,6.66e+17,-1.456e+18,2.0750000000000005e+18,GCMT,,slab_deep,204.111297607,slab_deep,1986-03-15T11:29:50,5.8,11.000684462696784,4,1986-03-15 11:29:50+00:00,True,104
8626,1987-04-01T01:48:20,-66.19,-22.92,250.8,6.9,mw,0.01,0.01,0.6,,268.0,14.0,1.0,177.0,90.0,104.0,2.89e+18,-6.53e+18,3.64e+18,-4.3e+17,-3.1070000000000004e+19,7.09e+18,GCMT,,slab_deep,215.89642334,slab_deep,1987-04-01T01:48:20,5.8,11.000684462696784,4,1987-04-01 01:48:20+00:00,True,36
8813,1987-05-07T19:36:06,-72.135,-17.096,78.4,5.8,mw,,,9.1,,,,,,,,,,,,,,USGS,,slab_deep,51.4304962158,slab_deep,1987-05-07T19:36:06,5.8,11.000684462696784,4,1987-05-07 19:36:06+00:00,True,226
9346,1987-08-08T15:49:10,-70.02,-18.96,79.5,7.0,mw,0.01,0.01,0.8,,176.0,20.0,-87.0,353.0,70.0,-91.0,-4.515e+19,-1.025e+19,5.54e+19,7.74e+18,-5.982e+19,-7.08e+18,GCMT,,slab_deep,68.2447967529,slab_deep,1987-08-08T15:49:10,5.8,11.000684462696784,4,1987-08-08 15:49:10+00:00,True,26
9728,1987-10-03T03:35:16,-69.48,-18.17,136.8,5.9,mw,0.03,0.03,1.3,,219.0,46.0,-10.0,316.0,83.0,-135.0,-1.877e+17,-5.4800000000000006e+17,7.357e+17,3.867e+17,-4.455e+17,-1.051e+17,GCMT,,slab_deep,102.658683777,slab_deep,1987-10-03T03:35:16,5.8,11.000684462696784,4,1987-10-03 03:35:16+00:00,True,202
10432,1988-02-06T18:03:59,-67.02,-18.03,284.9,6.5,mw,0.02,0.02,0.8,,216.0,10.0,-55.0,0.0,82.0,-96.0,-1.989e+18,2.46e+17,1.743e+18,1.31e+17,-6.327e+18,6.66e+17,GCMT,,slab_deep,247.019470215,slab_deep,1988-02-06T18:03:59,5.8,11.000684462696784,4,1988-02-06 18:03:59+00:00,True,76
10509,1988-02-20T23:08:40,-70.122,-17.076,169.3,5.8,mw,,,5.4,,,,,,,,,,,,,,USGS,,slab_deep,114.570137024,slab_deep,1988-02-20T23:08:40,5.8,11.000684462696784,4,1988-02-20 23:08:40+00:00,True,227
10520,1988-02-22T19:13:26,-69.57,-20.53,66.9,6.6,mw,0.01,0.01,1.1,,178.0,16.0,-42.0,309.0,79.0,-102.0,-3.218e+18,1.33e+17,3.085e+18,6.559e+18,-4.789e+18,-2.04e+18,GCMT,,slab_deep,66.6938858032,slab_deep,1988-02-22T19:13:26,5.8,11.000684462696784,4,1988-02-22 19:13:26+00:00,True,67
10917,1988-05-30T21:22:13,-69.061,-31.515,93.9,6.2,mw,,,3.2,,,,,,,,,,,,,,USGS,,slab_deep,98.5978546143,slab_deep,1988-05-30T21:22:13,5.8,11.000684462696784,4,1988-05-30 21:22:13+00:00,True,124
11208,1988-07-28T17:12:42,-65.61,-22.01,295.4,6.1,mw,0.03,0.02,1.0,,238.0,37.0,19.0,133.0,79.0,125.0,6.24e+17,-1.372e+18,7.48e+17,7.74e+17,-1.387e+18,3e+16,GCMT,,slab_deep,267.046966553,slab_deep,1988-07-28T17:12:42,5.8,11.000684462696784,4,1988-07-28 17:12:42+00:00,True,153
11333,1988-09-14T22:14:14,-68.24,-23.5,140.2,5.9,mw,0.03,0.03,1.2,,157.0,32.0,-92.0,340.0,58.0,-89.0,-8.175000000000001e+17,2.08e+16,7.967e+17,1.3560000000000002e+17,-3.983e+17,-3.568e+17,GCMT,,slab_deep,92.536895752,slab_deep,1988-09-14T22:14:14,5.8,11.000684462696784,4,1988-09-14 22:14:14+00:00,True,203
11585,1988-12-24T04:27:06,-66.7,-23.43,218.2,6.1,mw,0.03,0.03,1.4,,198.0,30.0,-54.0,338.0,66.0,-109.0,-9.72e+17,-5.94e+17,1.566e+18,3.72e+17,-9.46e+17,-2.17e+17,GCMT,,slab_deep,172.156784058,slab_deep,1988-12-24T04:27:06,5.8,11.000684462696784,4,1988-12-24 04:27:06+00:00,True,154
11808,1989-04-05T23:47:54,-69.09,-21.13,122.3,6.2,mw,0.03,0.02,1.3,,185.0,30.0,-67.0,339.0,62.0,-103.0,-1.434e+18,-7.88e+17,2.223e+18,4.32e+17,-1.154e+18,-5.96e+17,GCMT,,slab_deep,79.9728546143,slab_deep,1989-04-05T23:47:54,5.8,11.000684462696784,4,1989-04-05 23:47:54+00:00,True,125
12110,1989-08-31T08:17:23,-71.678,-41.85,154.4,5.8,mw,,,,,,,,,,,,,,,,,USGS,,slab_deep,133.407333374,slab_deep,1989-08-31T08:17:23,5.8,11.000684462696784,4,1989-08-31 08:17:23+00:00,True,228
12276,1989-11-01T06:40:37,-67.8,-21.45,151.8,6.1,mw,0.04,0.03,1.2,,134.0,18.0,-110.0,335.0,73.0,-84.0,-8.14e+17,1.29e+17,6.85e+17,5.88e+17,-1.288e+18,-6.3e+17,GCMT,,slab_deep,124.573959351,slab_deep,1989-11-01T06:40:37,5.8,11.000684462696784,4,1989-11-01 06:40:37+00:00,True,155
12808,1990-05-14T21:34:09,-71.34,-35.89,92.0,6.1,mw,0.02,0.02,1.6,,273.0,40.0,19.0,168.0,78.0,128.0,5.77e+17,-5.92e+17,1.4e+16,-1.64e+17,-1.458e+18,1.059e+18,GCMT,,slab_deep,85.4298782349,slab_deep,1990-05-14T21:34:09,5.8,11.000684462696784,4,1990-05-14 21:34:09+00:00,True,156
13143,1990-07-16T14:51:37,-70.013,-32.532,99.5,5.9,mw,,,5.2,0.43,,,,,,,,,,,,,ISC-GEM,,slab_deep,94.0076293945,slab_deep,1990-07-16T14:51:37,5.8,11.000684462696784,4,1990-07-16 14:51:37+00:00,True,204
13653,1990-10-10T01:00:12,-66.6,-19.43,275.0,6.5,mw,0.01,0.02,0.9,,237.0,31.0,-28.0,351.0,76.0,-118.0,-2.66e+18,-1.473e+18,4.134000000000001e+18,1.078e+18,-5.181e+18,2.531e+18,GCMT,,slab_deep,237.198013306,slab_deep,1990-10-10T01:00:12,5.8,11.000684462696784,4,1990-10-10 01:00:12+00:00,True,77
15016,1991-05-24T20:51:03,-70.68,-16.69,126.9,6.8,mw,0.03,0.02,0.8,,129.0,34.0,-110.0,333.0,58.0,-77.0,-1.934e+19,8.080000000000001e+18,1.1259999999999998e+19,1.56e+18,-9.61e+18,-8.67e+18,GCMT,,slab_deep,116.749465942,slab_deep,1991-05-24T20:51:03,5.8,11.000684462696784,4,1991-05-24 20:51:03+00:00,True,51
15669,1991-09-15T22:56:26,-69.96,-31.58,123.2,5.8,mw,0.03,0.02,1.1,,262.0,87.0,0.0,172.0,90.0,177.0,1.17e+16,-1.936e+17,1.819e+17,4500000000000000.0,-3.22e+16,6.721e+17,GCMT,,slab_deep,97.9956817627,slab_deep,1991-09-15T22:56:26,5.8,11.000684462696784,4,1991-09-15 22:56:26+00:00,True,229
16319,1991-12-15T18:56:11,-70.37,-17.53,111.3,5.9,mw,0.03,0.02,1.7,,147.0,21.0,-93.0,330.0,69.0,-89.0,-5.427e+17,1.501e+17,3.926e+17,2.997e+17,-5.287e+17,-2.435e+17,GCMT,,slab_deep,91.1867675781,slab_deep,1991-12-15T18:56:11,5.8,11.000684462696784,4,1991-12-15 18:56:11+00:00,True,205
16765,1992-02-28T09:14:15,-69.56,-24.21,77.4,5.8,mw,0.03,0.04,2.7,,99.0,47.0,173.0,194.0,85.0,43.0,4.31e+16,-2.278e+17,1.847e+17,2.38e+16,-4.428e+17,-3.836e+17,GCMT,,slab_deep,64.1933441162,slab_deep,1992-02-28T09:14:15,5.8,11.000684462696784,4,1992-02-28 09:14:15+00:00,True,230
17027,1992-04-16T18:33:10,-68.92,-20.3,130.1,5.8,mw,0.03,0.02,1.2,,207.0,28.0,-37.0,331.0,73.0,-113.0,-2.3690000000000003e+17,-1.911e+17,4.28e+17,1.937e+17,-3.658e+17,-6.820000000000001e+16,GCMT,,slab_deep,90.9348068237,slab_deep,1992-04-16T18:33:10,5.8,11.000684462696784,4,1992-04-16 18:33:10+00:00,True,231
19481,1993-03-30T05:24:03,-67.28,-21.98,179.5,5.8,mw,0.02,0.02,0.8,,264.0,37.0,-6.0,359.0,86.0,-127.0,-6.45e+16,-1.89e+16,8.34e+16,2.64e+16,-5.122e+17,3.848e+17,GCMT,,slab_deep,147.175186157,slab_deep,1993-03-30T05:24:03,5.8,11.000684462696784,4,1993-03-30 05:24:03+00:00,True,232
19839,1993-05-24T23:51:28,-66.88,-23.45,231.9,7.0,mw,0.01,0.01,0.5,,165.0,15.0,-101.0,356.0,75.0,-87.0,-1.594e+19,-4.2e+17,1.636e+19,1.91e+18,-2.903e+19,-2.92e+18,GCMT,,slab_deep,158.079650879,slab_deep,1993-05-24T23:51:28,5.8,11.000684462696784,4,1993-05-24 23:51:28+00:00,True,27
19978,1993-06-08T23:17:47,-69.13,-31.62,124.5,6.3,mw,0.02,0.01,0.6,,40.0,41.0,-95.0,226.0,49.0,-86.0,-2.988e+18,1.386e+18,1.601e+18,4.03e+17,2.08e+17,1.768e+18,GCMT,,slab_deep,100.071243286,slab_deep,1993-06-08T23:17:47,5.8,11.000684462696784,4,1993-06-08 23:17:47+00:00,True,105
20759,1993-10-19T04:02:30,-65.69,-22.12,278.9,6.0,mw,0.02,0.02,0.6,,252.0,5.0,-12.0,355.0,89.0,-95.0,-1.7999999999999998e+16,-8.6e+16,1.04e+17,1.12e+17,-1.249e+18,9.9e+16,GCMT,,slab_deep,259.302978516,slab_deep,1993-10-19T04:02:30,5.8,11.000684462696784,4,1993-10-19 04:02:30+00:00,True,181
20823,1993-10-30T17:59:08,-68.16,-31.77,125.6,5.8,mw,0.02,0.02,0.8,,180.0,41.0,-125.0,43.0,58.0,-64.0,-5.091e+17,-2500000000000000.0,5.116e+17,-2.775e+17,-8.2e+16,2.3570000000000003e+17,GCMT,,slab_deep,98.2042694092,slab_deep,1993-10-30T17:59:08,5.8,11.000684462696784,4,1993-10-30 17:59:08+00:00,True,233
20926,1993-11-14T01:59:26,-68.74,-22.63,117.1,5.8,mw,0.02,0.01,1.1,,155.0,15.0,-115.0,0.0,76.0,-84.0,-2.529e+17,-2.64e+16,2.793e+17,-1.02e+16,-5.161e+17,-6.48e+16,GCMT,,slab_deep,83.6558456421,slab_deep,1993-11-14T01:59:26,5.8,11.000684462696784,4,1993-11-14 01:59:26+00:00,True,234
22341,1994-10-20T01:15:20,-70.8,-39.19,170.2,5.9,mw,0.02,0.01,0.4,,234.0,15.0,161.0,343.0,85.0,76.0,1.434e+17,1.437e+17,-2.87e+17,-2.767e+17,8.699999999999999e+17,-1.3839999999999998e+17,GCMT,,slab_deep,150.910110474,slab_deep,1994-10-20T01:15:20,5.8,11.000684462696784,4,1994-10-20 01:15:20+00:00,True,206
22567,1994-12-12T07:42:02,-69.66,-17.44,161.4,6.2,mw,0.02,0.02,0.6,,224.0,30.0,-33.0,343.0,75.0,-116.0,-1.137e+18,-6.8e+17,1.817e+18,7.29e+17,-1.849e+18,4.98e+17,GCMT,,slab_deep,116.102172852,slab_deep,1994-12-12T07:42:02,5.8,11.000684462696784,4,1994-12-12 07:42:02+00:00,True,126
22915,1995-02-14T15:54:01,-67.88,-23.64,159.5,5.9,mw,0.02,0.02,0.6,,143.0,18.0,-115.0,349.0,74.0,-82.0,-3.718e+17,-1.849e+17,5.566e+17,1.62e+17,-7.803e+17,-2.913e+17,GCMT,,slab_deep,102.618431091,slab_deep,1995-02-14T15:54:01,5.8,11.000684462696784,4,1995-02-14 15:54:01+00:00,True,207
23946,1995-08-03T08:19:01,-69.22,-28.26,121.2,5.8,mw,0.02,0.01,0.7,,338.0,36.0,-100.0,170.0,54.0,-83.0,-6.17e+17,8.65e+16,5.305e+17,1.9e+16,2.035e+17,-1.3999999999999998e+17,GCMT,,slab_deep,86.8380432129,slab_deep,1995-08-03T08:19:01,5.8,11.000684462696784,4,1995-08-03 08:19:01+00:00,True,235
24206,1995-09-09T20:58:47,-69.48,-20.01,90.8,5.8,mw,0.02,0.01,1.6,,114.0,13.0,-128.0,333.0,80.0,-82.0,-1.826e+17,5.12e+16,1.314e+17,3.001e+17,-5.7380000000000006e+17,-2.285e+17,GCMT,,slab_deep,73.0287322998,slab_deep,1995-09-09T20:58:47,5.8,11.000684462696784,4,1995-09-09 20:58:47+00:00,True,236
26549,1997-01-23T02:15:31,-65.92,-22.04,281.6,7.1,mw,0.01,0.01,0.3,,85.0,4.0,-175.0,351.0,90.0,-86.0,-1.3e+17,3.2e+17,-1.9e+17,9.55e+18,-5.703e+19,-3.69e+18,GCMT,,slab_deep,242.776245117,slab_deep,1997-01-23T02:15:31,5.4,4.999315537303217,5,1997-01-23 02:15:31+00:00,True,18
26898,1997-03-25T00:14:50,-70.62,-33.45,89.9,5.5,mw,0.04,0.03,2.4,,158.0,59.0,-161.0,58.0,74.0,-33.0,-6.04e+16,-1.123e+17,1.727e+17,-1.1279999999999998e+17,-8000000000000000.0,1.068e+17,GCMT,,slab_deep,77.6505508423,slab_deep,1997-03-25T00:14:50,5.4,4.999315537303217,5,1997-03-25 00:14:50+00:00,True,310
26935,1997-04-01T18:33:38,-69.54,-18.32,117.7,6.1,mw,0.01,0.01,0.8,,222.0,32.0,-30.0,339.0,75.0,-118.0,-7.86e+17,-7.01e+17,1.487e+18,5.34e+17,-1.309e+18,2.46e+17,GCMT,,slab_deep,97.7129821777,slab_deep,1997-04-01T18:33:38,5.4,4.999315537303217,5,1997-04-01 18:33:38+00:00,True,157
27053,1997-04-20T19:53:22,-70.39,-33.85,115.5,5.6,mw,0.03,0.02,1.2,,181.0,13.0,-93.0,4.0,77.0,-89.0,-1.077e+17,-3e+16,1.3779999999999998e+17,-1.85e+16,-2.522e+17,8300000000000000.0,GCMT,,slab_deep,88.4995574951,slab_deep,1997-04-20T19:53:22,5.4,4.999315537303217,5,1997-04-20 19:53:22+00:00,True,283
27202,1997-05-17T02:10:26,-70.06,-27.06,121.1,5.5,mw,0.04,0.03,1.6,,251.0,23.0,-168.0,150.0,85.0,-67.0,-4.66e+16,1.03e+17,-5.639999999999999e+16,-8.46e+16,1.991e+17,-3.94e+16,GCMT,,slab_deep,66.3587722778,slab_deep,1997-05-17T02:10:26,5.4,4.999315537303217,5,1997-05-17 02:10:26+00:00,True,311
27393,1997-06-19T12:21:07,-70.19,-33.15,115.9,5.4,mw,0.04,0.03,2.0,,150.0,24.0,-137.0,20.0,74.0,-72.0,-7.006e+16,-9930000000000000.0,7.998e+16,-5.121000000000001e+16,-9.756e+16,-1.321e+16,GCMT,,slab_deep,89.0609741211,slab_deep,1997-06-19T12:21:07,5.4,4.999315537303217,5,1997-06-19 12:21:07+00:00,True,359
27392,1997-06-19T16:02:44,-69.882,-32.77,117.6,5.5,mw,,,4.4,,,,,,,,,,,,,,USGS,,slab_deep,96.2543029785,slab_deep,1997-06-19T16:02:44,5.4,4.999315537303217,5,1997-06-19 16:02:44+00:00,True,312
27555,1997-07-20T10:14:29,-66.12,-22.82,271.3,6.1,mw,0.01,0.01,0.6,,289.0,24.0,-39.0,55.0,75.0,-109.0,-6.844e+17,9.392e+17,-2.548e+17,-9.934e+17,-7.946e+17,2.0830000000000003e+17,GCMT,,slab_deep,225.052581787,slab_deep,1997-07-20T10:14:29,5.4,4.999315537303217,5,1997-07-20 10:14:29+00:00,True,158
27956,1997-09-27T12:09:34,-66.664,-27.885,175.5,5.4,mw,,,3.0,,,,,,,,,,,,,,USGS,,slab_deep,134.638565063,slab_deep,1997-09-27T12:09:34,5.4,4.999315537303217,5,1997-09-27 12:09:34+00:00,True,360
27962,1997-09-28T23:13:24,-68.31,-22.22,146.3,5.5,mw,0.04,0.04,1.5,,328.0,38.0,-117.0,181.0,57.0,-71.0,-2.155e+17,-1.96e+16,2.351e+17,4.06e+16,9.42e+16,-7.22e+16,GCMT,,slab_deep,97.7939147949,slab_deep,1997-09-28T23:13:24,5.4,4.999315537303217,5,1997-09-28 23:13:24+00:00,True,313
28080,1997-10-17T20:01:54,-70.989,-30.848,100.0,5.4,mw,,,,,,,,,,,,,,,,,USGS,,slab_deep,60.3562889099,slab_deep,1997-10-17T20:01:54,5.4,4.999315537303217,5,1997-10-17 20:01:54+00:00,True,361
28443,1997-12-09T14:23:52,-68.7,-20.14,151.7,5.7,mw,0.04,0.04,1.4,,252.0,46.0,4.0,160.0,87.0,136.0,1.56e+16,-1.855e+17,1.698e+17,6.07e+16,-2.565e+17,2.081e+17,GCMT,,slab_deep,99.3248291016,slab_deep,1997-12-09T14:23:52,5.4,4.999315537303217,5,1997-12-09 14:23:52+00:00,True,259
28472,1997-12-12T17:07:58,-69.453,-23.641,81.4,5.4,mw,,,,,,,,,,,,,,,,,USGS,,slab_deep,65.1813278198,slab_deep,1997-12-12T17:07:58,5.4,4.999315537303217,5,1997-12-12 17:07:58+00:00,True,362
28485,1997-12-15T14:27:56,-69.521,-24.38,82.4,5.4,mw,,,,,,,,,,,,,,,,,USGS,,slab_deep,66.7064285278,slab_deep,1997-12-15T14:27:56,5.4,4.999315537303217,5,1997-12-15 14:27:56+00:00,True,363
28645,1998-01-13T07:03:25,-69.535,-27.776,99.4,5.4,mw,,,,,,,,,,,,,,,,,USGS,,slab_deep,83.9809799194,slab_deep,1998-01-13T07:03:25,5.4,4.999315537303217,5,1998-01-13 07:03:25+00:00,True,364
29723,1998-06-07T16:10:51,-67.77,-31.48,124.7,5.9,mw,0.01,0.01,0.6,,148.0,54.0,-145.0,36.0,62.0,-42.0,-4.43e+17,-3.694e+17,8.124e+17,-3.63e+17,-9.25e+16,4.14e+16,GCMT,,slab_deep,96.65599823,slab_deep,1998-06-07T16:10:51,5.4,4.999315537303217,5,1998-06-07 16:10:51+00:00,True,208
30917,1998-10-08T04:51:46,-71.59,-16.02,140.6,6.1,mw,0.01,0.01,0.5,,185.0,29.0,-47.0,318.0,69.0,-111.0,-1.223e+18,-1.49e+17,1.373e+18,1.076e+18,-8.89e+17,-6.33e+17,GCMT,,slab_deep,113.349494934,slab_deep,1998-10-08T04:51:46,5.4,4.999315537303217,5,1998-10-08 04:51:46+00:00,True,159
31343,1998-11-27T10:27:06,-69.21,-32.04,128.9,5.4,mw,0.05,0.04,1.5,,191.0,45.0,-107.0,35.0,47.0,-74.0,-1.681e+17,1.02e+16,1.579e+17,-3.19e+16,7500000000000000.0,7.67e+16,GCMT,,slab_deep,103.597045898,slab_deep,1998-11-27T10:27:06,5.4,4.999315537303217,5,1998-11-27 10:27:06+00:00,True,365
31461,1998-12-11T08:37:53,-68.94,-31.52,127.8,5.4,mw,0.05,0.04,1.4,,32.0,41.0,-97.0,221.0,49.0,-84.0,-1.3959999999999998e+17,4.11e+16,9.85e+16,2.01e+16,1.26e+16,9.4e+16,GCMT,,slab_deep,97.783416748,slab_deep,1998-12-11T08:37:53,5.4,4.999315537303217,5,1998-12-11 08:37:53+00:00,True,366
31478,1998-12-14T16:25:30,-71.25,-38.28,145.9,5.9,mw,0.01,0.01,0.4,,250.0,8.0,-6.0,346.0,89.0,-98.0,-1799999999999999.8,-1.2350000000000002e+17,1.2529999999999998e+17,2.3730000000000003e+17,-9.828e+17,1.0109999999999998e+17,GCMT,,slab_deep,116.782905579,slab_deep,1998-12-14T16:25:30,5.4,4.999315537303217,5,1998-12-14 16:25:30+00:00,True,209
32051,1999-03-02T17:45:58,-68.72,-22.93,124.8,5.9,mw,0.03,0.02,1.1,,142.0,27.0,-109.0,343.0,64.0,-80.0,-5.688e+17,5.659999999999999e+16,5.123e+17,9.86e+16,-4.687e+17,-3.014e+17,GCMT,,slab_deep,83.8857574463,slab_deep,1999-03-02T17:45:58,5.4,4.999315537303217,5,1999-03-02 17:45:58+00:00,True,210
32081,1999-03-05T00:33:52,-69.2,-20.27,123.0,5.8,mw,0.03,0.02,1.2,,190.0,24.0,-62.0,339.0,69.0,-102.0,-3.26e+17,-7.77e+16,4.037e+17,1.589e+17,-3.578e+17,-6.44e+16,GCMT,,slab_deep,81.6103973389,slab_deep,1999-03-05T00:33:52,5.4,4.999315537303217,5,1999-03-05 00:33:52+00:00,True,237
32324,1999-04-03T06:17:24,-72.54,-16.38,89.4,6.8,mw,0.01,0.01,0.6,,112.0,20.0,-87.0,289.0,70.0,-91.0,-1.195e+19,1.15e+19,4.5e+17,1.427e+19,-4.81e+18,-4.8e+18,GCMT,,slab_deep,67.3488464355,slab_deep,1999-04-03T06:17:24,5.4,4.999315537303217,5,1999-04-03 06:17:24+00:00,True,52
32715,1999-05-25T16:42:10,-66.46,-27.9,175.6,5.8,mw,0.03,0.03,1.1,,185.0,52.0,-27.0,292.0,69.0,-139.0,-2.4380000000000003e+17,-6.39e+16,3.078e+17,2.864e+17,2.24e+16,-3.643e+17,GCMT,,slab_deep,142.939193726,slab_deep,1999-05-25T16:42:10,5.4,4.999315537303217,5,1999-05-25 16:42:10+00:00,True,238
33241,1999-08-02T01:06:43,-70.1,-33.08,107.9,5.5,mw,0.03,0.02,1.8,,141.0,19.0,-151.0,23.0,81.0,-73.0,-5.91e+16,-5.560000000000001e+16,1.147e+17,-8.11e+16,-1.879e+17,-7600000000000000.0,GCMT,,slab_deep,91.7141799927,slab_deep,1999-08-02T01:06:43,5.4,4.999315537303217,5,1999-08-02 01:06:43+00:00,True,314
33585,1999-09-15T03:01:31,-67.37,-20.73,217.5,6.4,mw,0.01,0.01,0.6,,102.0,21.0,-159.0,351.0,82.0,-70.0,-1.251e+18,8.33e+17,4.18e+17,1.9e+17,-4.102000000000001e+18,-1.47e+18,GCMT,,slab_deep,160.998962402,slab_deep,1999-09-15T03:01:31,5.4,4.999315537303217,5,1999-09-15 03:01:31+00:00,True,88
34069,1999-11-30T04:01:59,-69.37,-19.01,138.2,6.5,mw,0.01,0.01,0.3,,236.0,19.0,-29.0,354.0,81.0,-107.0,-1.991e+18,-1.252e+18,3.243e+18,6.4e+17,-6.908e+18,1.876e+18,GCMT,,slab_deep,91.8798217773,slab_deep,1999-11-30T04:01:59,5.4,4.999315537303217,5,1999-11-30 04:01:59+00:00,True,78
34250,1999-12-29T12:58:09,-67.772,-23.877,130.0,5.7,mw,,,6.0,0.47,174.0,60.0,22.0,72.0,71.0,148.0,2.6e+16,2.8e+16,-5.5e+16,7.6e+16,-3.2e+16,-8.6e+16,ISC-GEM,,slab_deep,107.541603088,slab_deep,1999-12-29T12:58:09,5.4,4.999315537303217,5,1999-12-29 12:58:09+00:00,True,260
34949,2000-05-12T18:43:28,-66.85,-23.72,226.6,7.2,mw,0.0,0.0,0.4,,214.0,12.0,-62.0,5.0,80.0,-96.0,-2.153e+19,-1.51e+18,2.304e+19,-4.85e+18,-6.164e+19,8.72e+18,GCMT,,slab_deep,159.125991821,slab_deep,2000-05-12T18:43:28,5.4,4.999315537303217,5,2000-05-12 18:43:28+00:00,True,16
35144,2000-06-16T07:55:39,-69.92,-33.95,109.1,6.4,mw,0.01,0.01,0.4,,219.0,33.0,-67.0,11.0,60.0,-105.0,-3.805e+18,2.61e+17,3.544e+18,3.1e+16,-2.307e+18,1.862e+18,GCMT,,slab_deep,107.232643127,slab_deep,2000-06-16T07:55:39,5.4,4.999315537303217,5,2000-06-16 07:55:39+00:00,True,89
35486,2000-08-29T18:57:14,-67.617,-27.579,135.2,5.4,mw,,,,,,,,,,,,,,,,,USGS,,slab_deep,108.057701111,slab_deep,2000-08-29T18:57:14,5.4,4.999315537303217,5,2000-08-29 18:57:14+00:00,True,367
36114,2000-12-15T12:47:10,-69.736,-21.565,74.7,5.5,mw,,,,,,,,,,,,,,,,,USGS,,slab_deep,54.1949882507,slab_deep,2000-12-15T12:47:10,5.4,4.999315537303217,5,2000-12-15 12:47:10+00:00,True,315
36138,2000-12-20T13:28:40,-66.355,-22.82,222.6,5.7,mw,,,3.8,,,,,,,,,,,,,,USGS,,slab_deep,204.486297607,slab_deep,2000-12-20T13:28:40,5.4,4.999315537303217,5,2000-12-20 13:28:40+00:00,True,261
36631,2001-02-24T17:58:37,-68.69,-20.183,115.9,5.7,mw,,,,,,,,,,,,,,,,,USGS,,slab_deep,98.7300643921,slab_deep,2001-02-24T17:58:37,5.4,5.9986310746064335,6,2001-02-24 17:58:37+00:00,True,262
36758,2001-03-16T04:36:12,-69.37,-20.63,128.6,5.7,mw,0.03,0.02,1.1,,218.0,22.0,-44.0,350.0,75.0,-106.0,-1.881e+17,-1.081e+17,2.962e+17,6.800000000000001e+16,-3.665e+17,6.44e+16,GCMT,,slab_deep,73.7343826294,slab_deep,2001-03-16T04:36:12,5.4,5.9986310746064335,6,2001-03-16 04:36:12+00:00,True,263
36840,2001-03-31T06:54:20,-68.33,-29.49,125.4,5.4,mw,0.04,0.03,1.5,,332.0,43.0,-49.0,102.0,59.0,-122.0,-1.038e+17,8.23e+16,2.15e+16,-5.689999999999999e+16,-1.54e+16,-9.2e+16,GCMT,,slab_deep,89.0372161865,slab_deep,2001-03-31T06:54:20,5.4,5.9986310746064335,6,2001-03-31 06:54:20+00:00,True,368
37125,2001-04-21T18:15:52,-67.28,-28.95,140.5,5.7,mw,0.02,0.02,0.7,,156.0,44.0,-32.0,270.0,68.0,-129.0,-2.234e+17,2.0750000000000003e+17,1.59e+16,2.4500000000000003e+17,1.176e+17,-2.431e+17,GCMT,,slab_deep,103.576408386,slab_deep,2001-04-21T18:15:52,5.4,5.9986310746064335,6,2001-04-21 18:15:52+00:00,True,264
37278,2001-05-08T18:41:55,-69.049,-17.495,142.4,5.4,mw,,,8.2,,,,,,,,,,,,,,USGS,,slab_deep,137.99156189,slab_deep,2001-05-08T18:41:55,5.4,5.9986310746064335,6,2001-05-08 18:41:55+00:00,True,369
37323,2001-05-15T23:53:23,-66.4,-28.15,180.8,5.6,mw,0.04,0.04,1.6,,181.0,54.0,-28.0,288.0,68.0,-141.0,-1.45e+17,-1300000000000000.0,1.462e+17,1.304e+17,1.83e+16,-2.282e+17,GCMT,,slab_deep,139.614089966,slab_deep,2001-05-15T23:53:23,5.4,5.9986310746064335,6,2001-05-15 23:53:23+00:00,True,284
37544,2001-06-18T19:56:58,-69.144,-24.226,86.5,5.8,mw,,,5.1,0.1,167.0,33.0,-75.0,329.0,58.0,-100.0,-4.64e+17,4.01e+16,4.2380000000000006e+17,1.545e+17,-1.752e+17,-1.844e+17,ISC-GEM,,slab_deep,75.0023117065,slab_deep,2001-06-18T19:56:58,5.4,5.9986310746064335,6,2001-06-18 19:56:58+00:00,True,239
37543,2001-06-18T19:57:01,-69.63,-24.45,117.4,5.8,mw,0.02,0.02,0.9,,167.0,33.0,-75.0,329.0,58.0,-100.0,-4.64e+17,4.01e+16,4.2380000000000006e+17,1.545e+17,-1.752e+17,-1.844e+17,GCMT,,slab_deep,62.4329605103,slab_deep,2001-06-18T19:57:01,5.4,5.9986310746064335,6,2001-06-18 19:57:01+00:00,True,240
37548,2001-06-19T09:32:28,-68.31,-22.95,152.6,5.9,mw,0.02,0.02,0.6,,133.0,19.0,-131.0,355.0,75.0,-77.0,-4.316e+17,1.62e+16,4.154e+17,2.42e+16,-7.973e+17,-2.409e+17,GCMT,,slab_deep,93.5182342529,slab_deep,2001-06-19T09:32:28,5.4,5.9986310746064335,6,2001-06-19 09:32:28+00:00,True,211
37790,2001-06-25T22:14:16,-70.53,-17.35,91.2,5.4,mw,0.04,0.03,3.1,,163.0,10.0,-93.0,347.0,80.0,-89.0,-6.770000000000001e+16,1.92e+16,4.85e+16,3.56e+16,-1.521e+17,-9800000000000000.0,GCMT,,slab_deep,92.5416564941,slab_deep,2001-06-25T22:14:16,5.4,5.9986310746064335,6,2001-06-25 22:14:16+00:00,True,370
37989,2001-06-29T18:35:56,-66.39,-19.68,287.2,6.1,mw,0.01,0.01,0.5,,199.0,22.0,-52.0,339.0,73.0,-104.0,-7.83e+17,-1.71e+17,9.54e+17,5.13e+17,-1.089e+18,-4.9e+16,GCMT,,slab_deep,243.437469482,slab_deep,2001-06-29T18:35:56,5.4,5.9986310746064335,6,2001-06-29 18:35:56+00:00,True,160
38103,2001-07-05T13:53:53,-73.6,-16.07,69.1,6.5,mw,0.01,0.01,0.5,,118.0,22.0,-89.0,297.0,68.0,-91.0,-5.123e+18,4.52e+18,6.03e+17,5.108e+18,-2.579e+18,-2.802e+18,GCMT,,slab_deep,51.5061759949,slab_deep,2001-07-05T13:53:53,5.4,5.9986310746064335,6,2001-07-05 13:53:53+00:00,True,79
38564,2001-08-09T03:33:50,-69.42,-18.25,129.9,5.6,mw,0.05,0.05,2.0,,122.0,21.0,-120.0,335.0,72.0,-79.0,-1.329e+17,3.57e+16,9.72e+16,8.69e+16,-1.896e+17,-1.2250000000000002e+17,GCMT,,slab_deep,104.1355896,slab_deep,2001-08-09T03:33:50,5.4,5.9986310746064335,6,2001-08-09 03:33:50+00:00,True,285
39010,2001-10-12T00:40:00,-66.87,-24.52,202.4,5.4,mw,0.05,0.06,2.5,,199.0,24.0,-111.0,42.0,67.0,-81.0,-1.062e+17,1.78e+16,8.84e+16,-8.09e+16,-8.46e+16,7.58e+16,GCMT,,slab_deep,152.533920288,slab_deep,2001-10-12T00:40:00,5.4,5.9986310746064335,6,2001-10-12 00:40:00+00:00,True,371
39133,2001-10-17T02:34:47,-68.96,-28.43,135.6,5.4,mw,0.04,0.04,1.5,,310.0,34.0,-119.0,163.0,60.0,-72.0,-1.159e+17,3.33e+16,8.26e+16,3000000000000000.0,7.24e+16,-6.04e+16,GCMT,,slab_deep,87.3403167725,slab_deep,2001-10-17T02:34:47,5.4,5.9986310746064335,6,2001-10-17 02:34:47+00:00,True,372
39159,2001-10-20T13:26:40,-68.82,-22.26,128.0,5.4,mw,0.04,0.04,1.8,,187.0,8.0,-87.0,4.0,82.0,-90.0,-4.41e+16,-4000000000000000.0,4.81e+16,-1.12e+16,-1.54e+17,5100000000000000.0,GCMT,,slab_deep,83.8057098389,slab_deep,2001-10-20T13:26:40,5.4,5.9986310746064335,6,2001-10-20 13:26:40+00:00,True,373
39723,2001-12-03T13:25:10,-69.421,-19.594,99.4,5.4,mw,,,5.3,0.61,,,,,,,,,,,,,ISC-GEM,,slab_deep,81.1610717773,slab_deep,2001-12-03T13:25:10,5.4,5.9986310746064335,6,2001-12-03 13:25:10+00:00,True,374
40727,2002-02-08T08:05:02,-71.568,-34.776,69.0,5.5,mw,,,10.5,,,,,,,,,,,,,,USGS,,slab_deep,56.8737068176,slab_deep,2002-02-08T08:05:02,5.4,5.9986310746064335,6,2002-02-08 08:05:02+00:00,True,316
40889,2002-02-21T08:57:49,-67.3,-31.77,134.2,5.4,mw,0.05,0.05,1.7,,131.0,33.0,-149.0,15.0,74.0,-61.0,-7.131e+16,-1.059e+16,8.19e+16,-6.245e+16,-9.371e+16,-4.49e+16,GCMT,,slab_deep,105.6197052,slab_deep,2002-02-21T08:57:49,5.4,5.9986310746064335,6,2002-02-21 08:57:49+00:00,True,375
40900,2002-02-22T23:10:56,-70.12,-25.51,48.4,5.4,mw,,,,,5.0,24.0,93.0,182.0,66.0,89.0,8.291e+16,1.208e+16,-9.499e+16,-2450000000000000.0,-7.782e+16,-6889999999999999.0,USGS,,slab_deep,53.6135826111,slab_deep,2002-02-22T23:10:56,5.4,5.9986310746064335,6,2002-02-22 23:10:56+00:00,True,376
40954,2002-02-26T08:32:57,-69.83,-17.97,100.4,5.4,mw,0.05,0.04,3.5,,215.0,22.0,-21.0,324.0,83.0,-110.0,-2.98e+16,-4.31e+16,7.29e+16,7.43e+16,-1.073e+17,-1.02e+16,GCMT,,slab_deep,95.3492889404,slab_deep,2002-02-26T08:32:57,5.4,5.9986310746064335,6,2002-02-26 08:32:57+00:00,True,377
41092,2002-03-07T22:51:42,-66.258,-22.498,262.0,5.5,mw,,,,,,,,,,,,,,,,,USGS,,slab_deep,214.139602661,slab_deep,2002-03-07T22:51:42,5.4,5.9986310746064335,6,2002-03-07 22:51:42+00:00,True,317
41210,2002-03-18T03:10:03,-69.13,-20.33,111.5,5.5,mw,0.03,0.02,1.7,,200.0,30.0,-20.0,308.0,80.0,-118.0,-7.009999999999999e+16,-6.08e+16,1.309e+17,1.65e+17,-1.0289999999999998e+17,-6.03e+16,GCMT,,slab_deep,82.5188674927,slab_deep,2002-03-18T03:10:03,5.4,5.9986310746064335,6,2002-03-18 03:10:03+00:00,True,318
41340,2002-03-28T04:56:30,-68.57,-21.69,137.8,6.5,mw,0.01,0.01,0.4,,270.0,13.0,-4.0,4.0,89.0,-103.0,2.2e+16,-2.84e+17,2.63e+17,-5.06e+17,-5.701e+18,1.371e+18,GCMT,,slab_deep,92.8316421509,slab_deep,2002-03-28T04:56:30,5.4,5.9986310746064335,6,2002-03-28 04:56:30+00:00,True,80
41589,2002-04-18T23:24:06,-70.391,-27.582,52.7,5.4,mw,,,,,,,,,,,,,,,,,USGS,,slab_deep,54.9469604492,slab_deep,2002-04-18T23:24:06,5.4,5.9986310746064335,6,2002-04-18 23:24:06+00:00,True,378
43183,2002-09-24T03:57:26,-69.12,-31.48,119.9,6.2,mw,0.02,0.01,0.6,,27.0,39.0,-94.0,212.0,51.0,-87.0,-2.633e+18,5.68e+17,2.065e+18,3.91e+17,4.63e+17,1.278e+18,GCMT,,slab_deep,99.002456665,slab_deep,2002-09-24T03:57:26,5.4,5.9986310746064335,6,2002-09-24 03:57:26+00:00,True,127
43790,2002-11-19T04:14:18,-69.044,-29.763,126.8,5.8,mw,,,87.2,,,,,,,,,,,,,,CSN-improved,,slab_deep,90.0787887573,slab_deep,2002-11-19T04:14:18,5.4,5.9986310746064335,6,2002-11-19 04:14:18+00:00,True,241
44295,2003-01-07T00:54:55,-70.22,-33.6,112.8,5.7,mw,0.03,0.02,1.3,,199.0,28.0,-70.0,356.0,64.0,-100.0,-3.17e+17,-1.92e+16,3.37e+17,4.58e+16,-2.52e+17,4.55e+16,GCMT,,slab_deep,92.1329345703,slab_deep,2003-01-07T00:54:55,5.4,5.9986310746064335,6,2003-01-07 00:54:55+00:00,True,265
44513,2003-01-28T07:56:24,-65.162,-30.646,168.2,5.5,mw,,,6.1,,,,,,,,,,,,,,USGS,,slab_deep,174.772293091,slab_deep,2003-01-28T07:56:24,5.4,5.9986310746064335,6,2003-01-28 07:56:24+00:00,True,319
44759,2003-02-21T12:10:55,-69.542,-17.748,152.0,5.4,mw,,,,,,,,,,,,,,,,,ISC,,slab_deep,110.618286133,slab_deep,2003-02-21T12:10:55,5.4,5.9986310746064335,6,2003-02-21 12:10:55+00:00,True,379
45404,2003-04-10T01:33:40,-68.566,-20.962,113.8,5.4,mw,,,,,,,,,,,,,,,,,USGS,,slab_deep,97.1940841675,slab_deep,2003-04-10T01:33:40,5.4,5.9986310746064335,6,2003-04-10 01:33:40+00:00,True,380
45825,2003-05-15T03:38:22,-67.864,-24.15,111.1,5.5,mw,,,13.9,,,,,,,,,,,,,,USGS,,slab_deep,103.376701355,slab_deep,2003-05-15T03:38:22,5.4,5.9986310746064335,6,2003-05-15 03:38:22+00:00,True,320
47354,2003-07-27T11:41:31,-65.19,-20.05,350.6,6.0,mw,0.01,0.01,0.7,,126.0,12.0,-118.0,335.0,79.0,-84.0,-3.98e+17,1.65e+17,2.34e+17,4.09e+17,-9.2e+17,-2.06e+17,GCMT,,slab_deep,333.347564697,slab_deep,2003-07-27T11:41:31,5.4,5.9986310746064335,6,2003-07-27 11:41:31+00:00,True,182
48990,2003-11-25T04:43:44,-67.66,-23.25,175.1,5.6,mw,0.03,0.02,0.8,,249.0,50.0,34.0,135.0,65.0,134.0,1.66e+17,-2.68e+17,1.02e+17,2.52e+16,-1.86e+17,7.73e+16,GCMT,,slab_deep,115.719245911,slab_deep,2003-11-25T04:43:44,5.4,5.9986310746064335,6,2003-11-25 04:43:44+00:00,True,286
49582,2004-01-15T07:52:50,-69.415,-24.925,76.1,5.5,mw,,,,,,,,,,,,,,,,,USGS,,slab_deep,72.5145797729,slab_deep,2004-01-15T07:52:50,5.4,5.9986310746064335,6,2004-01-15 07:52:50+00:00,True,321
49911,2004-02-14T19:36:08,-67.308,-24.595,160.0,5.4,mw,,,0.0,,,,,,,,,,,,,,CSN-improved,,slab_deep,126.49861908,slab_deep,2004-02-14T19:36:08,5.4,5.9986310746064335,6,2004-02-14 19:36:08+00:00,True,381
50269,2004-03-17T03:21:10,-65.6,-21.24,297.0,6.1,mw,0.02,0.01,1.0,,286.0,28.0,-18.0,32.0,82.0,-117.0,-4.13e+17,7.75e+17,-3.62e+17,-6.5e+17,-1.22e+18,5.04e+17,GCMT,,slab_deep,267.281646729,slab_deep,2004-03-17T03:21:10,5.4,5.9986310746064335,6,2004-03-17 03:21:10+00:00,True,161
50432,2004-03-31T03:23:28,-68.02,-25.52,137.3,5.4,mw,0.02,0.01,1.3,,337.0,67.0,11.0,243.0,80.0,156.0,1.83e+16,1.1000000000000002e+17,-1.28e+17,-7.31e+16,-3700000000000000.0,-9.91e+16,GCMT,,slab_deep,98.3847885132,slab_deep,2004-03-31T03:23:28,5.4,5.9986310746064335,6,2004-03-31 03:23:28+00:00,True,382
51183,2004-05-30T16:44:00,-70.83,-17.42,125.4,5.4,mw,0.02,0.01,1.3,,166.0,20.0,-56.0,310.0,73.0,-102.0,-8.03e+16,1.54e+16,6.49e+16,1.09e+17,-8.95e+16,-7.009999999999999e+16,GCMT,,slab_deep,82.070526123,slab_deep,2004-05-30T16:44:00,5.4,5.9986310746064335,6,2004-05-30 16:44:00+00:00,True,383
51375,2004-06-17T03:15:49,-70.129,-31.706,133.0,5.7,mw,,,6.6,,,,,,,,,,,,,,CSN-improved,,slab_deep,93.6090774536,slab_deep,2004-06-17T03:15:49,5.4,5.9986310746064335,6,2004-06-17 03:15:49+00:00,True,266
52712,2004-09-22T23:08:52,-69.333,-18.846,100.0,5.4,mw,,,,,,,,,,,,,,,,,ISC,,slab_deep,94.4543457031,slab_deep,2004-09-22T23:08:52,5.4,5.9986310746064335,6,2004-09-22 23:08:52+00:00,True,384
53016,2004-10-15T15:05:43,-67.382,-27.891,175.4,5.4,mw,,,42.6,,,,,,,,,,,,,,CSN-improved,,slab_deep,110.413887024,slab_deep,2004-10-15T15:05:43,5.4,5.9986310746064335,6,2004-10-15 15:05:43+00:00,True,385
54084,2005-01-06T13:35:22,-68.57,-21.68,145.0,5.4,mw,0.02,0.02,1.4,,108.0,36.0,172.0,204.0,85.0,54.0,1.94e+16,-7.29e+16,5.35e+16,-2e+16,-1.1499999999999998e+17,-4.74e+16,GCMT,,slab_deep,92.8316421509,slab_deep,2005-01-06T13:35:22,5.4,5.9986310746064335,6,2005-01-06 13:35:22+00:00,True,386
55241,2005-04-16T22:41:19,-69.95,-17.77,129.6,5.8,mw,0.01,0.01,0.8,,197.0,24.0,-36.0,320.0,76.0,-110.0,-2.65e+17,-9.68e+16,3.62e+17,3.66e+17,-3.76e+17,-1.02e+17,GCMT,,slab_deep,97.3163757324,slab_deep,2005-04-16T22:41:19,5.4,5.9986310746064335,6,2005-04-16 22:41:19+00:00,True,242
55927,2005-06-13T22:44:40,-69.23,-20.02,94.5,7.8,mw,0.01,0.01,0.4,,182.0,23.0,-81.0,352.0,67.0,-94.0,-3.7e+20,-2.72e+19,3.97e+20,6.15e+19,-3.63e+20,-2.36e+19,GCMT,,slab_deep,82.0689315796,slab_deep,2005-06-13T22:44:40,5.4,5.9986310746064335,6,2005-06-13 22:44:40+00:00,True,3
56452,2005-07-13T12:06:17,-70.41,-17.95,101.5,5.7,mw,0.01,0.01,1.0,,118.0,33.0,-113.0,325.0,60.0,-75.0,-3.87e+17,2.18e+17,1.69e+17,8.76e+16,-2.16e+17,-2.42e+17,GCMT,,slab_deep,77.3455505371,slab_deep,2005-07-13T12:06:17,5.4,5.9986310746064335,6,2005-07-13 12:06:17+00:00,True,267
57357,2005-09-09T11:26:07,-69.136,-31.68,112.6,6.2,mw,,,,,,,,,,,,,,,,,USGS,,slab_deep,100.792617798,slab_deep,2005-09-09T11:26:07,5.4,5.9986310746064335,6,2005-09-09 11:26:07+00:00,True,128
57807,2005-10-08T11:36:47,-69.055,-24.893,126.4055,5.6,mw,,,,,,,,,,,,,,,,,CSN-improved,,slab_deep,79.6740646362,slab_deep,2005-10-08T11:36:47,5.4,5.9986310746064335,6,2005-10-08 11:36:47+00:00,True,287
58038,2005-10-23T04:49:21,-68.81,-21.85,135.1,5.5,mw,0.01,0.01,1.0,,268.0,8.0,-7.0,5.0,89.0,-98.0,-9800000000000000.0,1.07e+16,-800000000000000.0,-1.66e+16,-2.03e+17,2.85e+16,GCMT,,slab_deep,85.4209899902,slab_deep,2005-10-23T04:49:21,5.4,5.9986310746064335,6,2005-10-23 04:49:21+00:00,True,322
58352,2005-11-17T19:27:00,-68.13,-22.46,155.3,6.8,mw,0.01,0.01,0.4,,126.0,26.0,-149.0,7.0,77.0,-68.0,-7.03e+18,-3.65e+18,1.07e+19,-2.36e+18,-1.56e+19,-5.79e+18,GCMT,,slab_deep,101.37260437,slab_deep,2005-11-17T19:27:00,5.4,5.9986310746064335,6,2005-11-17 19:27:00+00:00,True,53
58752,2005-12-19T11:33:57,-67.136,-27.897,180.7,5.8,mw,,,32.7,,,,,,,,,,,,,,CSN-improved,,slab_deep,117.005577087,slab_deep,2005-12-19T11:33:57,5.4,5.9986310746064335,6,2005-12-19 11:33:57+00:00,True,243
58896,2005-12-31T12:39:28,-71.549,-39.966,129.3914,5.6,mw,,,,,,,,,,,,,,,,,CSN-improved,,slab_deep,123.886680603,slab_deep,2005-12-31T12:39:28,5.4,5.9986310746064335,6,2005-12-31 12:39:28+00:00,True,288
58968,2006-01-04T13:01:37,-66.34,-23.12,249.2,5.4,mw,0.03,0.02,2.6,,261.0,29.0,3.0,168.0,88.0,119.0,1.54e+16,-6.5e+16,4.95e+16,1799999999999999.8,-1.65e+17,7.19e+16,GCMT,,slab_deep,202.016342163,slab_deep,2006-01-04T13:01:37,5.4,5.9986310746064335,6,2006-01-04 13:01:37+00:00,True,387
59923,2006-03-12T23:00:04,-67.232,-21.878,168.0,5.6,mw,,,0.0,,,,,,,,,,,,,,CSN-improved,,slab_deep,151.082885742,slab_deep,2006-03-12T23:00:04,5.4,5.9986310746064335,6,2006-03-12 23:00:04+00:00,True,289
59951,2006-03-14T04:03:14,-69.55,-28.49,120.0,5.4,mw,,,0.0,,,,,,,,,,,,,,CSN-improved,,slab_deep,85.0440368652,slab_deep,2006-03-14T04:03:14,5.4,5.9986310746064335,6,2006-03-14 04:03:14+00:00,True,388
61769,2006-06-27T02:07:32,-68.695,-22.762,115.0,5.7,mw,,,0.0,,156.0,11.0,-110.0,356.0,80.0,-86.0,-6.25e+16,-5900000000000000.0,6.840000000000001e+16,1.21e+16,-1.83e+17,-1.78e+16,CSN-improved,,slab_deep,84.4997711182,slab_deep,2006-06-27T02:07:32,5.4,5.9986310746064335,6,2006-06-27 02:07:32+00:00,True,268
61771,2006-06-27T11:24:40,-68.89,-21.42,133.7,5.5,mw,0.01,0.01,0.9,,189.0,19.0,-56.0,333.0,74.0,-101.0,-1.02e+17,-200000000000000.0,1.03e+17,8.24e+16,-1.3500000000000002e+17,-1.26e+16,GCMT,,slab_deep,84.7672271729,slab_deep,2006-06-27T11:24:40,5.4,5.9986310746064335,6,2006-06-27 11:24:40+00:00,True,323
61941,2006-07-08T09:13:05,-67.38,-28.69,152.5,5.5,mw,0.01,0.01,0.8,,159.0,37.0,-68.0,312.0,56.0,-106.0,-1.74e+17,5.01e+16,1.24e+17,7.31e+16,-2.7800000000000004e+16,-9.87e+16,GCMT,,slab_deep,103.940116882,slab_deep,2006-07-08T09:13:05,5.4,5.9986310746064335,6,2006-07-08 09:13:05+00:00,True,324
62622,2006-08-25T00:44:51,-67.18,-24.44,185.8,6.6,mw,0.01,0.0,0.4,,194.0,36.0,-48.0,326.0,64.0,-115.0,-6.17e+18,-1.59e+18,7.76e+18,3.93e+18,-3.37e+18,-1.91e+18,GCMT,,slab_deep,132.400985718,slab_deep,2006-08-25T00:44:51,5.4,5.9986310746064335,6,2006-08-25 00:44:51+00:00,True,68
62929,2006-09-12T13:30:59,-69.13,-29.19,113.7,5.9,mw,0.01,0.01,0.6,,309.0,27.0,-115.0,156.0,66.0,-78.0,-6.01e+17,1.4299999999999998e+17,4.58e+17,-2.07e+17,5.4900000000000006e+17,-4.61e+17,GCMT,,slab_deep,87.6047363281,slab_deep,2006-09-12T13:30:59,5.4,5.9986310746064335,6,2006-09-12 13:30:59+00:00,True,212
63032,2006-09-17T09:34:17,-67.15,-31.9,146.1,6.2,mw,0.01,0.0,0.4,,147.0,17.0,-147.0,25.0,81.0,-76.0,-7.6e+17,-1.4299999999999998e+17,9.03e+17,-1.01e+18,-1.77e+18,-2.03e+17,GCMT,,slab_deep,112.174545288,slab_deep,2006-09-17T09:34:17,5.4,5.9986310746064335,6,2006-09-17 09:34:17+00:00,True,129
63165,2006-09-24T21:57:02,-72.076,-35.727,44.3,5.5,mw,,,4.8,,,,,,,,,,,,,,CSN-improved,,slab_deep,53.6427497864,slab_deep,2006-09-24T21:57:02,5.4,5.9986310746064335,6,2006-09-24 21:57:02+00:00,True,325
63380,2006-10-07T08:21:00,-69.27,-24.13,120.9,5.7,mw,0.01,0.01,0.8,,132.0,35.0,-101.0,326.0,55.0,-82.0,-4.64e+17,2.05e+17,2.58e+17,6.12e+16,-1.65e+17,-2.03e+17,GCMT,,slab_deep,72.3027267456,slab_deep,2006-10-07T08:21:00,5.4,5.9986310746064335,6,2006-10-07 08:21:00+00:00,True,269
63617,2006-10-17T04:02:44,-68.47,-21.09,149.9,5.9,mw,0.02,0.01,1.6,,170.0,68.0,-18.0,266.0,73.0,-157.0,-2.55e+17,3.42e+17,-8.6e+16,2.7300000000000003e+17,2.41e+17,-8.53e+17,GCMT,,slab_deep,99.4537506104,slab_deep,2006-10-17T04:02:44,5.4,5.9986310746064335,6,2006-10-17 04:02:44+00:00,True,213
63730,2006-10-23T21:00:50,-65.75,-21.77,287.6,5.8,mw,0.05,0.03,1.5,,117.0,8.0,-149.0,357.0,86.0,-83.0,-7.59e+16,-2.1e+16,9.69e+16,3.74e+16,-6.38e+17,-8.54e+16,GCMT,,slab_deep,254.213394165,slab_deep,2006-10-23T21:00:50,5.4,5.9986310746064335,6,2006-10-23 21:00:50+00:00,True,244
64079,2006-11-14T22:22:14,-68.76,-23.37,116.1,5.7,mw,0.01,0.01,0.8,,143.0,27.0,-111.0,346.0,64.0,-80.0,-3e+17,-2.72e+16,3.28e+17,5.39e+16,-2.7200000000000003e+17,-1.87e+17,GCMT,,slab_deep,82.0241546631,slab_deep,2006-11-14T22:22:14,5.4,5.9986310746064335,6,2006-11-14 22:22:14+00:00,True,270
64191,2006-11-20T10:15:42,-67.717,-27.857,190.3802,5.8,mw,,,,,,,,,,,,,,,,,CSN-improved,,slab_deep,104.509460449,slab_deep,2006-11-20T10:15:42,5.4,5.9986310746064335,6,2006-11-20 10:15:42+00:00,True,245
64192,2006-11-20T14:38:33,-70.18,-18.1,69.0,5.5,mw,0.01,0.01,0.9,,220.0,41.0,28.0,108.0,72.0,127.0,1.01e+17,-1.87e+17,8.58e+16,1.23e+17,-5.22e+16,-6.69e+16,GCMT,,slab_deep,80.0419082642,slab_deep,2006-11-20T14:38:33,5.4,5.9986310746064335,6,2006-11-20 14:38:33+00:00,True,326
64785,2007-01-04T09:27:35,-70.244,-17.356,113.7,5.4,mw,,,,,,,,,,,,,,,,,USGS,,slab_deep,100.790779114,slab_deep,2007-01-04T09:27:35,5.3,3.0006844626967832,7,2007-01-04 09:27:35+00:00,True,389
65124,2007-01-28T02:46:33,-66.952,-27.99,170.0,5.5,mw,,,0.0,,,,,,,,,,,,,,CSN-improved,,slab_deep,122.222702026,slab_deep,2007-01-28T02:46:33,5.3,3.0006844626967832,7,2007-01-28 02:46:33+00:00,True,327
65300,2007-02-10T06:03:05,-72.26,-43.26,162.3,5.5,mw,0.01,0.01,1.0,,207.0,6.0,117.0,360.0,84.0,87.0,2.31e+16,5.17e+16,-7.48e+16,1500000000000000.0,2.41e+17,-1.24e+16,GCMT,,slab_deep,114.43359375,slab_deep,2007-02-10T06:03:05,5.3,3.0006844626967832,7,2007-02-10 06:03:05+00:00,True,328
65473,2007-02-24T13:33:05,-68.027,-21.492,126.3,5.4,mw,,,,,,,,,,,,,,,,,USGS,,slab_deep,112.013145447,slab_deep,2007-02-24T13:33:05,5.3,3.0006844626967832,7,2007-02-24 13:33:05+00:00,True,390
67626,2007-07-21T15:34:59,-66.0,-22.31,280.2,6.4,mw,0.01,0.0,0.3,,240.0,3.0,-24.0,353.0,89.0,-93.0,-1.59e+17,-1.64e+17,3.23e+17,6.07e+17,-5.34e+18,1.93e+17,GCMT,,slab_deep,234.877227783,slab_deep,2007-07-21T15:34:59,5.3,3.0006844626967832,7,2007-07-21 15:34:59+00:00,True,90
68054,2007-08-20T21:01:36,-66.66,-19.82,270.3,5.4,mw,0.02,0.02,1.5,,254.0,12.0,-30.0,13.0,84.0,-100.0,-2.96e+16,1.7499999999999998e+16,1.21e+16,-2.45e+16,-1.28e+17,2.49e+16,GCMT,,slab_deep,224.353683472,slab_deep,2007-08-20T21:01:36,5.3,3.0006844626967832,7,2007-08-20 21:01:36+00:00,True,391
68198,2007-09-03T09:34:14,-68.983,-18.227,140.6,5.3,mw,,,8.1,,,,,,,,,,,,,,USGS,,slab_deep,120.43019104,slab_deep,2007-09-03T09:34:14,5.3,3.0006844626967832,7,2007-09-03 09:34:14+00:00,True,446
69069,2007-11-07T15:06:17,-69.514,-24.185,74.5,5.4,mw,,,,,,,,,,,,,,,,,USGS,,slab_deep,65.7050552368,slab_deep,2007-11-07T15:06:17,5.3,3.0006844626967832,7,2007-11-07 15:06:17+00:00,True,392
69334,2007-11-18T05:40:17,-66.48,-22.67,262.4,6.0,mw,0.01,0.01,0.5,,179.0,15.0,-80.0,349.0,75.0,-93.0,-6.74e+17,2.7e+16,6.47e+17,2.44e+17,-1.14e+18,-6.2e+16,GCMT,,slab_deep,194.099868774,slab_deep,2007-11-18T05:40:17,5.3,3.0006844626967832,7,2007-11-18 05:40:17+00:00,True,183
69336,2007-11-18T07:02:42,-69.9,-19.12,98.4,5.3,mw,0.02,0.02,3.7,,246.0,44.0,-17.0,349.0,78.0,-133.0,-2.94e+16,-2.49e+16,5.43e+16,2.58e+16,-6.32e+16,5.620000000000001e+16,GCMT,,slab_deep,69.4688644409,slab_deep,2007-11-18T07:02:42,5.3,3.0006844626967832,7,2007-11-18 07:02:42+00:00,True,447
69460,2007-11-21T12:55:08,-68.81,-25.02,127.3,5.8,mw,0.01,0.01,0.8,,129.0,32.0,-126.0,350.0,65.0,-70.0,-4.3e+17,1.04e+17,3.26e+17,-4.02e+16,-3.57e+17,-2.26e+17,GCMT,,slab_deep,84.1009597778,slab_deep,2007-11-21T12:55:08,5.3,3.0006844626967832,7,2007-11-21 12:55:08+00:00,True,246
69532,2007-11-24T05:02:10,-69.06,-23.73,109.3,5.6,mw,0.01,0.01,1.1,,178.0,36.0,-64.0,327.0,58.0,-108.0,-2.34e+17,-3.66e+16,2.7000000000000003e+17,9.04e+16,-9.29e+16,-1.19e+17,GCMT,,slab_deep,75.9068908691,slab_deep,2007-11-24T05:02:10,5.3,3.0006844626967832,7,2007-11-24 05:02:10+00:00,True,290
70088,2007-12-17T09:26:35,-71.102,-32.878,63.7767,5.4,mw,,,,,,,,,,,,,,,,,CSN-improved,,slab_deep,55.422504425,slab_deep,2007-12-17T09:26:35,5.3,3.0006844626967832,7,2007-12-17 09:26:35+00:00,True,393
70169,2007-12-20T06:12:59,-70.367,-17.28,110.1,5.3,mw,,,,,,,,,,,,,,,,,USGS,,slab_deep,99.8303756714,slab_deep,2007-12-20T06:12:59,5.3,3.0006844626967832,7,2007-12-20 06:12:59+00:00,True,448
70252,2007-12-26T23:40:59,-68.77,-22.19,121.3,5.5,mw,0.03,0.03,3.6,,135.0,45.0,-111.0,344.0,48.0,-70.0,-1.92e+17,-3300000000000000.0,1.95e+17,-1.4399999999999998e+16,-2.31e+16,-1.77e+17,GCMT,,slab_deep,85.2558441162,slab_deep,2007-12-26T23:40:59,5.3,3.0006844626967832,7,2007-12-26 23:40:59+00:00,True,329
70436,2008-01-05T07:29:35,-68.88,-22.87,117.3,5.7,mw,0.03,0.02,1.4,,190.0,31.0,-47.0,322.0,68.0,-113.0,-2.78e+17,-6.4e+16,3.42e+17,2.16e+17,-2e+17,-1.17e+17,GCMT,,slab_deep,79.5985183716,slab_deep,2008-01-05T07:29:35,5.3,3.0006844626967832,7,2008-01-05 07:29:35+00:00,True,271
71205,2008-02-16T14:45:15,-68.77,-21.58,135.3,6.1,mw,0.01,0.01,0.5,,223.0,18.0,-54.0,6.0,76.0,-100.0,-7.86e+17,1.46e+17,6.4e+17,-4.1e+16,-1.39e+18,3.31e+17,GCMT,,slab_deep,87.8769683838,slab_deep,2008-02-16T14:45:15,5.3,3.0006844626967832,7,2008-02-16 14:45:15+00:00,True,162
71610,2008-03-10T09:43:07,-69.74,-28.42,129.2,5.6,mw,0.01,0.01,0.8,,3.0,33.0,-75.0,165.0,58.0,-100.0,-2.38e+17,-4300000000000000.0,2.43e+17,-5.32e+16,1.07e+17,-2.59e+16,GCMT,,slab_deep,82.5510253906,slab_deep,2008-03-10T09:43:07,5.3,3.0006844626967832,7,2008-03-10 09:43:07+00:00,True,291
71701,2008-03-17T01:54:32,-67.087,-28.589,130.0,5.4,mw,,,0.0,,,,,,,,,,,,,,CSN-improved,,slab_deep,110.834655762,slab_deep,2008-03-17T01:54:32,5.3,3.0006844626967832,7,2008-03-17 01:54:32+00:00,True,394
71839,2008-03-24T20:39:10,-69.42,-20.31,129.2,6.2,mw,0.01,0.01,0.5,,198.0,22.0,-73.0,1.0,69.0,-97.0,-1.33e+18,-1.67e+17,1.49e+18,4.1e+16,-1.58e+18,2.56e+17,GCMT,,slab_deep,74.2103881836,slab_deep,2008-03-24T20:39:10,5.3,3.0006844626967832,7,2008-03-24 20:39:10+00:00,True,130
72578,2008-05-02T06:01:37,-70.937,-29.621,43.9,5.3,mw,,,4.5,,,,,,,,,,,,,,CSN-improved,,slab_deep,54.7335586548,slab_deep,2008-05-02T06:01:37,5.3,3.0006844626967832,7,2008-05-02 06:01:37+00:00,True,449
72644,2008-05-06T06:52:05,-69.868,-24.486,44.7,5.4,mw,,,13.0,,,,,,,,,,,,,,CSN-improved,,slab_deep,56.14037323,slab_deep,2008-05-06T06:52:05,5.3,3.0006844626967832,7,2008-05-06 06:52:05+00:00,True,395
73587,2008-07-08T09:13:10,-72.0,-16.26,125.7,6.2,mw,0.01,0.01,0.6,,177.0,44.0,-23.0,284.0,74.0,-132.0,-1.08e+18,3.67e+17,7.16e+17,1.51e+18,-3.51e+17,-1.93e+18,GCMT,,slab_deep,90.8824615479,slab_deep,2008-07-08T09:13:10,5.3,3.0006844626967832,7,2008-07-08 09:13:10+00:00,True,131
73711,2008-07-14T18:40:00,-66.699,-28.057,202.5,5.8,mw,,,89.4,,,,,,,,,,,,,,CSN-improved,,slab_deep,130.272323608,slab_deep,2008-07-14T18:40:00,5.3,3.0006844626967832,7,2008-07-14 18:40:00+00:00,True,247
74064,2008-08-07T00:18:06,-69.181,-29.352,93.4,5.3,mw,,,3.8,,,,,,,,,,,,,,USGS,,slab_deep,88.1069869995,slab_deep,2008-08-07T00:18:06,5.3,3.0006844626967832,7,2008-08-07 00:18:06+00:00,True,450
74404,2008-08-27T04:42:07,-65.681,-21.742,277.1,5.3,mw,,,,,,,,,,,,,,,,,USGS,,slab_deep,258.102416992,slab_deep,2008-08-27T04:42:07,5.3,3.0006844626967832,7,2008-08-27 04:42:07+00:00,True,451
74686,2008-09-11T17:11:37,-69.46,-19.8,124.5,5.3,mw,0.01,0.02,1.5,,176.0,28.0,-80.0,345.0,62.0,-95.0,-7.73e+16,-8599999999999998.0,8.59e+16,1.7599999999999998e+16,-5.38e+16,-1.6800000000000002e+16,GCMT,,slab_deep,76.9621429443,slab_deep,2008-09-11T17:11:37,5.3,3.0006844626967832,7,2008-09-11 17:11:37+00:00,True,452
74782,2008-09-16T21:56:41,-68.615,-20.389,114.8,5.4,mw,,,,,,,,,,,,,,,,,USGS,,slab_deep,100.14617157,slab_deep,2008-09-16T21:56:41,5.3,3.0006844626967832,7,2008-09-16 21:56:41+00:00,True,396
75254,2008-10-06T00:18:29,-68.931,-18.398,135.1,5.4,mw,,,,,,,,,,,,,,,,,USGS,,slab_deep,119.361000061,slab_deep,2008-10-06T00:18:29,5.3,3.0006844626967832,7,2008-10-06 00:18:29+00:00,True,397
75351,2008-10-12T20:55:44,-65.23,-20.3,361.5,6.2,mw,0.01,0.01,0.5,,257.0,18.0,-2.0,349.0,89.0,-108.0,-2.1e+16,-3.3e+17,3.51e+17,3.85e+17,-2.13e+18,6.17e+17,GCMT,,slab_deep,316.582824707,slab_deep,2008-10-12T20:55:44,5.3,3.0006844626967832,7,2008-10-12 20:55:44+00:00,True,132
76202,2008-11-21T23:07:47,-69.511,-24.216,77.683,5.3,mw,,,,,,,,,,,,,,,,,CSN-improved,,slab_deep,65.7050552368,slab_deep,2008-11-21T23:07:47,5.3,3.0006844626967832,7,2008-11-21 23:07:47+00:00,True,453
76955,2008-12-29T14:40:16,-68.766,-22.99,89.0283,5.3,mw,,,,,,,,,,,,,,,,,CSN-improved,,slab_deep,82.6516952515,slab_deep,2008-12-29T14:40:16,5.3,3.0006844626967832,7,2008-12-29 14:40:16+00:00,True,454
77055,2009-01-04T20:53:26,-70.582,-34.462,90.1,5.5,mw,,,,,,,,,,,,,,,,,USGS,,slab_deep,90.8879089355,slab_deep,2009-01-04T20:53:26,5.3,3.0006844626967832,7,2009-01-04 20:53:26+00:00,True,330
77693,2009-02-16T02:22:55,-70.15,-29.2,117.4,5.4,mw,0.01,0.01,1.0,,323.0,46.0,-32.0,77.0,67.0,-131.0,-7.62e+16,1.1100000000000002e+17,-3.49e+16,-6.46e+16,-4.88e+16,-6.18e+16,GCMT,,slab_deep,79.4630966187,slab_deep,2009-02-16T02:22:55,5.3,3.0006844626967832,7,2009-02-16 02:22:55+00:00,True,398
77707,2009-02-17T14:49:35,-65.284,-30.451,180.3,5.3,mw,,,,,,,,,,,,,,,,,USGS,,slab_deep,163.004653931,slab_deep,2009-02-17T14:49:35,5.3,3.0006844626967832,7,2009-02-17 14:49:35+00:00,True,455
77764,2009-02-20T07:44:51,-66.836,-21.453,219.4869,5.5,mw,,,,,,,,,,,,,,,,,CSN-improved,,slab_deep,180.874572754,slab_deep,2009-02-20T07:44:51,5.3,3.0006844626967832,7,2009-02-20 07:44:51+00:00,True,331
78136,2009-03-14T05:41:03,-70.991,-18.045,43.3,5.3,mw,,,6.1,,,,,,,,,,,,,,USGS,,slab_deep,52.2882843018,slab_deep,2009-03-14T05:41:03,5.3,3.0006844626967832,7,2009-03-14 05:41:03+00:00,True,456
78742,2009-04-16T17:43:31,-69.938,-19.411,70.2,5.6,mw,,,1.9,,,,,,,,,,,,,,CSN-improved,,slab_deep,62.3502922058,slab_deep,2009-04-16T17:43:31,5.3,3.0006844626967832,7,2009-04-16 17:43:31+00:00,True,292
78848,2009-04-21T00:27:44,-71.611,-35.065,66.2851,5.4,mw,,,,,,,,,,,,,,,,,CSN-improved,,slab_deep,59.6846885681,slab_deep,2009-04-21T00:27:44,5.3,3.0006844626967832,7,2009-04-21 00:27:44+00:00,True,399
78928,2009-04-26T08:03:40,-69.49,-32.89,141.0,5.3,mw,0.02,0.01,1.2,,145.0,49.0,169.0,242.0,82.0,42.0,2.21e+16,-9.56e+16,7.34e+16,-6.57e+16,-5.3e+16,4.41e+16,GCMT,,slab_deep,106.143608093,slab_deep,2009-04-26T08:03:40,5.3,3.0006844626967832,7,2009-04-26 08:03:40+00:00,True,457
79142,2009-05-08T13:44:53,-69.882,-32.038,118.3956,5.5,mw,,,,,185.0,48.0,-121.0,47.0,50.0,-60.0,-1.1499999999999998e+17,1700000000000000.0,1.1299999999999998e+17,-3.86e+16,1.47e+16,7.029999999999999e+16,CSN-improved,,slab_deep,97.635307312,slab_deep,2009-05-08T13:44:53,5.3,3.0006844626967832,7,2009-05-08 13:44:53+00:00,True,332
80328,2009-07-14T18:38:10,-67.52,-21.916,211.251,6.1,mw,,,,,280.0,8.0,-11.0,20.0,88.0,-98.0,-2.36e+16,4.28e+16,-1.92e+16,-1.45e+17,-3.96e+17,4.95e+16,CSN-improved,,slab_deep,136.622268677,slab_deep,2009-07-14T18:38:10,5.3,3.0006844626967832,7,2009-07-14 18:38:10+00:00,True,163
80519,2009-07-27T10:58:23,-66.93,-24.1,222.7,5.4,mw,0.02,0.01,1.3,,226.0,40.0,-56.0,5.0,58.0,-115.0,-1.25e+17,2.01e+16,1.05e+17,3.55e+16,-6.27e+16,5.48e+16,GCMT,,slab_deep,149.210372925,slab_deep,2009-07-27T10:58:23,5.3,3.0006844626967832,7,2009-07-27 10:58:23+00:00,True,400
80745,2009-08-12T18:00:55,-66.71,-28.1,177.9,5.4,mw,0.01,0.01,0.9,,297.0,45.0,-126.0,162.0,55.0,-60.0,-1.41e+17,5.17e+16,8.92e+16,2.7300000000000004e+16,6.28e+16,-1.07e+17,GCMT,,slab_deep,129.45362854,slab_deep,2009-08-12T18:00:55,5.3,3.0006844626967832,7,2009-08-12 18:00:55+00:00,True,401
81138,2009-09-08T22:22:29,-68.404,-20.901,114.5,5.3,mw,,,,,,,,,,,,,,,,,USGS,,slab_deep,102.760925293,slab_deep,2009-09-08T22:22:29,5.3,3.0006844626967832,7,2009-09-08 22:22:29+00:00,True,458
81685,2009-10-15T19:32:20,-67.33,-29.474,123.5,5.3,mw,,,,,,,,,,,,,,,,,USGS,,slab_deep,99.0216674805,slab_deep,2009-10-15T19:32:20,5.3,3.0006844626967832,7,2009-10-15 19:32:20+00:00,True,459
82070,2009-11-14T19:44:33,-66.83,-23.04,221.2,6.2,mw,0.01,0.01,0.4,,180.0,11.0,-79.0,350.0,79.0,-92.0,-6.61e+17,-2.67e+17,9.28e+17,3.7e+17,-2.02e+18,-1.4199999999999998e+17,GCMT,,slab_deep,165.625106812,slab_deep,2009-11-14T19:44:33,5.3,3.0006844626967832,7,2009-11-14 19:44:33+00:00,True,133
82267,2009-11-29T17:05:34,-66.07,-22.1,272.7,5.4,mw,0.01,0.01,1.0,,67.0,12.0,164.0,173.0,87.0,78.0,2.4e+16,3400000000000000.0,-2.7400000000000004e+16,2.52e+16,-1.76e+17,-3.53e+16,GCMT,,slab_deep,230.933441162,slab_deep,2009-11-29T17:05:34,5.3,3.0006844626967832,7,2009-11-29 17:05:34+00:00,True,402
82345,2009-12-06T13:46:02,-68.199,-31.783,109.6,5.3,mw,,,10.4,,,,,,,,,,,,,,USGS,,slab_deep,98.8697052002,slab_deep,2009-12-06T13:46:02,5.3,3.0006844626967832,7,2009-12-06 13:46:02+00:00,True,460
82477,2009-12-16T15:46:03,-68.132,-21.438,103.2,5.3,mw,,,2.9,,,,,,,,,,,,,,USGS,,slab_deep,108.106437683,slab_deep,2009-12-16T15:46:03,5.3,3.0006844626967832,7,2009-12-16 15:46:03+00:00,True,461
82885,2010-01-18T12:28:40,-68.97,-31.48,116.1,5.4,mw,0.02,0.01,1.0,,231.0,37.0,-97.0,60.0,54.0,-85.0,-1.3899999999999998e+17,9.78e+16,4.1e+16,-4.21e+16,-1.5e+16,7.08e+16,GCMT,,slab_deep,97.783416748,slab_deep,2010-01-18T12:28:40,5.3,3.0006844626967832,8,2010-01-18 12:28:40+00:00,True,403
83013,2010-01-28T08:04:12,-67.23,-23.544,219.4354,6.3,mw,,,,,325.0,75.0,-100.0,179.0,18.0,-57.0,-3.31e+17,-1.94e+17,5.25e+17,4.24e+17,-5.63e+17,-1.32e+17,CSN-improved,,slab_deep,134.693649292,slab_deep,2010-01-28T08:04:12,5.3,3.0006844626967832,8,2010-01-28 08:04:12+00:00,True,106
83056,2010-02-02T14:30:36,-66.903,-22.463,300.0,5.3,mw,,,0.0,,,,,,,,,,,,,,CSN-improved,,slab_deep,167.859420776,slab_deep,2010-02-02T14:30:36,5.3,3.0006844626967832,8,2010-02-02 14:30:36+00:00,True,462
83200,2010-02-12T12:03:39,-68.789,-33.622,148.4,5.8,mw,,,2.5,,69.0,57.0,-156.0,325.0,70.0,-35.0,-2.4e+17,5.7300000000000006e+17,-3.33e+17,1000000000000000.0,-3.98e+17,-2.93e+17,USGS,,slab_deep,137.963790894,slab_deep,2010-02-12T12:03:39,5.3,3.0006844626967832,8,2010-02-12 12:03:39+00:00,True,248
83440,2010-02-27T15:09:49,-71.339,-33.942,44.8,5.6,mw,,,,,,,,,,,,,,,,,USGS,,slab_deep,51.2845039368,slab_deep,2010-02-27T15:09:49,5.3,3.0006844626967832,8,2010-02-27 15:09:49+00:00,True,293
84560,2010-03-04T22:39:23,-68.798,-22.613,126.3,5.8,mw,,,6.4,,5.0,75.0,-90.0,185.0,15.0,-90.0,-2.3e+18,-8.32e+17,3.13e+18,-1.79e+17,-2.55e+18,-6.35e+17,CSN-improved,,slab_deep,82.6256942749,slab_deep,2010-03-04T22:39:23,5.3,3.0006844626967832,8,2010-03-04 22:39:23+00:00,True,249
86392,2010-03-22T01:00:47,-69.71,-16.35,217.6,5.3,mw,0.01,0.01,1.2,,235.0,27.0,-23.0,345.0,80.0,-115.0,-3.4200000000000004e+16,-3.3900000000000004e+16,6.810000000000001e+16,2.59e+16,-9.82e+16,3.17e+16,GCMT,,slab_deep,166.933944702,slab_deep,2010-03-22T01:00:47,5.3,3.0006844626967832,8,2010-03-22 01:00:47+00:00,True,463
87578,2010-04-09T22:23:05,-68.36,-28.81,131.4,5.8,mw,0.01,0.01,0.6,,314.0,47.0,-117.0,170.0,49.0,-64.0,-4.57e+17,5.41e+16,4.03e+17,1.25e+17,8.65e+16,-2.58e+17,GCMT,,slab_deep,89.9595031738,slab_deep,2010-04-09T22:23:05,5.3,3.0006844626967832,8,2010-04-09 22:23:05+00:00,True,250
89654,2010-05-30T02:27:44,-71.722,-34.796,46.9,5.3,mw,,,1.7,,,,,,,,,,,,,,CSN-improved,,slab_deep,50.5527381897,slab_deep,2010-05-30T02:27:44,5.3,3.0006844626967832,8,2010-05-30 02:27:44+00:00,True,464
90208,2010-06-16T09:19:07,-71.191,-36.228,133.3413,5.7,mw,,,,,,,,,,,,,,,,,CSN-improved,,slab_deep,95.799987793,slab_deep,2010-06-16T09:19:07,5.3,3.0006844626967832,8,2010-06-16 09:19:07+00:00,True,272
90448,2010-06-24T22:04:40,-69.279,-19.01,129.0,5.3,mw,,,5.4,,,,,,,,,,,,,,CSN-improved,,slab_deep,93.6876525879,slab_deep,2010-06-24T22:04:40,5.3,3.0006844626967832,8,2010-06-24 22:04:40+00:00,True,465
90796,2010-07-06T13:54:02,-72.119,-35.651,49.6453,5.5,mw,,,,,,,,,,,,,,,,,CSN-improved,,slab_deep,51.697933197,slab_deep,2010-07-06T13:54:02,5.3,3.0006844626967832,8,2010-07-06 13:54:02+00:00,True,333
91094,2010-07-17T06:07:43,-69.989,-24.748,49.5,5.5,mw,,,5.2,0.1,29.0,24.0,130.0,165.0,72.0,74.0,1.19e+17,3.01e+16,-1.5e+17,5.639999999999999e+16,-1.59e+17,-1.78e+16,ISC-GEM,,slab_deep,52.5949058533,slab_deep,2010-07-17T06:07:43,5.3,3.0006844626967832,8,2010-07-17 06:07:43+00:00,True,334
91197,2010-07-21T14:56:08,-69.433,-23.651,85.3884,5.3,mw,,,,,,,,,,,,,,,,,CSN-improved,,slab_deep,65.1813278198,slab_deep,2010-07-21T14:56:08,5.3,3.0006844626967832,8,2010-07-21 14:56:08+00:00,True,466
91310,2010-07-26T17:31:31,-67.51,-24.049,201.9,6.1,mw,,,17.6,,186.0,21.0,-71.0,346.0,70.0,-97.0,-1.46e+17,-1.63e+16,1.62e+17,5.21e+16,-1.78e+17,-1.47e+16,CSN-improved,,slab_deep,118.280548096,slab_deep,2010-07-26T17:31:31,5.3,3.0006844626967832,8,2010-07-26 17:31:31+00:00,True,164
92090,2010-08-21T14:54:57,-67.345,-27.544,142.1,5.5,mw,,,,,,,,,,,,,,,,,USGS,,slab_deep,114.055030823,slab_deep,2010-08-21T14:54:57,5.3,3.0006844626967832,8,2010-08-21 14:54:57+00:00,True,335
92114,2010-08-22T08:06:33,-67.269,-21.135,152.5,5.5,mw,,,5.5,,,,,,,,,,,,,,USGS,,slab_deep,160.296112061,slab_deep,2010-08-22T08:06:33,5.3,3.0006844626967832,8,2010-08-22 08:06:33+00:00,True,336
92798,2010-09-16T00:00:22,-65.605,-30.927,173.4,5.3,mw,,,8.0,,,,,,,,,,,,,,USGS,,slab_deep,148.097763062,slab_deep,2010-09-16T00:00:22,5.3,3.0006844626967832,8,2010-09-16 00:00:22+00:00,True,467
93047,2010-09-25T10:54:55,-68.829,-20.543,105.3,5.3,mw,,,,,,,,,,,,,,,,,USGS,,slab_deep,90.5610198975,slab_deep,2010-09-25T10:54:55,5.3,3.0006844626967832,8,2010-09-25 10:54:55+00:00,True,468
93646,2010-10-17T14:40:14,-69.491,-32.083,111.0,5.4,mw,,,,,,,,,,,,,,,,,ISC,,slab_deep,102.661231995,slab_deep,2010-10-17T14:40:14,5.3,3.0006844626967832,8,2010-10-17 14:40:14+00:00,True,404
93764,2010-10-22T19:31:41,-68.79,-21.07,142.6,5.8,mw,0.01,0.01,0.6,,89.0,20.0,-141.0,322.0,78.0,-74.0,-3.37e+17,3.2e+17,1.65e+16,2.52e+17,-5.12e+17,-2.4e+16,GCMT,,slab_deep,89.1543121338,slab_deep,2010-10-22T19:31:41,5.3,3.0006844626967832,8,2010-10-22 19:31:41+00:00,True,251
93892,2010-10-27T20:09:02,-69.742,-19.123,85.2172,5.8,mw,,,,,,,,,,,,,,,,,CSN-improved,,slab_deep,75.4162521362,slab_deep,2010-10-27T20:09:02,5.3,3.0006844626967832,8,2010-10-27 20:09:02+00:00,True,252
94095,2010-11-02T10:38:25,-71.86,-36.421,84.3185,5.7,mw,,,,,,,,,,,,,,,,,CSN-improved,,slab_deep,74.0392074585,slab_deep,2010-11-02T10:38:25,5.3,3.0006844626967832,8,2010-11-02 10:38:25+00:00,True,273
95458,2010-12-16T19:36:22,-67.72,-21.225,210.0861,5.5,mw,,,,,,,,,,,,,,,,,CSN-improved,,slab_deep,132.102279663,slab_deep,2010-12-16T19:36:22,5.3,3.0006844626967832,8,2010-12-16 19:36:22+00:00,True,337
96143,2011-01-04T22:59:09,-69.788,-29.175,128.0,5.8,mw,,,13.0,,7.0,35.0,127.0,144.0,62.0,67.0,8.95e+16,-1100000000000000.0,-8.84e+16,5.77e+16,-3.23e+16,2.07e+16,CSN-improved,,slab_deep,84.8350296021,slab_deep,2011-01-04T22:59:09,5.3,3.0006844626967832,8,2011-01-04 22:59:09+00:00,True,253
96214,2011-01-07T04:55:57,-65.337,-21.784,290.4,5.5,mw,,,4.4,,,,,,,,,,,,,,USGS,,slab_deep,286.651367188,slab_deep,2011-01-07T04:55:57,5.3,3.0006844626967832,8,2011-01-07 04:55:57+00:00,True,338
96245,2011-01-08T10:22:05,-68.973,-31.509,103.0,5.4,mw,,,,,,,,,,,,,,,,,ISC,,slab_deep,97.783416748,slab_deep,2011-01-08T10:22:05,5.3,3.0006844626967832,8,2011-01-08 10:22:05+00:00,True,405
96632,2011-01-20T11:02:55,-68.898,-19.607,113.8,5.6,mw,,,6.5,,,,,,,,,,,,,,USGS,,slab_deep,99.2436904907,slab_deep,2011-01-20T11:02:55,5.3,3.0006844626967832,8,2011-01-20 11:02:55+00:00,True,294
96775,2011-01-25T18:31:59,-70.239,-33.13,91.0,5.3,mw,,,6.3,,,,,,,,,,,,,,USGS,,slab_deep,87.6053848267,slab_deep,2011-01-25T18:31:59,5.3,3.0006844626967832,8,2011-01-25 18:31:59+00:00,True,469
97145,2011-02-08T13:03:34,-69.96,-27.82,109.3,5.4,mw,0.01,0.01,1.2,,296.0,47.0,-169.0,199.0,82.0,-44.0,-3.11e+16,-6.19e+16,9.3e+16,3.6e+16,8.85e+16,-7.21e+16,GCMT,,slab_deep,74.9842453003,slab_deep,2011-02-08T13:03:34,5.3,3.0006844626967832,8,2011-02-08 13:03:34+00:00,True,406
97378,2011-02-14T21:56:45,-69.208,-20.039,100.7017,6.0,mw,,,,,244.0,57.0,-28.0,350.0,67.0,-144.0,-3.33e+16,-2.01e+16,5.34e+16,4.47e+16,-3.4e+16,5.29e+16,CSN-improved,,slab_deep,83.3110046387,slab_deep,2011-02-14T21:56:45,5.3,3.0006844626967832,8,2011-02-14 21:56:45+00:00,True,184
97577,2011-02-20T22:25:51,-66.917,-27.93,182.9605,5.4,mw,,,,,,,,,,,,,,,,,CSN-improved,,slab_deep,124.537979126,slab_deep,2011-02-20T22:25:51,5.3,3.0006844626967832,8,2011-02-20 22:25:51+00:00,True,407
97811,2011-02-28T20:45:45,-69.44,-20.52,125.6,5.3,mw,0.01,0.01,1.3,,201.0,15.0,-61.0,351.0,77.0,-97.0,-3.97e+16,-1.1e+16,5.07e+16,1.58e+16,-8.99e+16,3400000000000000.0,GCMT,,slab_deep,70.9229125977,slab_deep,2011-02-28T20:45:45,5.3,3.0006844626967832,8,2011-02-28 20:45:45+00:00,True,470
98001,2011-03-06T12:32:02,-69.73,-18.28,126.3,6.3,mw,0.01,0.01,0.5,,210.0,26.0,-37.0,335.0,75.0,-111.0,-1.44e+18,-5.8e+17,2.02e+18,1.3e+18,-2.12e+18,9.8e+16,GCMT,,slab_deep,90.7800445557,slab_deep,2011-03-06T12:32:02,5.3,3.0006844626967832,8,2011-03-06 12:32:02+00:00,True,107
98383,2011-03-18T18:38:07,-70.832,-32.116,76.1,5.3,mw,,,7.0,,,,,,,,,,,,,,USGS,,slab_deep,67.3279342651,slab_deep,2011-03-18T18:38:07,5.3,3.0006844626967832,8,2011-03-18 18:38:07+00:00,True,471
101071,2011-05-30T17:28:47,-67.152,-19.876,251.5753,5.6,mw,,,,,,,,,,,,,,,,,CSN-improved,,slab_deep,192.54498291,slab_deep,2011-05-30T17:28:47,5.3,3.0006844626967832,8,2011-05-30 17:28:47+00:00,True,295
101839,2011-06-20T16:36:06,-68.63,-21.89,131.4,6.5,mw,0.0,0.0,0.5,,261.0,11.0,-9.0,360.0,88.0,-101.0,-3e+17,-3.55e+17,6.55e+17,-2e+16,-7.58e+18,1.5e+18,GCMT,,slab_deep,89.1192016602,slab_deep,2011-06-20T16:36:06,5.3,3.0006844626967832,8,2011-06-20 16:36:06+00:00,True,81
102576,2011-07-09T19:27:41,-67.436,-28.759,98.9,5.4,mw,,,6.3,,,,,,,,,,,,,,USGS,,slab_deep,102.658782959,slab_deep,2011-07-09T19:27:41,5.3,3.0006844626967832,8,2011-07-09 19:27:41+00:00,True,408
104341,2011-08-27T09:23:41,-71.17,-31.623,52.4,5.3,mw,,,6.0,,,,,,,,,,,,,,USGS,,slab_deep,54.4001159668,slab_deep,2011-08-27T09:23:41,5.3,3.0006844626967832,8,2011-08-27 09:23:41+00:00,True,472
104842,2011-09-09T02:33:58,-68.93,-22.57,122.9,5.4,mw,0.01,0.01,1.4,,209.0,50.0,-40.0,328.0,60.0,-132.0,-9.5e+16,-5.4e+16,1.49e+17,6.7e+16,-2.2e+16,-7000000000000000.0,GCMT,,slab_deep,79.0946502686,slab_deep,2011-09-09T02:33:58,5.3,3.0006844626967832,8,2011-09-09 02:33:58+00:00,True,409
106438,2011-11-03T11:40:09,-69.132,-24.044,80.1,5.4,mw,,,11.2,,178.0,42.0,-53.0,312.0,58.0,-118.0,-6.42e+16,-1.66e+16,8.09e+16,2.09e+16,-2.09e+16,-6.92e+16,CSN-improved,,slab_deep,74.3532409668,slab_deep,2011-11-03T11:40:09,5.3,3.0006844626967832,8,2011-11-03 11:40:09+00:00,True,410
106851,2011-11-22T02:18:07,-71.904,-16.541,97.3,5.4,mw,,,8.3,,,,,,,,,,,,,,USGS,,slab_deep,84.1118621826,slab_deep,2011-11-22T02:18:07,5.3,3.0006844626967832,8,2011-11-22 02:18:07+00:00,True,411
107899,2011-12-28T11:43:44,-70.25,-27.782,67.0,5.3,mw,,,,,,,,,,,,,,,,,USGS,,slab_deep,63.7050209045,slab_deep,2011-12-28T11:43:44,5.3,3.0006844626967832,8,2011-12-28 11:43:44+00:00,True,473
108143,2012-01-05T18:46:03,-68.787,-26.035,87.9,5.3,mw,,,7.4,,,,,,,,,,,,,,USGS,,slab_deep,88.0730667114,slab_deep,2012-01-05T18:46:03,5.3,3.0006844626967832,8,2012-01-05 18:46:03+00:00,True,474
109006,2012-01-28T08:51:43,-66.6,-21.53,251.6,5.3,mw,0.02,0.01,1.5,,111.0,36.0,-125.0,332.0,62.0,-67.0,-8.72e+16,4.96e+16,3.76e+16,9600000000000000.0,-5.96e+16,-6.15e+16,GCMT,,slab_deep,195.616210938,slab_deep,2012-01-28T08:51:43,5.3,3.0006844626967832,8,2012-01-28 08:51:43+00:00,True,475
109918,2012-02-26T08:08:52,-69.538,-18.857,100.2618,5.6,mw,,,,,,,,,,,,,,,,,CSN-improved,,slab_deep,87.258895874,slab_deep,2012-02-26T08:08:52,5.3,3.0006844626967832,8,2012-02-26 08:08:52+00:00,True,296
110342,2012-03-12T19:37:36,-71.664,-34.969,70.0,5.3,mw,,,,,,,,,,,,,,,,,USGS,,slab_deep,55.5641670227,slab_deep,2012-03-12T19:37:36,5.3,3.0006844626967832,8,2012-03-12 19:37:36+00:00,True,476
110651,2012-03-24T14:39:29,-71.095,-16.244,235.2,5.5,mw,,,7.5,,,,,,,,,,,,,,CSN-improved,,slab_deep,124.97895813,slab_deep,2012-03-24T14:39:29,5.3,3.0006844626967832,8,2012-03-24 14:39:29+00:00,True,339
111288,2012-04-13T20:28:32,-67.183,-21.311,276.6,5.5,mw,,,11.7,,,,,,,,,,,,,,CSN-improved,,slab_deep,161.144546509,slab_deep,2012-04-13T20:28:32,5.3,3.0006844626967832,8,2012-04-13 20:28:32+00:00,True,340
112218,2012-05-14T10:00:39,-69.758,-17.752,105.0,6.3,mw,,,6.2,0.1,316.0,82.0,-111.0,206.0,22.0,-22.0,-8.56e+17,-7.98e+17,1.65e+18,1.85e+18,-1.92e+18,-7.6e+17,ISC-GEM,,slab_deep,103.761268616,slab_deep,2012-05-14T10:00:39,5.3,3.0006844626967832,8,2012-05-14 10:00:39+00:00,True,108
112472,2012-05-23T01:04:36,-71.07,-16.98,110.0,5.3,mw,,,,,,,,,,,,,,,,,USGS,,slab_deep,93.3988571167,slab_deep,2012-05-23T01:04:36,5.3,3.0006844626967832,8,2012-05-23 01:04:36+00:00,True,477
112504,2012-05-24T19:18:55,-70.84,-37.11,162.6,5.4,mw,0.01,0.01,0.8,,123.0,17.0,-146.0,360.0,81.0,-76.0,-2.8e+16,1000000000000000.0,2.7e+16,-5000000000000000.0,-1.65e+17,-5.7e+16,GCMT,,slab_deep,121.898239136,slab_deep,2012-05-24T19:18:55,5.3,3.0006844626967832,8,2012-05-24 19:18:55+00:00,True,412
112857,2012-06-07T17:06:48,-66.308,-22.435,250.0,5.3,mw,,,0.0,,,,,,,,,,,,,,CSN-improved,,slab_deep,210.44960022,slab_deep,2012-06-07T17:06:48,5.3,3.0006844626967832,8,2012-06-07 17:06:48+00:00,True,478
113376,2012-06-24T10:25:56,-67.173,-22.595,216.7437,5.8,mw,,,,,125.0,24.0,-118.0,335.0,69.0,-78.0,-1.03e+17,4.31e+16,6.02e+16,3.76e+16,-1.08e+17,-5.570000000000001e+16,CSN-improved,,slab_deep,150.586837769,slab_deep,2012-06-24T10:25:56,5.3,3.0006844626967832,8,2012-06-24 10:25:56+00:00,True,254
116436,2012-10-11T17:22:15,-70.57,-32.86,107.2,5.6,mw,0.01,0.01,1.1,,170.0,84.0,-174.0,80.0,84.0,-6.0,5000000000000000.0,-1.51e+17,1.46e+17,-2.1e+16,2.6e+16,1.93e+17,GCMT,,slab_deep,77.5816116333,slab_deep,2012-10-11T17:22:15,5.3,3.0006844626967832,8,2012-10-11 17:22:15+00:00,True,297
117364,2012-11-04T06:37:38,-72.18,-16.07,134.4,5.5,mw,0.01,0.01,0.9,,94.0,51.0,-174.0,360.0,85.0,-39.0,-4.55e+16,-5600000000000000.0,5.11e+16,3.27e+16,-1.23e+17,-1.63e+17,GCMT,,slab_deep,89.1451263428,slab_deep,2012-11-04T06:37:38,5.3,3.0006844626967832,8,2012-11-04 06:37:38+00:00,True,341
119470,2013-01-01T03:51:13,-69.664,-20.823,60.5157,5.1,mw,,,,,,,,,,,,,,,,,CSN-improved,,slab_deep,61.1144714355,slab_deep,2013-01-01T03:51:13,,,-1,2013-01-01 03:51:13+00:00,True,517
119516,2013-01-02T02:24:23,-71.607,-34.816,45.5,4.9,mw,,,3.3,,,,,,,,,,,,,,CSN-improved,,slab_deep,54.7410202026,slab_deep,2013-01-02T02:24:23,,,-1,2013-01-02 02:24:23+00:00,True,551
119644,2013-01-05T16:58:14,-69.951,-20.295,61.0115,4.0,mw,,,,,,,,,,,,,,,,,CSN-improved,,slab_deep,51.9220161438,slab_deep,2013-01-05T16:58:14,,,-1,2013-01-05 16:58:14+00:00,True,699
119681,2013-01-06T18:17:31,-66.106,-22.863,245.7,5.4,mw,,,4.5,,,,,,,,,,,,,,USGS,,slab_deep,224.73197937,slab_deep,2013-01-06T18:17:31,,,-1,2013-01-06 18:17:31+00:00,True,413
119732,2013-01-07T10:19:33,-67.143,-27.981,151.2029,4.5,mw,,,,,,,,,,,,,,,,,CSN-improved,,slab_deep,116.05317688,slab_deep,2013-01-07T10:19:33,,,-1,2013-01-07 10:19:33+00:00,True,627
119801,2013-01-09T11:21:23,-69.46,-24.41,96.4,4.8,mw,0.04,0.03,6.3,,164.0,40.0,-44.0,291.0,64.0,-121.0,,,,,,,GCMT,,slab_deep,68.1310424805,slab_deep,2013-01-09T11:21:23,,,-1,2013-01-09 11:21:23+00:00,True,569
119862,2013-01-11T04:18:44,-68.216,-19.244,218.9,4.3,mw,,,5.2,,,,,,,,,,,,,,CSN-improved,,slab_deep,142.572402954,slab_deep,2013-01-11T04:18:44,,,-1,2013-01-11 04:18:44+00:00,True,652
119942,2013-01-13T21:23:27,-69.321,-20.135,89.356,5.5,mw,,,,,219.0,18.0,-39.0,346.0,79.0,-105.0,-4.6e+16,-8000000000000000.0,5.4e+16,3.3e+16,-1.01e+17,1.6e+16,CSN-improved,,slab_deep,78.9918136597,slab_deep,2013-01-13T21:23:27,,,-1,2013-01-13 21:23:27+00:00,True,342
120041,2013-01-15T05:22:25,-70.04,-32.96,98.0,4.5,mw,,,8.6,,,,,,,,,,,,,,CSN-improved,,slab_deep,92.68334198,slab_deep,2013-01-15T05:22:25,,,-1,2013-01-15 05:22:25+00:00,True,628
120121,2013-01-17T04:54:58,-69.611,-28.626,127.7,4.8,mw,,,5.0,,,,,,,,,,,,,,CSN-improved,,slab_deep,84.9002075195,slab_deep,2013-01-17T04:54:58,,,-1,2013-01-17 04:54:58+00:00,True,570
120124,2013-01-17T14:13:57,-70.257,-32.166,115.8068,4.2,mw,,,,,,,,,,,,,,,,,CSN-improved,,slab_deep,88.8800125122,slab_deep,2013-01-17T14:13:57,,,-1,2013-01-17 14:13:57+00:00,True,662
120165,2013-01-18T22:40:05,-68.805,-24.207,125.0,4.0,mw,,,0.0,,,,,,,,,,,,,,CSN-improved,,slab_deep,81.7277679443,slab_deep,2013-01-18T22:40:05,,,-1,2013-01-18 22:40:05+00:00,True,700
120211,2013-01-19T03:50:47,-71.172,-30.979,65.7,4.0,mw,,,3.4,,,,,,,,,,,,,,CSN-improved,,slab_deep,53.4995613098,slab_deep,2013-01-19T03:50:47,,,-1,2013-01-19 03:50:47+00:00,True,701
120204,2013-01-19T19:20:43,-69.357,-23.475,102.1,4.8,mw,,,,,,,,,,,,,,,,,USGS,,slab_deep,67.8276748657,slab_deep,2013-01-19T19:20:43,,,-1,2013-01-19 19:20:43+00:00,True,571
120245,2013-01-20T12:01:07,-69.348,-31.763,104.4,4.7,mw,,,5.4,,,,,,,,,,,,,,USGS,,slab_deep,101.870773315,slab_deep,2013-01-20T12:01:07,,,-1,2013-01-20 12:01:07+00:00,True,593
120325,2013-01-22T10:24:24,-69.007,-25.381,96.3642,4.6,mw,,,,,,,,,,,,,,,,,CSN-improved,,slab_deep,82.6638641357,slab_deep,2013-01-22T10:24:24,,,-1,2013-01-22 10:24:24+00:00,True,610
120364,2013-01-23T14:53:31,-70.324,-17.812,109.1,4.1,mw,,,6.4,,,,,,,,,,,,,,CSN-improved,,slab_deep,84.9986724854,slab_deep,2013-01-23T14:53:31,,,-1,2013-01-23 14:53:31+00:00,True,682
120614,2013-01-30T20:15:44,-70.578,-28.298,43.3,6.7,mw,,,2.1,,175.0,65.0,90.0,355.0,25.0,90.0,1.35e+19,6.5e+17,-1.42e+19,2.33e+18,-1.09e+19,-3.94e+18,CSN-improved,,slab_deep,53.7066345215,slab_deep,2013-01-30T20:15:44,,,-1,2013-01-30 20:15:44+00:00,True,59
120660,2013-01-31T02:45:02,-67.516,-28.503,132.7802,4.9,mw,,,,,,,,,,,,,,,,,CSN-improved,,slab_deep,103.720993042,slab_deep,2013-01-31T02:45:02,,,-1,2013-01-31 02:45:02+00:00,True,552
120664,2013-01-31T02:47:22,-67.797,-23.301,110.2,4.6,mw,,,6.7,,,,,,,,,,,,,,USGS,,slab_deep,108.506034851,slab_deep,2013-01-31T02:47:22,,,-1,2013-01-31 02:47:22+00:00,True,611
120744,2013-02-02T01:58:32,-69.927,-32.555,105.4,4.7,mw,,,,,,,,,,,,,,,,,USGS,,slab_deep,95.1887893677,slab_deep,2013-02-02T01:58:32,,,-1,2013-02-02 01:58:32+00:00,True,594
120819,2013-02-04T09:03:34,-67.97,-22.563,155.0,4.1,mw,,,,,,,,,,,,,,,,,ISC,,slab_deep,108.419471741,slab_deep,2013-02-04T09:03:34,,,-1,2013-02-04 09:03:34+00:00,True,683
120850,2013-02-05T17:30:50,-69.165,-22.683,97.2,5.1,mw,,,,,,,,,,,,,,,,,USGS,,slab_deep,73.4975891113,slab_deep,2013-02-05T17:30:50,,,-1,2013-02-05 17:30:50+00:00,True,518
120852,2013-02-05T20:15:12,-67.428,-23.509,243.9,4.9,mw,,,8.7,,,,,,,,,,,,,,CSN-improved,,slab_deep,123.789466858,slab_deep,2013-02-05T20:15:12,,,-1,2013-02-05 20:15:12+00:00,True,553
120897,2013-02-06T00:32:32,-68.277,-24.264,134.0,4.2,mw,,,8.9,,,,,,,,,,,,,,CSN-improved,,slab_deep,90.9473342896,slab_deep,2013-02-06T00:32:32,,,-1,2013-02-06 00:32:32+00:00,True,663
120898,2013-02-06T02:09:31,-66.977,-19.44,274.4,4.0,mw,,,7.6,,,,,,,,,,,,,,CSN-improved,,slab_deep,212.455429077,slab_deep,2013-02-06T02:09:31,,,-1,2013-02-06 02:09:31+00:00,True,702
120928,2013-02-07T19:31:16,-69.199,-28.066,102.0,4.1,mw,,,,,,,,,,,,,,,,,ISC,,slab_deep,87.0445556641,slab_deep,2013-02-07T19:31:16,,,-1,2013-02-07 19:31:16+00:00,True,684
121033,2013-02-10T07:08:30,-70.136,-27.0,61.3,4.9,mw,,,4.1,,,,,,,,,,,,,,USGS,,slab_deep,61.7108879089,slab_deep,2013-02-10T07:08:30,,,-1,2013-02-10 07:08:30+00:00,True,554
121039,2013-02-10T23:23:57,-68.938,-31.275,166.4684,4.0,mw,,,,,,,,,,,,,,,,,CSN-improved,,slab_deep,96.0762557983,slab_deep,2013-02-10T23:23:57,,,-1,2013-02-10 23:23:57+00:00,True,703
121171,2013-02-14T08:40:17,-68.422,-24.982,106.4742,4.7,mw,,,,,,,,,,,,,,,,,CSN-improved,,slab_deep,90.1107559204,slab_deep,2013-02-14T08:40:17,,,-1,2013-02-14 08:40:17+00:00,True,595
121173,2013-02-14T09:49:40,-68.502,-22.628,124.163,4.5,mw,,,,,,,,,,,,,,,,,CSN-improved,,slab_deep,89.7060470581,slab_deep,2013-02-14T09:49:40,,,-1,2013-02-14 09:49:40+00:00,True,629
121356,2013-02-20T11:18:56,-66.662,-27.851,162.5351,5.3,mw,,,,,91.0,80.0,-172.0,360.0,82.0,-11.0,-3.74e+16,1.74e+16,2e+16,1430000000000000.0,-4490000000000000.0,-6.51e+16,CSN-improved,,slab_deep,135.455413818,slab_deep,2013-02-20T11:18:56,,,-1,2013-02-20 11:18:56+00:00,True,479
121447,2013-02-23T20:08:27,-71.69,-16.029,100.0,4.3,mw,,,,,,,,,,,,,,,,,ISC,,slab_deep,107.931129456,slab_deep,2013-02-23T20:08:27,,,-1,2013-02-23 20:08:27+00:00,True,653
121442,2013-02-23T22:00:44,-70.02,-19.949,52.7,4.8,mw,,,,,,,,,,,,,,,,,USGS,,slab_deep,53.0795974731,slab_deep,2013-02-23T22:00:44,,,-1,2013-02-23 22:00:44+00:00,True,572
121482,2013-02-24T14:38:37,-70.197,-19.124,85.9,4.7,mw,,,,,,,,,,,,,,,,,USGS,,slab_deep,57.1098594666,slab_deep,2013-02-24T14:38:37,,,-1,2013-02-24 14:38:37+00:00,True,596
121479,2013-02-24T16:40:22,-68.477,-31.243,93.5,5.1,mw,,,4.1,,,,,,,,,,,,,,USGS,,slab_deep,93.3092727661,slab_deep,2013-02-24T16:40:22,,,-1,2013-02-24 16:40:22+00:00,True,519
121542,2013-02-26T03:14:45,-70.405,-27.619,118.0,4.5,mw,,,6.2,,,,,,,,,,,,,,CSN-improved,,slab_deep,54.9469604492,slab_deep,2013-02-26T03:14:45,,,-1,2013-02-26 03:14:45+00:00,True,630
121543,2013-02-26T04:04:29,-67.488,-21.265,189.0,4.1,mw,,,,,,,,,,,,,,,,,ISC,,slab_deep,143.62890625,slab_deep,2013-02-26T04:04:29,,,-1,2013-02-26 04:04:29+00:00,True,685
121652,2013-03-02T12:56:34,-67.458,-19.99,293.6,5.3,mw,,,7.1,,,,,,,,,,,,,,CSN-improved,,slab_deep,171.513504028,slab_deep,2013-03-02T12:56:34,,,-1,2013-03-02 12:56:34+00:00,True,480
121766,2013-03-05T16:03:18,-71.245,-16.1,175.5,4.2,mw,,,16.6,,,,,,,,,,,,,,CSN-improved,,slab_deep,124.936203003,slab_deep,2013-03-05T16:03:18,,,-1,2013-03-05 16:03:18+00:00,True,664
121800,2013-03-06T20:42:34,-67.848,-24.417,115.7,5.0,mw,,,5.4,,,,,,,,,,,,,,USGS,,slab_deep,103.273391724,slab_deep,2013-03-06T20:42:34,,,-1,2013-03-06 20:42:34+00:00,True,531
121935,2013-03-09T05:47:52,-65.95,-21.804,267.8,4.6,mw,,,9.5,,,,,,,,,,,,,,USGS,,slab_deep,238.939666748,slab_deep,2013-03-09T05:47:52,,,-1,2013-03-09 05:47:52+00:00,True,612
121934,2013-03-09T05:47:54,-66.949,-21.835,339.4,4.8,mw,,,9.9,,,,,,,,,,,,,,CSN-improved,,slab_deep,169.969863892,slab_deep,2013-03-09T05:47:54,,,-1,2013-03-09 05:47:54+00:00,True,573
121990,2013-03-10T02:55:02,-67.123,-31.602,116.1,4.9,mw,,,3.7,,,,,,,,,,,,,,USGS,,slab_deep,105.222396851,slab_deep,2013-03-10T02:55:02,,,-1,2013-03-10 02:55:02+00:00,True,555
121989,2013-03-10T23:59:17,-68.851,-18.833,106.3,5.1,mw,,,4.0,,,,,,,,,,,,,,USGS,,slab_deep,114.573974609,slab_deep,2013-03-10T23:59:17,,,-1,2013-03-10 23:59:17+00:00,True,520
122044,2013-03-11T00:42:50,-70.395,-31.858,111.1012,4.4,mw,,,,,,,,,,,,,,,,,CSN-improved,,slab_deep,85.7154998779,slab_deep,2013-03-11T00:42:50,,,-1,2013-03-11 00:42:50+00:00,True,645
122041,2013-03-11T01:37:11,-71.103,-30.411,69.3,5.0,mw,,,,,,,,,,,,,,,,,USGS,,slab_deep,53.160572052,slab_deep,2013-03-11T01:37:11,,,-1,2013-03-11 01:37:11+00:00,True,532
122046,2013-03-11T17:54:40,-66.391,-20.083,248.0,4.2,mw,,,,,,,,,,,,,,,,,ISC,,slab_deep,231.963760376,slab_deep,2013-03-11T17:54:40,,,-1,2013-03-11 17:54:40+00:00,True,665
122078,2013-03-12T07:13:38,-68.668,-23.0,122.0,4.0,mw,,,,,,,,,,,,,,,,,ISC,,slab_deep,84.8473052979,slab_deep,2013-03-12T07:13:38,,,-1,2013-03-12 07:13:38+00:00,True,704
122227,2013-03-17T01:31:21,-68.927,-20.366,108.0,4.0,mw,,,,,,,,,,,,,,,,,ISC,,slab_deep,88.9247665405,slab_deep,2013-03-17T01:31:21,,,-1,2013-03-17 01:31:21+00:00,True,705
122226,2013-03-17T16:16:40,-69.061,-31.004,130.0,4.1,mw,,,35.5,,,,,,,,,,,,,,CSN-improved,,slab_deep,95.7330932617,slab_deep,2013-03-17T16:16:40,,,-1,2013-03-17 16:16:40+00:00,True,686
122251,2013-03-18T16:16:35,-72.253,-16.512,83.9,5.1,mw,,,6.9,,,,,,,,,,,,,,USGS,,slab_deep,73.469833374,slab_deep,2013-03-18T16:16:35,,,-1,2013-03-18 16:16:35+00:00,True,521
122259,2013-03-18T17:40:22,-68.418,-21.322,123.0,4.2,mw,,,,,,,,,,,,,,,,,ISC,,slab_deep,99.7833709717,slab_deep,2013-03-18T17:40:22,,,-1,2013-03-18 17:40:22+00:00,True,666
122436,2013-03-23T02:13:26,-67.891,-31.104,90.9077,4.3,mw,,,,,,,,,,,,,,,,,CSN-improved,,slab_deep,92.7687683105,slab_deep,2013-03-23T02:13:26,,,-1,2013-03-23 02:13:26+00:00,True,654
122542,2013-03-26T10:00:56,-69.034,-23.243,90.4352,4.5,mw,,,,,,,,,,,,,,,,,CSN-improved,,slab_deep,75.549697876,slab_deep,2013-03-26T10:00:56,,,-1,2013-03-26 10:00:56+00:00,True,631
122573,2013-03-27T23:40:27,-70.016,-25.882,58.2,4.6,mw,,,5.6,,,,,,,,,,,,,,USGS,,slab_deep,59.7799949646,slab_deep,2013-03-27T23:40:27,,,-1,2013-03-27 23:40:27+00:00,True,613
122653,2013-03-29T03:45:59,-69.287,-29.306,89.9,5.0,mw,,,2.5,,,,,,,,,,,,,,USGS,,slab_deep,87.7676391602,slab_deep,2013-03-29T03:45:59,,,-1,2013-03-29 03:45:59+00:00,True,533
122656,2013-03-29T03:46:00,-69.929,-29.297,133.4,4.6,mw,,,6.6,,,,,,,,,,,,,,CSN-improved,,slab_deep,83.5377578735,slab_deep,2013-03-29T03:46:00,,,-1,2013-03-29 03:46:00+00:00,True,614
122652,2013-03-29T19:44:30,-68.238,-31.803,105.4,5.1,mw,,,9.3,,,,,,,,,,,,,,USGS,,slab_deep,98.7530670166,slab_deep,2013-03-29T19:44:30,,,-1,2013-03-29 19:44:30+00:00,True,522
122739,2013-04-01T09:00:08,-68.067,-20.371,161.0372,4.4,mw,,,,,,,,,,,,,,,,,CSN-improved,,slab_deep,126.181175232,slab_deep,2013-04-01T09:00:08,,,-1,2013-04-01 09:00:08+00:00,True,646
122796,2013-04-03T06:15:28,-68.712,-20.005,118.7,5.0,mw,,,7.3,,,,,,,,,,,,,,USGS,,slab_deep,101.275444031,slab_deep,2013-04-03T06:15:28,,,-1,2013-04-03 06:15:28+00:00,True,534
122798,2013-04-03T15:30:51,-68.555,-23.633,102.7922,4.5,mw,,,,,,,,,,,,,,,,,CSN-improved,,slab_deep,85.7418518066,slab_deep,2013-04-03T15:30:51,,,-1,2013-04-03 15:30:51+00:00,True,632
122901,2013-04-06T12:28:21,-66.328,-21.785,262.0,4.1,mw,,,,,,,,,,,,,,,,,ISC,,slab_deep,210.109054565,slab_deep,2013-04-06T12:28:21,,,-1,2013-04-06 12:28:21+00:00,True,687
122931,2013-04-07T20:33:17,-71.094,-37.099,155.5,4.2,mw,,,12.1,,,,,,,,,,,,,,CSN-improved,,slab_deep,110.902816772,slab_deep,2013-04-07T20:33:17,,,-1,2013-04-07 20:33:17+00:00,True,667
122930,2013-04-07T23:32:38,-68.624,-29.38,206.3444,4.5,mw,,,,,,,,,,,,,,,,,CSN-improved,,slab_deep,88.475402832,slab_deep,2013-04-07T23:32:38,,,-1,2013-04-07 23:32:38+00:00,True,633
122928,2013-04-07T23:32:39,-68.093,-29.451,108.0,5.0,mw,,,,,,,,,,,,,,,,,USGS,,slab_deep,90.2949142456,slab_deep,2013-04-07T23:32:39,,,-1,2013-04-07 23:32:39+00:00,True,535
122967,2013-04-08T18:51:34,-70.27,-28.9,138.8,4.2,mw,,,18.4,,,,,,,,,,,,,,CSN-improved,,slab_deep,74.6410140991,slab_deep,2013-04-08T18:51:34,,,-1,2013-04-08 18:51:34+00:00,True,668
122962,2013-04-08T18:51:35,-69.686,-28.99,106.3,4.9,mw,,,4.0,,,,,,,,,,,,,,USGS,,slab_deep,84.990234375,slab_deep,2013-04-08T18:51:35,,,-1,2013-04-08 18:51:35+00:00,True,556
123025,2013-04-10T08:51:54,-69.186,-19.262,116.0,4.1,mw,,,,,,,,,,,,,,,,,ISC,,slab_deep,93.2779541016,slab_deep,2013-04-10T08:51:54,,,-1,2013-04-10 08:51:54+00:00,True,688
123053,2013-04-11T20:48:47,-71.175,-30.812,56.0,4.4,mw,,,4.0,,,,,,,,,,,,,,CSN-improved,,slab_deep,50.2608566284,slab_deep,2013-04-11T20:48:47,,,-1,2013-04-11 20:48:47+00:00,True,647
123111,2013-04-13T14:48:01,-69.031,-28.97,110.0,4.4,mw,,,,,,,,,,,,,,,,,ISC,,slab_deep,87.1538848877,slab_deep,2013-04-13T14:48:01,,,-1,2013-04-13 14:48:01+00:00,True,648
123261,2013-04-18T02:45:33,-70.77,-34.087,82.3916,4.0,mw,,,,,,,,,,,,,,,,,CSN-improved,,slab_deep,78.9886169434,slab_deep,2013-04-18T02:45:33,,,-1,2013-04-18 02:45:33+00:00,True,706
123297,2013-04-19T06:28:18,-70.035,-30.514,135.4832,4.0,mw,,,,,,,,,,,,,,,,,CSN-improved,,slab_deep,90.8143844604,slab_deep,2013-04-19T06:28:18,,,-1,2013-04-19 06:28:18+00:00,True,707
123454,2013-04-24T08:58:12,-72.442,-36.545,84.3,4.6,mw,,,18.3,,,,,,,,,,,,,,USGS,,slab_deep,52.815826416,slab_deep,2013-04-24T08:58:12,,,-1,2013-04-24 08:58:12+00:00,True,615
123455,2013-04-24T08:58:13,-71.925,-36.631,61.4,4.6,mw,,,2.3,,,,,,,,,,,,,,CSN-improved,,slab_deep,73.4329452515,slab_deep,2013-04-24T08:58:13,,,-1,2013-04-24 08:58:13+00:00,True,616
123493,2013-04-25T03:51:58,-68.172,-23.054,141.083,4.5,mw,,,,,,,,,,,,,,,,,CSN-improved,,slab_deep,97.3674163818,slab_deep,2013-04-25T03:51:58,,,-1,2013-04-25 03:51:58+00:00,True,634
123490,2013-04-25T08:52:05,-67.29,-24.11,211.674,5.5,mw,,,,,,,,,,,,,,,,,CSN-improved,,slab_deep,128.424407959,slab_deep,2013-04-25T08:52:05,,,-1,2013-04-25 08:52:05+00:00,True,343
123578,2013-04-27T13:33:23,-70.865,-18.257,46.5504,4.0,mw,,,,,,,,,,,,,,,,,CSN-improved,,slab_deep,51.5707931519,slab_deep,2013-04-27T13:33:23,,,-1,2013-04-27 13:33:23+00:00,True,708
123661,2013-04-29T11:44:18,-69.408,-31.558,110.0,4.6,mw,,,,,,,,,,,,,,,,,USGS,,slab_deep,101.126792908,slab_deep,2013-04-29T11:44:18,,,-1,2013-04-29 11:44:18+00:00,True,617
123686,2013-04-30T10:57:08,-70.68,-33.493,84.36,5.0,mw,,,,,,,,,,,,,,,,,CSN-improved,,slab_deep,74.2627182007,slab_deep,2013-04-30T10:57:08,,,-1,2013-04-30 10:57:08+00:00,True,536
123687,2013-04-30T21:01:41,-67.579,-20.907,159.5,4.8,mw,,,6.6,,,,,,,,,,,,,,USGS,,slab_deep,142.774246216,slab_deep,2013-04-30T21:01:41,,,-1,2013-04-30 21:01:41+00:00,True,574
123723,2013-05-01T07:00:25,-69.373,-32.447,121.8,5.3,mw,,,2.7,,,,,,,,,,,,,,USGS,,slab_deep,105.519119263,slab_deep,2013-05-01T07:00:25,,,-1,2013-05-01 07:00:25+00:00,True,481
123750,2013-05-02T14:05:14,-69.419,-17.3,162.3,5.0,mw,,,5.8,,,,,,,,,,,,,,USGS,,slab_deep,130.477798462,slab_deep,2013-05-02T14:05:14,,,-1,2013-05-02 14:05:14+00:00,True,537
123752,2013-05-02T19:49:51,-69.696,-16.88,178.8,4.8,mw,,,7.7,,,,,,,,,,,,,,USGS,,slab_deep,136.245498657,slab_deep,2013-05-02T19:49:51,,,-1,2013-05-02 19:49:51+00:00,True,575
123891,2013-05-06T01:49:45,-67.198,-27.258,121.8,4.9,mw,,,4.9,,,,,,,,,,,,,,USGS,,slab_deep,119.833427429,slab_deep,2013-05-06T01:49:45,,,-1,2013-05-06 01:49:45+00:00,True,557
123892,2013-05-06T02:03:31,-70.884,-30.056,73.7,4.3,mw,,,2.8,,,,,,,,,,,,,,CSN-improved,,slab_deep,60.3145370483,slab_deep,2013-05-06T02:03:31,,,-1,2013-05-06 02:03:31+00:00,True,655
124084,2013-05-12T12:02:20,-69.334,-23.516,86.8,4.7,mw,,,,,,,,,,,,,,,,,USGS,,slab_deep,67.8276748657,slab_deep,2013-05-12T12:02:20,,,-1,2013-05-12 12:02:20+00:00,True,597
124081,2013-05-12T12:51:57,-68.79,-21.04,143.1,5.3,mw,0.01,0.01,1.4,,164.0,6.0,-95.0,349.0,84.0,-89.0,-2.71e+16,1.6e+16,1.12e+16,1.8e+16,-9.44e+16,0.0,GCMT,,slab_deep,89.1543121338,slab_deep,2013-05-12T12:51:57,,,-1,2013-05-12 12:51:57+00:00,True,482
124086,2013-05-12T21:56:27,-69.675,-29.834,112.4,4.2,mw,,,14.8,,,,,,,,,,,,,,USGS,,slab_deep,89.2422027588,slab_deep,2013-05-12T21:56:27,,,-1,2013-05-12 21:56:27+00:00,True,669
124087,2013-05-12T21:56:27,-70.304,-29.832,149.4135,4.2,mw,,,,,,,,,,,,,,,,,CSN-improved,,slab_deep,80.3162994385,slab_deep,2013-05-12T21:56:27,,,-1,2013-05-12 21:56:27+00:00,True,670
124227,2013-05-17T14:11:22,-67.977,-21.827,107.1,4.6,mw,,,7.3,,,,,,,,,,,,,,USGS,,slab_deep,111.591201782,slab_deep,2013-05-17T14:11:22,,,-1,2013-05-17 14:11:22+00:00,True,618
124306,2013-05-19T03:37:10,-70.906,-36.838,122.4,4.1,mw,,,13.9,,,,,,,,,,,,,,CSN-improved,,slab_deep,115.995002747,slab_deep,2013-05-19T03:37:10,,,-1,2013-05-19 03:37:10+00:00,True,689
124302,2013-05-19T05:37:49,-70.92,-17.34,106.0,5.1,mw,,,,,,,,,,,,,,,,,USGS,,slab_deep,82.6271286011,slab_deep,2013-05-19T05:37:49,,,-1,2013-05-19 05:37:49+00:00,True,523
124303,2013-05-19T05:37:51,-70.488,-17.242,115.4,4.6,mw,,,7.3,,,,,,,,,,,,,,CSN-improved,,slab_deep,97.6946487427,slab_deep,2013-05-19T05:37:51,,,-1,2013-05-19 05:37:51+00:00,True,619
124348,2013-05-20T17:42:31,-69.79,-16.4,198.0,4.2,mw,,,,,,,,,,,,,,,,,ISC,,slab_deep,160.321609497,slab_deep,2013-05-20T17:42:31,,,-1,2013-05-20 17:42:31+00:00,True,671
124347,2013-05-20T17:42:34,-70.079,-16.628,222.8,4.6,mw,,,5.6,,,,,,,,,,,,,,CSN-improved,,slab_deep,136.097091675,slab_deep,2013-05-20T17:42:34,,,-1,2013-05-20 17:42:34+00:00,True,620
124386,2013-05-21T04:28:59,-68.935,-31.516,110.0,4.6,mw,,,,,,,,,,,,,,,,,USGS,,slab_deep,97.783416748,slab_deep,2013-05-21T04:28:59,,,-1,2013-05-21 04:28:59+00:00,True,621
124486,2013-05-24T18:50:30,-69.423,-30.735,100.5,4.7,mw,,,9.1,,,,,,,,,,,,,,CSN-improved,,slab_deep,96.9736251831,slab_deep,2013-05-24T18:50:30,,,-1,2013-05-24 18:50:30+00:00,True,598
124586,2013-05-27T05:21:06,-71.363,-36.088,109.842,5.0,mw,,,,,,,,,,,,,,,,,CSN-improved,,slab_deep,88.3025894165,slab_deep,2013-05-27T05:21:06,,,-1,2013-05-27 05:21:06+00:00,True,538
124636,2013-05-29T07:41:38,-69.038,-26.09,120.1,4.2,mw,,,6.0,,,,,,,,,,,,,,CSN-improved,,slab_deep,85.1740036011,slab_deep,2013-05-29T07:41:38,,,-1,2013-05-29 07:41:38+00:00,True,672
124638,2013-05-29T10:48:57,-69.846,-25.057,51.3828,4.0,mw,,,,,,,,,,,,,,,,,CSN-improved,,slab_deep,59.8257865906,slab_deep,2013-05-29T10:48:57,,,-1,2013-05-29 10:48:57+00:00,True,709
124722,2013-06-02T20:11:12,-68.536,-30.723,149.6959,4.1,mw,,,,,,,,,,,,,,,,,CSN-improved,,slab_deep,91.3974456787,slab_deep,2013-06-02T20:11:12,,,-1,2013-06-02 20:11:12+00:00,True,690
124816,2013-06-05T02:02:07,-70.007,-33.864,115.8,4.0,mw,,,5.1,,,,,,,,,,,,,,CSN-improved,,slab_deep,101.980461121,slab_deep,2013-06-05T02:02:07,,,-1,2013-06-05 02:02:07+00:00,True,710
124813,2013-06-05T16:26:01,-71.304,-39.371,139.7,4.6,mw,,,7.1,,,,,,,,,,,,,,CSN-improved,,slab_deep,127.100860596,slab_deep,2013-06-05T16:26:01,,,-1,2013-06-05 16:26:01+00:00,True,622
124843,2013-06-06T17:42:15,-69.428,-34.928,151.7,5.0,mw,,,8.9,,,,,,,,,,,,,,USGS,,slab_deep,148.799377441,slab_deep,2013-06-06T17:42:15,,,-1,2013-06-06 17:42:15+00:00,True,539
124962,2013-06-10T02:29:46,-71.582,-35.562,114.4,4.8,mw,,,,,,,,,,,,,,,,,USGS,,slab_deep,69.6360549927,slab_deep,2013-06-10T02:29:46,,,-1,2013-06-10 02:29:46+00:00,True,576
125075,2013-06-13T10:41:38,-70.7,-32.274,80.0206,5.0,mw,,,,,,,,,,,,,,,,,CSN-improved,,slab_deep,73.0303192139,slab_deep,2013-06-13T10:41:38,,,-1,2013-06-13 10:41:38+00:00,True,540
125079,2013-06-13T22:01:17,-68.746,-24.602,109.3217,4.4,mw,,,,,,,,,,,,,,,,,CSN-improved,,slab_deep,83.6120986938,slab_deep,2013-06-13T22:01:17,,,-1,2013-06-13 22:01:17+00:00,True,649
125207,2013-06-18T03:07:35,-67.548,-28.917,133.1,4.1,mw,,,5.1,,,,,,,,,,,,,,CSN-improved,,slab_deep,99.8735656738,slab_deep,2013-06-18T03:07:35,,,-1,2013-06-18 03:07:35+00:00,True,691
125276,2013-06-20T15:29:37,-69.737,-20.514,90.9,4.0,mw,,,4.3,,,,,,,,,,,,,,CSN-improved,,slab_deep,58.8216896057,slab_deep,2013-06-20T15:29:37,,,-1,2013-06-20 15:29:37+00:00,True,711
125337,2013-06-23T22:21:28,-67.303,-23.636,242.4,4.7,mw,,,8.1,,,,,,,,,,,,,,CSN-improved,,slab_deep,130.957458496,slab_deep,2013-06-23T22:21:28,,,-1,2013-06-23 22:21:28+00:00,True,599
125462,2013-06-27T19:29:27,-66.991,-19.435,372.1,4.8,mw,,,8.2,,,,,,,,,,,,,,CSN-improved,,slab_deep,212.455429077,slab_deep,2013-06-27T19:29:27,,,-1,2013-06-27 19:29:27+00:00,True,577
125463,2013-06-27T19:29:28,-66.171,-19.23,296.0,4.7,mw,,,,,,,,,,,,,,,,,ISC,,slab_deep,278.686981201,slab_deep,2013-06-27T19:29:28,,,-1,2013-06-27 19:29:28+00:00,True,600
125520,2013-06-29T08:21:36,-69.126,-31.931,105.4,4.9,mw,,,2.5,,,,,,,,,,,,,,USGS,,slab_deep,102.768119812,slab_deep,2013-06-29T08:21:36,,,-1,2013-06-29 08:21:36+00:00,True,558
125604,2013-07-02T16:40:48,-68.213,-23.563,127.4,4.2,mw,,,5.9,,,,,,,,,,,,,,CSN-improved,,slab_deep,93.6864624023,slab_deep,2013-07-02T16:40:48,,,-1,2013-07-02 16:40:48+00:00,True,673
125692,2013-07-05T07:58:37,-72.698,-37.607,49.3,4.0,mw,,,418.3,,,,,,,,,,,,,,CSN-improved,,slab_deep,50.732219696,slab_deep,2013-07-05T07:58:37,,,-1,2013-07-05 07:58:37+00:00,True,712
125758,2013-07-08T05:13:21,-69.179,-20.702,106.4,4.8,mw,,,,,,,,,,,,,,,,,USGS,,slab_deep,78.7080993652,slab_deep,2013-07-08T05:13:21,,,-1,2013-07-08 05:13:21+00:00,True,578
125825,2013-07-10T14:32:16,-69.68,-19.39,131.0,5.6,mw,0.01,0.01,1.1,,194.0,11.0,-66.0,350.0,80.0,-94.0,-1.03e+17,-2.5e+16,1.29e+17,6.9e+16,-3.44e+17,7.1e+16,GCMT,,slab_deep,72.5398330688,slab_deep,2013-07-10T14:32:16,,,-1,2013-07-10 14:32:16+00:00,True,298
125852,2013-07-11T20:05:26,-68.863,-24.117,112.0,4.2,mw,,,,,,,,,,,,,,,,,ISC,,slab_deep,80.6036453247,slab_deep,2013-07-11T20:05:26,,,-1,2013-07-11 20:05:26+00:00,True,674
125888,2013-07-12T15:27:59,-68.863,-20.438,109.2249,4.8,mw,,,,,,,,,,,,,,,,,CSN-improved,,slab_deep,91.2977523804,slab_deep,2013-07-12T15:27:59,,,-1,2013-07-12 15:27:59+00:00,True,579
125885,2013-07-12T20:32:37,-70.791,-16.8,109.2,5.4,mw,,,6.2,,,,,,,,,,,,,,USGS,,slab_deep,109.336700439,slab_deep,2013-07-12T20:32:37,,,-1,2013-07-12 20:32:37+00:00,True,414
126008,2013-07-16T13:31:43,-69.855,-29.451,112.4,4.5,mw,,,4.9,,,,,,,,,,,,,,CSN-improved,,slab_deep,85.5123138428,slab_deep,2013-07-16T13:31:43,,,-1,2013-07-16 13:31:43+00:00,True,635
126173,2013-07-21T20:20:06,-67.872,-23.888,148.4,4.7,mw,,,6.8,,,,,,,,,,,,,,USGS,,slab_deep,103.7003479,slab_deep,2013-07-21T20:20:06,,,-1,2013-07-21 20:20:06+00:00,True,601
126213,2013-07-22T05:05:46,-72.33,-16.898,49.0,4.0,mw,,,,,,,,,,,,,,,,,ISC,,slab_deep,53.1926612854,slab_deep,2013-07-22T05:05:46,,,-1,2013-07-22 05:05:46+00:00,True,713
126277,2013-07-24T02:09:25,-68.023,-21.347,194.6,4.7,mw,,,6.5,,,,,,,,,,,,,,USGS,,slab_deep,115.566856384,slab_deep,2013-07-24T02:09:25,,,-1,2013-07-24 02:09:25+00:00,True,602
126418,2013-07-28T17:29:22,-68.579,-23.026,142.6,4.7,mw,,,,,,,,,,,,,,,,,USGS,,slab_deep,85.800567627,slab_deep,2013-07-28T17:29:22,,,-1,2013-07-28 17:29:22+00:00,True,603
126590,2013-08-02T06:35:55,-67.613,-21.292,219.2,4.3,mw,,,7.8,,,,,,,,,,,,,,CSN-improved,,slab_deep,137.165054321,slab_deep,2013-08-02T06:35:55,,,-1,2013-08-02 06:35:55+00:00,True,656
126580,2013-08-02T06:47:03,-67.168,-20.586,185.05,5.2,mw,,,5.6,0.037,,,,,,,,,,,,,USGS,,slab_deep,176.645828247,slab_deep,2013-08-02T06:47:03,,,-1,2013-08-02 06:47:03+00:00,True,513
126587,2013-08-02T06:47:05,-67.796,-20.581,226.1,4.5,mw,,,5.7,,,,,,,,,,,,,,CSN-improved,,slab_deep,135.942611694,slab_deep,2013-08-02T06:47:05,,,-1,2013-08-02 06:47:05+00:00,True,636
126724,2013-08-06T09:07:30,-68.52,-28.954,107.77,4.9,mw,,,4.9,0.048,,,,,,,,,,,,,USGS,,slab_deep,88.6294784546,slab_deep,2013-08-06T09:07:30,,,-1,2013-08-06 09:07:30+00:00,True,559
126758,2013-08-07T06:26:29,-68.615,-23.9,90.2817,4.0,mw,,,,,,,,,,,,,,,,,CSN-improved,,slab_deep,84.8428878784,slab_deep,2013-08-07T06:26:29,,,-1,2013-08-07 06:26:29+00:00,True,714
126837,2013-08-11T15:28:43,-68.97,-23.032,99.9533,4.9,mw,,,,,,,,,,,,,,,,,CSN-improved,,slab_deep,78.0723876953,slab_deep,2013-08-11T15:28:43,,,-1,2013-08-11 15:28:43+00:00,True,560
126882,2013-08-13T09:53:30,-68.755,-27.995,87.34,4.8,mw,,,5.4,0.07,,,,,,,,,,,,,USGS,,slab_deep,89.2212905884,slab_deep,2013-08-13T09:53:30,,,-1,2013-08-13 09:53:30+00:00,True,580
126885,2013-08-13T09:53:31,-69.228,-27.981,129.3,4.4,mw,,,11.3,,,,,,,,,,,,,,CSN-improved,,slab_deep,86.8483657837,slab_deep,2013-08-13T09:53:31,,,-1,2013-08-13 09:53:31+00:00,True,650
126899,2013-08-14T14:04:58,-67.326,-21.879,180.16,5.0,mw,,,8.0,0.387,,,,,,,,,,,,,USGS,,slab_deep,145.196777344,slab_deep,2013-08-14T14:04:58,,,-1,2013-08-14 14:04:58+00:00,True,541
126902,2013-08-14T16:38:53,-70.949,-16.089,150.0,4.0,mw,,,,,,,,,,,,,,,,,ISC,,slab_deep,136.780410767,slab_deep,2013-08-14T16:38:53,,,-1,2013-08-14 16:38:53+00:00,True,715
127019,2013-08-18T22:46:23,-67.49,-22.298,190.0,4.8,mw,,,,,,,,,,,,,,,,,ISC,,slab_deep,132.975204468,slab_deep,2013-08-18T22:46:23,,,-1,2013-08-18 22:46:23+00:00,True,581
127068,2013-08-20T04:56:42,-69.6,-29.061,115.0,4.9,mw,,,6.6,0.163,,,,,,,,,,,,,USGS,,slab_deep,85.8593139648,slab_deep,2013-08-20T04:56:42,,,-1,2013-08-20 04:56:42+00:00,True,561
127098,2013-08-21T02:43:30,-72.331,-16.104,103.0,4.2,mw,,,,,,,,,,,,,,,,,ISC,,slab_deep,83.1484909058,slab_deep,2013-08-21T02:43:30,,,-1,2013-08-21 02:43:30+00:00,True,675
127314,2013-08-30T10:48:13,-70.575,-34.529,96.903,5.1,mw,,,,,338.0,45.0,-18.0,81.0,77.0,-133.0,-8050000000000000.0,1.02e+16,-2120000000000000.0,-2.15e+16,-1.92e+16,-1.91e+16,CSN-improved,,slab_deep,94.8344955444,slab_deep,2013-08-30T10:48:13,,,-1,2013-08-30 10:48:13+00:00,True,524
127333,2013-08-31T04:55:14,-68.32,-19.07,235.5,4.3,mw,,,5.1,,,,,,,,,,,,,,CSN-improved,,slab_deep,140.701980591,slab_deep,2013-08-31T04:55:14,,,-1,2013-08-31 04:55:14+00:00,True,657
127391,2013-09-02T08:30:09,-71.067,-32.885,66.8061,4.0,mw,,,,,,,,,,,,,,,,,CSN-improved,,slab_deep,57.6118392944,slab_deep,2013-09-02T08:30:09,,,-1,2013-09-02 08:30:09+00:00,True,716
127426,2013-09-03T17:48:10,-68.957,-19.303,124.69,5.0,mw,,,4.2,0.164,,,,,,,,,,,,,USGS,,slab_deep,102.006744385,slab_deep,2013-09-03T17:48:10,,,-1,2013-09-03 17:48:10+00:00,True,542
127458,2013-09-04T04:12:40,-69.817,-21.469,76.5185,4.5,mw,,,,,,,,,,,,,,,,,CSN-improved,,slab_deep,52.3223075867,slab_deep,2013-09-04T04:12:40,,,-1,2013-09-04 04:12:40+00:00,True,637
127663,2013-09-09T17:34:24,-69.271,-19.61,97.5879,4.1,mw,,,,,,,,,,,,,,,,,CSN-improved,,slab_deep,86.5160064697,slab_deep,2013-09-09T17:34:24,,,-1,2013-09-09 17:34:24+00:00,True,692
127701,2013-09-10T00:58:52,-72.475,-37.181,49.4,4.6,mw,,,3.5,,,,,,,,,,,,,,CSN-improved,,slab_deep,58.2699012756,slab_deep,2013-09-10T00:58:52,,,-1,2013-09-10 00:58:52+00:00,True,623
127699,2013-09-10T04:31:28,-68.165,-23.105,172.8,4.9,mw,,,6.4,0.222,,,,,,,,,,,,,USGS,,slab_deep,97.0704879761,slab_deep,2013-09-10T04:31:28,,,-1,2013-09-10 04:31:28+00:00,True,562
127733,2013-09-11T19:18:19,-67.185,-28.088,124.28,5.2,mw,,,7.9,0.111,,,,,,,,,,,,,USGS,,slab_deep,113.716804504,slab_deep,2013-09-11T19:18:19,,,-1,2013-09-11 19:18:19+00:00,True,514
127774,2013-09-13T10:56:08,-71.208,-32.307,69.4,4.7,mw,,,7.0,0.308,,,,,,,,,,,,,USGS,,slab_deep,51.1709022522,slab_deep,2013-09-13T10:56:08,,,-1,2013-09-13 10:56:08+00:00,True,604
127808,2013-09-14T16:30:08,-69.33,-27.486,117.9,4.2,mw,,,7.1,,,,,,,,,,,,,,CSN-improved,,slab_deep,86.2463378906,slab_deep,2013-09-14T16:30:08,,,-1,2013-09-14 16:30:08+00:00,True,676
127835,2013-09-15T06:04:35,-69.862,-33.169,114.6911,4.3,mw,,,,,,,,,,,,,,,,,CSN-improved,,slab_deep,98.8279495239,slab_deep,2013-09-15T06:04:35,,,-1,2013-09-15 06:04:35+00:00,True,658
127860,2013-09-16T23:12:38,-67.226,-24.536,138.34,5.0,mw,,,6.7,0.146,,,,,,,,,,,,,USGS,,slab_deep,129.28225708,slab_deep,2013-09-16T23:12:38,,,-1,2013-09-16 23:12:38+00:00,True,543
127862,2013-09-16T23:12:39,-67.679,-24.459,191.3083,4.7,mw,,,,,,,,,,,,,,,,,CSN-improved,,slab_deep,108.796356201,slab_deep,2013-09-16T23:12:39,,,-1,2013-09-16 23:12:39+00:00,True,605
127893,2013-09-17T07:12:04,-65.854,-22.314,251.0,4.8,mw,,,,,,,,,,,,,,,,,ISC,,slab_deep,247.486968994,slab_deep,2013-09-17T07:12:04,,,-1,2013-09-17 07:12:04+00:00,True,582
127892,2013-09-17T07:12:07,-66.495,-22.283,303.4,5.7,mw,,,8.5,,,,,,,,,,,,,,CSN-improved,,slab_deep,196.378448486,slab_deep,2013-09-17T07:12:07,,,-1,2013-09-17 07:12:07+00:00,True,274
127912,2013-09-18T22:43:40,-69.25,-23.68,78.0,4.4,mw,,,,,,,,,,,,,,,,,ISC,,slab_deep,70.9952316284,slab_deep,2013-09-18T22:43:40,,,-1,2013-09-18 22:43:40+00:00,True,651
127951,2013-09-19T16:43:18,-69.628,-24.23,74.9037,4.0,mw,,,,,,,,,,,,,,,,,CSN-improved,,slab_deep,61.2988929749,slab_deep,2013-09-19T16:43:18,,,-1,2013-09-19 16:43:18+00:00,True,717
128023,2013-09-21T07:16:12,-68.88,-18.77,167.1,4.9,mw,0.04,0.03,6.1,,241.0,65.0,-28.0,343.0,65.0,-152.0,,,,,,,GCMT,,slab_deep,114.264175415,slab_deep,2013-09-21T07:16:12,,,-1,2013-09-21 07:16:12+00:00,True,563
128068,2013-09-23T02:54:13,-73.05,-16.14,65.0,4.9,mw,,,8.5,0.543,,,,,,,,,,,,,USGS,,slab_deep,62.6252555847,slab_deep,2013-09-23T02:54:13,,,-1,2013-09-23 02:54:13+00:00,True,564
128116,2013-09-25T13:14:46,-68.3,-22.57,149.4,5.3,mw,0.01,0.01,1.0,,142.0,20.0,-118.0,351.0,72.0,-80.0,-6.919999999999999e+16,6900000000000001.0,6.24e+16,9200000000000000.0,-9.54e+16,-2.99e+16,GCMT,,slab_deep,95.775177002,slab_deep,2013-09-25T13:14:46,,,-1,2013-09-25 13:14:46+00:00,True,483
128183,2013-09-27T15:11:59,-66.521,-21.366,216.08,4.9,mw,,,7.2,0.121,,,,,,,,,,,,,USGS,,slab_deep,204.315032959,slab_deep,2013-09-27T15:11:59,,,-1,2013-09-27 15:11:59+00:00,True,565
128182,2013-09-27T15:12:00,-67.126,-21.376,250.6,5.1,mw,,,10.2,,,,,,,,,,,,,,CSN-improved,,slab_deep,162.835174561,slab_deep,2013-09-27T15:12:00,,,-1,2013-09-27 15:12:00+00:00,True,525
128213,2013-09-28T03:36:31,-68.633,-32.285,130.0,4.5,mw,,,8.8,0.301,,,,,,,,,,,,,USGS,,slab_deep,107.790481567,slab_deep,2013-09-28T03:36:31,,,-1,2013-09-28 03:36:31+00:00,True,638
128216,2013-09-28T17:11:30,-69.84,-32.805,108.0,4.5,mw,,,8.3,0.197,,,,,,,,,,,,,USGS,,slab_deep,97.5038986206,slab_deep,2013-09-28T17:11:30,,,-1,2013-09-28 17:11:30+00:00,True,639
128248,2013-09-29T11:26:00,-68.85,-25.003,107.86,4.7,mw,,,4.0,0.142,,,,,,,,,,,,,USGS,,slab_deep,83.3544921875,slab_deep,2013-09-29T11:26:00,,,-1,2013-09-29 11:26:00+00:00,True,606
128432,2013-10-04T07:38:18,-69.873,-26.701,81.6,4.3,mw,,,7.4,0.364,,,,,,,,,,,,,USGS,,slab_deep,71.3630218506,slab_deep,2013-10-04T07:38:18,,,-1,2013-10-04 07:38:18+00:00,True,659
128430,2013-10-04T09:47:14,-70.349,-33.604,117.9,4.8,mw,,,4.8,0.071,,,,,,,,,,,,,USGS,,slab_deep,87.3519439697,slab_deep,2013-10-04T09:47:14,,,-1,2013-10-04 09:47:14+00:00,True,583
128436,2013-10-04T19:24:11,-70.159,-16.583,220.5,4.0,mw,,,7.8,,,,,,,,,,,,,,CSN-improved,,slab_deep,137.316925049,slab_deep,2013-10-04T19:24:11,,,-1,2013-10-04 19:24:11+00:00,True,718
128504,2013-10-06T03:06:23,-68.842,-22.672,102.3,4.8,mw,,,5.1,0.178,,,,,,,,,,,,,USGS,,slab_deep,81.2823104858,slab_deep,2013-10-06T03:06:23,,,-1,2013-10-06 03:06:23+00:00,True,584
128503,2013-10-06T12:48:08,-69.977,-16.18,181.75,4.9,mw,,,5.2,0.042,,,,,,,,,,,,,USGS,,slab_deep,165.750534058,slab_deep,2013-10-06T12:48:08,,,-1,2013-10-06 12:48:08+00:00,True,566
128698,2013-10-11T03:32:03,-69.137,-19.979,94.2686,5.1,mw,,,,,,,,,,,,,,,,,CSN-improved,,slab_deep,85.4750289917,slab_deep,2013-10-11T03:32:03,,,-1,2013-10-11 03:32:03+00:00,True,526
128705,2013-10-11T14:16:48,-72.249,-36.887,58.1,4.1,mw,,,2.9,,,,,,,,,,,,,,CSN-improved,,slab_deep,64.0788040161,slab_deep,2013-10-11T14:16:48,,,-1,2013-10-11 14:16:48+00:00,True,693
128764,2013-10-13T01:06:46,-66.69,-20.45,254.2,5.0,mw,0.03,0.02,3.7,,285.0,25.0,15.0,181.0,84.0,114.0,9420000000000000.0,-2680000000000000.0,-6730000000000000.0,-5200000000000000.0,-3.81e+16,1.71e+16,GCMT,,slab_deep,206.595947266,slab_deep,2013-10-13T01:06:46,,,-1,2013-10-13 01:06:46+00:00,True,544
129005,2013-10-20T21:51:32,-70.183,-18.59,58.2,4.6,mw,,,6.9,0.216,,,,,,,,,,,,,USGS,,slab_deep,67.7415618896,slab_deep,2013-10-20T21:51:32,,,-1,2013-10-20 21:51:32+00:00,True,624
129034,2013-10-21T00:47:08,-69.228,-17.552,179.04,4.5,mw,,,9.1,,,,,,,,,,,,,,USGS,,slab_deep,127.924766541,slab_deep,2013-10-21T00:47:08,,,-1,2013-10-21 00:47:08+00:00,True,640
129073,2013-10-22T14:18:45,-71.612,-16.115,173.6,4.2,mw,,,19.3,,,,,,,,,,,,,,CSN-improved,,slab_deep,110.672988892,slab_deep,2013-10-22T14:18:45,,,-1,2013-10-22 14:18:45+00:00,True,677
129075,2013-10-22T18:04:24,-67.889,-20.756,228.2,4.1,mw,,,6.7,,,,,,,,,,,,,,CSN-improved,,slab_deep,127.712654114,slab_deep,2013-10-22T18:04:24,,,-1,2013-10-22 18:04:24+00:00,True,694
129112,2013-10-23T04:03:07,-71.984,-16.503,120.57,4.8,mw,,,9.4,0.379,,,,,,,,,,,,,USGS,,slab_deep,82.3782653809,slab_deep,2013-10-23T04:03:07,,,-1,2013-10-23 04:03:07+00:00,True,585
129114,2013-10-23T04:03:11,-71.883,-16.833,137.3,4.3,mw,,,13.2,,,,,,,,,,,,,,CSN-improved,,slab_deep,71.5696640015,slab_deep,2013-10-23T04:03:11,,,-1,2013-10-23 04:03:11+00:00,True,660
129148,2013-10-24T02:19:42,-67.326,-27.531,119.88,4.8,mw,,,6.0,0.115,,,,,,,,,,,,,USGS,,slab_deep,114.055030823,slab_deep,2013-10-24T02:19:42,,,-1,2013-10-24 02:19:42+00:00,True,586
129150,2013-10-24T16:08:12,-68.826,-27.462,110.84,4.5,mw,,,11.7,0.302,,,,,,,,,,,,,USGS,,slab_deep,90.6089782715,slab_deep,2013-10-24T16:08:12,,,-1,2013-10-24 16:08:12+00:00,True,641
129300,2013-10-28T05:36:07,-69.638,-16.928,192.14,5.1,mw,,,8.2,0.195,,,,,,,,,,,,,USGS,,slab_deep,135.655990601,slab_deep,2013-10-28T05:36:07,,,-1,2013-10-28 05:36:07+00:00,True,527
129367,2013-10-30T02:48:30,-72.073,-36.328,169.4179,4.7,mw,,,,,,,,,,,,,,,,,CSN-improved,,slab_deep,65.60496521,slab_deep,2013-10-30T02:48:30,,,-1,2013-10-30 02:48:30+00:00,True,607
129364,2013-10-30T16:46:42,-69.205,-28.364,95.2,4.8,mw,,,6.6,0.31,,,,,,,,,,,,,USGS,,slab_deep,86.7639923096,slab_deep,2013-10-30T16:46:42,,,-1,2013-10-30 16:46:42+00:00,True,587
129509,2013-11-02T07:57:19,-72.004,-39.29,93.0,4.2,mw,,,4.5,,,,,,,,,,,,,,CSN-improved,,slab_deep,97.9535980225,slab_deep,2013-11-02T07:57:19,,,-1,2013-11-02 07:57:19+00:00,True,678
129512,2013-11-02T18:44:45,-68.029,-24.317,140.4493,4.1,mw,,,,,,,,,,,,,,,,,CSN-improved,,slab_deep,97.041267395,slab_deep,2013-11-02T18:44:45,,,-1,2013-11-02 18:44:45+00:00,True,695
129514,2013-11-02T20:32:22,-69.567,-22.688,47.0,4.0,mw,,,,,,,,,,,,,,,,,ISC,,slab_deep,60.6402893066,slab_deep,2013-11-02T20:32:22,,,-1,2013-11-02 20:32:22+00:00,True,719
129610,2013-11-04T21:52:22,-67.591,-28.504,133.0,4.7,mw,,,6.0,0.266,,,,,,,,,,,,,USGS,,slab_deep,101.922912598,slab_deep,2013-11-04T21:52:22,,,-1,2013-11-04 21:52:22+00:00,True,608
129648,2013-11-05T10:06:37,-69.005,-18.038,154.27,5.1,mw,,,5.3,0.055,,,,,,,,,,,,,USGS,,slab_deep,125.128265381,slab_deep,2013-11-05T10:06:37,,,-1,2013-11-05 10:06:37+00:00,True,528
129724,2013-11-07T09:09:56,-69.882,-31.951,138.0734,4.0,mw,,,,,,,,,,,,,,,,,CSN-improved,,slab_deep,97.9600067139,slab_deep,2013-11-07T09:09:56,,,-1,2013-11-07 09:09:56+00:00,True,720
129959,2013-11-12T12:59:53,-69.55,-27.787,113.2,4.1,mw,,,9.8,,,,,,,,,,,,,,CSN-improved,,slab_deep,83.9809799194,slab_deep,2013-11-12T12:59:53,,,-1,2013-11-12 12:59:53+00:00,True,696
130128,2013-11-16T17:59:49,-65.412,-30.923,179.7,4.8,mw,,,6.4,0.105,,,,,,,,,,,,,USGS,,slab_deep,159.902954102,slab_deep,2013-11-16T17:59:49,,,-1,2013-11-16 17:59:49+00:00,True,588
130206,2013-11-18T20:24:08,-70.941,-36.148,209.7,4.1,mw,,,6.1,,,,,,,,,,,,,,CSN-improved,,slab_deep,104.326667786,slab_deep,2013-11-18T20:24:08,,,-1,2013-11-18 20:24:08+00:00,True,697
130295,2013-11-20T21:07:15,-69.196,-27.749,113.3733,4.2,mw,,,,,,,,,,,,,,,,,CSN-improved,,slab_deep,87.4488372803,slab_deep,2013-11-20T21:07:15,,,-1,2013-11-20 21:07:15+00:00,True,679
130378,2013-11-22T06:59:01,-69.741,-31.629,107.72,4.8,mw,,,4.3,0.092,,,,,,,,,,,,,USGS,,slab_deep,100.487037659,slab_deep,2013-11-22T06:59:01,,,-1,2013-11-22 06:59:01+00:00,True,589
130533,2013-11-25T14:11:16,-68.945,-22.09,101.84,4.9,mw,,,7.7,0.271,,,,,,,,,,,,,USGS,,slab_deep,80.4814300537,slab_deep,2013-11-25T14:11:16,,,-1,2013-11-25 14:11:16+00:00,True,567
130636,2013-11-27T16:21:53,-68.449,-17.251,180.0,4.0,mw,,,6.0,,,,,,,,,,,,,,CSN-improved,,slab_deep,176.091629028,slab_deep,2013-11-27T16:21:53,,,-1,2013-11-27 16:21:53+00:00,True,721
130869,2013-12-01T07:17:15,-66.65,-27.777,143.88,5.0,mw,,,4.1,0.05,,,,,,,,,,,,,USGS,,slab_deep,136.260848999,slab_deep,2013-12-01T07:17:15,,,-1,2013-12-01 07:17:15+00:00,True,545
130872,2013-12-01T20:19:15,-67.978,-17.575,236.47,4.8,mw,,,7.7,0.241,,,,,,,,,,,,,USGS,,slab_deep,194.93132019,slab_deep,2013-12-01T20:19:15,,,-1,2013-12-01 20:19:15+00:00,True,590
130913,2013-12-02T10:12:28,-69.88,-29.471,81.4953,4.5,mw,,,,,,,,,,,,,,,,,CSN-improved,,slab_deep,84.9559249878,slab_deep,2013-12-02T10:12:28,,,-1,2013-12-02 10:12:28+00:00,True,642
130961,2013-12-03T08:19:19,-67.609,-19.748,198.83,4.5,mw,,,5.9,0.185,,,,,,,,,,,,,USGS,,slab_deep,168.423126221,slab_deep,2013-12-03T08:19:19,,,-1,2013-12-03 08:19:19+00:00,True,643
130992,2013-12-04T00:13:09,-69.084,-25.465,112.8307,4.3,mw,,,,,,,,,,,,,,,,,CSN-improved,,slab_deep,81.2958526611,slab_deep,2013-12-04T00:13:09,,,-1,2013-12-04 00:13:09+00:00,True,661
130990,2013-12-04T05:39:34,-69.298,-24.574,69.6,5.4,mw,,,4.7,,323.0,58.0,-78.0,122.0,34.0,-108.0,-6.202e+16,3.39e+16,2.812e+16,1.208e+16,-2.836e+16,-3.557e+16,CSN-improved,,slab_deep,72.7937850952,slab_deep,2013-12-04T05:39:34,,,-1,2013-12-04 05:39:34+00:00,True,415
131030,2013-12-05T23:15:28,-70.637,-36.573,135.49,4.6,mw,,,9.2,0.199,,,,,,,,,,,,,USGS,,slab_deep,124.118484497,slab_deep,2013-12-05T23:15:28,,,-1,2013-12-05 23:15:28+00:00,True,625
131065,2013-12-06T06:54:56,-71.012,-35.267,93.56,4.8,mw,,,3.3,0.108,,,,,,,,,,,,,USGS,,slab_deep,89.0208892822,slab_deep,2013-12-06T06:54:56,,,-1,2013-12-06 06:54:56+00:00,True,591
131077,2013-12-06T20:11:54,-69.162,-26.012,113.6,4.2,mw,,,6.0,,,,,,,,,,,,,,CSN-improved,,slab_deep,83.1714859009,slab_deep,2013-12-06T20:11:54,,,-1,2013-12-06 20:11:54+00:00,True,680
131063,2013-12-06T22:30:50,-69.745,-16.533,190.49,5.0,mw,,,5.4,0.122,,,,,,,,,,,,,USGS,,slab_deep,153.058883667,slab_deep,2013-12-06T22:30:50,,,-1,2013-12-06 22:30:50+00:00,True,546
131117,2013-12-07T23:14:52,-68.072,-21.055,155.3243,4.6,mw,,,,,,,,,,,,,,,,,CSN-improved,,slab_deep,116.135780334,slab_deep,2013-12-07T23:14:52,,,-1,2013-12-07 23:14:52+00:00,True,626
131150,2013-12-08T17:01:59,-70.09,-19.597,76.6,5.2,mw,,,4.5,0.098,,,,,,,,,,,,,USGS,,slab_deep,53.1101989746,slab_deep,2013-12-08T17:01:59,,,-1,2013-12-08 17:01:59+00:00,True,515
131233,2013-12-10T00:51:31,-69.29,-31.39,117.3,5.1,mw,0.02,0.01,1.4,,202.0,45.0,-117.0,57.0,51.0,-66.0,-4.87e+16,1.88e+16,2.9900000000000004e+16,-1.55e+16,6380000000000000.0,3.04e+16,GCMT,,slab_deep,99.919921875,slab_deep,2013-12-10T00:51:31,,,-1,2013-12-10 00:51:31+00:00,True,529
131403,2013-12-15T22:07:31,-68.689,-21.721,128.0,4.8,mw,,,4.1,0.189,,,,,,,,,,,,,USGS,,slab_deep,88.7285919189,slab_deep,2013-12-15T22:07:31,,,-1,2013-12-15 22:07:31+00:00,True,592
131456,2013-12-17T03:22:20,-68.896,-21.206,112.0,4.1,mw,,,,,,,,,,,,,,,,,ISC,,slab_deep,85.6465454102,slab_deep,2013-12-17T03:22:20,,,-1,2013-12-17 03:22:20+00:00,True,698
131589,2013-12-21T19:42:17,-66.962,-28.764,153.0,5.2,mw,,,4.7,0.063,,,,,,,,,,,,,USGS,,slab_deep,112.309593201,slab_deep,2013-12-21T19:42:17,,,-1,2013-12-21 19:42:17+00:00,True,516
131632,2013-12-22T01:53:30,-70.621,-32.872,95.3,5.0,mw,,,3.2,,,,,,,,,,,,,,CSN-improved,,slab_deep,75.8069000244,slab_deep,2013-12-22T01:53:30,,,-1,2013-12-22 01:53:30+00:00,True,547
131636,2013-12-22T02:37:53,-70.139,-19.048,64.7284,4.0,mw,,,,,,,,,,,,,,,,,CSN-improved,,slab_deep,60.1413726807,slab_deep,2013-12-22T02:37:53,,,-1,2013-12-22 02:37:53+00:00,True,722
131764,2013-12-25T21:10:43,-71.673,-38.046,148.6,4.5,mw,,,7.0,0.185,,,,,,,,,,,,,USGS,,slab_deep,99.4989471436,slab_deep,2013-12-25T21:10:43,,,-1,2013-12-25 21:10:43+00:00,True,644
131783,2013-12-26T15:07:27,-68.671,-20.997,123.4,4.0,mw,,,5.6,,,,,,,,,,,,,,CSN-improved,,slab_deep,93.7688446045,slab_deep,2013-12-26T15:07:27,,,-1,2013-12-26 15:07:27+00:00,True,723
131806,2013-12-27T15:56:33,-68.186,-23.542,149.9,4.7,mw,,,5.4,0.2,,,,,,,,,,,,,USGS,,slab_deep,93.6864624023,slab_deep,2013-12-27T15:56:33,,,-1,2013-12-27 15:56:33+00:00,True,609
131809,2013-12-27T22:38:58,-71.285,-33.901,60.9937,4.2,mw,,,,,,,,,,,,,,,,,CSN-improved,,slab_deep,52.8092956543,slab_deep,2013-12-27T22:38:58,,,-1,2013-12-27 22:38:58+00:00,True,681
131850,2013-12-29T15:08:34,-70.06,-33.951,108.6,5.0,mw,,,2.9,0.125,,,,,,,,,,,,,USGS,,slab_deep,101.972213745,slab_deep,2013-12-29T15:08:34,,,-1,2013-12-29 15:08:34+00:00,True,548
131851,2013-12-29T17:39:29,-68.397,-21.265,123.72,5.0,mw,,,7.0,0.141,,,,,,,,,,,,,USGS,,slab_deep,100.118759155,slab_deep,2013-12-29T17:39:29,,,-1,2013-12-29 17:39:29+00:00,True,549
131929,2013-12-31T03:18:11,-67.966,-22.168,221.4,4.0,mw,,,10.8,,,,,,,,,,,,,,CSN-improved,,slab_deep,111.586868286,slab_deep,2013-12-31T03:18:11,,,-1,2013-12-31 03:18:11+00:00,True,724
133287,2014-02-12T13:35:24,-71.617,-34.748,44.88,5.6,mw,,,3.9,0.035,,,,,,,,,,,,,USGS,,slab_deep,53.7833442688,slab_deep,2014-02-12T13:35:24,5.3,1.998631074606434,9,2014-02-12 13:35:24+00:00,True,299
134816,2014-03-25T14:38:25,-70.458,-17.527,85.07,5.5,mw,,,4.8,0.069,,,,,,,,,,,,,USGS,,slab_deep,88.2691574097,slab_deep,2014-03-25T14:38:25,5.3,1.998631074606434,9,2014-03-25 14:38:25+00:00,True,344
135490,2014-04-04T09:52:14,-70.54,-31.45,116.4,5.4,mw,0.01,0.01,1.0,,167.0,66.0,169.0,262.0,80.0,24.0,2500000000000000.0,-7.01e+16,6.76e+16,-5.05e+16,-9500000000000000.0,1.14e+17,GCMT,,slab_deep,81.6082763672,slab_deep,2014-04-04T09:52:14,5.3,1.998631074606434,9,2014-04-04 09:52:14+00:00,True,416
136874,2014-05-05T13:38:30,-67.904,-20.26,156.08,5.3,mw,,,5.0,0.036,,,,,,,,,,,,,USGS,,slab_deep,136.942016602,slab_deep,2014-05-05T13:38:30,5.3,1.998631074606434,9,2014-05-05 13:38:30+00:00,True,484
137162,2014-05-16T17:08:37,-68.82,-23.51,131.3,5.5,mw,0.01,0.01,0.6,,123.0,41.0,-124.0,345.0,56.0,-64.0,-1.576e+17,8.21e+16,7.56e+16,5500000000000000.0,-9.92e+16,-1.258e+17,GCMT,,slab_deep,80.9206390381,slab_deep,2014-05-16T17:08:37,5.3,1.998631074606434,9,2014-05-16 17:08:37+00:00,True,345
137194,2014-05-17T00:14:11,-67.528,-24.007,226.6,5.3,mw,,,6.7,,,,,,,,,,,,,,CSN-improved,,slab_deep,116.032424927,slab_deep,2014-05-17T00:14:11,5.3,1.998631074606434,9,2014-05-17 00:14:11+00:00,True,485
138276,2014-07-13T07:18:28,-70.81,-30.98,105.7,5.4,mw,0.01,0.01,1.0,,290.0,7.0,32.0,168.0,86.0,96.0,7.75e+16,-6610000000000000.0,-7.089e+16,4.137e+16,-9.368e+16,1.054e+16,GCMT,,slab_deep,70.3618469238,slab_deep,2014-07-13T07:18:28,5.3,1.998631074606434,9,2014-07-13 07:18:28+00:00,True,417
138438,2014-07-23T21:39:11,-68.77,-20.29,136.3,5.6,mw,0.01,0.01,0.8,,212.0,36.0,-30.0,327.0,73.0,-122.0,-2.174e+17,-1.144e+17,3.318e+17,1.407e+17,-1.324e+17,-2.81e+16,GCMT,,slab_deep,95.8895874023,slab_deep,2014-07-23T21:39:11,5.3,1.998631074606434,9,2014-07-23 21:39:11+00:00,True,300
138560,2014-07-31T18:09:17,-71.43,-16.68,114.0,5.4,mw,,,4.1,0.031,,,,,,,,,,,,,USGS,,slab_deep,94.0773239136,slab_deep,2014-07-31T18:09:17,5.3,1.998631074606434,9,2014-07-31 18:09:17+00:00,True,418
138921,2014-08-23T04:45:38,-69.23,-20.13,124.8,5.6,mw,0.01,0.01,0.9,,304.0,6.0,45.0,168.0,86.0,94.0,1.67e+16,-3.4e+16,1.72e+16,6.9e+16,-2.744e+17,1.58e+16,GCMT,,slab_deep,80.7248764038,slab_deep,2014-08-23T04:45:38,5.3,1.998631074606434,9,2014-08-23 04:45:38+00:00,True,301
138980,2014-08-25T14:31:40,-73.13,-16.2,90.5,5.5,mw,0.01,0.01,0.9,,134.0,34.0,133.0,266.0,66.0,66.0,1.999e+17,-1.884e+17,-1.14e+16,-1.411e+17,-4.92e+16,7.67e+16,GCMT,,slab_deep,58.0002098083,slab_deep,2014-08-25T14:31:40,5.3,1.998631074606434,9,2014-08-25 14:31:40+00:00,True,346
139445,2014-09-24T11:16:19,-66.72,-23.78,227.6,6.2,mw,0.0,0.0,0.3,,177.0,31.0,-97.0,5.0,59.0,-86.0,-1.798e+18,-2.68e+17,2.066e+18,-3.07e+17,-1.191e+18,-1.57e+17,GCMT,,slab_deep,168.798171997,slab_deep,2014-09-24T11:16:19,5.3,1.998631074606434,9,2014-09-24 11:16:19+00:00,True,134
139618,2014-10-07T05:09:14,-69.63,-19.6,122.3,5.4,mw,0.01,0.01,0.9,,137.0,23.0,-126.0,355.0,71.0,-76.0,-8.89e+16,1.95e+16,6.94e+16,8300000000000000.0,-1.224e+17,-2.28e+16,GCMT,,slab_deep,71.7131271362,slab_deep,2014-10-07T05:09:14,5.3,1.998631074606434,9,2014-10-07 05:09:14+00:00,True,419
141570,2015-02-02T10:49:52,-67.14,-32.77,176.8,6.3,mw,0.0,0.0,0.3,,304.0,4.0,-13.0,47.0,89.0,-94.0,-2.36e+17,1.1e+17,1.26e+17,-2.855e+18,-2.08e+18,4.65e+17,GCMT,,slab_deep,147.476715088,slab_deep,2015-02-02T10:49:52,5.3,1.998631074606434,9,2015-02-02 10:49:52+00:00,True,109
141713,2015-02-11T18:57:27,-66.8,-23.14,223.0,6.7,mw,0.0,0.0,0.3,,168.0,19.0,-104.0,3.0,72.0,-85.0,-9.41e+18,-4.7e+17,9.88e+18,-8.9e+17,-1.012e+19,-2.6e+17,GCMT,,slab_deep,168.07170105,slab_deep,2015-02-11T18:57:27,5.3,1.998631074606434,9,2015-02-11 18:57:27+00:00,True,60
141821,2015-02-17T14:36:00,-70.86,-32.33,102.2,5.4,mw,0.01,0.01,1.3,,339.0,80.0,170.0,70.0,80.0,10.0,2.71e+16,-1.372e+17,1.101e+17,400000000000000.0,-2.56e+16,7.18e+16,GCMT,,slab_deep,66.6084594727,slab_deep,2015-02-17T14:36:00,5.3,1.998631074606434,9,2015-02-17 14:36:00+00:00,True,420
142030,2015-03-01T15:08:31,-71.786,-17.112,55.6,5.3,mw,,,17.9,,,,,,,,,,,,,,CSN-improved,,slab_deep,63.9706878662,slab_deep,2015-03-01T15:08:31,5.3,1.998631074606434,9,2015-03-01 15:08:31+00:00,True,486
142445,2015-03-23T04:51:42,-69.44,-18.47,140.8,6.4,mw,0.0,0.0,0.3,,228.0,17.0,-32.0,349.0,81.0,-105.0,-1.852e+18,-8.19e+17,2.67e+18,6.09e+17,-4.675e+18,5.96e+17,GCMT,,slab_deep,98.2606124878,slab_deep,2015-03-23T04:51:42,5.3,1.998631074606434,9,2015-03-23 04:51:42+00:00,True,91
143504,2015-05-26T10:32:06,-68.63,-21.94,142.7,5.6,mw,0.01,0.01,0.9,,113.0,32.0,-171.0,16.0,85.0,-58.0,-9.71e+16,-5.62e+16,1.532e+17,-8.77e+16,-1.949e+17,-1.453e+17,GCMT,,slab_deep,88.8909759521,slab_deep,2015-05-26T10:32:06,5.3,1.998631074606434,9,2015-05-26 10:32:06+00:00,True,302
143719,2015-06-10T13:52:13,-68.47,-22.48,146.8,6.1,mw,0.01,0.0,0.4,,136.0,40.0,-79.0,301.0,51.0,-100.0,-1.4e+18,9.23e+17,4.77e+17,7.3e+16,1.34e+17,-8.13e+17,GCMT,,slab_deep,91.7281951904,slab_deep,2015-06-10T13:52:13,5.3,1.998631074606434,9,2015-06-10 13:52:13+00:00,True,165
144967,2015-09-01T15:28:59,-69.35,-19.73,136.9,5.4,mw,0.02,0.01,1.4,,282.0,57.0,-28.0,28.0,67.0,-144.0,-3.99e+16,1.457e+17,-1.057e+17,-1.4e+16,-1.8e+16,9.09e+16,GCMT,,slab_deep,81.1599655151,slab_deep,2015-09-01T15:28:59,5.3,1.998631074606434,9,2015-09-01 15:28:59+00:00,True,421
146299,2015-09-25T03:21:57,-69.249,-20.923,89.0779,5.3,mw,,,,,,,,,,,,,,,,,CSN-improved,,slab_deep,76.053024292,slab_deep,2015-09-25T03:21:57,5.3,1.998631074606434,9,2015-09-25 03:21:57+00:00,True,487
146865,2015-10-04T14:50:38,-72.33,-16.33,122.5,5.4,mw,0.01,0.01,1.2,,118.0,59.0,178.0,209.0,88.0,31.0,4800000000000000.0,-7.83e+16,7.34e+16,-2.69e+16,-6.67e+16,-7.35e+16,GCMT,,slab_deep,75.5644607544,slab_deep,2015-10-04T14:50:38,5.3,1.998631074606434,9,2015-10-04 14:50:38+00:00,True,422
147057,2015-10-09T04:09:39,-70.0,-16.329,233.0,5.5,mw,,,0.0,,,,,,,,,,,,,,CSN-improved,,slab_deep,156.585266113,slab_deep,2015-10-09T04:09:39,5.3,1.998631074606434,9,2015-10-09 04:09:39+00:00,True,347
147772,2015-11-01T15:16:20,-68.63,-23.19,127.5,5.9,mw,0.01,0.01,0.6,,161.0,43.0,-81.0,330.0,48.0,-98.0,-6.691e+17,-2.18e+16,6.909e+17,4.5e+16,1.212e+17,-1.305e+17,GCMT,,slab_deep,84.3323516846,slab_deep,2015-11-01T15:16:20,5.3,1.998631074606434,9,2015-11-01 15:16:20+00:00,True,214
147950,2015-11-08T08:13:41,-69.5,-17.29,176.3,5.7,mw,0.01,0.01,0.7,,243.0,10.0,-3.0,336.0,90.0,-100.0,2.38e+16,-1.126e+17,8.88e+16,1.377e+17,-3.242e+17,1.143e+17,GCMT,,slab_deep,126.706962585,slab_deep,2015-11-08T08:13:41,5.3,1.998631074606434,9,2015-11-08 08:13:41+00:00,True,275
147994,2015-11-09T04:46:30,-69.23,-23.51,123.0,5.3,mw,0.01,0.01,0.9,,191.0,23.0,-81.0,2.0,68.0,-94.0,-9.62e+16,-9500000000000000.0,1.056e+17,-3000000000000000.0,-7.05e+16,-6300000000000000.0,GCMT,,slab_deep,70.6296615601,slab_deep,2015-11-09T04:46:30,5.3,1.998631074606434,9,2015-11-09 04:46:30+00:00,True,488
149162,2015-12-23T14:59:54,-67.622,-24.287,210.8586,5.5,mw,,,,,,,,,,,,,,,,,CSN-improved,,slab_deep,113.148361206,slab_deep,2015-12-23T14:59:54,5.3,1.998631074606434,9,2015-12-23 14:59:54+00:00,True,348
151482,2016-04-03T05:41:42,-69.699,-16.709,160.67,5.3,mw,,,5.9,0.043,,,,,,,,,,,,,USGS,,slab_deep,146.37928772,slab_deep,2016-04-03T05:41:42,5.3,6.997675171749436,10,2016-04-03 05:41:42+00:00,True,489
151726,2016-04-13T20:02:04,-66.54,-21.03,257.8,5.5,mw,0.03,0.03,3.2,,113.0,15.0,-151.0,354.0,83.0,-77.0,-3.41e+16,1100000000000000.0,3.31e+16,1100000000000000.0,-1.035e+17,-5.09e+16,GCMT,,slab_deep,205.141799927,slab_deep,2016-04-13T20:02:04,5.3,6.997675171749436,10,2016-04-13 20:02:04+00:00,True,349
151805,2016-04-16T06:05:24,-70.049,-26.472,82.1774,5.4,mw,,,,,245.0,61.0,-137.0,131.0,53.0,-36.0,-5.919e+16,9.335e+16,-3.416e+16,2.011e+16,6.402e+16,-1.995e+16,CSN-improved,,slab_deep,61.7651176453,slab_deep,2016-04-16T06:05:24,5.3,6.997675171749436,10,2016-04-16 06:05:24+00:00,True,423
152028,2016-04-26T19:58:16,-68.706,-21.069,132.55,5.3,mw,,,6.1,0.065,,,,,,,,,,,,,USGS,,slab_deep,92.011505127,slab_deep,2016-04-26T19:58:16,5.3,6.997675171749436,10,2016-04-26 19:58:16+00:00,True,490
153388,2016-06-24T21:29:21,-69.51,-25.79,128.3,5.4,mw,0.01,0.01,1.1,,153.0,67.0,9.0,60.0,82.0,156.0,1.24e+17,1.114e+17,-2.354e+17,2.34e+16,3.84e+16,-9.38e+16,GCMT,,slab_deep,75.0140380859,slab_deep,2016-06-24T21:29:21,5.3,6.997675171749436,10,2016-06-24 21:29:21+00:00,True,424
154151,2016-07-27T06:43:52,-68.13,-24.17,143.6,5.4,mw,0.01,0.01,0.8,,135.0,33.0,-106.0,334.0,58.0,-80.0,-1.347e+17,3.83e+16,9.64e+16,2.73e+16,-4.39e+16,-7.39e+16,GCMT,,slab_deep,94.3436737061,slab_deep,2016-07-27T06:43:52,5.3,6.997675171749436,10,2016-07-27 06:43:52+00:00,True,425
154335,2016-08-04T14:15:13,-66.008,-22.334,270.0,6.2,mw,,,1.9,,176.0,83.0,88.0,9.0,7.0,103.0,5.3e+17,1.18e+17,-6.48e+17,1.77e+17,-2.278e+18,-1e+16,USGS,,slab_deep,234.87600708,slab_deep,2016-08-04T14:15:13,5.3,6.997675171749436,10,2016-08-04 14:15:13+00:00,True,135
154708,2016-08-19T09:49:12,-72.173,-16.955,62.2,5.3,mw,,,7.2,,,,,,,,,,,,,,CSN-improved,,slab_deep,58.0408744812,slab_deep,2016-08-19T09:49:12,5.3,6.997675171749436,10,2016-08-19 09:49:12+00:00,True,491
155141,2016-09-07T20:03:27,-69.25,-20.01,126.0,5.4,mw,0.01,0.01,1.2,,144.0,22.0,-99.0,334.0,68.0,-86.0,-5.829e+16,4.041e+16,1.787e+16,7.01e+16,-5.511e+16,-5.768e+16,GCMT,,slab_deep,82.0689315796,slab_deep,2016-09-07T20:03:27,5.3,6.997675171749436,10,2016-09-07 20:03:27+00:00,True,426
155204,2016-09-09T00:03:48,-65.86,-31.41,178.0,5.6,mw,0.01,0.01,1.2,,121.0,35.0,-133.0,350.0,65.0,-64.0,-2.195e+17,4e+16,1.795e+17,1.15e+16,-1.15e+17,-1.412e+17,GCMT,,slab_deep,142.24659729,slab_deep,2016-09-09T00:03:48,5.3,6.997675171749436,10,2016-09-09 00:03:48+00:00,True,303
155455,2016-09-20T05:05:21,-70.493,-17.524,101.34,5.4,mw,,,8.9,0.146,,,,,,,,,,,,,USGS,,slab_deep,88.5267333984,slab_deep,2016-09-20T05:05:21,5.3,6.997675171749436,10,2016-09-20 05:05:21+00:00,True,427
156519,2016-11-04T16:20:49,-70.98,-35.06,96.2,6.3,mw,0.0,0.0,0.3,,173.0,27.0,-128.0,35.0,69.0,-73.0,-2.296e+18,-2.5e+16,2.321e+18,-2.013e+18,-2.085e+18,6.58e+17,GCMT,,slab_deep,85.4103851318,slab_deep,2016-11-04T16:20:49,5.3,6.997675171749436,10,2016-11-04 16:20:49+00:00,True,110
156749,2016-11-13T01:01:56,-67.36,-28.24,147.5,5.3,mw,0.01,0.01,1.0,,165.0,46.0,-144.0,48.0,65.0,-50.0,-7.531e+16,-1.993e+16,9.525e+16,-5.383e+16,-3.009e+16,3.624e+16,GCMT,,slab_deep,108.748901367,slab_deep,2016-11-13T01:01:56,5.3,6.997675171749436,10,2016-11-13 01:01:56+00:00,True,492
156747,2016-11-13T14:01:03,-67.607,-28.907,125.0,6.2,mw,,,6.0,0.35,112.48,55.98,-127.8,346.67,49.09,-47.77,-3.1581e+17,1.1969e+17,1.9612e+17,-2.3166e+17,-1.4761e+17,-1.7488e+17,ISC-GEM,,slab_deep,99.0810165405,slab_deep,2016-11-13T14:01:03,5.3,6.997675171749436,10,2016-11-13 14:01:03+00:00,True,136
156961,2016-11-20T20:57:47,-68.74,-31.66,119.1,6.4,mw,0.01,0.0,0.3,,31.0,40.0,-92.0,214.0,50.0,-89.0,-6.006e+18,2.416e+18,3.589e+18,1.138e+18,1.238e+18,7.47e+17,GCMT,,slab_deep,97.7913360596,slab_deep,2016-11-20T20:57:47,5.3,6.997675171749436,10,2016-11-20 20:57:47+00:00,True,92
158373,2017-01-06T06:30:39,-67.88,-22.3,174.6,5.8,mw,0.01,0.01,0.6,,208.0,3.0,-31.0,329.0,88.0,-93.0,4.898e+16,-6.437e+16,1.539e+16,2.3791e+17,-4.7609e+17,-6.295e+16,GCMT,,slab_deep,112.652175903,slab_deep,2017-01-06T06:30:39,5.3,6.997675171749436,10,2017-01-06 06:30:39+00:00,True,255
159530,2017-02-18T12:10:23,-66.87,-23.87,221.5,6.4,mw,0.0,0.0,0.3,,184.0,6.0,-91.0,4.0,84.0,-90.0,-7.694e+17,1.106e+17,6.588e+17,-5.71e+17,-4.1347e+18,-1.208e+17,GCMT,,slab_deep,157.806991577,slab_deep,2017-02-18T12:10:23,5.3,6.997675171749436,10,2017-02-18 12:10:23+00:00,True,93
161028,2017-04-15T08:19:48,-67.92,-23.2,164.2,6.3,mw,0.0,0.0,0.3,,124.0,18.0,-137.0,353.0,78.0,-77.0,-1.1675e+18,-2.058e+17,1.3733e+18,3.806e+17,-2.9619e+18,-7.514e+17,GCMT,,slab_deep,105.162864685,slab_deep,2017-04-15T08:19:48,5.3,6.997675171749436,10,2017-04-15 08:19:48+00:00,True,111
161197,2017-04-20T21:24:34,-67.43,-27.54,159.6,5.3,mw,0.01,0.01,1.1,,143.0,27.0,-96.0,330.0,63.0,-87.0,-7.2e+16,1.3e+16,5.9e+16,3.07e+16,-5.39e+16,-5.23e+16,GCMT,,slab_deep,111.592567444,slab_deep,2017-04-20T21:24:34,5.3,6.997675171749436,10,2017-04-20 21:24:34+00:00,True,493
162666,2017-05-14T19:44:30,-68.71,-20.92,132.4,5.7,mw,0.01,0.01,0.7,,240.0,65.0,11.0,146.0,80.0,155.0,-4.776e+16,-3.663e+17,4.1406e+17,4760000000000000.0,-2.4931e+17,1.657e+17,GCMT,,slab_deep,92.8691329956,slab_deep,2017-05-14T19:44:30,5.3,6.997675171749436,10,2017-05-14 19:44:30+00:00,True,276
162772,2017-05-17T10:45:59,-67.098,-24.388,156.79,5.3,mw,,,8.9,0.161,,,,,,,,,,,,,USGS,,slab_deep,138.223678589,slab_deep,2017-05-17T10:45:59,5.3,6.997675171749436,10,2017-05-17 10:45:59+00:00,True,494
162813,2017-05-18T23:45:43,-67.294,-32.654,166.23,5.4,mw,,,5.1,0.025,,,,,,,,,,,,,USGS,,slab_deep,138.174865723,slab_deep,2017-05-18T23:45:43,5.3,6.997675171749436,10,2017-05-18 23:45:43+00:00,True,428
163106,2017-05-29T14:57:59,-71.87,-37.38,97.7,5.9,mw,0.01,0.01,1.8,,263.0,34.0,-22.0,12.0,78.0,-122.0,-3.5723e+17,1.99e+17,1.5824e+17,-1.3499e+17,-5.197e+17,4.9352e+17,GCMT,,slab_deep,85.9773406982,slab_deep,2017-05-29T14:57:59,5.3,6.997675171749436,10,2017-05-29 14:57:59+00:00,True,215
163339,2017-06-06T17:35:15,-68.84,-22.74,123.1,5.4,mw,0.01,0.01,1.4,,116.0,60.0,-167.0,20.0,79.0,-30.0,-4.084e+16,-4.622e+16,8.706e+16,-3.084e+16,-3.926e+16,-6.875e+16,GCMT,,slab_deep,81.0126647949,slab_deep,2017-06-06T17:35:15,5.3,6.997675171749436,10,2017-06-06 17:35:15+00:00,True,429
164081,2017-07-02T15:53:04,-68.86,-21.94,130.0,5.3,mw,0.01,0.01,1.1,,274.0,23.0,0.0,4.0,90.0,-113.0,1220000000000000.0,1.537e+16,-1.66e+16,-2.506e+16,-1.222e+17,4.803e+16,GCMT,,slab_deep,83.6928787231,slab_deep,2017-07-02T15:53:04,5.3,6.997675171749436,10,2017-07-02 15:53:04+00:00,True,495
164583,2017-07-19T23:22:33,-69.19,-23.92,109.1,5.3,mw,0.02,0.01,1.7,,179.0,55.0,-36.0,292.0,61.0,-140.0,-6.9431e+16,1.8906e+16,5.0525e+16,2.4454e+16,1.2098e+16,-6.178e+16,GCMT,,slab_deep,72.7468185425,slab_deep,2017-07-19T23:22:33,5.3,6.997675171749436,10,2017-07-19 23:22:33+00:00,True,496
164952,2017-08-01T06:14:00,-69.04,-28.68,118.7,5.6,mw,0.01,0.01,0.9,,327.0,27.0,-88.0,145.0,63.0,-91.0,-2.2675e+17,5.316e+16,1.7359e+17,-7.599e+16,9.145e+16,-1.3379e+17,GCMT,,slab_deep,86.9870223999,slab_deep,2017-08-01T06:14:00,5.3,6.997675171749436,10,2017-08-01 06:14:00+00:00,True,304
164983,2017-08-02T07:15:16,-70.58,-33.17,95.8,5.4,mw,0.01,0.01,0.9,,202.0,32.0,-115.0,51.0,62.0,-75.0,-1.3906e+17,1.621e+16,1.2284e+17,-5.007e+16,-2300000000000000.0,1.3327e+17,GCMT,,slab_deep,76.2671508789,slab_deep,2017-08-02T07:15:16,5.3,6.997675171749436,10,2017-08-02 07:15:16+00:00,True,430
166556,2017-09-20T05:26:14,-71.45,-16.43,133.4,5.3,mw,0.01,0.01,1.6,,141.0,43.0,-104.0,339.0,48.0,-78.0,-9.272e+16,2.021e+16,7.251e+16,4910000000000000.0,-3.715e+16,-6.016e+16,GCMT,,slab_deep,104.380950928,slab_deep,2017-09-20T05:26:14,5.3,6.997675171749436,10,2017-09-20 05:26:14+00:00,True,497
167000,2017-10-05T08:11:40,-68.49,-22.34,139.5,5.5,mw,0.01,0.01,0.8,,159.0,37.0,-76.0,323.0,54.0,-100.0,-1.6614e+17,4.149e+16,1.2465e+17,5.99e+16,-6.463e+16,-1.0626e+17,GCMT,,slab_deep,91.0877151489,slab_deep,2017-10-05T08:11:40,5.3,6.997675171749436,10,2017-10-05 08:11:40+00:00,True,350
167143,2017-10-10T06:32:24,-69.86,-18.58,106.4,6.3,mw,0.0,0.0,0.5,,151.0,12.0,-104.0,345.0,78.0,-87.0,-1.6698e+18,-1.138e+17,1.7837e+18,1.0033e+18,-2.4395e+18,-3.814e+17,GCMT,,slab_deep,81.0564117432,slab_deep,2017-10-10T06:32:24,5.3,6.997675171749436,10,2017-10-10 06:32:24+00:00,True,112
167227,2017-10-12T18:59:15,-65.53,-31.03,185.4,5.6,mw,0.01,0.01,1.0,,9.0,69.0,-2.0,99.0,88.0,-159.0,-1.299e+16,-7.278e+16,8.577e+16,-7.197e+16,-1.033e+16,-2.3888e+17,GCMT,,slab_deep,152.552841187,slab_deep,2017-10-12T18:59:15,5.3,6.997675171749436,10,2017-10-12 18:59:15+00:00,True,305
169266,2017-12-20T18:16:11,-69.869,-18.034,109.87,5.3,mw,,,5.8,0.125,,,,,,,,,,,,,USGS,,slab_deep,92.953086853,slab_deep,2017-12-20T18:16:11,5.3,6.997675171749436,10,2017-12-20 18:16:11+00:00,True,498
169812,2018-01-10T03:16:44,-69.395,-18.192,126.51,5.3,mw,,,5.2,0.06,,,,,,,,,,,,,USGS,,slab_deep,105.203010559,slab_deep,2018-01-10T03:16:44,5.3,6.997675171749436,10,2018-01-10 03:16:44+00:00,True,499
170228,2018-01-24T07:46:09,-69.22,-20.33,128.6,5.3,mw,0.01,0.01,1.3,,215.0,20.0,-32.0,336.0,79.0,-107.0,-5.353e+16,-3.747e+16,9.1e+16,5.154e+16,-7.982e+16,5060000000000000.0,GCMT,,slab_deep,80.8615646362,slab_deep,2018-01-24T07:46:09,5.3,6.997675171749436,10,2018-01-24 07:46:09+00:00,True,500
171250,2018-02-26T23:31:43,-67.478,-28.38,120.33,5.3,mw,,,6.6,0.026,,,,,,,,,,,,,USGS,,slab_deep,104.484848022,slab_deep,2018-02-26T23:31:43,5.3,6.997675171749436,10,2018-02-26 23:31:43+00:00,True,501
173370,2018-05-11T18:48:30,-72.255,-16.181,87.17,5.4,mw,,,7.2,0.064,,,,,,,,,,,,,USGS,,slab_deep,83.6147460938,slab_deep,2018-05-11T18:48:30,5.3,6.997675171749436,10,2018-05-11 18:48:30+00:00,True,431
176568,2018-09-07T02:39:22,-70.16,-28.84,121.5,5.8,mw,0.02,0.01,2.0,,120.0,37.0,-84.0,293.0,53.0,-94.0,-5.117e+17,4.9429e+17,1.74e+16,1.4722e+17,-1.089e+16,-2.1605e+17,GCMT,,slab_deep,76.9549026489,slab_deep,2018-09-07T02:39:22,5.3,6.997675171749436,10,2018-09-07 02:39:22+00:00,True,256
176724,2018-09-14T11:20:08,-71.53,-16.05,150.0,5.5,mw,0.01,0.01,1.1,,120.0,70.0,-169.0,26.0,80.0,-21.0,-2.395e+16,-1.0714e+17,1.3109e+17,-4.135e+16,-3.01e+16,-7.132e+16,GCMT,,slab_deep,114.133728027,slab_deep,2018-09-14T11:20:08,5.3,6.997675171749436,10,2018-09-14 11:20:08+00:00,True,351
177904,2018-11-01T22:19:53,-69.57,-19.63,116.3,6.2,mw,0.0,0.0,0.4,,172.0,20.0,-88.0,350.0,70.0,-91.0,-1.7002e+18,-9.72e+16,1.7974e+18,3.825e+17,-1.5762e+18,-2.748e+17,GCMT,,slab_deep,74.9570617676,slab_deep,2018-11-01T22:19:53,5.3,6.997675171749436,10,2018-11-01 22:19:53+00:00,True,137
180955,2018-12-24T02:19:31,-68.336,-21.379,121.0,5.4,mw,,,,,151.0,26.0,-99.0,342.0,65.0,-86.0,-6.5e+16,5800000000000000.0,5.93e+16,1.57e+16,-5.41e+16,-2.82e+16,ISC,,slab_deep,100.842056274,slab_deep,2018-12-24T02:19:31,5.3,6.997675171749436,10,2018-12-24 02:19:31+00:00,True,432
181332,2018-12-31T10:49:43,-69.35,-31.84,119.9,5.3,mw,0.01,0.01,0.9,,186.0,48.0,-121.0,48.0,50.0,-61.0,-1.0406e+17,510000000000000.0,1.0354e+17,-2.224e+16,2.472e+16,5.108e+16,GCMT,,slab_deep,102.341781616,slab_deep,2018-12-31T10:49:43,5.3,6.997675171749436,10,2018-12-31 10:49:43+00:00,True,502
182233,2019-01-14T22:48:09,-70.653,-17.674,96.3,5.6,mw,,,6.2,0.088,,,,,,,,,,,,,USGS,,slab_deep,78.7537460327,slab_deep,2019-01-14T22:48:09,5.3,6.997675171749436,10,2019-01-14 22:48:09+00:00,True,306
185714,2019-03-15T05:03:57,-65.9,-17.74,380.5,6.4,mw,0.01,0.01,0.4,,157.0,52.0,150.0,267.0,67.0,42.0,1.8043e+18,-2.229e+18,4.247e+17,-2.0064e+18,-1.1589e+18,2.5047e+18,GCMT,,slab_deep,354.982055664,slab_deep,2019-03-15T05:03:57,5.3,6.997675171749436,10,2019-03-15 05:03:57+00:00,True,94
187036,2019-04-29T16:35:09,-67.396,-28.144,129.82,5.4,mw,,,6.5,0.033,,,,,,,,,,,,,USGS,,slab_deep,108.473068237,slab_deep,2019-04-29T16:35:09,5.3,6.997675171749436,10,2019-04-29 16:35:09+00:00,True,433
187608,2019-05-20T11:18:38,-70.04,-31.54,112.9,5.6,mw,0.01,0.01,1.0,,277.0,65.0,-13.0,13.0,79.0,-154.0,-6.91e+16,1.224e+17,-5.33e+16,-1.783e+16,-5.604e+16,2.3491e+17,GCMT,,slab_deep,96.229057312,slab_deep,2019-05-20T11:18:38,5.3,6.997675171749436,10,2019-05-20 11:18:38+00:00,True,307
187711,2019-05-24T20:16:04,-66.6,-28.05,176.0,5.3,mw,0.01,0.01,1.1,,203.0,30.0,-30.0,320.0,75.0,-117.0,-4.0734e+16,-9018000000000000.0,4.9752e+16,4.5739e+16,-4.9295e+16,-2.38e+16,GCMT,,slab_deep,134.000930786,slab_deep,2019-05-24T20:16:04,5.3,6.997675171749436,10,2019-05-24 20:16:04+00:00,True,503
188077,2019-06-05T16:19:45,-70.15,-27.43,98.3,5.3,mw,0.01,0.01,1.0,,157.0,26.0,-138.0,28.0,73.0,-70.0,-6.975e+16,-1.638e+16,8.614e+16,-5.469e+16,-6.77e+16,5150000000000000.0,GCMT,,slab_deep,65.0322494507,slab_deep,2019-06-05T16:19:45,5.3,6.997675171749436,10,2019-06-05 16:19:45+00:00,True,504
188545,2019-06-20T01:23:30,-68.83,-33.68,162.9,5.5,mw,0.01,0.01,0.8,,352.0,52.0,-157.0,248.0,72.0,-40.0,1500000000000000.0,-8.98e+16,8.83e+16,7.989e+16,-2.961e+16,1.2065e+17,GCMT,,slab_deep,139.071746826,slab_deep,2019-06-20T01:23:30,5.3,6.997675171749436,10,2019-06-20 01:23:30+00:00,True,352
191315,2019-09-26T16:36:22,-72.06,-40.9,139.0,6.1,mw,0.01,0.0,0.4,,96.0,58.0,33.0,347.0,62.0,143.0,5.693e+17,-6.336e+17,6.44e+16,4.195e+17,5.732e+17,1.2148e+18,GCMT,,slab_deep,108.702316284,slab_deep,2019-09-26T16:36:22,5.3,6.997675171749436,10,2019-09-26 16:36:22+00:00,True,166
191678,2019-10-06T10:40:59,-68.5,-21.87,129.7,5.7,mw,0.01,0.01,0.7,,236.0,30.0,-23.0,347.0,79.0,-118.0,-1.3645e+17,-1.4283e+17,2.7929e+17,3040000000000000.0,-2.9838e+17,1.7303e+17,GCMT,,slab_deep,93.5028610229,slab_deep,2019-10-06T10:40:59,5.3,6.997675171749436,10,2019-10-06 10:40:59+00:00,True,277
192425,2019-11-03T13:23:18,-67.774,-29.118,122.0,5.7,mw,,,,,175.06,37.03,-43.53,302.24,65.5,-118.67,-2.1035e+17,1.689e+16,1.9346e+17,1.65e+17,-9.187e+16,-2.339e+17,ISC,,slab_deep,95.5637664795,slab_deep,2019-11-03T13:23:18,5.3,6.997675171749436,10,2019-11-03 13:23:18+00:00,True,278
194459,2020-01-13T02:01:45,-71.42,-40.33,189.9,5.4,mw,0.01,0.01,0.9,,259.0,14.0,-25.0,14.0,84.0,-103.0,-3.237e+16,4.718e+16,-1.481e+16,-5700000000000000.0,-9.16e+16,2.956e+16,GCMT,,slab_deep,136.683517456,slab_deep,2020-01-13T02:01:45,5.3,6.997675171749436,10,2020-01-13 02:01:45+00:00,True,434
194783,2020-01-24T05:13:53,-70.9,-17.34,99.2,5.4,mw,0.01,0.01,1.0,,105.0,18.0,-150.0,347.0,81.0,-75.0,-7.093e+16,-9620000000000000.0,8.055e+16,2.193e+16,-8.396e+16,-3.255e+16,GCMT,,slab_deep,82.6271286011,slab_deep,2020-01-24T05:13:53,5.3,6.997675171749436,10,2020-01-24 05:13:53+00:00,True,435
194856,2020-01-26T18:44:08,-65.88,-21.92,279.5,5.3,mw,0.01,0.01,1.3,,323.0,8.0,66.0,167.0,83.0,93.0,1.96e+16,9280000000000000.0,-2.887e+16,5540000000000000.0,-1.1588e+17,3.194e+16,GCMT,,slab_deep,242.662597656,slab_deep,2020-01-26T18:44:08,5.3,6.997675171749436,10,2020-01-26 18:44:08+00:00,True,505
195835,2020-03-02T10:45:36,-68.193,-21.211,115.0,5.5,mw,,,,,,,,,,,,,,,,,ISC,,slab_deep,108.034500122,slab_deep,2020-03-02T10:45:36,5.3,6.997675171749436,10,2020-03-02 10:45:36+00:00,True,353
195836,2020-03-02T23:07:51,-70.468,-18.052,62.0,5.3,mw,,,,,,,,,,,,,,,,,ISC,,slab_deep,72.6813049316,slab_deep,2020-03-02T23:07:51,5.3,6.997675171749436,10,2020-03-02 23:07:51+00:00,True,506
195935,2020-03-05T06:57:45,-67.57,-28.36,144.6,5.5,mw,0.01,0.01,0.5,,165.0,38.0,-96.0,353.0,52.0,-85.0,-1.9199e+17,1.009e+16,1.819e+17,1.218e+16,-2.681e+16,-4.63e+16,GCMT,,slab_deep,103.913581848,slab_deep,2020-03-05T06:57:45,5.3,6.997675171749436,10,2020-03-05 06:57:45+00:00,True,354
196390,2020-03-22T13:46:41,-67.397,-22.246,175.0,5.4,mw,,,,,,,,,,,,,,,,,ISC,,slab_deep,139.071578979,slab_deep,2020-03-22T13:46:41,5.3,6.997675171749436,10,2020-03-22 13:46:41+00:00,True,436
196516,2020-03-26T01:48:07,-67.773,-21.375,140.0,5.5,mw,,,,,,,,,,,,,,,,,ISC,,slab_deep,127.716835022,slab_deep,2020-03-26T01:48:07,5.3,6.997675171749436,10,2020-03-26 01:48:07+00:00,True,355
197060,2020-04-14T16:02:10,-70.463,-33.89,111.0,5.4,mw,,,,,112.0,55.0,-136.0,353.0,55.0,-45.0,-2.65e+16,6390000000000000.0,2.01e+16,-1.6299999999999998e+16,-1.29e+16,-2.52e+16,ISC,,slab_deep,87.4231033325,slab_deep,2020-04-14T16:02:10,5.3,6.997675171749436,10,2020-04-14 16:02:10+00:00,True,437
197517,2020-04-30T09:23:17,-68.13,-22.66,145.3,5.3,mw,0.01,0.01,0.8,,127.0,46.0,-129.0,357.0,56.0,-57.0,-1.0403e+17,-5000000000000000.0,1.0902e+17,-1.996e+16,-1.903e+16,-6.126e+16,GCMT,,slab_deep,100.003395081,slab_deep,2020-04-30T09:23:17,5.3,6.997675171749436,10,2020-04-30 09:23:17+00:00,True,507
198456,2020-06-02T10:29:15,-69.286,-17.335,163.5,5.3,mw,,,6.1,0.03,,,,,,,,,,,,,USGS,,slab_deep,132.579925537,slab_deep,2020-06-02T10:29:15,5.3,6.997675171749436,10,2020-06-02 10:29:15+00:00,True,508
198472,2020-06-03T07:35:40,-68.44,-23.22,108.6,6.8,mw,0.0,0.0,0.3,,155.0,30.0,-88.0,333.0,60.0,-91.0,-1.745e+19,-5.6e+16,1.7506e+19,5.389e+18,-9.299e+18,-1.0165e+19,GCMT,,slab_deep,88.6814575195,slab_deep,2020-06-03T07:35:40,5.3,6.997675171749436,10,2020-06-03 07:35:40+00:00,True,54
202385,2020-10-09T08:55:52,-66.405,-27.898,163.02,5.4,mw,,,8.1,0.086,,,,,,,,,,,,,USGS,,slab_deep,145.106292725,slab_deep,2020-10-09T08:55:52,5.3,6.997675171749436,10,2020-10-09 08:55:52+00:00,True,438
202461,2020-10-12T21:02:56,-70.933,-16.479,129.45,5.4,mw,,,5.4,0.051,,,,,,,,,,,,,USGS,,slab_deep,119.039253235,slab_deep,2020-10-12T21:02:56,5.3,6.997675171749436,10,2020-10-12 21:02:56+00:00,True,439
202843,2020-10-23T16:29:56,-67.297,-27.587,123.4,5.4,mw,,,5.7,0.111,,,,,,,,,,,,,USGS,,slab_deep,115.079879761,slab_deep,2020-10-23T16:29:56,5.3,6.997675171749436,10,2020-10-23 16:29:56+00:00,True,440
202981,2020-10-28T04:52:35,-71.72,-34.96,76.6,5.4,mw,0.01,0.01,1.0,,342.0,54.0,-148.0,232.0,65.0,-40.0,-1.4826e+17,-7.67e+16,2.2496e+17,6.744e+16,-5310000000000000.0,5.116e+16,GCMT,,slab_deep,53.4689826965,slab_deep,2020-10-28T04:52:35,5.3,6.997675171749436,10,2020-10-28 04:52:35+00:00,True,441
203948,2020-11-30T22:55:06,-67.18,-24.33,189.9,6.3,mw,0.0,0.0,0.4,,198.0,34.0,-61.0,344.0,60.0,-108.0,-2.5429e+18,-9.14e+16,2.6344e+18,7.894e+17,-1.2823e+18,-1.296e+17,GCMT,,slab_deep,132.862457275,slab_deep,2020-11-30T22:55:06,5.3,6.997675171749436,10,2020-11-30 22:55:06+00:00,True,113
204094,2020-12-04T05:48:23,-68.945,-31.323,105.42,5.4,mw,,,4.0,0.082,,,,,,,,,,,,,USGS,,slab_deep,96.3738479614,slab_deep,2020-12-04T05:48:23,5.3,6.997675171749436,10,2020-12-04 05:48:23+00:00,True,442
204133,2020-12-06T16:47:45,-69.07,-20.36,114.0,6.1,mw,0.0,0.0,0.4,,188.0,21.0,-69.0,346.0,70.0,-98.0,-9.349e+17,-1.221e+17,1.057e+18,2.262e+17,-1.2389e+18,-3.66e+16,GCMT,,slab_deep,85.7509078979,slab_deep,2020-12-06T16:47:45,5.3,6.997675171749436,10,2020-12-06 16:47:45+00:00,True,167
204416,2020-12-16T17:48:46,-71.61,-16.68,112.4,5.6,mw,0.01,0.01,0.9,,194.0,28.0,-39.0,320.0,73.0,-113.0,-1.6533e+17,-9.504e+16,2.6037e+17,1.3063e+17,-1.8185e+17,-1.4149e+17,GCMT,,slab_deep,88.8625793457,slab_deep,2020-12-16T17:48:46,5.3,6.997675171749436,10,2020-12-16 17:48:46+00:00,True,308
205597,2021-01-24T00:07:00,-70.01,-33.5,108.0,5.7,mw,,,,,197.0,5.0,-94.0,21.0,85.0,-90.0,3.591e+16,-1.0286e+17,6.695e+16,-9.825e+16,-4.6491e+17,-1.5822e+17,GCMT,,slab_deep,97.2930603027,slab_deep,2021-01-24T00:07:00,5.3,6.997675171749436,10,2021-01-24 00:07:00+00:00,True,279
208066,2021-04-29T02:17:00,-71.05,-37.29,155.0,5.7,mw,,,,,115.0,28.0,-159.0,6.0,80.0,-64.0,-1.1039e+17,-2.186e+16,1.3225e+17,-5.863e+16,-2.7254e+17,-1.5006e+17,GCMT,,slab_deep,115.486801147,slab_deep,2021-04-29T02:17:00,5.3,6.997675171749436,10,2021-04-29 02:17:00+00:00,True,280
209292,2021-06-13T07:31:44,-71.462,-16.085,137.51,5.3,mw,,,5.6,0.025,,,,,,,,,,,,,USGS,,slab_deep,116.803405762,slab_deep,2021-06-13T07:31:44,5.3,6.997675171749436,10,2021-06-13 07:31:44+00:00,True,509
211532,2021-08-23T21:02:24,-69.059,-20.9,103.25,5.3,mw,,,5.0,0.064,,,,,,,,,,,,,USGS,,slab_deep,82.559753418,slab_deep,2021-08-23T21:02:24,5.3,6.997675171749436,10,2021-08-23 21:02:24+00:00,True,510
214535,2021-11-03T03:17:00,-69.91,-32.88,117.0,5.7,mw,,,,,209.0,22.0,-36.0,333.0,77.0,-108.0,-1.8566e+17,-9640000000000000.0,1.9529e+17,1.4846e+17,-3.0383e+17,-2.611e+16,GCMT,,slab_deep,96.4668655396,slab_deep,2021-11-03T03:17:00,5.3,6.997675171749436,10,2021-11-03 03:17:00+00:00,True,281
216042,2021-12-07T09:41:14,-66.545,-27.882,151.1,5.4,mw,,,5.2,0.034,,,,,,,,,,,,,USGS,,slab_deep,138.716156006,slab_deep,2021-12-07T09:41:14,5.3,6.997675171749436,10,2021-12-07 09:41:14+00:00,True,443
217972,2022-01-28T00:31:00,-69.48,-19.13,114.0,5.5,mw,,,,,165.0,27.0,-90.0,345.0,63.0,-90.0,-1.9751e+17,5210000000000000.0,1.923e+17,3.479e+16,-7.122e+16,-7.018e+16,GCMT,,slab_deep,83.9998245239,slab_deep,2022-01-28T00:31:00,5.3,6.997675171749436,10,2022-01-28 00:31:00+00:00,True,356
218896,2022-02-22T06:12:00,-66.19,-22.57,260.0,6.0,mw,,,,,304.0,17.0,62.0,153.0,75.0,98.0,9.741e+17,-2.723e+17,-7.018e+17,3.244e+17,-1.054e+18,3.58e+17,GCMT,,slab_deep,217.932800293,slab_deep,2022-02-22T06:12:00,5.3,6.997675171749436,10,2022-02-22 06:12:00+00:00,True,185
219356,2022-03-06T09:35:00,-68.77,-28.59,116.0,5.5,mw,,,,,338.0,39.0,-74.0,138.0,53.0,-103.0,-2.1624e+17,8.815e+16,1.2809e+17,-2.433e+16,2.856e+16,-1.2538e+17,GCMT,,slab_deep,87.8326950073,slab_deep,2022-03-06T09:35:00,5.3,6.997675171749436,10,2022-03-06 09:35:00+00:00,True,357
220891,2022-04-20T13:19:12,-66.3,-27.249,174.38,5.3,mw,,,6.2,0.032,,,,,,,,,,,,,USGS,,slab_deep,164.793182373,slab_deep,2022-04-20T13:19:12,5.3,6.997675171749436,10,2022-04-20 13:19:12+00:00,True,511
221310,2022-05-02T16:47:20,-67.59,-22.486,168.0,5.7,mw,,,,,,,,,,,,,,,,,ISC,,slab_deep,125.649391174,slab_deep,2022-05-02T16:47:20,5.3,6.997675171749436,10,2022-05-02 16:47:20+00:00,True,282
221624,2022-05-10T23:06:00,-66.76,-23.48,218.0,6.7,mw,,,,,161.0,12.0,-99.0,350.0,78.0,-88.0,-2.811e+18,1.084e+18,1.727e+18,1.913e+18,-1.9022e+19,-1.808e+18,GCMT,,slab_deep,168.06552124,slab_deep,2022-05-10T23:06:00,5.3,6.997675171749436,10,2022-05-10 23:06:00+00:00,True,61
221763,2022-05-14T04:41:39,-67.234,-22.141,181.0,5.8,mw,,,,,,,,,,,,,,,,,ISC,,slab_deep,148.740310669,slab_deep,2022-05-14T04:41:39,5.3,6.997675171749436,10,2022-05-14 04:41:39+00:00,True,257
221889,2022-05-18T18:19:25,-67.215,-21.323,204.0,5.9,mw,,,,,,,,,,,,,,,,,ISC,,slab_deep,161.144546509,slab_deep,2022-05-18T18:19:25,5.3,6.997675171749436,10,2022-05-18 18:19:25+00:00,True,216
222074,2022-05-24T12:57:00,-69.46,-17.63,162.0,5.5,mw,,,,,247.0,19.0,-5.0,342.0,88.0,-109.0,7620000000000000.0,-1.0073e+17,9.311e+16,6.512e+16,-1.7499e+17,8.314e+16,GCMT,,slab_deep,117.088806152,slab_deep,2022-05-24T12:57:00,5.3,6.997675171749436,10,2022-05-24 12:57:00+00:00,True,358
222475,2022-06-06T03:37:28,-66.729,-21.485,226.0,5.8,mw,,,,,,,,,,,,,,,,,ISC,,slab_deep,186.570571899,slab_deep,2022-06-06T03:37:28,5.3,6.997675171749436,10,2022-06-06 03:37:28+00:00,True,258
223797,2022-07-13T17:56:16,-71.418,-16.996,69.035,5.4,mw,,,6.264,0.047,,,,,,,,,,,,,USGS,,slab_deep,82.5115585327,slab_deep,2022-07-13T17:56:16,5.3,6.997675171749436,10,2022-07-13 17:56:16+00:00,True,444
224354,2022-07-27T18:58:00,-68.61,-22.23,120.0,6.2,mw,,,,,214.0,20.0,-55.0,358.0,74.0,-102.0,,,,,,,GCMT,,slab_deep,88.8835144043,slab_deep,2022-07-27T18:58:00,5.3,6.997675171749436,10,2022-07-27 18:58:00+00:00,True,138
225121,2022-08-18T02:10:00,-70.5,-34.42,115.0,5.3,mw,,,,,187.0,21.0,-107.0,25.0,70.0,-84.0,-7.255e+16,4620000000000000.0,6.794e+16,-4.239e+16,-7.027e+16,8510000000000000.0,GCMT,,slab_deep,93.9055023193,slab_deep,2022-08-18T02:10:00,5.3,6.997675171749436,10,2022-08-18 02:10:00+00:00,True,512
225808,2022-09-08T21:59:00,-73.37,-16.26,53.0,5.4,mw,,,,,243.0,13.0,-129.0,102.0,80.0,-82.0,-1.0594e+17,6.591e+16,4.003e+16,-1.2411e+17,1.454e+16,-2.118e+16,GCMT,,slab_deep,50.3565559387,slab_deep,2022-09-08T21:59:00,5.3,6.997675171749436,10,2022-09-08 21:59:00+00:00,True,445
226173,2022-09-16T19:49:27,-67.724,-21.517,153.0,6.0,mw,,,,,,,,,,,,,,,,,ISC,,slab_deep,129.401367188,slab_deep,2022-09-16T19:49:27,5.3,6.997675171749436,10,2022-09-16 19:49:27+00:00,True,186
229186,2022-12-10T06:41:00,-68.19,-23.02,134.0,5.6,mw,,,,,154.0,36.0,-83.0,326.0,54.0,-95.0,-2.9869e+17,5.063e+16,2.4806e+17,6.22e+16,-3.994e+16,-1.6966e+17,GCMT,,slab_deep,96.1274414062,slab_deep,2022-12-10T06:41:00,5.3,6.997675171749436,10,2022-12-10 06:41:00+00:00,True,309
229784,2022-12-30T22:35:26,-67.14,-24.027,232.941,4.9,mw,,,5.816,0.191,,,,,,,,,,,,,USGS,,slab_deep,137.186569214,slab_deep,2022-12-30T22:35:26,,,-1,2022-12-30 22:35:26+00:00,True,568
229836,2022-12-31T03:31:00,-68.83,-22.93,109.0,5.1,mw,,,,,158.0,31.0,-102.0,352.0,60.0,-83.0,-3.1117e+16,-1437000000000000.0,3.2555e+16,-2225000000000000.0,-5.6217e+16,-40000000000000.0,GCMT,,slab_deep,80.5385665894,slab_deep,2022-12-31T03:31:00,,,-1,2022-12-31 03:31:00+00:00,True,530
229837,2022-12-31T23:04:00,-69.58,-16.57,204.0,5.0,mw,,,,,229.0,39.0,-21.0,336.0,77.0,-127.0,,,,,,,GCMT,,slab_deep,158.293502808,slab_deep,2022-12-31T23:04:00,,,-1,2022-12-31 23:04:00+00:00,True,550
