id,time_iso,longitude,latitude,depth,mag,mag_type,lon_error,lat_error,depth_error,mag_error,strike1,dip1,rake1,strike2,dip2,rake2,Mrr,Mtt,Mpp,Mrt,Mrp,Mtp,source,dups,class_raw,sub_depth,class,time,mc_window,tc_years,mc_window_index,time_dt,is_mainshock,cluster_id
1,1513-01-01T00:00:00,-72.3,-17.21,30.0,8.7,mw,,,,0.2,,,,,,,,,,,,,CERESIS-GEM,,slab_interface,42.1423606873,slab_interface,1513-01-01T00:00:00,8.2,386.9924709103354,0,,True,0
3,1543-01-01T00:00:00,-70.8,-19.0,47.04,8.7,mw,,,,0.6,,,,,,,,,,,,,CERESIS-GEM,,slab_interface,35.7434310913,slab_interface,1543-01-01T00:00:00,8.2,386.9924709103354,0,,True,0
7,1570-02-08T05:00:00,-73.5,-36.75,35.8,8.3,mw,,,,0.2,,,,,,,,,,,,,CERESIS-GEM,,slab_interface,23.4220485687,slab_interface,1570-02-08T05:00:00,8.2,386.9924709103354,0,,True,0
9,1575-12-16T18:30:00,-73.96,-39.8,52.22,9.1,mw,,,,0.2,,,,,,,,,,,,,CERESIS-GEM,,slab_interface,24.9385643005,slab_interface,1575-12-16T18:30:00,8.2,386.9924709103354,0,,True,0
18,1604-11-24T18:30:00,-71.9,-17.4,35.0,8.7,mw,,,,0.6,,,,,,,,,,,,,CERESIS-GEM,,slab_interface,47.0885658264,slab_interface,1604-11-24T18:30:00,8.2,386.9924709103354,0,,True,0
24,1647-05-14T02:30:00,-72.0,-33.0,30.0,8.4,mw,,,,0.2,,,,,,,,,,,,,CERESIS-GEM,,slab_interface,21.6819496155,slab_interface,1647-05-14T02:30:00,8.2,386.9924709103354,0,,True,0
39,1730-07-08T10:00:00,-71.63,-33.05,33.36,9.1,mw,,,,0.2,,,,,,,,,,,,,CERESIS-GEM,,slab_interface,32.8768424988,slab_interface,1730-07-08T10:00:00,8.2,386.9924709103354,0,1730-07-08 10:00:00+00:00,True,0
43,1751-05-25T05:30:00,-73.03,-36.83,35.49,8.5,mw,,,,0.2,,,,,,,,,,,,,CERESIS-GEM,,slab_interface,35.0675544739,slab_interface,1751-05-25T05:30:00,8.2,386.9924709103354,0,1751-05-25 05:30:00+00:00,True,0
47,1784-05-13T12:36:00,-72.0,-16.5,64.55,8.4,mw,,,,0.6,,,,,,,,,,,,,CERESIS-GEM,,forearc,82.3782653809,forearc,1784-05-13T12:36:00,8.2,386.9924709103354,0,1784-05-13 12:36:00+00:00,True,0
77,1819-04-11T15:00:00,-71.45,-27.85,55.21,8.5,mw,,,,0.2,,,,,,,,,,,,,CERESIS-GEM,,slab_interface,17.0310707092,slab_interface,1819-04-11T15:00:00,8.2,386.9924709103354,0,1819-04-11 15:00:00+00:00,True,0
79,1821-07-10T13:00:00,-72.967,-16.107,47.9,8.2,mw,,,,0.2,,,,,,,,,,,,,CERESIS-GEM,,forearc,67.0105133057,forearc,1821-07-10T13:00:00,8.2,386.9924709103354,0,1821-07-10 13:00:00+00:00,True,0
81,1822-11-20T02:30:00,-71.93,-32.55,33.36,8.3,mw,,,,0.2,,,,,,,,,,,,,CERESIS-GEM,,slab_interface,22.5020484924,slab_interface,1822-11-20T02:30:00,8.2,386.9924709103354,0,1822-11-20 02:30:00+00:00,True,0
97,1835-02-20T15:30:00,-73.35,-36.13,35.49,8.5,mw,,,,0.2,,,,,,,,,,,,,CERESIS-GEM,,slab_interface,22.6144161224,slab_interface,1835-02-20T15:30:00,8.2,386.9924709103354,0,1835-02-20 15:30:00+00:00,True,0
100,1837-11-07T11:30:00,-74.35,-43.15,52.22,8.8,mw,,,,0.2,,,,,,,,,,,,,CERESIS-GEM,,slab_interface,24.582868576,slab_interface,1837-11-07T11:30:00,8.2,386.9924709103354,0,1837-11-07 11:30:00+00:00,True,0
132,1868-08-13T16:45:00,-72.15,-17.15,45.0,9.0,mw,,,,0.2,,,,,,,,,,,,,CERESIS-GEM,,slab_interface,49.2589683533,slab_interface,1868-08-13T16:45:00,8.2,386.9924709103354,0,1868-08-13 16:45:00+00:00,True,0
153,1877-05-10T02:16:00,-70.47,-20.65,47.92,8.8,mw,,,,0.2,,,,,,,,,,,,,CERESIS-GEM,,slab_interface,29.9515972137,slab_interface,1877-05-10T02:16:00,8.2,386.9924709103354,0,1877-05-10 02:16:00+00:00,True,0
181,1902-03-05T19:03:00,-70.0,-20.0,52.67,6.8,mw,,,,0.2,,,,,,,,,,,,,CERESIS-GEM,,slab_deep,52.5618515015,slab_deep,1902-03-05T19:03:00,6.8,49.99863107460644,1,1902-03-05 19:03:00+00:00,True,37
183,1903-12-07T14:44:00,-70.0,-27.0,68.22,6.8,mw,,,,0.2,,,,,,,,,,,,,CERESIS-GEM,,slab_deep,68.0207214355,slab_deep,1903-12-07T14:44:00,6.8,49.99863107460644,1,1903-12-07 14:44:00+00:00,True,38
184,1904-03-19T06:28:00,-71.0,-29.0,0.0,6.9,mw,,,,,,,,,,,,,,,,,ISC,,forearc,45.6872215271,forearc,1904-03-19T06:28:00,6.8,49.99863107460644,1,1904-03-19 06:28:00+00:00,True,11
185,1905-04-26T21:43:00,-70.0,-21.0,60.0,6.8,mw,,,,0.2,,,,,,,,,,,,,CERESIS-GEM,,slab_interface,45.3821334839,slab_interface,1905-04-26T21:43:00,6.8,49.99863107460644,1,1905-04-26 21:43:00+00:00,True,45
186,1905-10-26T00:00:00,-70.75,-34.17,80.05,6.8,mw,,,,0.6,,,,,,,,,,,,,CERESIS-GEM,,slab_deep,79.7492141724,slab_deep,1905-10-26T00:00:00,6.8,49.99863107460644,1,1905-10-26 00:00:00+00:00,True,39
189,1906-08-17T00:40:00,-72.0,-33.0,25.0,8.2,mw,,,,0.6,,,,,,,,,,,,,CERESIS-GEM,,slab_interface,21.6819496155,slab_interface,1906-08-17T00:40:00,6.8,49.99863107460644,1,1906-08-17 00:40:00+00:00,True,6
191,1906-08-30T02:38:26,-70.092,-18.358,60.0,6.9,mw,,,31.6,0.26,,,,,,,,,,,,,ISC-GEM,,forearc,77.3906021118,forearc,1906-08-30T02:38:26,6.8,49.99863107460644,1,1906-08-30 02:38:26+00:00,True,12
195,1906-12-26T05:53:20,-70.607,-19.551,35.0,6.9,mw,,,18.7,0.21,,,,,,,,,,,,,ISC-GEM,,slab_interface,34.3277778625,slab_interface,1906-12-26T05:53:20,6.8,49.99863107460644,1,1906-12-26 05:53:20+00:00,True,38
197,1907-06-13T09:18:11,-72.153,-40.055,15.0,6.9,mw,,,25.0,0.28,,,,,,,,,,,,,ISC-GEM,,intraarc_shallow,,intraarc,1907-06-13T09:18:11,6.8,49.99863107460644,1,1907-06-13 09:18:11+00:00,True,5
205,1909-06-08T05:46:37,-70.502,-26.154,35.0,7.7,mw,,,20.1,0.58,,,,,,,,,,,,,ISC-GEM,,slab_interface,39.8185501099,slab_interface,1909-06-08T05:46:37,6.8,49.99863107460644,1,1909-06-08 05:46:37+00:00,True,13
207,1910-09-06T20:03:02,-70.699,-27.421,35.0,6.9,mw,,,6.5,0.2,,,,,,,,,,,,,ISC-GEM,,slab_interface,38.9113273621,slab_interface,1910-09-06T20:03:02,6.8,49.99863107460644,1,1910-09-06 20:03:02+00:00,True,39
208,1910-10-04T23:00:06,-70.15,-22.2,40.0,7.2,mw,,,,0.2,,,,,,,,,,,,,CERESIS-GEM,,slab_interface,37.4834098816,slab_interface,1910-10-04T23:00:06,6.8,49.99863107460644,1,1910-10-04 23:00:06+00:00,True,24
209,1911-09-15T13:09:56,-71.292,-20.18,15.0,7.2,mw,,,25.0,0.26,,,,,,,,,,,,,ISC-GEM,,outer_rise,,outer_rise,1911-09-15T13:09:56,6.8,49.99863107460644,1,1911-09-15 13:09:56+00:00,True,3
210,1913-05-24T23:24:55,-72.245,-25.619,15.0,6.9,mw,,,25.0,0.23,,,,,,,,,,,,,ISC-GEM,,outer_rise,,outer_rise,1913-05-24T23:24:55,6.8,49.99863107460644,1,1913-05-24 23:24:55+00:00,True,6
213,1913-08-06T22:14:37,-73.738,-16.534,25.0,7.7,mw,,,13.3,0.25,,,,,,,,,,,,,ISC-GEM,,slab_interface,27.759223938,slab_interface,1913-08-06T22:14:37,6.8,49.99863107460644,1,1913-08-06 22:14:37+00:00,True,14
216,1914-01-30T03:36:07,-73.309,-34.763,15.0,7.7,mw,,,25.0,0.41,,,,,,,,,,,,,ISC-GEM,,slab_interface,10.0139665604,slab_interface,1914-01-30T03:36:07,6.8,49.99863107460644,1,1914-01-30 03:36:07+00:00,True,15
218,1914-02-26T04:58:12,-67.0,-18.0,130.0,7.1,mw,,,,,,,,,,,,,,,,,ISC,,forearc,248.403213501,forearc,1914-02-26T04:58:12,6.8,49.99863107460644,1,1914-02-26 04:58:12+00:00,True,6
222,1915-06-06T21:29:37,-68.5,-18.5,160.0,7.5,mw,,,,,,,,,,,,,,,,,ISC,,slab_deep,140.655349731,slab_deep,1915-06-06T21:29:37,6.8,49.99863107460644,1,1915-06-06 21:29:37+00:00,True,5
226,1916-08-25T09:44:22,-71.886,-20.162,15.0,6.9,mw,,,25.0,0.21,,,,,,,,,,,,,ISC-GEM,,outer_rise,,outer_rise,1916-08-25T09:44:22,6.8,49.99863107460644,1,1916-08-25 09:44:22+00:00,True,7
228,1916-12-23T09:24:34,-69.642,-22.762,75.0,6.8,mw,,,21.4,0.2,,,,,,,,,,,,,ISC-GEM,,slab_deep,56.9580230713,slab_deep,1916-12-23T09:24:34,6.8,49.99863107460644,1,1916-12-23 09:24:34+00:00,True,40
229,1917-02-15T00:48:28,-71.789,-30.519,35.0,6.9,mw,,,13.4,0.2,,,,,,,,,,,,,ISC-GEM,,slab_interface,23.3638153076,slab_interface,1917-02-15T00:48:28,6.8,49.99863107460644,1,1917-02-15 00:48:28+00:00,True,40
232,1918-05-20T17:55:08,-71.93,-29.178,20.0,7.5,mw,,,16.0,0.23,,,,,,,,,,,,,ISC-GEM,,slab_interface,14.9224319458,slab_interface,1918-05-20T17:55:08,6.8,49.99863107460644,1,1918-05-20 17:55:08+00:00,True,18
234,1918-12-04T11:47:51,-70.65,-26.462,40.0,8.0,mw,,,19.5,0.2,,,,,,,,,,,,,ISC-GEM,,slab_interface,34.6814460754,slab_interface,1918-12-04T11:47:51,6.8,49.99863107460644,1,1918-12-04 11:47:51+00:00,True,10
237,1919-03-02T11:45:15,-73.5,-41.0,35.0,7.2,mw,,,25.0,0.42,,,,,,,,,,,,,ISC-GEM,,slab_interface,42.1394691467,slab_interface,1919-03-02T11:45:15,6.8,49.99863107460644,1,1919-03-02 11:45:15+00:00,True,25
238,1919-03-09T03:16:59,-74.365,-41.422,15.0,6.9,mw,,,25.0,0.5,,,,,,,,,,,,,ISC-GEM,,slab_interface,19.0585842133,slab_interface,1919-03-09T03:16:59,6.8,49.99863107460644,1,1919-03-09 03:16:59+00:00,True,41
245,1920-08-03T19:57:22,-67.867,-27.475,15.0,7.0,mw,,,25.0,0.21,,,,,,,,,,,,,ISC-GEM,,backarc,,unclassified,1920-08-03T19:57:22,6.8,49.99863107460644,1,1920-08-03 19:57:22+00:00,True,3
247,1920-08-20T16:15:43,-72.887,-37.911,15.0,7.0,mw,,,5.8,0.2,,,,,,,,,,,,,ISC-GEM,,forearc,45.2538070679,forearc,1920-08-20T16:15:43,6.8,49.99863107460644,1,1920-08-20 16:15:43+00:00,True,8
251,1920-12-10T04:25:50,-73.0,-39.102,25.0,7.4,mw,,,25.0,0.56,,,,,,,,,,,,,ISC-GEM,,forearc,53.6902160645,forearc,1920-12-10T04:25:50,6.8,49.99863107460644,1,1920-12-10 04:25:50+00:00,True,3
255,1921-10-20T06:03:23,-68.77,-19.87,117.0,7.2,mw,,,,,,,,,,,,,,,,,ISC,,slab_deep,101.443992615,slab_deep,1921-10-20T06:03:23,6.8,49.99863107460644,1,1921-10-20 06:03:23+00:00,True,9
256,1922-01-06T14:11:08,-72.639,-17.536,15.0,6.8,mw,,,9.9,0.29,,,,,,,,,,,,,ISC-GEM,,slab_interface,21.3271141052,slab_interface,1922-01-06T14:11:08,6.8,49.99863107460644,1,1922-01-06 14:11:08+00:00,True,46
258,1922-03-28T03:57:54,-68.0,-21.0,90.0,7.2,mw,,,,0.2,,,,,,,,,,,,,CERESIS-GEM,,intraarc_deep,,intraarc,1922-03-28T03:57:54,6.8,49.99863107460644,1,1922-03-28 03:57:54+00:00,True,2
260,1922-10-11T14:49:57,-72.705,-16.287,75.0,7.2,mw,,,23.6,0.47,,,,,,,,,,,,,ISC-GEM,,slab_deep,66.5761795044,slab_deep,1922-10-11T14:49:57,6.8,49.99863107460644,1,1922-10-11 14:49:57+00:00,True,10
262,1922-11-10T04:32:00,-71.5,-28.5,25.0,8.5,mw,,,14.8,0.2,,,,,,,,,,,,,ISC-GEM,,slab_interface,20.7873725891,slab_interface,1922-11-10T04:32:00,6.8,49.99863107460644,1,1922-11-10 04:32:00+00:00,True,3
263,1922-11-17T11:02:54,-72.486,-30.42,15.0,6.8,mw,,,14.3,0.29,,,,,,,,,,,,,ISC-GEM,,outer_rise,,outer_rise,1922-11-17T11:02:54,6.8,49.99863107460644,1,1922-11-17 11:02:54+00:00,True,10
268,1923-07-04T16:49:00,-66.0,-18.0,153.0,6.9,mw,,,,0.2,,,,,,,,,,,,,CERESIS-GEM,,forearc,334.154510498,forearc,1923-07-04T16:49:00,6.8,49.99863107460644,1,1923-07-04 16:49:00+00:00,True,13
271,1923-09-02T22:38:12,-68.5,-16.0,150.0,7.0,mw,,,,0.2,,,,,,,,,,,,,CERESIS-GEM,,forearc,252.696975708,forearc,1923-09-02T22:38:12,6.8,49.99863107460644,1,1923-09-02 22:38:12+00:00,True,9
281,1924-03-06T09:19:56,-66.0,-19.5,193.0,6.9,mw,,,,0.2,,,,,,,,,,,,,CERESIS-GEM,,forearc,283.393218994,forearc,1924-03-06T09:19:56,6.8,49.99863107460644,1,1924-03-06 09:19:56+00:00,True,14
291,1925-10-25T04:30:00,-73.0,-18.0,9.42,6.9,mw,,,,0.2,,,,,,,,,,,,,CERESIS-GEM,,outer_rise,,outer_rise,1925-10-25T04:30:00,6.8,49.99863107460644,1,1925-10-25 04:30:00+00:00,True,8
296,1926-04-28T11:13:45,-68.051,-22.556,90.0,6.8,mw,,,,,,,,,,,,,,,,,ISC,,slab_deep,104.379135132,slab_deep,1926-04-28T11:13:45,6.8,49.99863107460644,1,1926-04-28 11:13:45+00:00,True,41
300,1926-06-05T01:20:15,-78.5,-17.0,,6.8,mw,,,,0.2,,,,,,,,,,,,,CERESIS-GEM,,outer_rise,,outer_rise,1926-06-05T01:20:15,6.8,49.99863107460644,1,1926-06-05 01:20:15+00:00,True,11
312,1927-01-20T10:16:18,-67.0,-21.0,133.0,6.8,mw,,,,0.2,,,,,,,,,,,,,CERESIS-GEM,,forearc,178.377212524,forearc,1927-01-20T10:16:18,6.8,49.99863107460644,1,1927-01-20 10:16:18+00:00,True,17
318,1927-04-14T06:23:39,-69.396,-32.526,110.0,7.2,mw,,,,,,,,,,,,,,,,,ISC,,slab_deep,105.51890564,slab_deep,1927-04-14T06:23:39,6.8,49.99863107460644,1,1927-04-14 06:23:39+00:00,True,11
331,1927-11-21T23:12:34,-72.686,-44.861,15.0,7.0,mw,,,25.0,0.2,,,,,,,,,,,,,ISC-GEM,,intraarc_shallow,,intraarc,1927-11-21T23:12:34,6.8,49.99863107460644,1,1927-11-21 23:12:34+00:00,True,4
354,1928-11-20T20:35:12,-70.057,-23.157,45.0,7.0,mw,,,20.4,0.35,,,,,,,,,,,,,ISC-GEM,,slab_interface,42.7449188232,slab_interface,1928-11-20T20:35:12,6.8,49.99863107460644,1,1928-11-20 20:35:12+00:00,True,31
356,1928-12-01T04:06:18,-72.9,-35.5,40.0,8.1,mw,,,7.3,0.4,20.0,25.0,80.0,211.0,65.0,95.0,,,,,,,ISC-GEM,,slab_interface,24.5710220337,slab_interface,1928-12-01T04:06:18,6.8,49.99863107460644,1,1928-12-01 04:06:18+00:00,True,9
380,1929-10-19T10:12:00,-69.0,-23.0,100.0,7.5,mw,,,,,,,,,,,,,,,,,CERESIS-GEM,,slab_deep,76.9564666748,slab_deep,1929-10-19T10:12:00,6.8,49.99863107460644,1,1929-10-19 10:12:00+00:00,True,6
404,1931-03-18T08:02:25,-72.0,-31.7,35.0,7.0,mw,,,10.9,0.26,,,,,,,,,,,,,ISC-GEM,,slab_interface,19.9963207245,slab_interface,1931-03-18T08:02:25,6.8,49.99863107460644,1,1931-03-18 08:02:25+00:00,True,32
448,1933-02-23T08:09:19,-70.192,-20.521,35.0,7.7,mw,,,20.9,0.27,,,,,,,,,,,,,ISC-GEM,,slab_interface,40.1065826416,slab_interface,1933-02-23T08:09:19,6.8,49.99863107460644,1,1933-02-23 08:09:19+00:00,True,16
461,1933-10-25T23:28:15,-66.428,-23.647,205.0,7.0,mw,,,,,,,,,,,,,,,,,ISC,,slab_deep,188.850082397,slab_deep,1933-10-25T23:28:15,6.8,49.99863107460644,1,1933-10-25 23:28:15+00:00,True,19
480,1934-06-24T05:59:34,-68.6,-22.0,100.0,6.9,mw,,,,0.2,,,,,,,,,,,,,CERESIS-GEM,,slab_deep,89.9944152832,slab_deep,1934-06-24T05:59:34,6.8,49.99863107460644,1,1934-06-24 05:59:34+00:00,True,28
510,1936-03-01T20:45:00,-72.5,-40.0,120.0,7.0,mw,,,,,,,,,,,,,,,,,CSN-improved,,slab_deep,84.712348938,slab_deep,1936-03-01T20:45:00,6.8,49.99863107460644,1,1936-03-01 20:45:00+00:00,True,20
515,1936-07-13T11:12:19,-70.155,-24.718,35.0,7.5,mw,,,5.6,0.39,,,,,,,,,,,,,ISC-GEM,,slab_interface,46.9511375427,slab_interface,1936-07-13T11:12:19,6.8,49.99863107460644,1,1936-07-13 11:12:19+00:00,True,19
552,1939-01-24T03:32:15,-72.213,-36.296,100.0,8.0,mw,,,6.2,0.2,,,,,,,,,,,,,ISC-GEM,,slab_deep,59.1176147461,slab_deep,1939-01-24T03:32:15,6.8,49.99863107460644,1,1939-01-24 03:32:15+00:00,True,1
554,1939-04-18T06:22:44,-70.875,-27.218,35.0,7.4,mw,,,6.2,0.26,,,,,,,,,,,,,ISC-GEM,,slab_interface,29.0539608002,slab_interface,1939-04-18T06:22:44,6.8,49.99863107460644,1,1939-04-18 06:22:44+00:00,True,21
579,1940-10-04T07:55:01,-70.425,-19.978,35.0,7.2,mw,,,6.2,0.22,,,,,,,,,,,,,ISC-GEM,,slab_interface,34.6924324036,slab_interface,1940-10-04T07:55:01,6.8,49.99863107460644,1,1940-10-04 07:55:01+00:00,True,26
581,1940-10-06T15:35:42,-70.4,-17.8,200.0,6.8,mw,,,,0.2,,,,,,,,,,,,,CERESIS-GEM,,slab_deep,81.8183059692,slab_deep,1940-10-06T15:35:42,6.8,49.99863107460644,1,1940-10-06 15:35:42+00:00,True,42
583,1940-10-11T18:41:20,-73.712,-41.976,35.0,6.9,mw,,,25.0,0.38,,,,,,,,,,,,,ISC-GEM,,slab_interface,40.7850875854,slab_interface,1940-10-11T18:41:20,6.8,49.99863107460644,1,1940-10-11 18:41:20+00:00,True,42
587,1941-04-03T15:21:34,-66.588,-23.121,200.0,7.2,mw,,,,,,,,,,,,,,,,,ISC,,slab_deep,182.921676636,slab_deep,1941-04-03T15:21:34,6.8,49.99863107460644,1,1941-04-03 15:21:34+00:00,True,12
596,1942-06-29T06:26:40,-70.238,-33.037,95.0,6.8,mw,,,,,,,,,,,,,,,,,ISC,,slab_deep,87.3247299194,slab_deep,1942-06-29T06:26:40,6.8,49.99863107460644,1,1942-06-29 06:26:40+00:00,True,43
598,1942-07-08T06:55:44,-70.04,-24.373,35.0,6.8,mw,,,5.6,0.2,,,,,,,,,,,,,ISC-GEM,,slab_interface,48.240688324,slab_interface,1942-07-08T06:55:44,6.8,49.99863107460644,1,1942-07-08 06:55:44+00:00,True,47
607,1943-03-14T18:38:03,-68.967,-19.671,120.0,7.2,mw,,,,,,,,,,,,,,,,,ISC,,slab_deep,96.6078491211,slab_deep,1943-03-14T18:38:03,6.8,49.99863107460644,1,1943-03-14 18:38:03+00:00,True,13
608,1943-04-06T16:07:18,-72.0,-31.262,35.0,8.2,mw,,,19.5,0.4,,,,,,,,,,,,,ISC-GEM,,slab_interface,19.1288471222,slab_interface,1943-04-06T16:07:18,6.8,49.99863107460644,1,1943-04-06 16:07:18+00:00,True,7
620,1943-12-01T10:34:50,-68.856,-20.733,114.0,6.9,mw,,,,,,,,,,,,,,,,,ISC,,slab_deep,89.2919616699,slab_deep,1943-12-01T10:34:50,6.8,49.99863107460644,1,1943-12-01 10:34:50+00:00,True,29
622,1944-01-15T23:49:31,-68.491,-31.496,15.0,6.9,mw,,,3.3,0.3,45.0,35.0,110.0,201.0,57.0,77.0,,,,,,,ISC-GEM,,backarc,,unclassified,1944-01-15T23:49:31,6.8,49.99863107460644,1,1944-01-15 23:49:31+00:00,True,5
631,1945-09-13T11:17:14,-70.418,-33.757,92.0,7.0,mw,,,,,,,,,,,,,,,,,ISC,,slab_deep,87.2664642334,slab_deep,1945-09-13T11:17:14,6.8,49.99863107460644,1,1945-09-13 11:17:14+00:00,True,21
637,1946-08-02T19:18:52,-70.568,-26.449,39.2,7.0,mw,,,5.0,0.2,,,,,,,,,,,,,ISC-GEM,,slab_interface,39.0861053467,slab_interface,1946-08-02T19:18:52,6.8,49.99863107460644,1,1946-08-02 19:18:52+00:00,True,33
653,1948-05-11T09:34:00,-71.8,-17.9,30.0,7.4,mw,,,,0.6,,,,,,,,,,,,,CERESIS-GEM,,slab_interface,31.2964191437,slab_interface,1948-05-11T09:34:00,6.8,49.99863107460644,1,1948-05-11 09:34:00+00:00,True,22
668,1949-04-20T03:29:10,-72.713,-37.634,57.7,7.0,mw,,,5.9,0.33,,,,,,,,,,,,,ISC-GEM,,slab_deep,51.0705833435,slab_deep,1949-04-20T03:29:10,6.8,49.99863107460644,1,1949-04-20 03:29:10+00:00,True,22
669,1949-04-25T13:55:00,-69.107,-19.753,69.6,7.2,mw,,,,0.29,,,,,,,,,,,,,CERESIS-GEM,,intraarc_deep,,intraarc,1949-04-25T13:55:00,6.8,49.99863107460644,1,1949-04-25 13:55:00+00:00,True,3
671,1949-05-30T01:32:53,-68.408,-20.581,98.0,7.0,mw,,,,,,,,,,,,,,,,,ISC,,slab_deep,105.649337769,slab_deep,1949-05-30T01:32:53,6.8,49.99863107460644,1,1949-05-30 01:32:53+00:00,True,23
678,1949-12-17T06:53:32,-71.0,-54.0,10.0,8.0,mw,,,25.0,0.25,,,,,,,,,,,,,ISC-GEM,,backarc,,unclassified,1949-12-17T06:53:32,6.8,49.99863107460644,1,1949-12-17 06:53:32+00:00,True,1
681,1950-01-21T14:09:49,-71.5,-36.0,64.0,6.2,mw,,,,0.6,,,,,,,,,,,,,CERESIS-GEM,,forearc,81.3037338257,forearc,1950-01-21T14:09:49,5.9,25.99863107460644,2,1950-01-21 14:09:49+00:00,True,37
683,1950-03-05T18:01:23,-68.7,-22.1,160.0,6.2,mw,,,,0.6,,,,,,,,,,,,,CERESIS-GEM,,slab_deep,86.9344100952,slab_deep,1950-03-05T18:01:23,5.9,25.99863107460644,2,1950-03-05 18:01:23+00:00,True,114
688,1950-09-09T05:37:38,-70.6,-27.0,40.12,6.2,mw,,,,0.6,,,,,,,,,,,,,CERESIS-GEM,,slab_interface,40.3722457886,slab_interface,1950-09-09T05:37:38,5.9,25.99863107460644,2,1950-09-09 05:37:38+00:00,True,96
689,1950-09-25T18:09:27,-71.3,-32.5,46.68,6.2,mw,,,,0.6,,,,,,,,,,,,,CERESIS-GEM,,slab_interface,46.5564575195,slab_interface,1950-09-25T18:09:27,5.9,25.99863107460644,2,1950-09-25 18:09:27+00:00,True,97
691,1950-12-09T21:38:52,-67.912,-23.977,113.9,8.0,mw,,,6.0,0.4,,,,,,,,,,,,,ISC-GEM,,slab_deep,101.773658752,slab_deep,1950-12-09T21:38:52,5.9,25.99863107460644,2,1950-12-09 21:38:52+00:00,True,2
693,1950-12-21T11:36:48,-71.0,-29.5,100.0,6.2,mw,,,,0.6,,,,,,,,,,,,,CERESIS-GEM,,slab_deep,51.5293807983,slab_deep,1950-12-21T11:36:48,5.9,25.99863107460644,2,1950-12-21 11:36:48+00:00,True,115
694,1951-01-03T17:27:19,-73.519,-38.589,35.0,6.2,mw,,,6.5,0.2,,,,,,,,,,,,,ISC-GEM,,slab_interface,31.9039573669,slab_interface,1951-01-03T17:27:19,5.9,25.99863107460644,2,1951-01-03 17:27:19+00:00,True,98
697,1951-04-14T00:45:29,-66.4,-23.3,223.0,6.8,mw,,,,0.2,,,,,,,,,,,,,CERESIS-GEM,,slab_deep,196.177429199,slab_deep,1951-04-14T00:45:29,5.9,25.99863107460644,2,1951-04-14 00:45:29+00:00,True,44
699,1951-05-10T21:32:58,-72.101,-34.152,32.7,6.1,mw,,,4.7,0.25,,,,,,,,,,,,,ISC-GEM,,slab_interface,26.2956752777,slab_interface,1951-05-10T21:32:58,5.9,25.99863107460644,2,1951-05-10 21:32:58+00:00,True,116
700,1951-05-15T05:18:40,-69.86,-21.462,53.3,6.1,mw,,,5.1,0.2,,,,,,,,,,,,,ISC-GEM,,slab_deep,50.2137985229,slab_deep,1951-05-15T05:18:40,5.9,25.99863107460644,2,1951-05-15 05:18:40+00:00,True,139
702,1951-06-28T03:36:52,-71.5,-17.0,78.89,6.2,mw,,,,0.6,,,,,,,,,,,,,CERESIS-GEM,,slab_deep,79.1357498169,slab_deep,1951-06-28T03:36:52,5.9,25.99863107460644,2,1951-06-28 03:36:52+00:00,True,116
706,1951-10-03T11:07:09,-70.5,-18.8,64.0,6.5,mw,,,,0.6,,,,,,,,,,,,,CERESIS-GEM,,slab_deep,51.0856208801,slab_deep,1951-10-03T11:07:09,5.9,25.99863107460644,2,1951-10-03 11:07:09+00:00,True,69
708,1951-11-09T22:07:55,-68.0,-21.75,120.0,6.1,mw,,,,0.29,,,,,,,,,,,,,CERESIS-GEM,,slab_deep,112.329429626,slab_deep,1951-11-09T22:07:55,5.9,25.99863107460644,2,1951-11-09 22:07:55+00:00,True,140
710,1952-02-20T09:10:03,-74.5,-16.0,96.0,6.2,mw,,,,0.6,,,,,,,,,,,,,CERESIS-GEM,,outer_rise,,outer_rise,1952-02-20T09:10:03,5.9,25.99863107460644,2,1952-02-20 09:10:03+00:00,True,16
714,1952-05-24T01:59:12,-70.956,-20.872,25.0,6.0,mw,,,3.9,0.2,,,,,,,,,,,,,ISC-GEM,,slab_interface,15.4533634186,slab_interface,1952-05-24T01:59:12,5.9,25.99863107460644,2,1952-05-24 01:59:12+00:00,True,132
716,1952-06-11T00:31:44,-68.483,-31.672,25.0,6.8,mw,,,7.8,0.3,40.0,75.0,30.0,301.0,61.0,163.0,,,,,,,ISC-GEM,,backarc,,unclassified,1952-06-11T00:31:44,5.9,25.99863107460644,2,1952-06-11 00:31:44+00:00,True,6
717,1952-07-05T23:06:20,-71.411,-30.652,35.0,6.1,mw,,,19.0,0.45,,,,,,,,,,,,,ISC-GEM,,slab_interface,39.9405479431,slab_interface,1952-07-05T23:06:20,5.9,25.99863107460644,2,1952-07-05 23:06:20+00:00,True,117
718,1952-08-18T13:05:03,-71.572,-30.041,35.0,6.2,mw,,,20.3,0.2,,,,,,,,,,,,,ISC-GEM,,slab_interface,30.7079772949,slab_interface,1952-08-18T13:05:03,5.9,25.99863107460644,2,1952-08-18 13:05:03+00:00,True,99
719,1952-09-21T02:30:40,-65.814,-22.216,268.0,7.2,mw,,,,,,,,,,,,,,,,,ISC,,slab_deep,251.384567261,slab_deep,1952-09-21T02:30:40,5.9,25.99863107460644,2,1952-09-21 02:30:40+00:00,True,14
721,1952-10-12T04:28:32,-71.0,-17.4,78.18,6.0,mw,,,,0.29,,,,,,,,,,,,,CERESIS-GEM,,slab_deep,77.4939727783,slab_deep,1952-10-12T04:28:32,5.9,25.99863107460644,2,1952-10-12 04:28:32+00:00,True,168
723,1953-01-06T16:05:43,-67.5,-21.0,160.0,5.9,mw,,,,0.29,,,,,,,,,,,,,CERESIS-GEM,,slab_deep,147.244430542,slab_deep,1953-01-06T16:05:43,5.9,25.99863107460644,2,1953-01-06 16:05:43+00:00,True,187
724,1953-02-12T00:16:00,-71.7,-17.5,40.0,6.2,mw,,,,0.6,,,,,,,,,,,,,CERESIS-GEM,,slab_interface,49.5815544128,slab_interface,1953-02-12T00:16:00,5.9,25.99863107460644,2,1953-02-12 00:16:00+00:00,True,100
725,1953-05-02T23:50:00,-71.1,-17.2,20.0,6.2,mw,,,,0.6,,,,,,,,,,,,,CERESIS-GEM,,forearc,83.0639648438,forearc,1953-05-02T23:50:00,5.9,25.99863107460644,2,1953-05-02 23:50:00+00:00,True,38
726,1953-05-06T17:16:49,-72.866,-37.093,66.0,7.7,mw,,,6.4,0.22,,,,,,,,,,,,,ISC-GEM,,intra_slab,42.4219436646,intra_slab,1953-05-06T17:16:49,5.9,25.99863107460644,2,1953-05-06 17:16:49+00:00,True,1
729,1953-07-31T22:57:36,-69.905,-34.25,15.0,6.0,mw,,,3.8,0.73,,,,,,,,,,,,,USGS,,intraarc_shallow,,intraarc,1953-07-31T22:57:36,5.9,25.99863107460644,2,1953-07-31 22:57:36+00:00,True,18
731,1953-09-04T14:07:17,-71.701,-32.738,36.6,6.3,mw,,,4.8,0.2,,,,,,,,,,,,,ISC-GEM,,slab_interface,30.6513690948,slab_interface,1953-09-04T14:07:17,5.9,25.99863107460644,2,1953-09-04 14:07:17+00:00,True,82
732,1953-10-27T18:20:46,-66.515,-19.61,272.0,6.4,mw,,,,,,,,,,,,,,,,,ISC,,slab_deep,239.572860718,slab_deep,1953-10-27T18:20:46,5.9,25.99863107460644,2,1953-10-27 18:20:46+00:00,True,82
733,1953-12-07T02:05:41,-68.692,-22.429,106.0,7.4,mw,,,,,,,,,,,,,,,,,ISC,,slab_deep,85.5546112061,slab_deep,1953-12-07T02:05:41,5.9,25.99863107460644,2,1953-12-07 02:05:41+00:00,True,8
734,1953-12-20T09:19:50,-71.775,-31.815,25.0,6.3,mw,,,3.9,0.2,,,,,,,,,,,,,ISC-GEM,,slab_interface,26.2281856537,slab_interface,1953-12-20T09:19:50,5.9,25.99863107460644,2,1953-12-20 09:19:50+00:00,True,83
735,1954-02-08T00:28:00,-71.4,-27.1,30.0,6.8,mw,,,,,,,,,,,,,,,,,CSN-improved,,intra_slab,14.544008255,intra_slab,1954-02-08T00:28:00,5.9,25.99863107460644,2,1954-02-08 00:28:00+00:00,True,11
737,1954-04-05T17:52:22,-67.5,-23.0,150.0,6.2,mw,,,,0.6,,,,,,,,,,,,,CERESIS-GEM,,slab_deep,125.898345947,slab_deep,1954-04-05T17:52:22,5.9,25.99863107460644,2,1954-04-05 17:52:22+00:00,True,117
743,1954-06-21T01:48:44,-68.229,-23.194,113.0,6.6,mw,,,,,,,,,,,,,,,,,ISC,,slab_deep,93.6472625732,slab_deep,1954-06-21T01:48:44,5.9,25.99863107460644,2,1954-06-21 01:48:44+00:00,True,62
748,1954-07-26T20:15:53,-72.955,-41.233,55.0,6.3,mw,,,4.9,0.2,,,,,,,,,,,,,ISC-GEM,,slab_deep,66.0554046631,slab_deep,1954-07-26T20:15:53,5.9,25.99863107460644,2,1954-07-26 20:15:53+00:00,True,95
753,1954-12-19T09:00:00,-71.7,-16.28,30.0,6.6,mw,,,,0.2,,,,,,,,,,,,,CERESIS-GEM,,forearc,100.563354492,forearc,1954-12-19T09:00:00,5.9,25.99863107460644,2,1954-12-19 09:00:00+00:00,True,23
754,1954-12-19T10:23:46,-66.184,-22.869,247.0,6.6,mw,,,,,,,,,,,,,,,,,ISC,,slab_deep,216.262451172,slab_deep,1954-12-19T10:23:46,5.9,25.99863107460644,2,1954-12-19 10:23:46+00:00,True,63
758,1955-02-19T03:44:28,-65.0,-20.5,250.0,6.0,mw,,,,0.29,,,,,,,,,,,,,CERESIS-GEM,,forearc,331.19519043,forearc,1955-02-19T03:44:28,5.9,25.99863107460644,2,1955-02-19 03:44:28+00:00,True,54
760,1955-04-19T20:24:11,-71.935,-30.128,15.0,7.0,mw,,,19.5,0.32,,,,,,,,,,,,,ISC-GEM,,slab_interface,18.0904350281,slab_interface,1955-04-19T20:24:11,5.9,25.99863107460644,2,1955-04-19 20:24:11+00:00,True,34
764,1955-05-28T06:20:41,-65.186,-30.737,179.0,6.9,mw,,,,,,,,,,,,,,,,,ISC,,slab_deep,171.934143066,slab_deep,1955-05-28T06:20:41,5.9,25.99863107460644,2,1955-05-28 06:20:41+00:00,True,30
767,1955-07-28T01:59:34,-72.026,-40.8,15.0,6.1,mw,,,25.0,0.27,,,,,,,,,,,,,ISC-GEM,,intraarc_shallow,,intraarc,1955-07-28T01:59:34,5.9,25.99863107460644,2,1955-07-28 01:59:34+00:00,True,14
768,1955-08-27T02:49:00,-70.9,-17.2,25.0,6.2,mw,,,,0.6,,,,,,,,,,,,,CERESIS-GEM,,forearc,88.923828125,forearc,1955-08-27T02:49:00,5.9,25.99863107460644,2,1955-08-27 02:49:00+00:00,True,39
769,1955-10-06T11:03:18,-70.34,-37.612,167.0,6.5,mw,,,,,,,,,,,,,,,,,ISC,,slab_deep,160.507171631,slab_deep,1955-10-06T11:03:18,5.9,25.99863107460644,2,1955-10-06 11:03:18+00:00,True,70
771,1955-11-04T22:44:04,-70.22,-34.664,112.0,6.8,mw,,,,,,,,,,,,,,,,,ISC,,slab_deep,111.209571838,slab_deep,1955-11-04T22:44:04,5.9,25.99863107460644,2,1955-11-04 22:44:04+00:00,True,45
772,1955-11-17T06:53:33,-70.155,-26.406,33.8,6.4,mw,,,4.6,0.28,,,,,,,,,,,,,ISC-GEM,,forearc,57.106048584,forearc,1955-11-17T06:53:33,5.9,25.99863107460644,2,1955-11-17 06:53:33+00:00,True,27
773,1955-12-06T04:31:05,-70.338,-20.61,35.0,6.3,mw,,,16.2,0.2,,,,,,,,,,,,,ISC-GEM,,slab_interface,33.7592506409,slab_interface,1955-12-06T04:31:05,5.9,25.99863107460644,2,1955-12-06 04:31:05+00:00,True,84
774,1956-01-08T20:54:23,-70.507,-18.966,51.5,7.0,mw,,,5.0,0.2,,,,,,,,,,,,,ISC-GEM,,slab_interface,47.88256073,slab_interface,1956-01-08T20:54:23,5.9,25.99863107460644,2,1956-01-08 20:54:23+00:00,True,35
775,1956-01-18T08:07:24,-70.346,-24.307,35.0,6.2,mw,,,4.8,0.34,,,,,,,,,,,,,ISC-GEM,,slab_interface,37.7069015503,slab_interface,1956-01-18T08:07:24,5.9,25.99863107460644,2,1956-01-18 08:07:24+00:00,True,101
781,1956-06-11T09:56:22,-70.94,-27.383,35.0,5.9,mw,,,4.8,0.52,,,,,,,,,,,,,ISC-GEM,,slab_interface,28.603887558,slab_interface,1956-06-11T09:56:22,5.9,25.99863107460644,2,1956-06-11 09:56:22+00:00,True,149
782,1956-07-22T09:25:08,-69.0,-19.0,100.0,6.2,mw,,,,0.17,,,,,,,,,,,,,CERESIS-GEM,,slab_deep,105.155761719,slab_deep,1956-07-22T09:25:08,5.9,25.99863107460644,2,1956-07-22 09:25:08+00:00,True,118
784,1956-09-15T07:39:04,-69.0,-20.0,100.0,6.8,mw,,,,0.2,,,,,,,,,,,,,CERESIS-GEM,,slab_deep,90.5167236328,slab_deep,1956-09-15T07:39:04,5.9,25.99863107460644,2,1956-09-15 07:39:04+00:00,True,46
791,1956-12-18T02:31:11,-70.036,-25.552,44.9,6.8,mw,,,5.0,0.2,,,,,,,,,,,,,ISC-GEM,,slab_deep,55.7980232239,slab_deep,1956-12-18T02:31:11,5.9,25.99863107460644,2,1956-12-18 02:31:11+00:00,True,47
792,1957-01-15T22:54:28,-67.15,-28.12,124.0,6.1,mw,,,,0.17,,,,,,,,,,,,,CERESIS-GEM,,slab_deep,115.061378479,slab_deep,1957-01-15T22:54:28,5.9,25.99863107460644,2,1957-01-15 22:54:28+00:00,True,141
800,1957-07-24T01:57:39,-71.135,-29.79,50.0,6.0,mw,,,5.2,0.2,,,,,,,,,,,,,ISC-GEM,,slab_interface,46.9465827942,slab_interface,1957-07-24T01:57:39,5.9,25.99863107460644,2,1957-07-24 01:57:39+00:00,True,133
801,1957-07-29T17:15:20,-70.94,-23.409,15.0,6.8,mw,,,8.7,0.2,,,,,,,,,,,,,ISC-GEM,,slab_interface,17.542755127,slab_interface,1957-07-29T17:15:20,5.9,25.99863107460644,2,1957-07-29 17:15:20+00:00,True,48
804,1957-09-06T00:17:55,-68.0,-20.0,100.0,6.0,mw,,,,0.29,,,,,,,,,,,,,CERESIS-GEM,,intraarc_deep,,intraarc,1957-09-06T00:17:55,5.9,25.99863107460644,2,1957-09-06 00:17:55+00:00,True,19
805,1957-10-24T20:07:21,-68.0,-28.9,37.0,6.1,mw,,,,0.17,,,,,,,,,,,,,CERESIS-GEM,,backarc,,unclassified,1957-10-24T20:07:21,5.9,25.99863107460644,2,1957-10-24 20:07:21+00:00,True,14
807,1957-11-29T22:19:51,-66.713,-20.948,232.5,7.7,mw,,,6.0,0.4,,,,,,,,,,,,,ISC-GEM,,slab_deep,197.586044312,slab_deep,1957-11-29T22:19:51,5.9,25.99863107460644,2,1957-11-29 22:19:51+00:00,True,4
808,1957-12-20T11:18:48,-71.902,-30.75,25.0,5.9,mw,,,13.4,0.23,,,,,,,,,,,,,ISC-GEM,,slab_interface,20.8994407654,slab_interface,1957-12-20T11:18:48,5.9,25.99863107460644,2,1957-12-20 11:18:48+00:00,True,150
812,1958-01-15T19:14:31,-72.242,-16.625,64.0,7.0,mw,,,6.0,0.31,,,,,,,,,,,,,ISC-GEM,,slab_deep,67.4554138184,slab_deep,1958-01-15T19:14:31,5.9,25.99863107460644,2,1958-01-15 19:14:31+00:00,True,24
813,1958-04-30T19:27:34,-68.415,-21.269,113.0,6.0,mw,,,,,,,,,,,,,,,,,ISC,,slab_deep,100.118759155,slab_deep,1958-04-30T19:27:34,5.9,25.99863107460644,2,1958-04-30 19:27:34+00:00,True,169
814,1958-05-08T12:40:50,-66.894,-24.248,181.0,6.4,mw,,,,,,,,,,,,,,,,,ISC,,slab_deep,151.331222534,slab_deep,1958-05-08T12:40:50,5.9,25.99863107460644,2,1958-05-08 12:40:50+00:00,True,83
815,1958-05-09T04:40:32,-65.32,-30.82,174.0,6.1,mw,,,,0.17,,,,,,,,,,,,,CERESIS-GEM,,slab_deep,165.426071167,slab_deep,1958-05-09T04:40:32,5.9,25.99863107460644,2,1958-05-09 04:40:32+00:00,True,142
824,1958-07-11T19:10:30,-69.574,-21.214,55.0,6.0,mw,,,5.2,0.2,,,,,,,,,,,,,ISC-GEM,,slab_deep,63.519203186,slab_deep,1958-07-11T19:10:30,5.9,25.99863107460644,2,1958-07-11 19:10:30+00:00,True,170
826,1958-08-21T00:12:53,-65.0,-20.0,300.0,6.0,mw,,,,0.29,,,,,,,,,,,,,CERESIS-GEM,,forearc,355.75692749,forearc,1958-08-21T00:12:53,5.9,25.99863107460644,2,1958-08-21 00:12:53+00:00,True,55
828,1958-09-01T14:30:46,-65.0,-18.0,33.0,6.1,mw,,,,0.29,,,,,,,,,,,,,CERESIS-GEM,,backarc,,unclassified,1958-09-01T14:30:46,5.9,25.99863107460644,2,1958-09-01 14:30:46+00:00,True,15
835,1958-09-04T21:51:16,-69.958,-33.832,15.0,6.8,mw,,,3.8,0.22,,,,,,,,,,,,,ISC-GEM,,intraarc_shallow,,intraarc,1958-09-04T21:51:16,5.9,25.99863107460644,2,1958-09-04 21:51:16+00:00,True,6
838,1958-10-11T14:37:42,-65.0,-23.5,200.0,6.1,mw,,,,0.17,,,,,,,,,,,,,CERESIS-GEM,,forearc,328.552185059,forearc,1958-10-11T14:37:42,5.9,25.99863107460644,2,1958-10-11 14:37:42+00:00,True,43
842,1958-12-19T11:14:42,-73.023,-16.437,54.6,5.9,mw,,,5.3,0.2,,,,,,,,,,,,,ISC-GEM,,slab_deep,51.8924598694,slab_deep,1958-12-19T11:14:42,5.9,25.99863107460644,2,1958-12-19 11:14:42+00:00,True,188
845,1959-01-30T16:15:52,-70.961,-27.81,45.0,6.3,mw,,,4.7,0.35,,,,,,,,,,,,,ISC-GEM,,slab_interface,31.9848880768,slab_interface,1959-01-30T16:15:52,5.9,25.99863107460644,2,1959-01-30 16:15:52+00:00,True,85
846,1959-02-20T04:12:57,-71.094,-30.728,60.0,6.4,mw,,,,,,,,,,,,,,,,,ISC,,slab_deep,55.0036201477,slab_deep,1959-02-20T04:12:57,5.9,25.99863107460644,2,1959-02-20 04:12:57+00:00,True,84
847,1959-03-04T10:56:42,-68.0,-20.0,253.0,5.9,mw,,,,0.29,,,,,,,,,,,,,CERESIS-GEM,,slab_deep,136.631851196,slab_deep,1959-03-04T10:56:42,5.9,25.99863107460644,2,1959-03-04 10:56:42+00:00,True,189
848,1959-04-08T11:44:30,-72.666,-50.612,15.0,6.1,mw,,,25.0,0.2,,,,,,,,,,,,,ISC-GEM,,backarc,,unclassified,1959-04-08T11:44:30,5.9,25.99863107460644,2,1959-04-08 11:44:30+00:00,True,16
856,1959-06-14T00:12:07,-68.862,-20.407,109.2,7.1,mw,,,5.2,0.4,,,,,,,,,,,,,ISC-GEM,,slab_deep,91.6957321167,slab_deep,1959-06-14T00:12:07,5.9,25.99863107460644,2,1959-06-14 00:12:07+00:00,True,17
860,1959-07-09T02:32:40,-72.0,-20.0,4.49,6.7,mw,,,,0.2,,,,,,,,,,,,,CERESIS-GEM,,outer_rise,,outer_rise,1959-07-09T02:32:40,5.9,25.99863107460644,2,1959-07-09 02:32:40+00:00,True,12
861,1959-07-10T04:11:40,-69.0,-19.0,104.99,5.9,mw,,,,0.29,,,,,,,,,,,,,CERESIS-GEM,,slab_deep,105.155761719,slab_deep,1959-07-10T04:11:40,5.9,25.99863107460644,2,1959-07-10 04:11:40+00:00,True,190
872,1959-11-28T12:35:01,-71.151,-28.848,35.0,6.1,mw,,,6.1,0.29,,,,,,,,,,,,,ISC-GEM,,slab_interface,37.0250968933,slab_interface,1959-11-28T12:35:01,5.9,25.99863107460644,2,1959-11-28 12:35:01+00:00,True,118
874,1959-12-25T10:18:52,-68.832,-25.464,101.0,6.6,mw,,,,,,,,,,,,,,,,,ISC,,slab_deep,84.988861084,slab_deep,1959-12-25T10:18:52,5.9,25.99863107460644,2,1959-12-25 10:18:52+00:00,True,64
876,1960-01-02T03:21:48,-69.397,-17.69,146.0,6.2,mw,,,,,,,,,,,,,,,,,ISC,,slab_deep,117.529174805,slab_deep,1960-01-02T03:21:48,5.9,25.99863107460644,2,1960-01-02 03:21:48+00:00,True,119
877,1960-01-09T06:32:15,-65.0,-18.5,433.88,6.0,mw,,,,0.29,,,,,,,,,,,,,CERESIS-GEM,,slab_deep,434.026062012,slab_deep,1960-01-09T06:32:15,5.9,25.99863107460644,2,1960-01-09 06:32:15+00:00,True,171
890,1960-05-22T19:11:21,-73.407,-38.143,25.0,9.5,mw,,,4.2,0.25,10.0,17.0,105.0,170.0,79.0,90.0,,,,,,,ISC-GEM,,slab_interface,31.6881771088,slab_interface,1960-05-22T19:11:21,5.9,25.99863107460644,2,1960-05-22 19:11:21+00:00,True,1
895,1960-05-23T00:53:57,-73.0,-39.5,58.11,6.9,mw,,,,0.2,,,,,,,,,,,,,CERESIS-GEM,,slab_deep,58.423789978,slab_deep,1960-05-23T00:53:57,5.9,25.99863107460644,2,1960-05-23 00:53:57+00:00,True,31
898,1960-05-23T02:46:36,-73.367,-41.579,25.0,6.3,mw,,,8.8,0.2,,,,,,,,,,,,,ISC-GEM,,forearc,51.1853675842,forearc,1960-05-23T02:46:36,5.9,25.99863107460644,2,1960-05-23 02:46:36+00:00,True,32
900,1960-05-23T07:09:23,-75.698,-48.089,20.0,6.1,mw,,,,0.37,,,,,,,,,,,,,CERESIS-GEM,,unclassified,,unclassified,1960-05-23T07:09:23,5.9,25.99863107460644,2,1960-05-23 07:09:23+00:00,True,17
901,1960-05-23T10:38:04,-73.613,-43.642,20.0,6.1,mw,,,25.0,0.32,,,,,,,,,,,,,ISC-GEM,,forearc,53.4141731262,forearc,1960-05-23T10:38:04,5.9,25.99863107460644,2,1960-05-23 10:38:04+00:00,True,44
903,1960-05-25T08:34:43,-75.985,-44.808,20.0,6.7,mw,,,,0.27,,,,,,,,,,,,,CERESIS-GEM,,outer_rise,,outer_rise,1960-05-25T08:34:43,5.9,25.99863107460644,2,1960-05-25 08:34:43+00:00,True,13
906,1960-05-27T03:17:21,-76.0,-41.0,5.19,6.0,mw,,,,0.17,,,,,,,,,,,,,CERESIS-GEM,,outer_rise,,outer_rise,1960-05-27T03:17:21,5.9,25.99863107460644,2,1960-05-27 03:17:21+00:00,True,20
915,1960-05-31T02:40:06,-75.612,-39.649,15.0,6.0,mw,,,,0.2,,,,,,,,,,,,,CERESIS-GEM,,outer_rise,,outer_rise,1960-05-31T02:40:06,5.9,25.99863107460644,2,1960-05-31 02:40:06+00:00,True,21
918,1960-06-02T05:58:07,-74.058,-46.215,15.0,6.1,mw,,,25.0,0.2,,,,,,,,,,,,,ISC-GEM,,intraarc_shallow,,intraarc,1960-06-02T05:58:07,5.9,25.99863107460644,2,1960-06-02 05:58:07+00:00,True,15
922,1960-06-06T05:55:49,-72.889,-45.785,15.0,7.7,mw,,,25.0,0.2,,,,,,,,,,,,,ISC-GEM,,intraarc_shallow,,intraarc,1960-06-06T05:55:49,5.9,25.99863107460644,2,1960-06-06 05:55:49+00:00,True,1
923,1960-06-11T00:34:53,-65.614,-21.098,287.0,6.2,mw,,,,,,,,,,,,,,,,,ISC,,slab_deep,268.621307373,slab_deep,1960-06-11T00:34:53,5.9,25.99863107460644,2,1960-06-11 00:34:53+00:00,True,120
925,1960-06-20T02:01:15,-72.917,-38.154,25.0,7.2,mw,,,5.8,0.4,,,,,,,,,,,,,ISC-GEM,,forearc,47.1915588379,forearc,1960-06-20T02:01:15,5.9,25.99863107460644,2,1960-06-20 02:01:15+00:00,True,4
926,1960-06-20T12:59:47,-72.813,-39.071,25.0,6.9,mw,,,24.3,0.2,,,,,,,,,,,,,ISC-GEM,,forearc,61.1477355957,forearc,1960-06-20T12:59:47,5.9,25.99863107460644,2,1960-06-20 12:59:47+00:00,True,15
928,1960-06-29T01:57:20,-73.836,-42.904,25.0,6.1,mw,,,0.4,0.42,,,,,,,,,,,,,ISC-GEM,,forearc,41.1524658203,forearc,1960-06-29T01:57:20,5.9,25.99863107460644,2,1960-06-29 01:57:20+00:00,True,45
929,1960-06-30T11:45:18,-73.5,-43.5,57.73,6.0,mw,,,,0.17,,,,,,,,,,,,,CERESIS-GEM,,slab_deep,57.4682769775,slab_deep,1960-06-30T11:45:18,5.9,25.99863107460644,2,1960-06-30 11:45:18+00:00,True,172
932,1960-07-04T21:29:25,-74.0,-43.0,60.0,6.0,mw,,,,0.17,,,,,,,,,,,,,CERESIS-GEM,,intra_slab,35.8361587524,intra_slab,1960-07-04T21:29:25,5.9,25.99863107460644,2,1960-07-04 21:29:25+00:00,True,64
936,1960-07-19T11:12:55,-68.5,-28.5,200.0,6.1,mw,,,,0.17,,,,,,,,,,,,,CERESIS-GEM,,slab_deep,89.5092849731,slab_deep,1960-07-19T11:12:55,5.9,25.99863107460644,2,1960-07-19 11:12:55+00:00,True,143
938,1960-07-24T10:37:25,-74.0,-40.0,24.11,6.0,mw,,,,0.17,,,,,,,,,,,,,CERESIS-GEM,,slab_interface,24.013004303,slab_interface,1960-07-24T10:37:25,5.9,25.99863107460644,2,1960-07-24 10:37:25+00:00,True,134
941,1960-08-06T14:49:53,-75.7,-42.6,78.0,5.9,mw,,,,0.17,,,,,,,,,,,,,CERESIS-GEM,,outer_rise,,outer_rise,1960-08-06T14:49:53,5.9,25.99863107460644,2,1960-08-06 14:49:53+00:00,True,23
942,1960-08-13T14:14:57,-74.783,-39.964,25.0,6.7,mw,,,4.5,0.2,,,,,,,,,,,,,ISC-GEM,,slab_interface,9.70108318329,slab_interface,1960-08-13T14:14:57,5.9,25.99863107460644,2,1960-08-13 14:14:57+00:00,True,54
950,1960-10-30T12:14:38,-70.265,-23.483,35.0,6.2,mw,,,7.8,0.2,,,,,,,,,,,,,ISC-GEM,,slab_interface,37.1368522644,slab_interface,1960-10-30T12:14:38,5.9,25.99863107460644,2,1960-10-30 12:14:38+00:00,True,102
949,1960-10-30T21:32:55,-68.704,-22.989,95.0,6.8,mw,,,,,,,,,,,,,,,,,ISC,,slab_deep,83.748336792,slab_deep,1960-10-30T21:32:55,5.9,25.99863107460644,2,1960-10-30 21:32:55+00:00,True,48
951,1960-11-01T08:46:00,-75.031,-38.467,20.0,7.4,mw,,,,0.4,,,,,,,,,,,,,CERESIS-GEM,,outer_rise,,outer_rise,1960-11-01T08:46:00,5.9,25.99863107460644,2,1960-11-01 08:46:00+00:00,True,2
963,1960-12-02T09:10:49,-70.297,-24.732,35.0,7.3,mw,,,14.3,0.2,,,,,,,,,,,,,ISC-GEM,,slab_interface,41.9789466858,slab_interface,1960-12-02T09:10:49,5.9,25.99863107460644,2,1960-12-02 09:10:49+00:00,True,23
964,1960-12-02T09:37:36,-69.5,-24.4,46.0,6.8,mw,,,,0.2,,,,,,,,,,,,,CERESIS-GEM,,forearc,66.7064285278,forearc,1960-12-02T09:37:36,5.9,25.99863107460644,2,1960-12-02 09:37:36+00:00,True,18
965,1960-12-06T08:56:17,-69.694,-21.404,49.6,6.1,mw,,,5.3,0.45,,,,,,,,,,,,,ISC-GEM,,slab_deep,56.6718101501,slab_deep,1960-12-06T08:56:17,5.9,25.99863107460644,2,1960-12-06 08:56:17+00:00,True,144
968,1960-12-29T19:01:38,-69.4,-18.9,39.0,6.6,mw,,,,0.2,,,,,,,,,,,,,CERESIS-GEM,,forearc,91.781288147,forearc,1960-12-29T19:01:38,5.9,25.99863107460644,2,1960-12-29 19:01:38+00:00,True,24
971,1960-12-31T18:08:10,-75.618,-44.218,20.0,6.0,mw,,,,0.2,,,,,,,,,,,,,CERESIS-GEM,,slab_interface,7.64990663528,slab_interface,1960-12-31T18:08:10,5.9,25.99863107460644,2,1960-12-31 18:08:10+00:00,True,135
975,1961-03-28T21:01:00,-68.0,-22.1,125.0,6.1,mw,,,,0.17,,,,,,,,,,,,,CERESIS-GEM,,slab_deep,109.772575378,slab_deep,1961-03-28T21:01:00,5.9,25.99863107460644,2,1961-03-28 21:01:00+00:00,True,145
985,1961-06-16T07:08:17,-74.5,-41.3,17.0,6.0,mw,,,,0.17,,,,,,,,,,,,,CERESIS-GEM,,slab_interface,15.8913450241,slab_interface,1961-06-16T07:08:17,5.9,25.99863107460644,2,1961-06-16 07:08:17+00:00,True,136
995,1961-09-13T21:19:20,-75.2,-41.7,40.0,7.0,mw,,,,0.2,,,,,,,,,,,,,CERESIS-GEM,,intra_slab,7.78570795059,intra_slab,1961-09-13T21:19:20,5.9,25.99863107460644,2,1961-09-13 21:19:20+00:00,True,8
997,1961-10-07T08:15:10,-68.4,-21.3,144.0,6.3,mw,,,,0.29,,,,,,,,,,,,,CERESIS-GEM,,slab_deep,99.7833709717,slab_deep,1961-10-07T08:15:10,5.9,25.99863107460644,2,1961-10-07 08:15:10+00:00,True,96
998,1961-10-18T16:51:58,-73.238,-36.738,20.0,6.6,mw,,,5.9,0.26,,,,,,,,,,,,,ISC-GEM,,slab_interface,29.2290706635,slab_interface,1961-10-18T16:51:58,5.9,25.99863107460644,2,1961-10-18 16:51:58+00:00,True,62
1000,1961-10-19T11:19:22,-70.531,-37.066,149.0,6.2,mw,,,,,,,,,,,,,,,,,ISC,,slab_deep,138.178314209,slab_deep,1961-10-19T11:19:22,5.9,25.99863107460644,2,1961-10-19 11:19:22+00:00,True,121
1001,1961-11-09T04:19:42,-67.9,-22.9,84.0,6.3,mw,,,,0.2,,,,,,,,,,,,,CERESIS-GEM,,intraarc_deep,,intraarc,1961-11-09T04:19:42,5.9,25.99863107460644,2,1961-11-09 04:19:42+00:00,True,9
1004,1961-12-09T11:18:12,-75.84,-43.789,25.0,6.7,mw,,,,0.2,,,,,,,,,,,,,CERESIS-GEM,,outer_rise,,outer_rise,1961-12-09T11:18:12,5.9,25.99863107460644,2,1961-12-09 11:18:12+00:00,True,14
1016,1962-03-26T16:32:46,-73.986,-40.532,30.9,6.2,mw,,,4.8,0.2,,,,,,,,,,,,,ISC-GEM,,slab_interface,24.8041610718,slab_interface,1962-03-26T16:32:46,5.9,25.99863107460644,2,1962-03-26 16:32:46+00:00,True,103
1017,1962-05-25T21:28:28,-65.2,-24.3,69.0,6.2,mw,,,,0.29,,,,,,,,,,,,,CERESIS-GEM,,backarc,,unclassified,1962-05-25T21:28:28,5.9,25.99863107460644,2,1962-05-25 21:28:28+00:00,True,12
1019,1962-06-15T06:30:38,-70.686,-20.637,35.0,5.9,mw,,,16.2,0.2,,,,,,,,,,,,,ISC-GEM,,slab_interface,22.2008972168,slab_interface,1962-06-15T06:30:38,5.9,25.99863107460644,2,1962-06-15 06:30:38+00:00,True,151
1025,1962-08-03T08:56:20,-67.914,-23.167,124.8,6.8,mw,,,6.0,0.4,,,,,,,,,,,,,ISC-GEM,,slab_deep,105.534835815,slab_deep,1962-08-03T08:56:20,5.9,25.99863107460644,2,1962-08-03 08:56:20+00:00,True,49
1035,1962-09-29T05:21:50,-68.0,-20.0,26.0,6.0,mw,,,,0.29,,,,,,,,,,,,,CERESIS-GEM,,intraarc_shallow,,intraarc,1962-09-29T05:21:50,5.9,25.99863107460644,2,1962-09-29 05:21:50+00:00,True,20
1034,1962-09-29T07:58:20,-70.5,-17.1,33.0,6.5,mw,,,,0.2,,,,,,,,,,,,,CERESIS-GEM,,forearc,103.723579407,forearc,1962-09-29T07:58:20,5.9,25.99863107460644,2,1962-09-29 07:58:20+00:00,True,26
1036,1962-10-10T20:53:35,-70.1,-34.9,137.0,6.3,mw,,,,0.29,,,,,,,,,,,,,CERESIS-GEM,,slab_deep,121.155380249,slab_deep,1962-10-10T20:53:35,5.9,25.99863107460644,2,1962-10-10 20:53:35+00:00,True,97
1039,1962-11-11T22:14:20,-75.773,-43.198,20.0,6.1,mw,,,,0.3,194.0,46.0,-105.0,36.0,46.0,-75.0,,,,,,,CERESIS-GEM,,outer_rise,,outer_rise,1962-11-11T22:14:20,5.9,25.99863107460644,2,1962-11-11 22:14:20+00:00,True,18
1041,1962-12-08T18:00:39,-69.1,-23.7,84.0,6.9,mw,,,,0.2,,,,,,,,,,,,,CERESIS-GEM,,slab_deep,74.6922607422,slab_deep,1962-12-08T18:00:39,5.9,25.99863107460644,2,1962-12-08 18:00:39+00:00,True,32
1042,1962-12-29T10:41:05,-70.029,-20.106,40.0,6.2,mw,,,10.4,0.2,348.0,25.0,108.0,148.0,66.0,82.0,,,,,,,ISC-GEM,,slab_interface,49.4834327698,slab_interface,1962-12-29T10:41:05,5.9,25.99863107460644,2,1962-12-29 10:41:05+00:00,True,104
1043,1963-01-11T12:12:18,-75.852,-45.023,20.0,6.0,mw,,,,0.2,,,,,,,,,,,,,CERESIS-GEM,,slab_interface,6.64057064056,slab_interface,1963-01-11T12:12:18,5.9,25.99863107460644,2,1963-01-11 12:12:18+00:00,True,137
1067,1963-05-07T16:23:12,-68.7,-22.1,112.0,5.9,mw,,,,0.29,,,,,,,,,,,,,CERESIS-GEM,,slab_deep,86.9344100952,slab_deep,1963-05-07T16:23:12,5.9,25.99863107460644,2,1963-05-07 16:23:12+00:00,True,191
1072,1963-05-19T01:03:06,-75.302,-46.525,20.0,6.4,mw,,,,0.4,,,,,,,,,,,,,CERESIS-GEM,,unclassified,,unclassified,1963-05-19T01:03:06,5.9,25.99863107460644,2,1963-05-19 01:03:06+00:00,True,10
1073,1963-05-19T23:31:25,-69.4,-17.7,137.0,6.4,mw,,,,0.29,,,,,,,,,,,,,CERESIS-GEM,,slab_deep,117.529174805,slab_deep,1963-05-19T23:31:25,5.9,25.99863107460644,2,1963-05-19 23:31:25+00:00,True,85
1087,1963-07-14T09:08:33,-69.1,-31.7,110.0,6.0,mw,,,,0.17,,,,,,,,,,,,,CERESIS-GEM,,slab_deep,100.504684448,slab_deep,1963-07-14T09:08:33,5.9,25.99863107460644,2,1963-07-14 09:08:33+00:00,True,173
1116,1963-12-03T23:03:47,-69.962,-22.691,35.0,6.3,mw,,,4.8,0.3,203.0,44.0,25.0,94.0,73.0,131.0,,,,,,,ISC-GEM,,forearc,45.4363288879,forearc,1963-12-03T23:03:47,5.9,25.99863107460644,2,1963-12-03 23:03:47+00:00,True,33
1139,1964-01-26T09:09:35,-71.744,-16.402,117.7,6.5,mw,,,5.2,0.87,,,,,,,,,,,,,USGS,,slab_deep,95.2310562134,slab_deep,1964-01-26T09:09:35,5.9,25.99863107460644,2,1964-01-26 09:09:35+00:00,True,71
1258,1964-07-25T19:31:11,-71.044,-27.802,30.0,6.5,mw,,,4.0,0.3,326.0,16.0,72.0,164.0,75.0,95.0,,,,,,,ISC-GEM,,slab_interface,28.2203769684,slab_interface,1964-07-25T19:31:11,5.9,25.99863107460644,2,1964-07-25 19:31:11+00:00,True,68
1270,1964-08-05T22:23:12,-74.871,-41.121,15.0,6.4,mw,,,25.0,0.3,300.0,40.0,-144.0,181.0,68.0,-56.0,,,,,,,ISC-GEM,,intra_slab,10.301612854,intra_slab,1964-08-05T22:23:12,5.9,25.99863107460644,2,1964-08-05 22:23:12+00:00,True,31
1281,1964-08-18T04:45:01,-71.539,-26.43,15.0,6.7,mw,,,3.6,0.3,52.0,40.0,89.0,234.0,50.0,91.0,,,,,,,ISC-GEM,,slab_interface,10.372130394,slab_interface,1964-08-18T04:45:01,5.9,25.99863107460644,2,1964-08-18 04:45:01+00:00,True,55
1412,1965-02-23T22:11:48,-70.679,-25.633,35.0,6.8,mw,,,4.0,0.3,16.0,86.0,-78.0,124.0,13.0,-161.0,,,,,,,ISC-GEM,,intra_slab,30.8336353302,intra_slab,1965-02-23T22:11:48,5.9,25.99863107460644,2,1965-02-23 22:11:48+00:00,True,12
1425,1965-03-22T22:56:28,-71.573,-31.974,48.8,6.2,mw,,,5.0,0.3,330.0,25.0,52.0,190.0,71.0,106.0,,,,,,,ISC-GEM,,slab_interface,35.8692092896,slab_interface,1965-03-22T22:56:28,5.9,25.99863107460644,2,1965-03-22 22:56:28+00:00,True,105
1430,1965-03-28T16:33:16,-71.233,-32.522,70.0,7.4,mw,,,6.2,0.3,348.0,10.0,-95.0,173.0,80.0,-89.0,,,,,,,ISC-GEM,,intra_slab,48.7607460022,intra_slab,1965-03-28T16:33:16,5.9,25.99863107460644,2,1965-03-28 16:33:16+00:00,True,3
1481,1965-06-12T18:50:13,-68.944,-20.38,102.2,5.9,mw,,,4.9,0.4,,,,,,,,,,,,,ISC-GEM,,slab_deep,88.538482666,slab_deep,1965-06-12T18:50:13,5.9,25.99863107460644,2,1965-06-12 18:50:13+00:00,True,192
1543,1965-08-20T09:42:50,-68.82,-18.954,124.0,6.7,mw,,,5.2,0.4,,,,,,,,,,,,,ISC-GEM,,slab_deep,114.965187073,slab_deep,1965-08-20T09:42:50,5.9,25.99863107460644,2,1965-08-20 09:42:50+00:00,True,55
1607,1965-11-28T03:56:47,-72.958,-45.847,25.0,6.2,mw,,,25.0,0.3,22.0,58.0,-162.0,282.0,75.0,-33.0,,,,,,,ISC-GEM,,intraarc_shallow,,intraarc,1965-11-28T03:56:47,5.9,25.99863107460644,2,1965-11-28 03:56:47+00:00,True,13
1715,1966-04-10T16:36:16,-71.049,-31.452,60.5,6.1,mw,,,5.1,0.3,308.0,22.0,46.0,174.0,75.0,106.0,,,,,,,ISC-GEM,,slab_deep,59.3515357971,slab_deep,1966-04-10T16:36:16,5.9,25.99863107460644,2,1966-04-10 16:36:16+00:00,True,146
1721,1966-04-12T23:37:43,-72.695,-38.231,35.0,6.3,mw,,,30.4,0.2,356.0,10.0,95.0,171.0,80.0,89.0,,,,,,,ISC-GEM,,forearc,55.8547668457,forearc,1966-04-12T23:37:43,5.9,25.99863107460644,2,1966-04-12 23:37:43+00:00,True,34
1732,1966-04-22T03:06:35,-73.428,-37.656,21.4,5.9,mw,,,3.6,0.3,20.0,12.0,120.0,170.0,80.0,84.0,,,,,,,ISC-GEM,,slab_interface,28.0075683594,slab_interface,1966-04-22T03:06:35,5.9,25.99863107460644,2,1966-04-22 03:06:35+00:00,True,152
1942,1966-11-10T03:02:34,-68.301,-31.973,113.0,6.1,mw,,,5.0,0.4,,,,,,,,,,,,,ISC-GEM,,slab_deep,101.345108032,slab_deep,1966-11-10T03:02:34,5.9,25.99863107460644,2,1966-11-10 03:02:34+00:00,True,147
1987,1966-12-28T08:18:08,-70.55,-25.494,25.0,7.7,mw,,,3.9,0.3,70.0,41.0,150.0,184.0,71.0,53.0,,,,,,,ISC-GEM,,forearc,36.1603317261,forearc,1966-12-28T08:18:08,5.9,25.99863107460644,2,1966-12-28 08:18:08+00:00,True,2
2101,1967-03-13T16:06:00,-74.68,-40.12,23.0,7.2,mw,,,,,,,,,,,,,,,,,CSN-improved,,slab_interface,11.0221347809,slab_interface,1967-03-13T16:06:00,5.9,25.99863107460644,2,1967-03-13 16:06:00+00:00,True,27
2150,1967-05-11T15:05:23,-68.821,-20.304,109.4,6.1,mw,,,4.9,0.55,,,,,,,,,,,,,ISC-GEM,,slab_deep,94.2039337158,slab_deep,1967-05-11T15:05:23,5.9,25.99863107460644,2,1967-05-11 15:05:23+00:00,True,148
2184,1967-06-21T20:09:32,-70.394,-25.076,35.0,6.2,mw,,,3.9,0.3,40.0,46.0,94.0,214.0,44.0,86.0,,,,,,,ISC-GEM,,slab_interface,40.3124313354,slab_interface,1967-06-21T20:09:32,5.9,25.99863107460644,2,1967-06-21 20:09:32+00:00,True,106
2295,1967-09-26T11:11:26,-70.532,-33.463,83.1,5.9,mw,,,5.2,0.58,,,,,,,,,,,,,ISC-GEM,,slab_deep,79.4352340698,slab_deep,1967-09-26T11:11:26,5.9,25.99863107460644,2,1967-09-26 11:11:26+00:00,True,193
2294,1967-09-26T16:11:25,-71.446,-30.086,50.0,6.2,mw,,,4.8,0.3,24.0,19.0,104.0,189.0,71.0,85.0,,,,,,,ISC-GEM,,slab_interface,35.1054229736,slab_interface,1967-09-26T16:11:25,5.9,25.99863107460644,2,1967-09-26 16:11:25+00:00,True,107
2338,1967-11-15T21:31:56,-71.369,-28.865,34.8,6.3,mw,,,4.5,0.3,209.0,44.0,132.0,338.0,58.0,57.0,,,,,,,ISC-GEM,,intra_slab,29.1576519012,intra_slab,1967-11-15T21:31:56,5.9,25.99863107460644,2,1967-11-15 21:31:56+00:00,True,42
2370,1967-12-21T02:25:26,-69.939,-21.865,45.0,7.5,mw,,,5.1,0.3,6.0,28.0,100.0,175.0,62.0,85.0,,,,,,,ISC-GEM,,slab_interface,45.3906898499,slab_interface,1967-12-21T02:25:26,5.9,25.99863107460644,2,1967-12-21 02:25:26+00:00,True,20
2376,1967-12-25T10:41:33,-70.299,-21.58,46.4,6.4,mw,,,5.4,0.3,10.0,78.0,-104.0,240.0,18.0,-41.0,,,,,,,ISC-GEM,,intra_slab,32.3481483459,intra_slab,1967-12-25T10:41:33,5.9,25.99863107460644,2,1967-12-25 10:41:33+00:00,True,32
2377,1967-12-27T09:17:54,-68.311,-21.362,114.7,6.7,mw,,,5.0,0.78,,,,,,,,,,,,,USGS,,slab_deep,102.975631714,slab_deep,1967-12-27T09:17:54,5.9,25.99863107460644,2,1967-12-27 09:17:54+00:00,True,56
2390,1968-01-06T23:27:23,-70.873,-27.845,30.0,6.4,mw,,,3.8,0.2,0.0,20.0,100.0,169.0,70.0,86.0,,,,,,,ISC-GEM,,slab_interface,36.6139068604,slab_interface,1968-01-06T23:27:23,5.9,25.99863107460644,2,1968-01-06 23:27:23+00:00,True,74
2613,1968-10-31T09:15:47,-73.386,-16.338,43.7,5.9,mw,,,5.0,0.3,315.0,40.0,105.0,115.0,52.0,77.0,,,,,,,ISC-GEM,,slab_interface,44.7285041809,slab_interface,1968-10-31T09:15:47,5.9,25.99863107460644,2,1968-10-31 09:15:47+00:00,True,153
2721,1969-04-26T06:02:52,-71.249,-30.576,35.0,6.2,mw,,,18.2,0.2,323.0,23.0,64.0,171.0,69.0,101.0,,,,,,,ISC-GEM,,slab_interface,46.9130859375,slab_interface,1969-04-26T06:02:52,5.9,25.99863107460644,2,1969-04-26 06:02:52+00:00,True,108
2775,1969-07-19T04:54:56,-72.303,-17.334,56.7,6.4,mw,,,5.0,0.23,,,,,,,,,,,,,ISC-GEM,,intra_slab,36.2716560364,intra_slab,1969-07-19T04:54:56,5.9,25.99863107460644,2,1969-07-19 04:54:56+00:00,True,33
2878,1969-11-13T07:51:30,-71.794,-27.837,21.4,6.0,mw,,,3.9,0.3,295.0,39.0,-19.0,40.0,78.0,-128.0,,,,,,,ISC-GEM,,intra_slab,10.8235931396,intra_slab,1969-11-13T07:51:30,5.9,25.99863107460644,2,1969-11-13 07:51:30+00:00,True,65
2975,1970-03-15T12:39:19,-69.397,-29.701,116.7,6.0,mw,,,5.4,0.38,,,,,,,,,,,,,ISC-GEM,,slab_deep,89.607208252,slab_deep,1970-03-15T12:39:19,5.9,25.99863107460644,2,1970-03-15 12:39:19+00:00,True,174
3024,1970-06-11T06:02:56,-68.413,-24.418,110.6,6.6,mw,,,5.0,1.13,,,,,,,,,,,,,USGS,,slab_deep,89.1305465698,slab_deep,1970-06-11T06:02:56,5.9,25.99863107460644,2,1970-06-11 06:02:56+00:00,True,65
3025,1970-06-14T00:00:11,-74.07,-52.028,15.0,7.0,mw,,,25.0,0.25,,,,,,,,,,,,,ISC-GEM,,unclassified,,unclassified,1970-06-14T00:00:11,5.9,25.99863107460644,2,1970-06-14 00:00:11+00:00,True,4
3031,1970-06-17T04:44:24,-71.724,-16.015,108.6,6.0,mw,,,5.3,0.91,,,,,,,,,,,,,USGS,,slab_deep,109.153434753,slab_deep,1970-06-17T04:44:24,5.9,25.99863107460644,2,1970-06-17 04:44:24+00:00,True,175
3032,1970-06-19T10:56:17,-70.276,-22.261,60.0,6.5,mw,,,5.0,0.3,10.0,85.0,-85.0,145.0,7.0,-135.0,,,,,,,ISC-GEM,,intra_slab,32.2343101501,intra_slab,1970-06-19T10:56:17,5.9,25.99863107460644,2,1970-06-19 10:56:17+00:00,True,26
3150,1970-11-28T11:08:45,-69.797,-21.092,44.9,5.9,mw,,,4.9,0.3,340.0,58.0,105.0,133.0,35.0,68.0,,,,,,,ISC-GEM,,slab_deep,53.3933486938,slab_deep,1970-11-28T11:08:45,5.9,25.99863107460644,2,1970-11-28 11:08:45+00:00,True,194
3155,1970-12-04T17:08:50,-69.988,-23.222,39.2,6.5,mw,,,5.2,0.2,2.0,16.0,109.0,162.0,75.0,85.0,,,,,,,ISC-GEM,,slab_interface,44.6977157593,slab_interface,1970-12-04T17:08:50,5.9,25.99863107460644,2,1970-12-04 17:08:50+00:00,True,69
3158,1970-12-08T19:30:09,-71.146,-30.838,50.7,6.5,mw,,,5.4,0.35,,,,,,,,,,,,,ISC-GEM,,slab_deep,52.9534912109,slab_deep,1970-12-08T19:30:09,5.9,25.99863107460644,2,1970-12-08 19:30:09+00:00,True,72
3194,1971-02-05T20:52:34,-70.747,-28.207,51.7,5.9,mw,,,4.9,0.52,,,,,,,,,,,,,ISC-GEM,,slab_interface,45.361946106,slab_interface,1971-02-05T20:52:34,5.9,25.99863107460644,2,1971-02-05 20:52:34+00:00,True,154
3201,1971-02-21T10:35:38,-66.75,-23.47,214.9,6.9,mw,0.1,0.07,3.0,,167.0,33.0,-83.0,338.0,57.0,-95.0,-1.87,-0.59,2.46,0.39,-0.94,-1.1,GCMT,,slab_deep,168.562026978,slab_deep,1971-02-21T10:35:38,5.9,25.99863107460644,2,1971-02-21 10:35:38+00:00,True,33
3240,1971-05-08T00:49:47,-71.793,-42.229,156.2,6.0,mw,,,5.2,0.3,,,,,,,,,,,,,ISC-GEM,,slab_deep,130.79447937,slab_deep,1971-05-08T00:49:47,5.9,25.99863107460644,2,1971-05-08 00:49:47+00:00,True,176
3246,1971-05-18T06:12:37,-68.778,-28.393,85.0,6.0,mw,,,5.0,0.44,,,,,,,,,,,,,ISC-GEM,,slab_deep,87.9178237915,slab_deep,1971-05-18T06:12:37,5.9,25.99863107460644,2,1971-05-18 06:12:37+00:00,True,177
3272,1971-06-17T21:00:43,-68.938,-25.375,91.7,6.8,mw,,,4.8,0.72,,,,,,,,,,,,,USGS,,slab_deep,83.2055053711,slab_deep,1971-06-17T21:00:43,5.9,25.99863107460644,2,1971-06-17 21:00:43+00:00,True,50
3289,1971-07-09T03:03:21,-71.076,-32.601,60.3,7.5,mw,,,5.0,0.3,180.0,66.0,87.0,7.0,24.0,97.0,,,,,,,ISC-GEM,,slab_deep,55.3686943054,slab_deep,1971-07-09T03:03:21,5.9,25.99863107460644,2,1971-07-09 03:03:21+00:00,True,7
3311,1971-07-11T09:51:39,-71.778,-32.287,35.0,6.4,mw,,,10.1,0.36,,,,,,,,,,,,,ISC-GEM,,slab_interface,26.8623523712,slab_interface,1971-07-11T09:51:39,5.9,25.99863107460644,2,1971-07-11 09:51:39+00:00,True,75
3356,1971-08-14T15:00:26,-67.227,-21.735,185.0,5.9,mw,,,5.3,0.47,,,,,,,,,,,,,ISC-GEM,,slab_deep,152.592056274,slab_deep,1971-08-14T15:00:26,5.9,25.99863107460644,2,1971-08-14 15:00:26+00:00,True,195
3438,1971-11-28T11:12:02,-69.428,-29.98,110.0,5.9,mw,,,5.0,0.56,,,,,,,,,,,,,ISC-GEM,,slab_deep,91.478263855,slab_deep,1971-11-28T11:12:02,5.9,25.99863107460644,2,1971-11-28 11:12:02+00:00,True,196
3594,1972-06-08T18:53:44,-71.699,-30.466,45.0,6.7,mw,,,19.0,0.2,,,,,,,,,,,,,ISC-GEM,,slab_interface,26.6384983063,slab_interface,1972-06-08T18:53:44,5.9,25.99863107460644,2,1972-06-08 18:53:44+00:00,True,56
3670,1972-09-26T21:05:46,-68.208,-30.957,15.0,6.0,mw,,,3.2,0.3,1.0,39.0,81.0,192.0,51.0,97.0,,,,,,,ISC-GEM,,backarc,,unclassified,1972-09-26T21:05:46,5.9,25.99863107460644,2,1972-09-26 21:05:46+00:00,True,22
3755,1973-02-01T05:14:21,-66.195,-22.655,229.0,6.5,mw,,,,,,,,,,,,,,,,,USGS,,slab_deep,217.470901489,slab_deep,1973-02-01T05:14:21,5.9,25.99863107460644,2,1973-02-01 05:14:21+00:00,True,73
4009,1973-07-31T05:41:05,-73.454,-37.75,23.7,5.9,mw,,,3.6,0.2,,,,,,,,,,,,,ISC-GEM,,slab_interface,28.4278125763,slab_interface,1973-07-31T05:41:05,5.9,25.99863107460644,2,1973-07-31 05:41:05+00:00,True,155
4008,1973-07-31T10:51:16,-71.176,-27.024,35.0,6.5,mw,,,6.2,0.2,,,,,,,,,,,,,ISC-GEM,,slab_interface,18.549949646,slab_interface,1973-07-31T10:51:16,5.9,25.99863107460644,2,1973-07-31 10:51:16+00:00,True,70
4116,1973-10-05T05:45:34,-71.879,-33.0,45.0,6.7,mw,,,9.8,0.27,,,,,,,,,,,,,ISC-GEM,,slab_interface,24.516746521,slab_interface,1973-10-05T05:45:34,5.9,25.99863107460644,2,1973-10-05 05:45:34+00:00,True,57
4189,1973-11-03T14:17:41,-67.613,-25.974,17.5,6.0,mw,,,25.0,0.3,31.0,52.0,148.0,142.0,65.0,43.0,,,,,,,ISC-GEM,,intraarc_shallow,,intraarc,1973-11-03T14:17:41,5.9,25.99863107460644,2,1973-11-03 14:17:41+00:00,True,21
4204,1973-11-19T18:40:05,-70.853,-28.463,58.0,6.1,mw,,,,,,,,,,,,,,,,,USGS,,slab_interface,44.3472175598,slab_interface,1973-11-19T18:40:05,5.9,25.99863107460644,2,1973-11-19 18:40:05+00:00,True,119
4223,1973-12-01T17:00:55,-74.549,-35.63,15.0,6.0,mw,,,25.0,0.2,,,,,,,,,,,,,ISC-GEM,,outer_rise,,outer_rise,1973-12-01T17:00:55,5.9,25.99863107460644,2,1973-12-01 17:00:55+00:00,True,22
4239,1974-01-02T10:42:34,-68.198,-22.497,120.2,7.0,mw,,,5.0,0.4,,,,,,,,,,,,,ISC-GEM,,slab_deep,99.297706604,slab_deep,1974-01-02T10:42:34,5.9,25.99863107460644,2,1974-01-02 10:42:34+00:00,True,25
4247,1974-01-07T16:35:56,-65.684,-26.904,10.0,6.0,mw,,,25.0,0.69,,,,,,,,,,,,,ISC-GEM,,backarc,,unclassified,1974-01-07T16:35:56,5.9,25.99863107460644,2,1974-01-07 16:35:56+00:00,True,23
4436,1974-08-18T10:44:00,-73.43,-38.45,36.0,7.0,mw,,,,,354.0,12.0,90.0,174.0,78.0,90.0,,,,,,,CSN-improved,,slab_interface,32.2648239136,slab_interface,1974-08-18T10:44:00,5.9,25.99863107460644,2,1974-08-18 10:44:00+00:00,True,36
4613,1975-01-22T10:46:14,-67.543,-28.342,136.0,5.9,mw,,,,,,,,,,,,,,,,,USGS,,slab_deep,103.913581848,slab_deep,1975-01-22T10:46:14,5.9,25.99863107460644,2,1975-01-22 10:46:14+00:00,True,197
4643,1975-02-26T20:15:00,-69.271,-19.795,82.0,6.1,mw,,,,,,,,,,,,,,,,,USGS,,slab_deep,84.1277160645,slab_deep,1975-02-26T20:15:00,5.9,25.99863107460644,2,1975-02-26 20:15:00+00:00,True,149
4653,1975-03-13T15:26:49,-71.348,-29.878,32.0,6.8,mw,,,20.3,0.2,,,,,,,,,,,,,ISC-GEM,,slab_interface,38.3694877625,slab_interface,1975-03-13T15:26:49,5.9,25.99863107460644,2,1975-03-13 15:26:49+00:00,True,49
4671,1975-03-25T06:41:35,-66.57,-27.96,172.0,6.2,mw,0.03,0.02,1.1,,317.0,46.0,-121.0,178.0,52.0,-62.0,-1.94,-0.21,2.15,0.48,0.44,-1.16,GCMT,,slab_deep,137.790390015,slab_deep,1975-03-25T06:41:35,5.9,25.99863107460644,2,1975-03-25 06:41:35+00:00,True,122
4704,1975-05-10T14:27:45,-72.912,-38.152,30.0,7.8,mw,,,5.8,0.2,13.0,18.0,129.0,153.0,76.0,78.0,,,,,,,ISC-GEM,,forearc,47.1915588379,forearc,1975-05-10T14:27:45,5.9,25.99863107460644,2,1975-05-10 14:27:45+00:00,True,1
4770,1975-06-14T10:40:21,-70.827,-32.51,90.7,5.9,mw,,,5.3,0.42,,,,,,,,,,,,,ISC-GEM,,slab_deep,66.3103561401,slab_deep,1975-06-14T10:40:21,5.9,25.99863107460644,2,1975-06-14 10:40:21+00:00,True,198
4814,1975-08-10T10:25:43,-66.589,-22.648,166.0,6.6,mw,,,,,154.0,22.0,-88.0,332.0,68.0,-91.0,-4.8,1.01,3.79,2.38,-4.47,-1.89,USGS,,forearc,186.801528931,forearc,1975-08-10T10:25:43,5.9,25.99863107460644,2,1975-08-10 10:25:43+00:00,True,25
4815,1975-08-10T10:25:52,-66.85,-22.95,225.5,6.5,mw,0.02,0.02,1.3,,154.0,22.0,-88.0,332.0,68.0,-91.0,-4.8,1.01,3.79,2.38,-4.47,-1.89,GCMT,,slab_deep,166.628417969,slab_deep,1975-08-10T10:25:52,5.9,25.99863107460644,2,1975-08-10 10:25:52+00:00,True,74
4822,1975-08-25T21:42:11,-69.162,-19.236,119.0,6.1,mw,,,,,,,,,,,,,,,,,USGS,,slab_deep,95.1115951538,slab_deep,1975-08-25T21:42:11,5.9,25.99863107460644,2,1975-08-25 21:42:11+00:00,True,150
4861,1975-10-28T06:54:24,-70.242,-22.767,37.2,6.4,mw,,,4.9,0.23,,,,,,,,,,,,,ISC-GEM,,slab_interface,34.7198944092,slab_interface,1975-10-28T06:54:24,5.9,25.99863107460644,2,1975-10-28 06:54:24+00:00,True,76
4893,1975-12-29T03:39:44,-68.679,-56.885,15.0,6.5,mw,,,25.0,0.3,167.0,75.0,90.0,347.0,15.0,90.0,,,,,,,ISC-GEM,,backarc,,unclassified,1975-12-29T03:39:44,5.9,25.99863107460644,2,1975-12-29 03:39:44+00:00,True,8
4914,1976-02-05T09:53:12,-68.244,-21.774,87.3,5.8,mw,,,5.1,0.32,,,,,,,,,,,,,ISC-GEM,,slab_deep,102.171920776,slab_deep,1976-02-05T09:53:12,5.8,10.001368925393566,3,1976-02-05 09:53:12+00:00,True,217
4931,1976-02-28T16:27:09,-74.727,-39.999,9.0,6.4,mw,,,,,13.0,45.0,-85.0,187.0,45.0,-95.0,-8e+17,-2.3e+17,1.03e+18,-3e+16,1e+16,2.3e+17,USGS,,forearc,10.3211832047,forearc,1976-02-28T16:27:09,5.8,10.001368925393566,3,1976-02-28 16:27:09+00:00,True,28
4932,1976-02-28T16:27:11,-74.938,-39.979,15.0,5.9,mw,,,4.8,0.1,187.0,45.0,-95.0,13.0,45.0,-85.0,-8e+17,-2.3e+17,1.03e+18,-3e+16,1e+16,2.3e+17,ISC-GEM,,intra_slab,8.21665859222,intra_slab,1976-02-28T16:27:11,5.8,10.001368925393566,3,1976-02-28 16:27:11+00:00,True,74
4996,1976-07-16T15:59:32,-71.305,-31.523,60.0,5.8,mw,,,,,,,,,,,,,,,,,USGS,,slab_interface,46.9801979065,slab_interface,1976-07-16T15:59:32,5.8,10.001368925393566,3,1976-07-16 15:59:32+00:00,True,164
5026,1976-09-06T23:58:02,-66.301,-21.327,188.0,5.9,mw,,,,,,,,,,,,,,,,,USGS,,forearc,217.220321655,forearc,1976-09-06T23:58:02,5.8,10.001368925393566,3,1976-09-06 23:58:02+00:00,True,57
5035,1976-09-12T03:51:24,-66.766,-24.12,173.0,6.0,mw,,,,,,,,,,,,,,,,,USGS,,slab_deep,162.576980591,slab_deep,1976-09-12T03:51:24,5.8,10.001368925393566,3,1976-09-12 03:51:24+00:00,True,178
5078,1976-11-30T00:40:59,-68.76,-20.443,78.0,6.7,mw,,,,,181.0,27.0,-73.0,342.0,64.0,-99.0,-1.79e+20,-3.5e+19,2.14e+20,5.500000000000001e+19,-1.42e+20,-4.4e+19,ISC,,intraarc_deep,,intraarc,1976-11-30T00:40:59,5.8,10.001368925393566,3,1976-11-30 00:40:59+00:00,True,7
5077,1976-11-30T00:41:13,-68.51,-20.54,133.7,7.2,mw,0.04,0.03,3.0,,181.0,27.0,-73.0,342.0,64.0,-99.0,-1.79e+20,-3.5e+19,2.14e+20,5.500000000000001e+19,-1.42e+20,-4.4e+19,GCMT,,slab_deep,102.284172058,slab_deep,1976-11-30T00:41:13,5.8,10.001368925393566,3,1976-11-30 00:41:13+00:00,True,15
5079,1976-11-30T17:08:41,-69.21,-19.947,69.0,5.9,mw,,,,,,,,,,,,,,,,,USGS,,forearc,84.2719497681,forearc,1976-11-30T17:08:41,5.8,10.001368925393566,3,1976-11-30 17:08:41+00:00,True,58
5114,1976-12-28T13:51:57,-68.478,-21.305,75.0,6.1,mw,,,5.0,0.39,,,,,,,,,,,,,ISC-GEM,,intraarc_deep,,intraarc,1976-12-28T13:51:57,5.8,10.001368925393566,3,1976-12-28 13:51:57+00:00,True,16
5115,1976-12-28T13:52:01,-68.592,-21.295,112.0,5.8,mw,,,,,,,,,,,,,,,,,ISC,,slab_deep,93.5297317505,slab_deep,1976-12-28T13:52:01,5.8,10.001368925393566,3,1976-12-28 13:52:01+00:00,True,218
5126,1977-01-17T21:27:36,-68.61,-24.89,134.4,6.9,mw,0.02,0.02,1.2,,183.0,44.0,73.0,26.0,49.0,105.0,1.978e+19,4.43e+18,-2.422e+19,3.27e+18,1.33e+18,-8.21e+18,GCMT,,slab_deep,86.7549285889,slab_deep,1977-01-17T21:27:36,5.8,10.001368925393566,3,1977-01-17 21:27:36+00:00,True,34
5197,1977-06-05T02:46:13,-69.71,-23.51,32.0,5.9,mw,0.08,0.07,0.0,,94.0,20.0,-162.0,347.0,84.0,-71.0,-1.055e+17,-2500000000000000.0,1.08e+17,2.1960000000000003e+17,-7.114e+17,-3.312e+17,GCMT,,forearc,56.4676094055,forearc,1977-06-05T02:46:13,5.8,10.001368925393566,3,1977-06-05 02:46:13+00:00,True,59
5274,1977-08-29T16:36:03,-69.173,-31.892,123.0,5.8,mw,,,,,,,,,,,,,,,,,USGS,,slab_deep,102.355148315,slab_deep,1977-08-29T16:36:03,5.8,10.001368925393566,3,1977-08-29 16:36:03+00:00,True,219
5327,1977-11-23T09:26:48,-67.69,-31.22,20.8,7.5,mw,0.01,0.01,0.4,,183.0,44.0,90.0,4.0,46.0,90.0,1.855e+20,8e+17,-1.863e+20,1.3e+18,6.5e+18,-1.19e+19,GCMT,,backarc,,unclassified,1977-11-23T09:26:48,5.8,10.001368925393566,3,1977-11-23 09:26:48+00:00,True,2
5393,1977-11-28T18:40:17,-69.084,-32.032,86.0,5.9,mw,,,,,,,,,,,,,,,,,USGS,,intraarc_deep,,intraarc,1977-11-28T18:40:17,5.8,10.001368925393566,3,1977-11-28 18:40:17+00:00,True,24
5418,1977-12-07T00:32:36,-67.386,-28.573,124.0,5.8,mw,,,,,148.0,42.0,-82.0,318.0,48.0,-97.0,-1.84e+17,6.38e+16,1.201e+17,2.37e+16,-5400000000000000.0,-1.0169999999999998e+17,USGS,,slab_deep,105.188591003,slab_deep,1977-12-07T00:32:36,5.8,10.001368925393566,3,1977-12-07 00:32:36+00:00,True,220
5443,1978-01-04T13:19:21,-70.97,-25.562,24.0,6.0,mw,,,,,,,,,,,,,,,,,USGS,,slab_interface,22.7619380951,slab_interface,1978-01-04T13:19:21,5.8,10.001368925393566,3,1978-01-04 13:19:21+00:00,True,138
5456,1978-01-20T04:42:58,-70.19,-34.278,132.0,6.1,mw,,,,,183.0,26.0,-98.0,12.0,64.0,-86.0,-2.592e+17,4.56e+16,2.136e+17,-5.36e+16,-1.819e+17,1.94e+16,USGS,,slab_deep,103.40309906,slab_deep,1978-01-20T04:42:58,5.8,10.001368925393566,3,1978-01-20 04:42:58+00:00,True,151
5475,1978-02-17T06:43:30,-71.021,-28.57,55.0,6.1,mw,,,,,141.0,23.0,35.0,18.0,77.0,109.0,5.823e+16,-2030000000000000.0,-5.62e+16,5.207e+16,9.218e+16,2.379e+16,USGS,,intra_slab,39.168094635,intra_slab,1978-02-17T06:43:30,5.8,10.001368925393566,3,1978-02-17 06:43:30+00:00,True,57
5577,1978-08-03T18:11:23,-70.4,-26.54,69.3,6.8,mw,0.02,0.02,0.8,,231.0,22.0,-57.0,15.0,72.0,-102.0,-1.498e+19,7.49e+18,7.49e+18,-1.6e+18,-1.7490000000000002e+19,4.52e+18,GCMT,,intra_slab,46.6838722229,intra_slab,1978-08-03T18:11:23,5.8,10.001368925393566,3,1978-08-03 18:11:23+00:00,True,13
5618,1978-10-27T10:06:56,-66.03,-21.86,299.6,5.8,mw,0.04,0.04,1.8,,134.0,24.0,-126.0,353.0,71.0,-75.0,-3.359e+17,1.07e+16,3.252e+17,1.98e+16,-4.437e+17,-1.895e+17,GCMT,,slab_deep,231.368728638,slab_deep,1978-10-27T10:06:56,5.8,10.001368925393566,3,1978-10-27 10:06:56+00:00,True,221
5646,1978-12-21T01:13:55,-72.463,-36.286,47.0,6.1,mw,,,,,101.0,34.0,52.0,324.0,64.0,112.0,5.478e+17,-4.288e+17,-1.19e+17,-1.293e+17,4.274e+17,2.866e+17,USGS,,forearc,49.9037818909,forearc,1978-12-21T01:13:55,5.8,10.001368925393566,3,1978-12-21 01:13:55+00:00,True,46
5647,1978-12-21T01:13:57,-72.57,-36.4,50.0,5.8,mw,0.05,0.03,0.0,,101.0,34.0,52.0,324.0,64.0,112.0,5.478e+17,-4.288e+17,-1.19e+17,-1.293e+17,4.274e+17,2.866e+17,GCMT,,intra_slab,47.6234703064,intra_slab,1978-12-21T01:13:57,5.8,10.001368925393566,3,1978-12-21 01:13:57+00:00,True,89
5649,1978-12-24T00:02:02,-69.815,-20.024,48.0,5.8,mw,,,,,344.0,34.0,82.0,173.0,57.0,95.0,7.32e+16,1.329e+16,-8.648e+16,1290000000000000.0,-3.453e+16,2e+16,USGS,,slab_deep,60.9875144958,slab_deep,1978-12-24T00:02:02,5.8,10.001368925393566,3,1978-12-24 00:02:02+00:00,True,222
5677,1979-02-16T10:08:53,-72.658,-16.39,53.0,6.9,mw,,,,,59.0,16.0,25.0,305.0,84.0,104.0,1.208e+19,-2.331e+19,1.123e+19,-4.718e+19,3.404e+19,3.06e+18,USGS,,slab_deep,64.2673416138,slab_deep,1979-02-16T10:08:53,5.8,10.001368925393566,3,1979-02-16 10:08:53+00:00,True,35
5676,1979-02-16T10:08:58,-72.48,-16.88,34.3,7.1,mw,0.02,0.02,1.0,,59.0,16.0,25.0,305.0,84.0,104.0,1.208e+19,-2.331e+19,1.123e+19,-4.718e+19,3.404e+19,3.06e+18,GCMT,,forearc,48.1521110535,forearc,1979-02-16T10:08:58,5.8,10.001368925393566,3,1979-02-16 10:08:58+00:00,True,7
5699,1979-03-11T06:06:41,-69.022,-22.301,61.0,5.9,mw,,,,,,,,,,,,,,,,,USGS,,forearc,78.4890213013,forearc,1979-03-11T06:06:41,5.8,10.001368925393566,3,1979-03-11 06:06:41+00:00,True,60
5713,1979-04-06T17:48:51,-70.686,-27.715,55.0,5.8,mw,,,,,,,,,,,,,,,,,USGS,,slab_interface,41.7104263306,slab_interface,1979-04-06T17:48:51,5.8,10.001368925393566,3,1979-04-06 17:48:51+00:00,True,165
5736,1979-04-26T02:00:11,-72.07,-33.91,33.7,5.9,mw,0.03,0.03,1.7,,26.0,25.0,124.0,170.0,70.0,76.0,5.149e+17,1.315e+17,-6.464e+17,1.557e+17,-6.172e+17,-8.55e+16,GCMT,,slab_interface,25.0887012482,slab_interface,1979-04-26T02:00:11,5.8,10.001368925393566,3,1979-04-26 02:00:11+00:00,True,156
5737,1979-04-28T11:38:25,-71.17,-27.39,21.1,6.1,mw,0.05,0.04,2.2,,31.0,24.0,68.0,234.0,68.0,99.0,1.307e+18,-6.07e+17,-7e+17,-1.162e+18,-7.19e+17,-8.27e+17,GCMT,,slab_interface,21.9969615936,slab_interface,1979-04-28T11:38:25,5.8,10.001368925393566,3,1979-04-28 11:38:25+00:00,True,120
5753,1979-05-14T23:04:07,-69.32,-23.05,72.4,6.3,mw,0.02,0.03,1.0,,183.0,27.0,-101.0,16.0,63.0,-84.0,-2.219e+18,-3.61e+17,2.58e+18,-5.66e+17,-1.707e+18,5.5800000000000006e+17,GCMT,,slab_deep,68.8893508911,slab_deep,1979-05-14T23:04:07,5.8,10.001368925393566,3,1979-05-14 23:04:07+00:00,True,98
5782,1979-05-28T14:59:19,-70.262,-24.604,63.0,6.2,mw,,,,,349.0,35.0,-113.0,196.0,58.0,-75.0,-5.875e+17,-2.69e+17,8.565e+17,1.206e+17,3.216e+17,8.29e+16,USGS,,intra_slab,42.8237113953,intra_slab,1979-05-28T14:59:19,5.8,10.001368925393566,3,1979-05-28 14:59:19+00:00,True,49
5783,1979-05-28T14:59:26,-70.98,-24.56,60.0,5.9,mw,0.03,0.04,0.0,,349.0,35.0,-113.0,196.0,58.0,-75.0,-5.875e+17,-2.69e+17,8.565e+17,1.206e+17,3.216e+17,8.29e+16,GCMT,,intra_slab,20.0387477875,intra_slab,1979-05-28T14:59:26,5.8,10.001368925393566,3,1979-05-28 14:59:26+00:00,True,75
5807,1979-07-06T02:01:16,-71.321,-32.148,45.0,6.1,mw,,,,,166.0,39.0,70.0,11.0,54.0,105.0,4.9160000000000006e+17,-2000000000000000.0,-4.896e+17,1.19e+17,1.409e+17,1.65e+16,USGS,,slab_interface,46.7920837402,slab_interface,1979-07-06T02:01:16,5.8,10.001368925393566,3,1979-07-06 02:01:16+00:00,True,121
5886,1979-11-22T02:41:27,-66.84,-24.27,181.0,6.4,mw,0.03,0.04,1.0,,209.0,44.0,-37.0,327.0,65.0,-128.0,-3.437e+18,-2.282e+18,5.718e+18,2.298e+18,-1.808e+18,-4.87e+17,GCMT,,slab_deep,154.572113037,slab_deep,1979-11-22T02:41:27,5.8,10.001368925393566,3,1979-11-22 02:41:27+00:00,True,86
5903,1979-12-24T00:13:41,-66.958,-29.646,49.0,5.8,mw,,,,,,,,,,,,,,,,,USGS,,backarc,,unclassified,1979-12-24T00:13:41,5.8,10.001368925393566,3,1979-12-24 00:13:41+00:00,True,29
5946,1980-03-07T08:25:09,-72.816,-16.794,35.0,6.1,mw,,,4.8,0.1,166.0,61.0,112.0,306.0,36.0,56.0,1.45e+18,-3.08e+17,-1.142e+18,-4.4e+16,-9.66e+17,9.59e+17,ISC-GEM,,slab_interface,43.0114364624,slab_interface,1980-03-07T08:25:09,5.8,10.001368925393566,3,1980-03-07 08:25:09+00:00,True,122
5947,1980-03-07T08:25:12,-73.48,-17.17,15.0,6.1,mw,0.04,0.04,0.0,,306.0,36.0,56.0,166.0,61.0,112.0,1.45e+18,-3.08e+17,-1.142e+18,-4.4e+16,-9.66e+17,9.59e+17,GCMT,,slab_interface,16.3012275696,slab_interface,1980-03-07T08:25:12,5.8,10.001368925393566,3,1980-03-07 08:25:12+00:00,True,123
6005,1980-05-26T18:41:51,-69.17,-19.43,104.0,6.6,mw,0.02,0.02,1.1,,177.0,23.0,-83.0,349.0,67.0,-93.0,-6.928e+18,-6.07e+17,7.535e+18,1.495e+18,-7.093e+18,-1.052e+18,GCMT,,slab_deep,92.1045303345,slab_deep,1980-05-26T18:41:51,5.8,10.001368925393566,3,1980-05-26 18:41:51+00:00,True,66
6022,1980-06-11T14:21:25,-71.93,-33.03,20.0,5.8,mw,0.03,0.03,0.0,,1.0,26.0,87.0,184.0,64.0,91.0,5.183e+17,8.24e+16,-6.008e+17,-3.3700000000000004e+16,-4.4560000000000006e+17,-2.7500000000000004e+16,GCMT,,slab_interface,23.1661930084,slab_interface,1980-06-11T14:21:25,5.8,10.001368925393566,3,1980-06-11 14:21:25+00:00,True,166
6041,1980-07-19T11:52:21,-69.675,-28.997,110.0,6.5,mw,,,,,306.0,26.0,-77.0,112.0,65.0,-96.0,-8.087e+17,5.889e+17,2.198e+17,-6.221e+17,1.875e+17,-3.052e+17,USGS,,slab_deep,84.990234375,slab_deep,1980-07-19T11:52:21,5.8,10.001368925393566,3,1980-07-19 11:52:21+00:00,True,75
6065,1980-08-29T10:38:14,-73.103,-39.664,34.0,5.8,mw,,,,,171.0,29.0,140.0,298.0,72.0,67.0,8.34e+16,-1.58e+16,-6.760000000000001e+16,-1.054e+17,2.24e+16,4.74e+16,USGS,,forearc,55.4285469055,forearc,1980-08-29T10:38:14,5.8,10.001368925393566,3,1980-08-29 10:38:14+00:00,True,65
6106,1980-11-08T21:35:43,-67.654,-24.341,103.0,5.8,mw,,,,,137.0,28.0,-95.0,323.0,62.0,-87.0,-1.107e+17,4.69e+16,6.38e+16,4.28e+16,-6.22e+16,-5.07e+16,USGS,,slab_deep,110.943122864,slab_deep,1980-11-08T21:35:43,5.8,10.001368925393566,3,1980-11-08 21:35:43+00:00,True,223
6109,1980-11-10T16:24:40,-67.468,-31.576,21.0,6.1,mw,,,,,133.0,31.0,49.0,358.0,67.0,111.0,2.53e+17,-4.24e+16,-2.106e+17,6.35e+16,2.415e+17,1.167e+17,USGS,,backarc,,unclassified,1980-11-10T16:24:40,5.8,10.001368925393566,3,1980-11-10 16:24:40+00:00,True,18
6128,1980-12-11T18:15:14,-68.46,-21.26,120.8,6.3,mw,0.02,0.02,1.1,,159.0,38.0,-111.0,5.0,55.0,-74.0,-2.948e+18,-6.93e+17,3.642e+18,-4.48e+17,-1.15e+18,-5.6200000000000006e+17,GCMT,,slab_deep,98.4441375732,slab_deep,1980-12-11T18:15:14,5.8,10.001368925393566,3,1980-12-11 18:15:14+00:00,True,99
6158,1981-01-27T14:25:44,-68.032,-23.028,125.0,5.8,mw,,,,,147.0,32.0,-130.0,12.0,66.0,-68.0,-7.802e+16,-9130000000000000.0,8.715e+16,-3.3690000000000004e+16,-6.298e+16,-1.949e+16,USGS,,slab_deep,100.674316406,slab_deep,1981-01-27T14:25:44,5.8,10.001368925393566,3,1981-01-27 14:25:44+00:00,True,224
6185,1981-03-23T19:28:10,-71.935,-33.663,27.0,5.8,mw,,,,,335.0,5.0,73.0,173.0,85.0,91.0,1.027e+18,-5.4000000000000006e+17,-4.87e+17,5.85e+17,-4.676e+18,1.14e+17,ISC,,slab_interface,25.8404064178,slab_interface,1981-03-23T19:28:10,5.8,10.001368925393566,3,1981-03-23 19:28:10+00:00,True,167
6184,1981-03-23T19:28:15,-71.81,-33.96,16.6,6.4,mw,0.06,0.04,2.5,,335.0,5.0,73.0,173.0,85.0,91.0,1.027e+18,-5.4000000000000006e+17,-4.87e+17,5.85e+17,-4.676e+18,1.14e+17,GCMT,,forearc,33.4850769043,forearc,1981-03-23T19:28:15,5.8,10.001368925393566,3,1981-03-23 19:28:15+00:00,True,29
6240,1981-05-17T17:04:58,-71.831,-27.223,33.0,5.8,mw,,,,,191.0,37.0,-79.0,358.0,54.0,-98.0,-9.022e+16,-4970000000000000.0,9.519e+16,8250000000000000.0,-3.02e+16,8250000000000000.0,USGS,,outer_rise,,outer_rise,1981-05-17T17:04:58,5.8,10.001368925393566,3,1981-05-17 17:04:58+00:00,True,25
6270,1981-06-16T05:41:49,-68.337,-21.486,76.1,5.8,mw,,,3.8,,118.0,40.0,-128.0,344.0,59.0,-62.0,-1.2430000000000002e+17,3.1e+16,9.33e+16,-700000000000000.0,-7.019999999999999e+16,-1.165e+17,USGS,,intraarc_deep,,intraarc,1981-06-16T05:41:49,5.8,10.001368925393566,3,1981-06-16 05:41:49+00:00,True,28
6290,1981-07-28T03:03:22,-73.204,-41.574,43.0,5.9,mw,,,,,44.0,59.0,17.0,305.0,75.0,148.0,6.37e+16,-2.863e+17,2.226e+17,-7.46e+16,1.733e+17,-5.500000000000001e+16,USGS,,slab_deep,56.9438400269,slab_deep,1981-07-28T03:03:22,5.8,10.001368925393566,3,1981-07-28 03:03:22+00:00,True,199
6353,1981-10-16T03:25:47,-73.15,-33.48,40.4,7.5,mw,0.02,0.02,0.8,,194.0,34.0,96.0,6.0,56.0,86.0,4.936e+19,-5.75e+18,-4.361e+19,-3e+17,1.967e+19,-7.27e+18,GCMT,,outer_rise,,outer_rise,1981-10-16T03:25:47,5.8,10.001368925393566,3,1981-10-16 03:25:47+00:00,True,1
6378,1981-11-07T03:29:58,-71.39,-32.41,65.6,6.9,mw,0.02,0.02,2.5,,208.0,5.0,-47.0,345.0,86.0,-94.0,-6.7e+17,-7.67e+18,8.34e+18,7.82e+18,-3.122e+19,-2.17e+18,GCMT,,intra_slab,42.2456550598,intra_slab,1981-11-07T03:29:58,5.8,10.001368925393566,3,1981-11-07 03:29:58+00:00,True,9
6430,1982-01-28T14:26:16,-71.782,-27.383,33.0,6.5,mw,,,,,,,,,,,,,,,,,USGS,,intra_slab,9.41836643219,intra_slab,1982-01-28T14:26:16,5.8,10.001368925393566,3,1982-01-28 14:26:16+00:00,True,27
6437,1982-02-10T20:38:17,-66.09,-22.76,236.6,6.7,mw,0.03,0.02,1.1,,235.0,10.0,-28.0,353.0,85.0,-99.0,-2.42e+18,-1.22e+18,3.64e+18,1.89e+18,-1.556e+19,2.08e+18,GCMT,,slab_deep,225.34022522,slab_deep,1982-02-10T20:38:17,5.8,10.001368925393566,3,1982-02-10 20:38:17+00:00,True,57
6506,1982-06-01T04:14:16,-75.209,-41.482,29.0,6.0,mw,,,,,160.0,33.0,-130.0,25.0,65.0,-67.0,-3.372e+18,-8.6e+17,4.232e+18,-1.871e+18,-2.339e+18,3.07e+17,ISC,,intra_slab,7.50473117828,intra_slab,1982-06-01T04:14:16,5.8,10.001368925393566,3,1982-06-01 04:14:16+00:00,True,66
6507,1982-06-01T09:37:25,-70.341,-42.874,33.0,5.8,mw,,,,,,,,,,,,,,,,,USGS,,backarc,,unclassified,1982-06-01T09:37:25,5.8,10.001368925393566,3,1982-06-01 09:37:25+00:00,True,30
6602,1982-10-26T03:24:34,-71.33,-29.7,56.1,5.8,mw,0.04,0.03,4.5,,100.0,15.0,-154.0,345.0,84.0,-77.0,-1.367e+17,1.149e+17,2.18e+16,9.69e+16,-4.904e+17,-1.0960000000000002e+17,GCMT,,intra_slab,37.0806007385,intra_slab,1982-10-26T03:24:34,5.8,10.001368925393566,3,1982-10-26 03:24:34+00:00,True,90
6622,1982-11-18T20:39:54,-65.74,-31.21,166.2,6.0,mw,0.06,0.04,1.8,,129.0,24.0,-114.0,335.0,68.0,-80.0,-8.794e+17,3.461e+17,5.333e+17,2.8690000000000003e+17,-8.276999999999999e+17,-4.33e+17,GCMT,,slab_deep,143.402175903,slab_deep,1982-11-18T20:39:54,5.8,10.001368925393566,3,1982-11-18 20:39:54+00:00,True,179
6664,1982-12-31T03:47:34,-67.8,-20.53,10.1,6.0,mw,0.09,0.12,0.0,,340.0,11.0,130.0,119.0,82.0,83.0,4.358e+17,-9.05e+16,-3.453e+17,9.568e+17,-4.646e+17,3.44e+16,GCMT,,intraarc_shallow,,intraarc,1982-12-31T03:47:34,5.8,10.001368925393566,3,1982-12-31 03:47:34+00:00,True,22
6666,1983-01-01T05:32:01,-69.45,-17.03,171.8,6.3,mw,0.03,0.03,0.9,,216.0,32.0,-19.0,322.0,80.0,-121.0,-9.38e+17,-1.189e+18,2.127e+18,1.802e+18,-1.832e+18,-6.6e+16,GCMT,,slab_deep,138.498184204,slab_deep,1983-01-01T05:32:01,5.8,10.001368925393566,3,1983-01-01 05:32:01+00:00,True,100
6669,1983-01-10T09:17:37,-69.16,-21.95,131.9,5.9,mw,0.04,0.04,1.5,,162.0,11.0,-115.0,7.0,80.0,-85.0,-1.332e+17,-2.59e+17,3.923e+17,-7.35e+16,-7.257e+17,1.66e+16,GCMT,,slab_deep,75.354598999,slab_deep,1983-01-10T09:17:37,5.8,10.001368925393566,3,1983-01-10 09:17:37+00:00,True,200
6705,1983-02-25T22:49:58,-69.47,-18.61,144.9,6.7,mw,0.01,0.02,0.6,,253.0,15.0,-14.0,357.0,87.0,-104.0,-1.36e+18,-7.3e+17,2.09e+18,7.4e+17,-1.262e+19,3.1e+18,GCMT,,slab_deep,95.3892745972,slab_deep,1983-02-25T22:49:58,5.8,10.001368925393566,3,1983-02-25 22:49:58+00:00,True,58
6733,1983-04-13T00:35:44,-74.531,-39.723,33.0,6.0,mw,,,,,,,,,,,,,,,,,USGS,,intra_slab,12.634144783,intra_slab,1983-04-13T00:35:44,5.8,10.001368925393566,3,1983-04-13 00:35:44+00:00,True,67
6752,1983-05-07T01:07:23,-70.788,-28.008,51.0,5.8,mw,,,,,16.0,29.0,101.0,183.0,62.0,84.0,4.284e+16,-220000000000000.0,-4.261e+16,930000000000000.0,-2.81e+16,-7390000000000000.0,USGS,,slab_interface,40.5151672363,slab_interface,1983-05-07T01:07:23,5.8,10.001368925393566,3,1983-05-07 01:07:23+00:00,True,168
6755,1983-05-09T10:58:23,-74.45,-41.92,33.0,6.1,mw,0.05,0.03,0.0,,358.0,41.0,-118.0,213.0,54.0,-68.0,-1.293e+18,-2.7800000000000003e+17,1.571e+18,4.14e+17,2.52e+17,5.75e+17,GCMT,,intra_slab,18.6665592194,intra_slab,1983-05-09T10:58:23,5.8,10.001368925393566,3,1983-05-09 10:58:23+00:00,True,58
6790,1983-07-08T02:03:13,-70.586,-19.849,33.8,5.8,mw,,,7.6,,,,,,,,,,,,,,USGS,,slab_interface,30.9583339691,slab_interface,1983-07-08T02:03:13,5.8,10.001368925393566,3,1983-07-08 02:03:13+00:00,True,169
6826,1983-09-01T20:01:52,-69.93,-17.43,105.1,5.9,mw,0.04,0.03,2.8,,143.0,13.0,-86.0,319.0,77.0,-91.0,-4.522e+17,1.904e+17,2.618e+17,5.547e+17,-6.268e+17,-1.557e+17,GCMT,,slab_deep,106.250167847,slab_deep,1983-09-01T20:01:52,5.8,10.001368925393566,3,1983-09-01 20:01:52+00:00,True,201
6853,1983-10-04T18:52:37,-70.56,-26.01,38.7,7.2,mw,0.02,0.02,1.0,,9.0,20.0,110.0,168.0,71.0,83.0,2.044e+20,1.31e+19,-2.175e+20,6.790000000000001e+19,-2.552e+20,8e+18,GCMT,,slab_interface,37.1516571045,slab_interface,1983-10-04T18:52:37,5.8,10.001368925393566,3,1983-10-04 18:52:37+00:00,True,28
6865,1983-10-09T11:25:43,-70.355,-26.116,24.0,5.9,mw,,,,,9.0,20.0,111.0,167.0,71.0,82.0,3.858e+18,1.27e+17,-3.986e+18,1.429e+18,-4.9e+18,1.26e+17,ISC,,forearc,46.2315826416,forearc,1983-10-09T11:25:43,5.8,10.001368925393566,3,1983-10-09 11:25:43+00:00,True,61
6864,1983-10-09T11:25:49,-71.1,-26.31,39.7,6.5,mw,0.02,0.02,1.1,,9.0,20.0,111.0,167.0,71.0,82.0,3.858e+18,1.27e+17,-3.986e+18,1.429e+18,-4.9e+18,1.26e+17,GCMT,,intra_slab,18.6300144196,intra_slab,1983-10-09T11:25:49,5.8,10.001368925393566,3,1983-10-09 11:25:49+00:00,True,28
6875,1983-10-16T09:59:49,-70.65,-23.51,84.1,5.9,mw,0.05,0.03,3.6,,185.0,16.0,-90.0,4.0,74.0,-90.0,-5.2300000000000006e+17,2100000000000000.0,5.209e+17,-5.779999999999999e+16,-8.148e+17,3.95e+16,GCMT,,intra_slab,25.1008472443,intra_slab,1983-10-16T09:59:49,5.8,10.001368925393566,3,1983-10-16 09:59:49+00:00,True,76
6915,1983-12-15T04:22:36,-70.56,-33.09,103.6,6.0,mw,0.06,0.03,2.6,,202.0,21.0,-78.0,9.0,69.0,-95.0,-8.194000000000001e+17,2.03e+16,7.991e+17,-1.062e+17,-9.358e+17,2.21e+17,GCMT,,slab_deep,77.9047088623,slab_deep,1983-12-15T04:22:36,5.8,10.001368925393566,3,1983-12-15 04:22:36+00:00,True,180
6959,1984-02-26T08:18:24,-70.65,-17.31,115.6,6.1,mw,0.03,0.02,1.8,,169.0,21.0,-69.0,327.0,71.0,-98.0,-8.48e+17,-1.14e+17,9.62e+17,6.98e+17,-1.073e+18,-6.32e+17,GCMT,,slab_deep,91.7285995483,slab_deep,1984-02-26T08:18:24,5.8,10.001368925393566,3,1984-02-26 08:18:24+00:00,True,152
7032,1984-06-11T02:05:35,-71.24,-30.703,50.8,6.2,mw,,,4.9,0.1,171.0,54.0,87.0,357.0,36.0,94.0,2.198e+18,2.98e+17,-2.497e+18,1.72e+17,-7.43e+17,3.1e+17,ISC-GEM,,slab_interface,47.3663253784,slab_interface,1984-06-11T02:05:35,5.8,10.001368925393566,3,1984-06-11 02:05:35+00:00,True,109
7033,1984-06-11T02:05:42,-71.9,-31.25,44.5,6.2,mw,0.02,0.02,1.6,,357.0,36.0,94.0,171.0,54.0,87.0,2.198e+18,2.98e+17,-2.497e+18,1.72e+17,-7.43e+17,3.1e+17,GCMT,,intra_slab,21.9471549988,intra_slab,1984-06-11T02:05:42,5.8,10.001368925393566,3,1984-06-11 02:05:42+00:00,True,50
7130,1984-10-20T17:59:25,-66.94,-24.27,209.0,6.2,mw,0.03,0.03,1.3,,220.0,27.0,-67.0,14.0,65.0,-101.0,-1.407e+18,-4.6e+16,1.453e+18,-2.55e+17,-1.289e+18,8.94e+17,GCMT,,slab_deep,148.15826416,slab_deep,1984-10-20T17:59:25,5.8,10.001368925393566,3,1984-10-20 17:59:25+00:00,True,123
7187,1984-12-11T23:22:29,-68.96,-22.56,128.1,6.4,mw,0.02,0.02,1.0,,217.0,13.0,-62.0,8.0,79.0,-96.0,-2.165e+18,4.41e+17,1.723e+18,-5.4100000000000006e+17,-4.854e+18,7.58e+17,GCMT,,slab_deep,79.0946502686,slab_deep,1984-12-11T23:22:29,5.8,10.001368925393566,3,1984-12-11 23:22:29+00:00,True,87
7225,1985-01-18T15:00:10,-70.891,-29.416,80.8,6.3,mw,,,5.2,0.1,227.0,78.0,156.0,322.0,67.0,13.0,5.3900000000000006e+17,2.904e+18,-3.443e+18,-1.459e+18,-4.09e+17,-4.98e+17,ISC-GEM,,slab_deep,55.1383743286,slab_deep,1985-01-18T15:00:10,5.8,10.001368925393566,3,1985-01-18 15:00:10+00:00,True,101
7226,1985-01-18T15:00:15,-71.26,-29.79,74.5,6.3,mw,0.02,0.02,1.4,,322.0,67.0,13.0,227.0,78.0,156.0,5.3900000000000006e+17,2.904e+18,-3.443e+18,-1.459e+18,-4.09e+17,-4.98e+17,GCMT,,intra_slab,42.2746658325,intra_slab,1985-01-18T15:00:15,5.8,10.001368925393566,3,1985-01-18 15:00:15+00:00,True,43
7229,1985-01-26T03:06:58,-68.467,-33.053,5.0,6.2,mw,,,,,158.0,38.0,65.0,9.0,56.0,108.0,8.699999999999999e+17,1.161e+17,-9.861e+17,2.094e+17,3.349e+17,1.172e+17,USGS,,backarc,,unclassified,1985-01-26T03:06:58,5.8,10.001368925393566,3,1985-01-26 03:06:58+00:00,True,13
7282,1985-03-03T22:47:39,-71.71,-33.92,40.7,7.9,mw,0.02,0.02,1.0,,11.0,26.0,110.0,169.0,66.0,81.0,7.48e+20,4.89e+19,-7.969e+20,1.912e+20,-6.55e+20,2.9e+18,GCMT,,slab_interface,36.4994354248,slab_interface,1985-03-03T22:47:39,5.8,10.001368925393566,3,1985-03-03 22:47:39+00:00,True,12
7285,1985-03-04T00:32:52,-71.79,-33.06,33.0,7.4,mw,0.23,0.17,0.0,,234.0,32.0,155.0,346.0,77.0,60.0,5.84e+19,-5.5e+18,-5.289e+19,-7.36e+19,9.282e+19,-5.169e+19,GCMT,,intra_slab,27.7207565308,intra_slab,1985-03-04T00:32:52,5.8,10.001368925393566,3,1985-03-04 00:32:52+00:00,True,4
7286,1985-03-04T03:32:51,-72.02,-32.995,35.0,6.6,mw,,,9.8,0.2,,,,,,,,,,,,,ISC-GEM,,slab_interface,21.6819496155,slab_interface,1985-03-04T03:32:51,5.8,10.001368925393566,3,1985-03-04 03:32:51+00:00,True,63
7288,1985-03-04T06:07:12,-72.08,-33.43,10.0,6.3,mw,0.25,0.18,0.0,,215.0,24.0,143.0,340.0,76.0,70.0,1.579e+18,7.2e+17,-2.299e+18,-1.231e+18,2.721e+18,-3.16e+17,GCMT,,forearc,20.5446720123,forearc,1985-03-04T06:07:12,5.8,10.001368925393566,3,1985-03-04 06:07:12+00:00,True,35
7289,1985-03-04T15:01:07,-71.249,-33.842,40.1,6.3,mw,,,,,21.0,28.0,109.0,179.0,63.0,80.0,2.537e+18,4.36e+17,-2.973e+18,1.97e+17,-2.02e+18,-5.4700000000000006e+17,USGS,,slab_deep,54.377746582,slab_deep,1985-03-04T15:01:07,5.8,10.001368925393566,3,1985-03-04 15:01:07+00:00,True,102
7290,1985-03-04T15:01:14,-71.81,-33.87,53.1,6.3,mw,0.03,0.02,1.4,,21.0,28.0,109.0,179.0,63.0,80.0,2.537e+18,4.36e+17,-2.973e+18,1.97e+17,-2.02e+18,-5.4700000000000006e+17,GCMT,,intra_slab,32.392414093,intra_slab,1985-03-04T15:01:14,5.8,10.001368925393566,3,1985-03-04 15:01:14+00:00,True,44
7455,1985-03-25T05:14:39,-72.52,-34.6,23.9,6.3,mw,0.02,0.02,1.0,,10.0,20.0,98.0,181.0,70.0,87.0,2.595e+18,-7.9e+16,-2.516e+18,8999999999999998.0,-3.096e+18,-2.45e+17,GCMT,,slab_interface,21.3393611908,slab_interface,1985-03-25T05:14:39,5.8,10.001368925393566,3,1985-03-25 05:14:39+00:00,True,86
7471,1985-04-03T13:06:26,-71.5,-32.62,35.5,6.1,mw,0.03,0.02,1.4,,18.0,21.0,87.0,201.0,69.0,91.0,1.098e+18,-4e+16,-1.057e+18,-4.66e+17,-1.211e+18,-4.11e+17,GCMT,,slab_interface,38.1092300415,slab_interface,1985-04-03T13:06:26,5.8,10.001368925393566,3,1985-04-03 13:06:26+00:00,True,124
7543,1985-05-19T18:09:21,-71.81,-30.38,46.1,6.2,mw,0.02,0.02,1.2,,359.0,35.0,96.0,172.0,55.0,86.0,2.335e+18,1.12e+17,-2.448e+18,2.17e+17,-8.67e+17,2.17e+17,GCMT,,intra_slab,23.0739860535,intra_slab,1985-05-19T18:09:21,5.8,10.001368925393566,3,1985-05-19 18:09:21+00:00,True,51
7573,1985-06-02T16:27:02,-73.76,-37.83,32.0,5.9,mw,0.04,0.03,2.2,,347.0,24.0,47.0,212.0,73.0,107.0,4.115e+17,5.649999999999999e+16,-4.68e+17,-3.769e+17,-4.648e+17,-8.28e+16,GCMT,,slab_interface,22.4555473328,slab_interface,1985-06-02T16:27:02,5.8,10.001368925393566,3,1985-06-02 16:27:02+00:00,True,157
7576,1985-06-03T17:56:51,-71.096,-27.99,28.0,5.8,mw,,,,,,,,,,,,,,,,,USGS,,slab_interface,28.3409042358,slab_interface,1985-06-03T17:56:51,5.8,10.001368925393566,3,1985-06-03 17:56:51+00:00,True,170
7589,1985-06-10T15:37:08,-66.64,-27.88,170.2,6.3,mw,0.02,0.02,0.7,,161.0,33.0,-64.0,310.0,61.0,-106.0,-2.821e+18,6.65e+17,2.1560000000000005e+18,1.577e+18,-1.087e+18,-2.501e+18,GCMT,,slab_deep,134.638565063,slab_deep,1985-06-10T15:37:08,5.8,10.001368925393566,3,1985-06-10 15:37:08+00:00,True,103
7595,1985-06-12T02:57:50,-69.627,-17.601,149.5,5.8,mw,,,8.7,,,,,,,,,,,,,,USGS,,slab_deep,111.397689819,slab_deep,1985-06-12T02:57:50,5.8,10.001368925393566,3,1985-06-12 02:57:50+00:00,True,225
7673,1985-08-12T00:04:53,-73.94,-38.45,17.2,6.2,mw,0.03,0.02,1.3,,16.0,15.0,111.0,174.0,76.0,84.0,1.11e+18,-5.4e+16,-1.056e+18,2.7800000000000003e+17,-1.977e+18,-1.05e+17,GCMT,,slab_interface,20.7155399323,slab_interface,1985-08-12T00:04:53,5.8,10.001368925393566,3,1985-08-12 00:04:53+00:00,True,110
7887,1986-02-20T09:16:06,-70.321,-21.337,55.0,5.8,mw,,,5.4,0.1,0.0,61.0,-77.0,154.0,32.0,-113.0,-3.747e+17,-2.453e+17,6.2e+17,1.02e+16,-2.898e+17,-1.616e+17,ISC-GEM,,intra_slab,32.7233123779,intra_slab,1986-02-20T09:16:06,5.8,11.000684462696784,4,1986-02-20 09:16:06+00:00,True,91
7888,1986-02-20T09:16:12,-71.06,-20.96,92.0,5.8,mw,0.04,0.03,2.0,,154.0,32.0,-113.0,0.0,61.0,-77.0,-3.747e+17,-2.453e+17,6.2e+17,1.02e+16,-2.898e+17,-1.616e+17,GCMT,,intra_slab,13.3250932693,intra_slab,1986-02-20T09:16:12,5.8,11.000684462696784,4,1986-02-20 09:16:12+00:00,True,92
7909,1986-03-15T11:29:50,-67.35,-18.91,241.3,6.3,mw,0.03,0.02,0.9,,259.0,50.0,-42.0,19.0,59.0,-132.0,-2.098e+18,1.345e+18,7.53e+17,6.66e+17,-1.456e+18,2.0750000000000005e+18,GCMT,,slab_deep,204.111297607,slab_deep,1986-03-15T11:29:50,5.8,11.000684462696784,4,1986-03-15 11:29:50+00:00,True,104
7982,1986-05-09T16:23:59,-65.49,-16.76,15.0,5.9,mw,0.03,0.03,0.0,,151.0,39.0,88.0,334.0,51.0,92.0,6.722e+17,-6.1e+16,-6.112e+17,-5.689999999999999e+16,1.397e+17,3.855e+17,GCMT,,backarc,,unclassified,1986-05-09T16:23:59,5.8,11.000684462696784,4,1986-05-09 16:23:59+00:00,True,26
8304,1987-02-03T16:42:46,-73.3,-37.69,28.4,5.8,mw,0.06,0.05,2.8,,357.0,16.0,95.0,172.0,74.0,89.0,3.331e+17,4.16e+16,-3.748e+17,8.58e+16,-5.593e+17,4.64e+16,GCMT,,slab_interface,31.854259491,slab_interface,1987-02-03T16:42:46,5.8,11.000684462696784,4,1987-02-03 16:42:46+00:00,True,171
8464,1987-03-05T09:17:20,-70.93,-24.38,41.9,7.2,mw,0.01,0.01,0.8,,12.0,23.0,106.0,175.0,68.0,83.0,1.746e+20,-5.4e+18,-1.692e+20,2.91e+19,-1.759e+20,-1.1e+19,GCMT,,intra_slab,20.7214736938,intra_slab,1987-03-05T09:17:20,5.8,11.000684462696784,4,1987-03-05 09:17:20+00:00,True,5
8477,1987-03-06T07:06:55,-69.7,-23.53,41.0,6.0,mw,0.3,0.17,0.0,,113.0,24.0,-177.0,20.0,89.0,-66.0,1.5e+16,-5.63e+17,5.4800000000000006e+17,-2.95e+17,-1.303e+18,-3.23e+17,GCMT,,forearc,56.6271820068,forearc,1987-03-06T07:06:55,5.8,11.000684462696784,4,1987-03-06 07:06:55+00:00,True,56
8475,1987-03-06T09:39:56,-70.031,-24.055,44.4,6.2,mw,,,5.3,0.1,168.0,80.0,68.0,54.0,24.0,154.0,8.76e+17,3.34e+17,-1.21e+18,6.82e+17,-2.169e+18,-7.03e+17,ISC-GEM,,forearc,46.509803772,forearc,1987-03-06T09:39:56,5.8,11.000684462696784,4,1987-03-06 09:39:56+00:00,True,40
8502,1987-03-10T00:22:40,-72.15,-18.53,15.0,5.8,mw,0.0,0.0,0.0,,176.0,39.0,-84.0,349.0,52.0,-94.0,-6.432e+17,1.594e+17,4.838e+17,6.850000000000001e+16,-1.234e+17,-4.19e+16,GCMT,,intra_slab,11.5596914291,intra_slab,1987-03-10T00:22:40,5.8,11.000684462696784,4,1987-03-10 00:22:40+00:00,True,93
8626,1987-04-01T01:48:20,-66.19,-22.92,250.8,6.9,mw,0.01,0.01,0.6,,268.0,14.0,1.0,177.0,90.0,104.0,2.89e+18,-6.53e+18,3.64e+18,-4.3e+17,-3.1070000000000004e+19,7.09e+18,GCMT,,slab_deep,215.89642334,slab_deep,1987-04-01T01:48:20,5.8,11.000684462696784,4,1987-04-01 01:48:20+00:00,True,36
8813,1987-05-07T19:36:06,-72.135,-17.096,78.4,5.8,mw,,,9.1,,,,,,,,,,,,,,USGS,,slab_deep,51.4304962158,slab_deep,1987-05-07T19:36:06,5.8,11.000684462696784,4,1987-05-07 19:36:06+00:00,True,226
8871,1987-05-19T12:56:34,-72.07,-30.71,22.8,6.1,mw,0.02,0.02,1.3,,355.0,32.0,88.0,177.0,58.0,91.0,1.578e+18,5.16e+17,-2.0950000000000005e+18,3e+16,-8.73e+17,1.78e+17,GCMT,,slab_interface,16.8445358276,slab_interface,1987-05-19T12:56:34,5.8,11.000684462696784,4,1987-05-19 12:56:34+00:00,True,125
9258,1987-07-25T16:15:20,-72.79,-31.386,25.0,5.8,mw,,,3.8,0.41,,,,,,,,,,,,,ISC-GEM,,outer_rise,,outer_rise,1987-07-25T16:15:20,5.8,11.000684462696784,4,1987-07-25 16:15:20+00:00,True,26
9347,1987-08-08T15:48:53,-70.052,-19.185,19.0,6.4,mw,,,,,176.0,20.0,-87.0,353.0,70.0,-91.0,-4.515e+19,-1.025e+19,5.54e+19,7.74e+18,-5.982e+19,-7.08e+18,ISC,,forearc,61.5139503479,forearc,1987-08-08T15:48:53,5.8,11.000684462696784,4,1987-08-08 15:48:53+00:00,True,30
9346,1987-08-08T15:49:10,-70.02,-18.96,79.5,7.0,mw,0.01,0.01,0.8,,176.0,20.0,-87.0,353.0,70.0,-91.0,-4.515e+19,-1.025e+19,5.54e+19,7.74e+18,-5.982e+19,-7.08e+18,GCMT,,slab_deep,68.2447967529,slab_deep,1987-08-08T15:49:10,5.8,11.000684462696784,4,1987-08-08 15:49:10+00:00,True,26
9376,1987-08-13T15:23:17,-71.59,-18.08,35.9,6.5,mw,0.02,0.02,1.0,,327.0,18.0,76.0,161.0,72.0,95.0,3.761e+18,-5.06e+17,-3.255e+18,1.58e+18,-5.152e+18,1.693e+18,GCMT,,slab_interface,30.7445316315,slab_interface,1987-08-13T15:23:17,5.8,11.000684462696784,4,1987-08-13 15:23:17+00:00,True,71
9396,1987-08-15T18:04:33,-71.37,-28.25,44.2,6.4,mw,0.02,0.02,1.1,,20.0,30.0,110.0,176.0,62.0,78.0,3.518e+18,2.57e+17,-3.775e+18,5.22e+17,-2.34e+18,-5.5000000000000006e+17,GCMT,,intra_slab,22.6868095398,intra_slab,1987-08-15T18:04:33,5.8,11.000684462696784,4,1987-08-15 18:04:33+00:00,True,34
9583,1987-09-13T20:08:53,-70.0,-34.59,15.0,5.9,mw,0.04,0.03,0.0,,27.0,58.0,176.0,119.0,87.0,32.0,-2200000000000000.0,5.529e+17,-5.507e+17,4.011e+17,-1.2410000000000002e+17,3.47e+17,GCMT,,intraarc_shallow,,intraarc,1987-09-13T20:08:53,5.8,11.000684462696784,4,1987-09-13 20:08:53+00:00,True,25
9728,1987-10-03T03:35:16,-69.48,-18.17,136.8,5.9,mw,0.03,0.03,1.3,,219.0,46.0,-10.0,316.0,83.0,-135.0,-1.877e+17,-5.4800000000000006e+17,7.357e+17,3.867e+17,-4.455e+17,-1.051e+17,GCMT,,slab_deep,102.658683777,slab_deep,1987-10-03T03:35:16,5.8,11.000684462696784,4,1987-10-03 03:35:16+00:00,True,202
10231,1987-12-28T08:16:20,-70.633,-28.162,33.0,6.1,mw,,,,,20.0,31.0,114.0,173.0,62.0,76.0,6.36e+17,1.464e+17,-7.824e+17,1.131e+17,-4.449e+17,-8.97e+16,ISC,,forearc,49.3428192139,forearc,1987-12-28T08:16:20,5.8,11.000684462696784,4,1987-12-28 08:16:20+00:00,True,47
10349,1988-01-19T07:30:46,-70.55,-24.86,31.0,7.0,mw,0.01,0.01,0.8,,353.0,17.0,87.0,177.0,73.0,91.0,1.88e+19,1.21e+18,-2.001e+19,1.49e+18,-2.923e+19,1.8e+18,GCMT,,slab_interface,34.0284690857,slab_interface,1988-01-19T07:30:46,5.8,11.000684462696784,4,1988-01-19 07:30:46+00:00,True,37
10427,1988-02-05T14:01:16,-70.56,-24.93,17.2,7.2,mw,0.01,0.01,0.7,,353.0,17.0,82.0,181.0,73.0,92.0,3.606e+19,1.25e+18,-3.73e+19,-1.76e+18,-5.517e+19,1.8e+18,GCMT,,forearc,34.461101532,forearc,1988-02-05T14:01:16,5.8,11.000684462696784,4,1988-02-05 14:01:16+00:00,True,5
10432,1988-02-06T18:03:59,-67.02,-18.03,284.9,6.5,mw,0.02,0.02,0.8,,216.0,10.0,-55.0,0.0,82.0,-96.0,-1.989e+18,2.46e+17,1.743e+18,1.31e+17,-6.327e+18,6.66e+17,GCMT,,slab_deep,247.019470215,slab_deep,1988-02-06T18:03:59,5.8,11.000684462696784,4,1988-02-06 18:03:59+00:00,True,76
10509,1988-02-20T23:08:40,-70.122,-17.076,169.3,5.8,mw,,,5.4,,,,,,,,,,,,,,USGS,,slab_deep,114.570137024,slab_deep,1988-02-20T23:08:40,5.8,11.000684462696784,4,1988-02-20 23:08:40+00:00,True,227
10520,1988-02-22T19:13:26,-69.57,-20.53,66.9,6.6,mw,0.01,0.01,1.1,,178.0,16.0,-42.0,309.0,79.0,-102.0,-3.218e+18,1.33e+17,3.085e+18,6.559e+18,-4.789e+18,-2.04e+18,GCMT,,slab_deep,66.6938858032,slab_deep,1988-02-22T19:13:26,5.8,11.000684462696784,4,1988-02-22 19:13:26+00:00,True,67
10573,1988-03-09T21:33:53,-74.91,-17.4,51.3,5.9,mw,0.03,0.03,1.7,,122.0,36.0,-111.0,327.0,57.0,-76.0,-7.195e+17,3.54e+17,3.655e+17,1.387e+17,-3.309e+17,-5.7430000000000006e+17,GCMT,,outer_rise,,outer_rise,1988-03-09T21:33:53,5.8,11.000684462696784,4,1988-03-09 21:33:53+00:00,True,24
10588,1988-03-13T11:31:35,-73.07,-33.82,15.0,5.8,mw,0.04,0.04,0.0,,38.0,28.0,138.0,166.0,72.0,68.0,3.808e+17,1.039e+17,-4.848e+17,1.965e+17,-4.954e+17,-1.2729999999999998e+17,GCMT,,outer_rise,,outer_rise,1988-03-13T11:31:35,5.8,11.000684462696784,4,1988-03-13 11:31:35+00:00,True,27
10670,1988-04-12T23:20:06,-72.83,-17.55,15.0,7.1,mw,0.02,0.01,0.0,,322.0,11.0,87.0,145.0,79.0,91.0,1.819e+19,-6.19e+18,-1.199e+19,2.531e+19,-3.653e+19,9.31e+18,GCMT,,slab_interface,17.7528438568,slab_interface,1988-04-12T23:20:06,5.8,11.000684462696784,4,1988-04-12 23:20:06+00:00,True,29
10677,1988-04-13T00:39:42,-73.21,-17.66,41.5,6.2,mw,0.1,0.07,6.0,,295.0,44.0,54.0,160.0,56.0,119.0,1.936e+18,-9.77e+17,-9.59e+17,-6.43e+17,-1.105e+18,7.89e+17,GCMT,,intra_slab,11.5520105362,intra_slab,1988-04-13T00:39:42,5.8,11.000684462696784,4,1988-04-13 00:39:42+00:00,True,52
10821,1988-05-21T14:28:49,-71.57,-32.92,15.0,6.1,mw,0.09,0.05,0.0,,64.0,4.0,159.0,175.0,89.0,87.0,1.62e+17,-1.3500000000000002e+17,-2.7e+16,1.85e+17,-1.81e+18,-1.23e+17,GCMT,,forearc,36.3765449524,forearc,1988-05-21T14:28:49,5.8,11.000684462696784,4,1988-05-21 14:28:49+00:00,True,48
10917,1988-05-30T21:22:13,-69.061,-31.515,93.9,6.2,mw,,,3.2,,,,,,,,,,,,,,USGS,,slab_deep,98.5978546143,slab_deep,1988-05-30T21:22:13,5.8,11.000684462696784,4,1988-05-30 21:22:13+00:00,True,124
11093,1988-07-04T13:54:21,-71.72,-18.35,27.0,5.8,mw,0.04,0.04,0.0,,272.0,46.0,19.0,168.0,76.0,134.0,1.918e+17,-1.3620000000000002e+17,-5.560000000000001e+16,3.87e+16,-3.296e+17,3.933e+17,GCMT,,intra_slab,22.1290493011,intra_slab,1988-07-04T13:54:21,5.8,11.000684462696784,4,1988-07-04 13:54:21+00:00,True,94
11208,1988-07-28T17:12:42,-65.61,-22.01,295.4,6.1,mw,0.03,0.02,1.0,,238.0,37.0,19.0,133.0,79.0,125.0,6.24e+17,-1.372e+18,7.48e+17,7.74e+17,-1.387e+18,3e+16,GCMT,,slab_deep,267.046966553,slab_deep,1988-07-28T17:12:42,5.8,11.000684462696784,4,1988-07-28 17:12:42+00:00,True,153
11230,1988-08-03T07:52:26,-72.732,-16.552,10.0,5.8,mw,,,,,,,,,,,,,,,,,USGS,,forearc,55.0968704224,forearc,1988-08-03T07:52:26,5.8,11.000684462696784,4,1988-08-03 07:52:26+00:00,True,66
11251,1988-08-14T17:53:18,-71.23,-27.31,38.9,6.6,mw,0.02,0.02,1.4,,326.0,16.0,31.0,206.0,82.0,103.0,2.425e+18,2.496e+18,-4.921e+18,-4.62e+18,-9.604e+18,-4.17e+17,GCMT,,intra_slab,18.7279815674,intra_slab,1988-08-14T17:53:18,5.8,11.000684462696784,4,1988-08-14 17:53:18+00:00,True,20
11258,1988-08-16T13:59:34,-71.158,-27.096,10.0,5.8,mw,,,,,,,,,,,,,,,,,USGS,,slab_interface,20.3382530212,slab_interface,1988-08-16T13:59:34,5.8,11.000684462696784,4,1988-08-16 13:59:34+00:00,True,172
11262,1988-08-17T11:34:55,-71.18,-26.72,15.0,6.1,mw,0.07,0.06,0.0,,49.0,11.0,156.0,163.0,85.0,80.0,3.28e+17,-2.5e+16,-3.03e+17,5.16e+17,-1.437e+18,-2.35e+17,GCMT,,forearc,17.329366684,forearc,1988-08-17T11:34:55,5.8,11.000684462696784,4,1988-08-17 11:34:55+00:00,True,49
11333,1988-09-14T22:14:14,-68.24,-23.5,140.2,5.9,mw,0.03,0.03,1.2,,157.0,32.0,-92.0,340.0,58.0,-89.0,-8.175000000000001e+17,2.08e+16,7.967e+17,1.3560000000000002e+17,-3.983e+17,-3.568e+17,GCMT,,slab_deep,92.536895752,slab_deep,1988-09-14T22:14:14,5.8,11.000684462696784,4,1988-09-14 22:14:14+00:00,True,203
11585,1988-12-24T04:27:06,-66.7,-23.43,218.2,6.1,mw,0.03,0.03,1.4,,198.0,30.0,-54.0,338.0,66.0,-109.0,-9.72e+17,-5.94e+17,1.566e+18,3.72e+17,-9.46e+17,-2.17e+17,GCMT,,slab_deep,172.156784058,slab_deep,1988-12-24T04:27:06,5.8,11.000684462696784,4,1988-12-24 04:27:06+00:00,True,154
11808,1989-04-05T23:47:54,-69.09,-21.13,122.3,6.2,mw,0.03,0.02,1.3,,185.0,30.0,-67.0,339.0,62.0,-103.0,-1.434e+18,-7.88e+17,2.223e+18,4.32e+17,-1.154e+18,-5.96e+17,GCMT,,slab_deep,79.9728546143,slab_deep,1989-04-05T23:47:54,5.8,11.000684462696784,4,1989-04-05 23:47:54+00:00,True,125
12110,1989-08-31T08:17:23,-71.678,-41.85,154.4,5.8,mw,,,,,,,,,,,,,,,,,USGS,,slab_deep,133.407333374,slab_deep,1989-08-31T08:17:23,5.8,11.000684462696784,4,1989-08-31 08:17:23+00:00,True,228
12276,1989-11-01T06:40:37,-67.8,-21.45,151.8,6.1,mw,0.04,0.03,1.2,,134.0,18.0,-110.0,335.0,73.0,-84.0,-8.14e+17,1.29e+17,6.85e+17,5.88e+17,-1.288e+18,-6.3e+17,GCMT,,slab_deep,124.573959351,slab_deep,1989-11-01T06:40:37,5.8,11.000684462696784,4,1989-11-01 06:40:37+00:00,True,155
12517,1990-02-10T03:34:32,-71.456,-18.756,34.4,6.0,mw,,,7.9,,,,,,,,,,,,,,USGS,,slab_interface,20.8932781219,slab_interface,1990-02-10T03:34:32,5.8,11.000684462696784,4,1990-02-10 03:34:32+00:00,True,139
12706,1990-04-21T18:54:52,-73.303,-36.985,11.9,6.3,mw,,,,,352.0,17.0,80.0,183.0,73.0,93.0,3.555e+17,2.45e+16,-3.8e+17,-3.99e+16,-5.435e+17,1.29e+16,USGS,,forearc,29.0535297394,forearc,1990-04-21T18:54:52,5.8,11.000684462696784,4,1990-04-21 18:54:52+00:00,True,36
12707,1990-04-21T18:54:55,-73.296,-36.999,20.0,5.8,mw,,,4.9,0.1,183.0,73.0,93.0,352.0,17.0,80.0,3.555e+17,2.45e+16,-3.8e+17,-3.99e+16,-5.435e+17,1.29e+16,ISC-GEM,,slab_interface,29.0535297394,slab_interface,1990-04-21T18:54:55,5.8,11.000684462696784,4,1990-04-21 18:54:55+00:00,True,173
12708,1990-04-21T18:54:56,-73.79,-37.28,19.9,5.8,mw,0.05,0.04,2.4,,352.0,17.0,80.0,183.0,73.0,93.0,3.555e+17,2.45e+16,-3.8e+17,-3.99e+16,-5.435e+17,1.29e+16,GCMT,,slab_interface,19.7960586548,slab_interface,1990-04-21T18:54:56,5.8,11.000684462696784,4,1990-04-21 18:54:56+00:00,True,174
12808,1990-05-14T21:34:09,-71.34,-35.89,92.0,6.1,mw,0.02,0.02,1.6,,273.0,40.0,19.0,168.0,78.0,128.0,5.77e+17,-5.92e+17,1.4e+16,-1.64e+17,-1.458e+18,1.059e+18,GCMT,,slab_deep,85.4298782349,slab_deep,1990-05-14T21:34:09,5.8,11.000684462696784,4,1990-05-14 21:34:09+00:00,True,156
13143,1990-07-16T14:51:37,-70.013,-32.532,99.5,5.9,mw,,,5.2,0.43,,,,,,,,,,,,,ISC-GEM,,slab_deep,94.0076293945,slab_deep,1990-07-16T14:51:37,5.8,11.000684462696784,4,1990-07-16 14:51:37+00:00,True,204
13261,1990-08-02T05:24:14,-72.2,-32.14,35.1,6.0,mw,0.04,0.03,1.8,,2.0,27.0,95.0,177.0,63.0,87.0,1.015e+18,1.09e+17,-1.124e+18,6.5e+16,-7.95e+17,1.3e+16,GCMT,,intra_slab,15.8980865479,intra_slab,1990-08-02T05:24:14,5.8,11.000684462696784,4,1990-08-02 05:24:14+00:00,True,68
13653,1990-10-10T01:00:12,-66.6,-19.43,275.0,6.5,mw,0.01,0.02,0.9,,237.0,31.0,-28.0,351.0,76.0,-118.0,-2.66e+18,-1.473e+18,4.134000000000001e+18,1.078e+18,-5.181e+18,2.531e+18,GCMT,,slab_deep,237.198013306,slab_deep,1990-10-10T01:00:12,5.8,11.000684462696784,4,1990-10-10 01:00:12+00:00,True,77
15016,1991-05-24T20:51:03,-70.68,-16.69,126.9,6.8,mw,0.03,0.02,0.8,,129.0,34.0,-110.0,333.0,58.0,-77.0,-1.934e+19,8.080000000000001e+18,1.1259999999999998e+19,1.56e+18,-9.61e+18,-8.67e+18,GCMT,,slab_deep,116.749465942,slab_deep,1991-05-24T20:51:03,5.8,11.000684462696784,4,1991-05-24 20:51:03+00:00,True,51
15462,1991-08-15T12:16:16,-72.815,-45.884,10.0,5.9,mw,,,4.5,0.2,,,,,,,,,,,,,ISC-GEM,,intraarc_shallow,,intraarc,1991-08-15T12:16:16,5.8,11.000684462696784,4,1991-08-15 12:16:16+00:00,True,26
15669,1991-09-15T22:56:26,-69.96,-31.58,123.2,5.8,mw,0.03,0.02,1.1,,262.0,87.0,0.0,172.0,90.0,177.0,1.17e+16,-1.936e+17,1.819e+17,4500000000000000.0,-3.22e+16,6.721e+17,GCMT,,slab_deep,97.9956817627,slab_deep,1991-09-15T22:56:26,5.8,11.000684462696784,4,1991-09-15 22:56:26+00:00,True,229
16319,1991-12-15T18:56:11,-70.37,-17.53,111.3,5.9,mw,0.03,0.02,1.7,,147.0,21.0,-93.0,330.0,69.0,-89.0,-5.427e+17,1.501e+17,3.926e+17,2.997e+17,-5.287e+17,-2.435e+17,GCMT,,slab_deep,91.1867675781,slab_deep,1991-12-15T18:56:11,5.8,11.000684462696784,4,1991-12-15 18:56:11+00:00,True,205
16765,1992-02-28T09:14:15,-69.56,-24.21,77.4,5.8,mw,0.03,0.04,2.7,,99.0,47.0,173.0,194.0,85.0,43.0,4.31e+16,-2.278e+17,1.847e+17,2.38e+16,-4.428e+17,-3.836e+17,GCMT,,slab_deep,64.1933441162,slab_deep,1992-02-28T09:14:15,5.8,11.000684462696784,4,1992-02-28 09:14:15+00:00,True,230
17027,1992-04-16T18:33:10,-68.92,-20.3,130.1,5.8,mw,0.03,0.02,1.2,,207.0,28.0,-37.0,331.0,73.0,-113.0,-2.3690000000000003e+17,-1.911e+17,4.28e+17,1.937e+17,-3.658e+17,-6.820000000000001e+16,GCMT,,slab_deep,90.9348068237,slab_deep,1992-04-16T18:33:10,5.8,11.000684462696784,4,1992-04-16 18:33:10+00:00,True,231
17210,1992-05-18T03:02:26,-72.03,-33.61,15.0,6.1,mw,0.0,0.0,0.0,,19.0,8.0,120.0,169.0,83.0,86.0,4.69e+17,-9.7e+16,-3.73e+17,3.37e+17,-1.655e+18,-7.000000000000001e+16,GCMT,,slab_interface,22.6859321594,slab_interface,1992-05-18T03:02:26,5.8,11.000684462696784,4,1992-05-18 03:02:26+00:00,True,126
17847,1992-07-30T23:00:42,-67.386,-31.481,5.0,5.9,mw,,,,,,,,,,,,,,,,,USGS,,backarc,,unclassified,1992-07-30T23:00:42,5.8,11.000684462696784,4,1992-07-30 23:00:42+00:00,True,27
18480,1992-11-04T21:32:41,-72.21,-31.98,19.2,6.0,mw,0.03,0.02,1.4,,0.0,28.0,93.0,177.0,62.0,89.0,1.076e+18,-2.3e+16,-1.053e+18,5.6e+16,-7.33e+17,3e+16,GCMT,,slab_interface,15.7221746445,slab_interface,1992-11-04T21:32:41,5.8,11.000684462696784,4,1992-11-04 21:32:41+00:00,True,140
18669,1992-11-28T03:13:38,-72.08,-31.59,22.3,6.4,mw,0.01,0.01,1.1,,51.0,52.0,-177.0,319.0,87.0,-38.0,-8.42e+17,4.764e+18,-3.921e+18,2.736e+18,-2.11e+18,-1.185e+18,GCMT,,intra_slab,17.3089675903,intra_slab,1992-11-28T03:13:38,5.8,11.000684462696784,4,1992-11-28 03:13:38+00:00,True,35
19026,1993-01-16T15:15:17,-71.112,-27.47,35.3,5.8,mw,,,,,,,,,,,,,,,,,USGS,,slab_interface,23.8316364288,slab_interface,1993-01-16T15:15:17,5.8,11.000684462696784,4,1993-01-16 15:15:17+00:00,True,175
19372,1993-03-15T16:08:58,-70.918,-26.708,28.9,6.7,mw,,,,,232.0,15.0,-36.0,357.0,81.0,-102.0,-2.259e+18,7.28e+17,1.53e+18,7.79e+17,-5.933e+18,1.25e+18,USGS,,intra_slab,26.1141319275,intra_slab,1993-03-15T16:08:58,5.8,11.000684462696784,4,1993-03-15 16:08:58+00:00,True,17
19418,1993-03-19T01:48:05,-71.005,-26.72,15.0,5.9,mw,,,8.1,0.1,170.0,71.0,90.0,351.0,19.0,91.0,5.6900000000000006e+17,4.78e+16,-6.168e+17,1.321e+17,-7.488e+17,1.177e+17,ISC-GEM,,slab_interface,22.7943305969,slab_interface,1993-03-19T01:48:05,5.8,11.000684462696784,4,1993-03-19 01:48:05+00:00,True,158
19419,1993-03-19T01:48:12,-71.58,-27.04,15.0,5.9,mw,0.02,0.03,0.0,,351.0,19.0,91.0,170.0,71.0,90.0,5.6900000000000006e+17,4.78e+16,-6.168e+17,1.321e+17,-7.488e+17,1.177e+17,GCMT,,slab_interface,11.0608730316,slab_interface,1993-03-19T01:48:12,5.8,11.000684462696784,4,1993-03-19 01:48:12+00:00,True,159
19481,1993-03-30T05:24:03,-67.28,-21.98,179.5,5.8,mw,0.02,0.02,0.8,,264.0,37.0,-6.0,359.0,86.0,-127.0,-6.45e+16,-1.89e+16,8.34e+16,2.64e+16,-5.122e+17,3.848e+17,GCMT,,slab_deep,147.175186157,slab_deep,1993-03-30T05:24:03,5.8,11.000684462696784,4,1993-03-30 05:24:03+00:00,True,232
19839,1993-05-24T23:51:28,-66.88,-23.45,231.9,7.0,mw,0.01,0.01,0.5,,165.0,15.0,-101.0,356.0,75.0,-87.0,-1.594e+19,-4.2e+17,1.636e+19,1.91e+18,-2.903e+19,-2.92e+18,GCMT,,slab_deep,158.079650879,slab_deep,1993-05-24T23:51:28,5.8,11.000684462696784,4,1993-05-24 23:51:28+00:00,True,27
19978,1993-06-08T23:17:47,-69.13,-31.62,124.5,6.3,mw,0.02,0.01,0.6,,40.0,41.0,-95.0,226.0,49.0,-86.0,-2.988e+18,1.386e+18,1.601e+18,4.03e+17,2.08e+17,1.768e+18,GCMT,,slab_deep,100.071243286,slab_deep,1993-06-08T23:17:47,5.8,11.000684462696784,4,1993-06-08 23:17:47+00:00,True,105
20196,1993-07-11T13:36:32,-70.56,-25.31,49.0,6.6,mw,0.01,0.01,0.6,,356.0,21.0,95.0,171.0,69.0,88.0,6.418e+18,4.66e+17,-6.885e+18,1.241e+18,-7.412e+18,8.51e+17,GCMT,,intra_slab,35.6922416687,intra_slab,1993-07-11T13:36:32,5.8,11.000684462696784,4,1993-07-11 13:36:32+00:00,True,21
20759,1993-10-19T04:02:30,-65.69,-22.12,278.9,6.0,mw,0.02,0.02,0.6,,252.0,5.0,-12.0,355.0,89.0,-95.0,-1.7999999999999998e+16,-8.6e+16,1.04e+17,1.12e+17,-1.249e+18,9.9e+16,GCMT,,slab_deep,259.302978516,slab_deep,1993-10-19T04:02:30,5.8,11.000684462696784,4,1993-10-19 04:02:30+00:00,True,181
20823,1993-10-30T17:59:08,-68.16,-31.77,125.6,5.8,mw,0.02,0.02,0.8,,180.0,41.0,-125.0,43.0,58.0,-64.0,-5.091e+17,-2500000000000000.0,5.116e+17,-2.775e+17,-8.2e+16,2.3570000000000003e+17,GCMT,,slab_deep,98.2042694092,slab_deep,1993-10-30T17:59:08,5.8,11.000684462696784,4,1993-10-30 17:59:08+00:00,True,233
20926,1993-11-14T01:59:26,-68.74,-22.63,117.1,5.8,mw,0.02,0.01,1.1,,155.0,15.0,-115.0,0.0,76.0,-84.0,-2.529e+17,-2.64e+16,2.793e+17,-1.02e+16,-5.161e+17,-6.48e+16,GCMT,,slab_deep,83.6558456421,slab_deep,1993-11-14T01:59:26,5.8,11.000684462696784,4,1993-11-14 01:59:26+00:00,True,234
21630,1994-05-10T01:49:12,-70.72,-19.97,58.0,5.9,mw,0.02,0.02,0.0,,353.0,29.0,99.0,163.0,61.0,85.0,6.345e+17,6.04e+16,-6.95e+17,1.512e+17,-4.103e+17,1.754e+17,GCMT,,intra_slab,26.8428592682,intra_slab,1994-05-10T01:49:12,5.8,11.000684462696784,4,1994-05-10 01:49:12+00:00,True,77
22341,1994-10-20T01:15:20,-70.8,-39.19,170.2,5.9,mw,0.02,0.01,0.4,,234.0,15.0,161.0,343.0,85.0,76.0,1.434e+17,1.437e+17,-2.87e+17,-2.767e+17,8.699999999999999e+17,-1.3839999999999998e+17,GCMT,,slab_deep,150.910110474,slab_deep,1994-10-20T01:15:20,5.8,11.000684462696784,4,1994-10-20 01:15:20+00:00,True,206
22559,1994-12-10T03:39:37,-71.14,-23.5,36.0,6.0,mw,0.01,0.02,0.0,,7.0,28.0,107.0,168.0,64.0,81.0,9.7e+17,1.08e+17,-1.078e+18,2.23e+17,-7.39e+17,5.9e+16,GCMT,,intra_slab,13.7968950272,intra_slab,1994-12-10T03:39:37,5.8,11.000684462696784,4,1994-12-10 03:39:37+00:00,True,69
22567,1994-12-12T07:42:02,-69.66,-17.44,161.4,6.2,mw,0.02,0.02,0.6,,224.0,30.0,-33.0,343.0,75.0,-116.0,-1.137e+18,-6.8e+17,1.817e+18,7.29e+17,-1.849e+18,4.98e+17,GCMT,,slab_deep,116.102172852,slab_deep,1994-12-12T07:42:02,5.8,11.000684462696784,4,1994-12-12 07:42:02+00:00,True,126
22915,1995-02-14T15:54:01,-67.88,-23.64,159.5,5.9,mw,0.02,0.02,0.6,,143.0,18.0,-115.0,349.0,74.0,-82.0,-3.718e+17,-1.849e+17,5.566e+17,1.62e+17,-7.803e+17,-2.913e+17,GCMT,,slab_deep,102.618431091,slab_deep,1995-02-14T15:54:01,5.8,11.000684462696784,4,1995-02-14 15:54:01+00:00,True,207
23786,1995-07-30T05:11:56,-70.74,-24.17,28.7,8.0,mw,0.01,0.01,0.4,,354.0,22.0,87.0,177.0,68.0,91.0,8.260999999999999e+20,4.25e+19,-8.686e+20,3.02e+19,-8.674e+20,6.42e+19,GCMT,,slab_interface,24.8818473816,slab_interface,1995-07-30T05:11:56,5.8,11.000684462696784,4,1995-07-30 05:11:56+00:00,True,11
23793,1995-07-30T05:50:03,-69.971,-23.247,33.0,5.8,mw,,,,,,,,,,,,,,,,,USGS,,slab_interface,46.6670341492,slab_interface,1995-07-30T05:50:03,5.8,11.000684462696784,4,1995-07-30 05:50:03+00:00,True,176
23787,1995-07-30T10:35:39,-70.715,-24.359,10.7,6.2,mw,,,,,,,,,,,,,,,,,USGS,,forearc,27.1697616577,forearc,1995-07-30T10:35:39,5.8,11.000684462696784,4,1995-07-30 10:35:39+00:00,True,41
23789,1995-07-30T21:05:56,-70.74,-23.0,15.0,6.1,mw,0.03,0.03,0.0,,41.0,13.0,148.0,163.0,83.0,79.0,4.41e+17,2.56e+17,-6.97e+17,6.05e+17,-1.854e+18,-1.47e+17,GCMT,,forearc,21.1612033844,forearc,1995-07-30T21:05:56,5.8,11.000684462696784,4,1995-07-30 21:05:56+00:00,True,50
23945,1995-08-03T01:57:28,-70.96,-23.02,15.0,6.3,mw,0.01,0.01,0.0,,11.0,12.0,112.0,168.0,79.0,85.0,1.391e+18,1.16e+17,-1.507e+18,7.42e+17,-3.384e+18,2.8e+16,GCMT,,slab_interface,16.7206573486,slab_interface,1995-08-03T01:57:28,5.8,11.000684462696784,4,1995-08-03 01:57:28+00:00,True,87
23946,1995-08-03T08:19:01,-69.22,-28.26,121.2,5.8,mw,0.02,0.01,0.7,,338.0,36.0,-100.0,170.0,54.0,-83.0,-6.17e+17,8.65e+16,5.305e+17,1.9e+16,2.035e+17,-1.3999999999999998e+17,GCMT,,slab_deep,86.8380432129,slab_deep,1995-08-03T08:19:01,5.8,11.000684462696784,4,1995-08-03 08:19:01+00:00,True,235
24206,1995-09-09T20:58:47,-69.48,-20.01,90.8,5.8,mw,0.02,0.01,1.6,,114.0,13.0,-128.0,333.0,80.0,-82.0,-1.826e+17,5.12e+16,1.314e+17,3.001e+17,-5.7380000000000006e+17,-2.285e+17,GCMT,,slab_deep,73.0287322998,slab_deep,1995-09-09T20:58:47,5.8,11.000684462696784,4,1995-09-09 20:58:47+00:00,True,236
24476,1995-11-01T00:35:40,-71.68,-29.11,22.0,6.6,mw,0.01,0.01,0.0,,6.0,25.0,111.0,163.0,67.0,80.0,7.87e+18,8.3e+17,-8.699999999999999e+18,2.831e+18,-7.203e+18,1.021e+18,GCMT,,slab_interface,20.261297226,slab_interface,1995-11-01T00:35:40,5.8,11.000684462696784,4,1995-11-01 00:35:40+00:00,True,64
25081,1996-02-22T13:40:57,-72.0,-33.53,50.0,5.9,mw,0.02,0.01,0.0,,93.0,40.0,49.0,321.0,61.0,119.0,5.769e+17,-5.615e+17,-1.54e+16,-1.0189999999999998e+17,3.726e+17,3.827e+17,GCMT,,intra_slab,23.7322387695,intra_slab,1996-02-22T13:40:57,5.8,11.000684462696784,4,1996-02-22 13:40:57+00:00,True,78
25356,1996-04-19T00:19:40,-70.58,-23.95,50.0,6.6,mw,0.01,0.01,0.7,,11.0,19.0,109.0,171.0,72.0,83.0,4.747e+18,6.55e+17,-5.402e+18,1.316e+18,-6.595e+18,1.7999999999999998e+16,GCMT,,intra_slab,28.2168197632,intra_slab,1996-04-19T00:19:40,5.8,11.000684462696784,4,1996-04-19 00:19:40+00:00,True,22
25994,1996-09-09T00:20:40,-71.44,-31.94,42.0,6.1,mw,,,,,351.0,52.0,63.0,211.0,45.0,120.0,7.549e+17,2.167e+17,-9.717e+17,-2.657e+17,-3.075e+17,8.27e+16,ISC,,slab_interface,40.1484718323,slab_interface,1996-09-09T00:20:40,5.8,11.000684462696784,4,1996-09-09 00:20:40+00:00,True,127
26549,1997-01-23T02:15:31,-65.92,-22.04,281.6,7.1,mw,0.01,0.01,0.3,,85.0,4.0,-175.0,351.0,90.0,-86.0,-1.3e+17,3.2e+17,-1.9e+17,9.55e+18,-5.703e+19,-3.69e+18,GCMT,,slab_deep,242.776245117,slab_deep,1997-01-23T02:15:31,5.4,4.999315537303217,5,1997-01-23 02:15:31+00:00,True,18
26796,1997-03-09T11:43:51,-71.52,-29.91,43.0,6.2,mw,0.01,0.01,0.0,,6.0,34.0,86.0,191.0,57.0,93.0,1.89e+18,2000000000000000.0,-1.892e+18,-2.09e+17,-7.88e+17,-3.04e+17,GCMT,,slab_interface,31.9496879578,slab_interface,1997-03-09T11:43:51,5.4,4.999315537303217,5,1997-03-09 11:43:51+00:00,True,111
26803,1997-03-10T03:53:08,-71.58,-30.11,49.6,5.6,mw,0.02,0.02,1.5,,10.0,38.0,94.0,184.0,52.0,87.0,3.564e+17,-6.62e+16,-2.902e+17,1.09e+16,-8.04e+16,-2.84e+16,GCMT,,intra_slab,28.9933624268,intra_slab,1997-03-10T03:53:08,5.4,4.999315537303217,5,1997-03-10 03:53:08+00:00,True,113
26898,1997-03-25T00:14:50,-70.62,-33.45,89.9,5.5,mw,0.04,0.03,2.4,,158.0,59.0,-161.0,58.0,74.0,-33.0,-6.04e+16,-1.123e+17,1.727e+17,-1.1279999999999998e+17,-8000000000000000.0,1.068e+17,GCMT,,slab_deep,77.6505508423,slab_deep,1997-03-25T00:14:50,5.4,4.999315537303217,5,1997-03-25 00:14:50+00:00,True,310
26935,1997-04-01T18:33:38,-69.54,-18.32,117.7,6.1,mw,0.01,0.01,0.8,,222.0,32.0,-30.0,339.0,75.0,-118.0,-7.86e+17,-7.01e+17,1.487e+18,5.34e+17,-1.309e+18,2.46e+17,GCMT,,slab_deep,97.7129821777,slab_deep,1997-04-01T18:33:38,5.4,4.999315537303217,5,1997-04-01 18:33:38+00:00,True,157
26960,1997-04-06T12:16:05,-66.375,-28.869,29.2,5.7,mw,,,,,,,,,,,,,,,,,USGS,,backarc,,unclassified,1997-04-06T12:16:05,5.4,4.999315537303217,5,1997-04-06 12:16:05+00:00,True,32
27020,1997-04-13T23:20:38,-71.87,-18.56,50.5,5.5,mw,0.03,0.03,1.7,,328.0,36.0,95.0,142.0,54.0,86.0,1.931e+17,-4.91e+16,-1.44e+17,4.93e+16,-5.44e+16,1.324e+17,GCMT,,intra_slab,15.7989339828,intra_slab,1997-04-13T23:20:38,5.4,4.999315537303217,5,1997-04-13 23:20:38+00:00,True,132
27053,1997-04-20T19:53:22,-70.39,-33.85,115.5,5.6,mw,0.03,0.02,1.2,,181.0,13.0,-93.0,4.0,77.0,-89.0,-1.077e+17,-3e+16,1.3779999999999998e+17,-1.85e+16,-2.522e+17,8300000000000000.0,GCMT,,slab_deep,88.4995574951,slab_deep,1997-04-20T19:53:22,5.4,4.999315537303217,5,1997-04-20 19:53:22+00:00,True,283
27202,1997-05-17T02:10:26,-70.06,-27.06,121.1,5.5,mw,0.04,0.03,1.6,,251.0,23.0,-168.0,150.0,85.0,-67.0,-4.66e+16,1.03e+17,-5.639999999999999e+16,-8.46e+16,1.991e+17,-3.94e+16,GCMT,,slab_deep,66.3587722778,slab_deep,1997-05-17T02:10:26,5.4,4.999315537303217,5,1997-05-17 02:10:26+00:00,True,311
27393,1997-06-19T12:21:07,-70.19,-33.15,115.9,5.4,mw,0.04,0.03,2.0,,150.0,24.0,-137.0,20.0,74.0,-72.0,-7.006e+16,-9930000000000000.0,7.998e+16,-5.121000000000001e+16,-9.756e+16,-1.321e+16,GCMT,,slab_deep,89.0609741211,slab_deep,1997-06-19T12:21:07,5.4,4.999315537303217,5,1997-06-19 12:21:07+00:00,True,359
27392,1997-06-19T16:02:44,-69.882,-32.77,117.6,5.5,mw,,,4.4,,,,,,,,,,,,,,USGS,,slab_deep,96.2543029785,slab_deep,1997-06-19T16:02:44,5.4,4.999315537303217,5,1997-06-19 16:02:44+00:00,True,312
27470,1997-07-06T09:54:09,-72.21,-30.22,15.0,6.8,mw,0.0,0.01,0.0,,0.0,21.0,92.0,178.0,69.0,89.0,1.315e+19,-8.8e+17,-1.227e+19,6.5e+17,-1.448e+19,1.7e+17,GCMT,,slab_interface,12.8989772797,slab_interface,1997-07-06T09:54:09,5.4,4.999315537303217,5,1997-07-06 09:54:09+00:00,True,50
27553,1997-07-19T12:22:57,-71.557,-29.274,16.0,5.8,mw,,,,,315.0,55.0,60.0,180.0,45.0,126.0,4.92e+17,1.913e+17,-6.833e+17,-2.901e+17,-2.58e+17,2.502e+17,ISC,,forearc,25.9306564331,forearc,1997-07-19T12:22:57,5.4,4.999315537303217,5,1997-07-19 12:22:57+00:00,True,67
27555,1997-07-20T10:14:29,-66.12,-22.82,271.3,6.1,mw,0.01,0.01,0.6,,289.0,24.0,-39.0,55.0,75.0,-109.0,-6.844e+17,9.392e+17,-2.548e+17,-9.934e+17,-7.946e+17,2.0830000000000003e+17,GCMT,,slab_deep,225.052581787,slab_deep,1997-07-20T10:14:29,5.4,4.999315537303217,5,1997-07-20 10:14:29+00:00,True,158
27562,1997-07-21T17:54:21,-72.52,-29.86,15.0,5.4,mw,0.05,0.04,0.0,,14.0,22.0,109.0,173.0,70.0,83.0,1.171e+17,-1.29e+16,-1.042e+17,2.51e+16,-1.24e+17,-8799999999999998.0,GCMT,,outer_rise,,outer_rise,1997-07-21T17:54:21,5.4,4.999315537303217,5,1997-07-21 17:54:21+00:00,True,44
27589,1997-07-24T19:54:43,-72.63,-30.63,15.0,5.7,mw,0.02,0.02,0.0,,0.0,31.0,91.0,179.0,59.0,89.0,3.26e+17,2.48e+16,-3.508e+17,7000000000000001.0,-1.768e+17,4800000000000000.0,GCMT,,outer_rise,,outer_rise,1997-07-24T19:54:43,5.4,4.999315537303217,5,1997-07-24 19:54:43+00:00,True,30
27606,1997-07-25T15:03:52,-69.266,-26.021,52.5,5.4,mw,,,12.9,,,,,,,,,,,,,,USGS,,intraarc_deep,,intraarc,1997-07-25T15:03:52,5.4,4.999315537303217,5,1997-07-25 15:03:52+00:00,True,36
27727,1997-08-12T11:31:27,-73.398,-16.555,54.6,5.7,mw,,,,,,,,,,,,,,,,,USGS,,intra_slab,36.5614204407,intra_slab,1997-08-12T11:31:27,5.4,4.999315537303217,5,1997-08-12 11:31:27+00:00,True,104
27956,1997-09-27T12:09:34,-66.664,-27.885,175.5,5.4,mw,,,3.0,,,,,,,,,,,,,,USGS,,slab_deep,134.638565063,slab_deep,1997-09-27T12:09:34,5.4,4.999315537303217,5,1997-09-27 12:09:34+00:00,True,360
27962,1997-09-28T23:13:24,-68.31,-22.22,146.3,5.5,mw,0.04,0.04,1.5,,328.0,38.0,-117.0,181.0,57.0,-71.0,-2.155e+17,-1.96e+16,2.351e+17,4.06e+16,9.42e+16,-7.22e+16,GCMT,,slab_deep,97.7939147949,slab_deep,1997-09-28T23:13:24,5.4,4.999315537303217,5,1997-09-28 23:13:24+00:00,True,313
28033,1997-10-15T01:03:42,-71.42,-31.06,69.8,7.1,mw,0.01,0.01,0.5,,315.0,12.0,-128.0,173.0,80.0,-83.0,-1.588e+19,1.69e+18,1.419e+19,-4.51e+18,4.588e+19,-7.99e+18,GCMT,,intra_slab,41.2809715271,intra_slab,1997-10-15T01:03:42,5.4,4.999315537303217,5,1997-10-15 01:03:42+00:00,True,6
28034,1997-10-15T02:54:23,-73.627,-16.218,55.0,6.1,mw,,,23.4,0.64,,,,,,,,,,,,,ISC-GEM,,slab_interface,43.7727928162,slab_interface,1997-10-15T02:54:23,5.4,4.999315537303217,5,1997-10-15 02:54:23+00:00,True,128
28080,1997-10-17T20:01:54,-70.989,-30.848,100.0,5.4,mw,,,,,,,,,,,,,,,,,USGS,,slab_deep,60.3562889099,slab_deep,1997-10-17T20:01:54,5.4,4.999315537303217,5,1997-10-17 20:01:54+00:00,True,361
28259,1997-11-04T00:28:58,-72.983,-17.002,33.0,5.5,mw,,,,,,,,,,,,,,,,,USGS,,slab_interface,29.9323749542,slab_interface,1997-11-04T00:28:58,5.4,4.999315537303217,5,1997-11-04 00:28:58+00:00,True,200
28443,1997-12-09T14:23:52,-68.7,-20.14,151.7,5.7,mw,0.04,0.04,1.4,,252.0,46.0,4.0,160.0,87.0,136.0,1.56e+16,-1.855e+17,1.698e+17,6.07e+16,-2.565e+17,2.081e+17,GCMT,,slab_deep,99.3248291016,slab_deep,1997-12-09T14:23:52,5.4,4.999315537303217,5,1997-12-09 14:23:52+00:00,True,259
28472,1997-12-12T17:07:58,-69.453,-23.641,81.4,5.4,mw,,,,,,,,,,,,,,,,,USGS,,slab_deep,65.1813278198,slab_deep,1997-12-12T17:07:58,5.4,4.999315537303217,5,1997-12-12 17:07:58+00:00,True,362
28485,1997-12-15T14:27:56,-69.521,-24.38,82.4,5.4,mw,,,,,,,,,,,,,,,,,USGS,,slab_deep,66.7064285278,slab_deep,1997-12-15T14:27:56,5.4,4.999315537303217,5,1997-12-15 14:27:56+00:00,True,363
28626,1998-01-12T10:14:08,-71.41,-30.985,34.8,6.6,mw,,,,,10.0,35.0,115.0,160.0,59.0,74.0,6.913e+18,9.1e+16,-7.004e+18,5.5600000000000006e+17,-5.18e+18,6.83e+17,USGS,,slab_interface,41.1418037415,slab_interface,1998-01-12T10:14:08,5.4,4.999315537303217,5,1998-01-12 10:14:08+00:00,True,65
28645,1998-01-13T07:03:25,-69.535,-27.776,99.4,5.4,mw,,,,,,,,,,,,,,,,,USGS,,slab_deep,83.9809799194,slab_deep,1998-01-13T07:03:25,5.4,4.999315537303217,5,1998-01-13 07:03:25+00:00,True,364
28804,1998-02-06T06:37:19,-70.76,-22.41,85.0,5.5,mw,0.03,0.05,2.9,,133.0,58.0,-166.0,36.0,78.0,-33.0,-7.96e+16,-1.3480000000000002e+17,2.143e+17,-3.54e+16,-7.57e+16,-2.09e+16,GCMT,,intra_slab,19.7809104919,intra_slab,1998-02-06T06:37:19,5.4,4.999315537303217,5,1998-02-06 06:37:19+00:00,True,133
28821,1998-02-10T03:26:15,-74.43,-16.29,33.8,5.4,mw,0.06,0.05,3.8,,298.0,35.0,40.0,173.0,68.0,118.0,8.623e+16,-1.068e+16,-7.554e+16,-7670000000000000.0,-9.335000000000002e+16,7.622e+16,GCMT,,outer_rise,,outer_rise,1998-02-10T03:26:15,5.4,4.999315537303217,5,1998-02-10 03:26:15+00:00,True,45
28884,1998-02-20T02:51:28,-71.961,-31.345,33.0,5.5,mw,,,,,,,,,,,,,,,,,USGS,,slab_interface,20.6909122467,slab_interface,1998-02-20T02:51:28,5.4,4.999315537303217,5,1998-02-20 02:51:28+00:00,True,201
28885,1998-02-20T08:34:00,-69.048,-31.965,31.6,5.5,mw,,,,,,,,,,,,,,,,,USGS,,intraarc_shallow,,intraarc,1998-02-20T08:34:00,5.4,4.999315537303217,5,1998-02-20 08:34:00+00:00,True,33
29168,1998-04-01T22:42:57,-74.874,-40.316,9.0,6.7,mw,,,,,350.0,65.0,-90.0,170.0,25.0,-90.0,-1.18e+19,8.1e+17,1.099e+19,1.5e+17,-3.5000000000000006e+17,3.72e+18,USGS,,slab_interface,9.39029884338,slab_interface,1998-04-01T22:42:57,5.4,4.999315537303217,5,1998-04-01 22:42:57+00:00,True,58
29233,1998-04-10T10:03:25,-70.19,-21.41,83.8,5.4,mw,0.04,0.03,2.3,,167.0,82.0,5.0,76.0,85.0,172.0,-3e+16,9.78e+16,-6.780000000000001e+16,3.3700000000000004e+16,-1.61e+16,-1.564e+17,GCMT,,intra_slab,36.2558479309,intra_slab,1998-04-10T10:03:25,5.4,4.999315537303217,5,1998-04-10 10:03:25+00:00,True,149
29590,1998-05-22T04:49:02,-65.2,-17.6,15.0,6.6,mw,0.01,0.01,0.0,,186.0,79.0,-178.0,96.0,88.0,-11.0,3.69e+17,1.438e+18,-1.807e+18,-1.563e+18,5.77e+17,8.114000000000001e+18,GCMT,,backarc,,unclassified,1998-05-22T04:49:02,5.4,4.999315537303217,5,1998-05-22 04:49:02+00:00,True,7
29591,1998-05-22T04:56:17,-65.82,-18.005,33.0,5.7,mw,,,,,,,,,,,,,,,,,USGS,,backarc,,unclassified,1998-05-22T04:56:17,5.4,4.999315537303217,5,1998-05-22 04:56:17+00:00,True,33
29667,1998-06-03T02:42:56,-69.616,-19.673,33.0,5.4,mw,,,,,,,,,,,,,,,,,USGS,,forearc,73.0303115845,forearc,1998-06-03T02:42:56,5.4,4.999315537303217,5,1998-06-03 02:42:56+00:00,True,79
29666,1998-06-03T21:34:56,-70.76,-23.88,28.6,5.5,mw,0.04,0.04,2.7,,13.0,16.0,113.0,170.0,76.0,84.0,8.58e+16,1.29e+16,-9.87e+16,3.3e+16,-1.604e+17,-600000000000000.0,GCMT,,slab_interface,23.845911026,slab_interface,1998-06-03T21:34:56,5.4,4.999315537303217,5,1998-06-03 21:34:56+00:00,True,202
29723,1998-06-07T16:10:51,-67.77,-31.48,124.7,5.9,mw,0.01,0.01,0.6,,148.0,54.0,-145.0,36.0,62.0,-42.0,-4.43e+17,-3.694e+17,8.124e+17,-3.63e+17,-9.25e+16,4.14e+16,GCMT,,slab_deep,96.65599823,slab_deep,1998-06-07T16:10:51,5.4,4.999315537303217,5,1998-06-07 16:10:51+00:00,True,208
30122,1998-07-18T09:57:21,-71.2,-28.58,27.6,5.4,mw,0.04,0.05,2.8,,8.0,17.0,119.0,158.0,75.0,82.0,8.01e+16,1.4299999999999998e+16,-9.44e+16,5.769999999999999e+16,-1.345e+17,1.67e+16,GCMT,,slab_interface,31.6905326843,slab_interface,1998-07-18T09:57:21,5.4,4.999315537303217,5,1998-07-18 09:57:21+00:00,True,215
30224,1998-07-29T07:14:28,-71.67,-32.3,58.0,6.4,mw,0.01,0.01,0.0,,181.0,40.0,116.0,329.0,55.0,70.0,4.75e+18,-8.5e+16,-4.666e+18,-1.81e+18,8.31e+17,1.261e+18,GCMT,,intra_slab,32.1394309998,intra_slab,1998-07-29T07:14:28,5.4,4.999315537303217,5,1998-07-29 07:14:28+00:00,True,36
30620,1998-09-03T17:38:05,-71.97,-29.56,34.0,6.5,mw,0.01,0.01,0.0,,332.0,20.0,44.0,199.0,76.0,105.0,3.39e+18,9.01e+17,-4.292e+18,-2.587e+18,-6.107e+18,3.5e+17,GCMT,,intra_slab,16.2865829468,intra_slab,1998-09-03T17:38:05,5.4,4.999315537303217,5,1998-09-03 17:38:05+00:00,True,29
30668,1998-09-09T14:48:37,-71.682,-29.302,33.0,5.4,mw,,,,,,,,,,,,,,,,,USGS,,slab_interface,21.5327072144,slab_interface,1998-09-09T14:48:37,5.4,4.999315537303217,5,1998-09-09 14:48:37+00:00,True,216
30917,1998-10-08T04:51:46,-71.59,-16.02,140.6,6.1,mw,0.01,0.01,0.5,,185.0,29.0,-47.0,318.0,69.0,-111.0,-1.223e+18,-1.49e+17,1.373e+18,1.076e+18,-8.89e+17,-6.33e+17,GCMT,,slab_deep,113.349494934,slab_deep,1998-10-08T04:51:46,5.4,4.999315537303217,5,1998-10-08 04:51:46+00:00,True,159
30940,1998-10-10T04:12:10,-72.48,-33.87,19.8,5.6,mw,0.03,0.03,1.4,,352.0,26.0,87.0,175.0,64.0,91.0,2.654e+17,7099999999999999.0,-2.725e+17,1.48e+16,-2.172e+17,3.2e+16,GCMT,,slab_interface,14.4811143875,slab_interface,1998-10-10T04:12:10,5.4,4.999315537303217,5,1998-10-10 04:12:10+00:00,True,186
31315,1998-11-23T09:30:21,-70.56,-23.77,53.4,5.4,mw,0.05,0.04,4.1,,160.0,10.0,55.0,16.0,82.0,96.0,5.42e+16,-3800000000000000.0,-5.04e+16,4.98e+16,1.559e+17,6600000000000000.0,GCMT,,intra_slab,28.8234405518,intra_slab,1998-11-23T09:30:21,5.4,4.999315537303217,5,1998-11-23 09:30:21+00:00,True,150
31343,1998-11-27T10:27:06,-69.21,-32.04,128.9,5.4,mw,0.05,0.04,1.5,,191.0,45.0,-107.0,35.0,47.0,-74.0,-1.681e+17,1.02e+16,1.579e+17,-3.19e+16,7500000000000000.0,7.67e+16,GCMT,,slab_deep,103.597045898,slab_deep,1998-11-27T10:27:06,5.4,4.999315537303217,5,1998-11-27 10:27:06+00:00,True,365
31461,1998-12-11T08:37:53,-68.94,-31.52,127.8,5.4,mw,0.05,0.04,1.4,,32.0,41.0,-97.0,221.0,49.0,-84.0,-1.3959999999999998e+17,4.11e+16,9.85e+16,2.01e+16,1.26e+16,9.4e+16,GCMT,,slab_deep,97.783416748,slab_deep,1998-12-11T08:37:53,5.4,4.999315537303217,5,1998-12-11 08:37:53+00:00,True,366
31478,1998-12-14T16:25:30,-71.25,-38.28,145.9,5.9,mw,0.01,0.01,0.4,,250.0,8.0,-6.0,346.0,89.0,-98.0,-1799999999999999.8,-1.2350000000000002e+17,1.2529999999999998e+17,2.3730000000000003e+17,-9.828e+17,1.0109999999999998e+17,GCMT,,slab_deep,116.782905579,slab_deep,1998-12-14T16:25:30,5.4,4.999315537303217,5,1998-12-14 16:25:30+00:00,True,209
31956,1999-02-17T21:58:57,-69.965,-21.106,41.1,5.6,mw,,,6.2,0.1,147.0,58.0,72.0,358.0,36.0,116.0,2.281e+17,-1.65e+16,-2.117e+17,1.002e+17,-6.68e+16,6.47e+16,ISC-GEM,,slab_interface,47.0580253601,slab_interface,1999-02-17T21:58:57,5.4,4.999315537303217,5,1999-02-17 21:58:57+00:00,True,187
31957,1999-02-17T21:59:02,-71.15,-21.4,41.1,5.5,mw,0.03,0.04,2.7,,358.0,36.0,116.0,147.0,58.0,72.0,2.281e+17,-1.65e+16,-2.117e+17,1.002e+17,-6.68e+16,6.47e+16,GCMT,,outer_rise,,outer_rise,1999-02-17T21:59:02,5.4,4.999315537303217,5,1999-02-17 21:59:02+00:00,True,39
32051,1999-03-02T17:45:58,-68.72,-22.93,124.8,5.9,mw,0.03,0.02,1.1,,142.0,27.0,-109.0,343.0,64.0,-80.0,-5.688e+17,5.659999999999999e+16,5.123e+17,9.86e+16,-4.687e+17,-3.014e+17,GCMT,,slab_deep,83.8857574463,slab_deep,1999-03-02T17:45:58,5.4,4.999315537303217,5,1999-03-02 17:45:58+00:00,True,210
32081,1999-03-05T00:33:52,-69.2,-20.27,123.0,5.8,mw,0.03,0.02,1.2,,190.0,24.0,-62.0,339.0,69.0,-102.0,-3.26e+17,-7.77e+16,4.037e+17,1.589e+17,-3.578e+17,-6.44e+16,GCMT,,slab_deep,81.6103973389,slab_deep,1999-03-05T00:33:52,5.4,4.999315537303217,5,1999-03-05 00:33:52+00:00,True,237
32080,1999-03-05T03:35:19,-70.25,-34.75,15.0,5.9,mw,0.04,0.04,0.0,,170.0,12.0,69.0,12.0,79.0,94.0,3.858e+17,-2.7300000000000004e+16,-3.585e+17,2.023e+17,8.644e+17,4500000000000000.0,GCMT,,intraarc_shallow,,intraarc,1999-03-05T03:35:19,5.4,4.999315537303217,5,1999-03-05 03:35:19+00:00,True,27
32273,1999-03-27T11:13:35,-71.85,-40.32,15.0,5.4,mw,0.07,0.05,0.0,,174.0,72.0,174.0,266.0,85.0,18.0,-1.28e+16,-2e+16,3.27e+16,-5.779999999999999e+16,-3.24e+16,1.7e+17,GCMT,,intraarc_shallow,,intraarc,1999-03-27T11:13:35,5.4,4.999315537303217,5,1999-03-27 11:13:35+00:00,True,37
32324,1999-04-03T06:17:24,-72.54,-16.38,89.4,6.8,mw,0.01,0.01,0.6,,112.0,20.0,-87.0,289.0,70.0,-91.0,-1.195e+19,1.15e+19,4.5e+17,1.427e+19,-4.81e+18,-4.8e+18,GCMT,,slab_deep,67.3488464355,slab_deep,1999-04-03T06:17:24,5.4,4.999315537303217,5,1999-04-03 06:17:24+00:00,True,52
32526,1999-04-30T19:28:50,-72.27,-31.9,32.1,5.5,mw,0.03,0.04,2.3,,355.0,29.0,81.0,185.0,61.0,95.0,1.789e+17,5.36e+16,-2.3250000000000003e+17,-1.62e+16,-1.296e+17,-4500000000000000.0,GCMT,,intra_slab,14.5802326202,intra_slab,1999-04-30T19:28:50,5.4,4.999315537303217,5,1999-04-30 19:28:50+00:00,True,134
32715,1999-05-25T16:42:10,-66.46,-27.9,175.6,5.8,mw,0.03,0.03,1.1,,185.0,52.0,-27.0,292.0,69.0,-139.0,-2.4380000000000003e+17,-6.39e+16,3.078e+17,2.864e+17,2.24e+16,-3.643e+17,GCMT,,slab_deep,142.939193726,slab_deep,1999-05-25T16:42:10,5.4,4.999315537303217,5,1999-05-25 16:42:10+00:00,True,238
33069,1999-07-09T01:20:59,-70.579,-24.899,40.0,5.6,mw,,,5.2,0.1,205.0,70.0,107.0,343.0,26.0,52.0,1.688e+17,8.11e+16,-2.499e+17,-1.0149999999999998e+17,-2.0670000000000003e+17,-4.79e+16,ISC-GEM,,slab_interface,32.6191558838,slab_interface,1999-07-09T01:20:59,5.4,4.999315537303217,5,1999-07-09 01:20:59+00:00,True,188
33241,1999-08-02T01:06:43,-70.1,-33.08,107.9,5.5,mw,0.03,0.02,1.8,,141.0,19.0,-151.0,23.0,81.0,-73.0,-5.91e+16,-5.560000000000001e+16,1.147e+17,-8.11e+16,-1.879e+17,-7600000000000000.0,GCMT,,slab_deep,91.7141799927,slab_deep,1999-08-02T01:06:43,5.4,4.999315537303217,5,1999-08-02 01:06:43+00:00,True,314
33421,1999-08-22T09:35:39,-74.756,-40.509,33.0,6.4,mw,,,,,120.0,35.0,-105.0,318.0,56.0,-80.0,-4.099e+18,-1.79e+17,4.279e+18,2.06e+17,-1.49e+17,1.601e+18,USGS,,intra_slab,10.6951560974,intra_slab,1999-08-22T09:35:39,5.4,4.999315537303217,5,1999-08-22 09:35:39+00:00,True,37
33585,1999-09-15T03:01:31,-67.37,-20.73,217.5,6.4,mw,0.01,0.01,0.6,,102.0,21.0,-159.0,351.0,82.0,-70.0,-1.251e+18,8.33e+17,4.18e+17,1.9e+17,-4.102000000000001e+18,-1.47e+18,GCMT,,slab_deep,160.998962402,slab_deep,1999-09-15T03:01:31,5.4,4.999315537303217,5,1999-09-15 03:01:31+00:00,True,88
33683,1999-09-29T18:01:34,-72.6,-30.94,15.0,5.7,mw,0.03,0.03,0.0,,352.0,31.0,87.0,175.0,59.0,92.0,3.346e+17,3.49e+16,-3.696e+17,1.17e+16,-1.935e+17,4.38e+16,GCMT,,outer_rise,,outer_rise,1999-09-29T18:01:34,5.4,4.999315537303217,5,1999-09-29 18:01:34+00:00,True,31
33999,1999-11-21T04:09:35,-73.56,-37.933,33.0,5.4,mw,,,,,,,,,,,,,,,,,USGS,,slab_interface,27.0333366394,slab_interface,1999-11-21T04:09:35,5.4,4.999315537303217,5,1999-11-21 04:09:35+00:00,True,217
34069,1999-11-30T04:01:59,-69.37,-19.01,138.2,6.5,mw,0.01,0.01,0.3,,236.0,19.0,-29.0,354.0,81.0,-107.0,-1.991e+18,-1.252e+18,3.243e+18,6.4e+17,-6.908e+18,1.876e+18,GCMT,,slab_deep,91.8798217773,slab_deep,1999-11-30T04:01:59,5.4,4.999315537303217,5,1999-11-30 04:01:59+00:00,True,78
34092,1999-12-04T17:06:59,-71.81,-28.68,63.0,5.6,mw,0.02,0.04,2.0,,219.0,43.0,131.0,349.0,59.0,59.0,1.929e+17,8.68e+16,-2.797e+17,-5.16e+16,9.09e+16,-8.37e+16,GCMT,,intra_slab,15.2720355988,intra_slab,1999-12-04T17:06:59,5.4,4.999315537303217,5,1999-12-04 17:06:59+00:00,True,114
34250,1999-12-29T12:58:09,-67.772,-23.877,130.0,5.7,mw,,,6.0,0.47,174.0,60.0,22.0,72.0,71.0,148.0,2.6e+16,2.8e+16,-5.5e+16,7.6e+16,-3.2e+16,-8.6e+16,ISC-GEM,,slab_deep,107.541603088,slab_deep,1999-12-29T12:58:09,5.4,4.999315537303217,5,1999-12-29 12:58:09+00:00,True,260
34319,2000-01-08T11:59:25,-70.083,-23.245,55.0,6.3,mw,,,6.0,0.1,167.0,72.0,87.0,356.0,18.0,98.0,2.251e+18,1.96e+17,-2.448e+18,7.8e+17,-3.175e+18,4.37e+17,ISC-GEM,,slab_interface,41.3016967773,slab_interface,2000-01-08T11:59:25,5.4,4.999315537303217,5,2000-01-08 11:59:25+00:00,True,88
34318,2000-01-08T11:59:31,-70.66,-23.21,41.0,6.3,mw,0.01,0.01,0.0,,356.0,18.0,98.0,167.0,72.0,87.0,2.251e+18,1.96e+17,-2.448e+18,7.8e+17,-3.175e+18,4.37e+17,GCMT,,intra_slab,24.1975860596,intra_slab,2000-01-08T11:59:31,5.4,4.999315537303217,5,2000-01-08 11:59:31+00:00,True,45
34393,2000-01-19T08:30:01,-74.78,-16.44,24.2,5.4,mw,0.12,0.09,8.6,,280.0,40.0,31.0,165.0,71.0,126.0,7.58e+16,-5.470000000000001e+16,-2.11e+16,-2.39e+16,-1.086e+17,7.53e+16,GCMT,,outer_rise,,outer_rise,2000-01-19T08:30:01,5.4,4.999315537303217,5,2000-01-19 08:30:01+00:00,True,46
34949,2000-05-12T18:43:28,-66.85,-23.72,226.6,7.2,mw,0.0,0.0,0.4,,214.0,12.0,-62.0,5.0,80.0,-96.0,-2.153e+19,-1.51e+18,2.304e+19,-4.85e+18,-6.164e+19,8.72e+18,GCMT,,slab_deep,159.125991821,slab_deep,2000-05-12T18:43:28,5.4,4.999315537303217,5,2000-05-12 18:43:28+00:00,True,16
35144,2000-06-16T07:55:39,-69.92,-33.95,109.1,6.4,mw,0.01,0.01,0.4,,219.0,33.0,-67.0,11.0,60.0,-105.0,-3.805e+18,2.61e+17,3.544e+18,3.1e+16,-2.307e+18,1.862e+18,GCMT,,slab_deep,107.232643127,slab_deep,2000-06-16T07:55:39,5.4,4.999315537303217,5,2000-06-16 07:55:39+00:00,True,89
35320,2000-07-27T03:18:36,-73.522,-37.238,30.7,5.4,mw,,,8.4,,,,,,,,,,,,,,USGS,,slab_interface,25.4234256744,slab_interface,2000-07-27T03:18:36,5.4,4.999315537303217,5,2000-07-27 03:18:36+00:00,True,218
35349,2000-08-03T19:22:18,-72.44,-17.83,35.0,5.8,mw,0.02,0.02,0.0,,309.0,29.0,66.0,156.0,64.0,102.0,4.769e+17,-1.401e+17,-3.368e+17,1.194e+17,-3.767e+17,3.097e+17,GCMT,,intra_slab,18.1349563599,intra_slab,2000-08-03T19:22:18,5.4,4.999315537303217,5,2000-08-03 19:22:18+00:00,True,95
35486,2000-08-29T18:57:14,-67.617,-27.579,135.2,5.4,mw,,,,,,,,,,,,,,,,,USGS,,slab_deep,108.057701111,slab_deep,2000-08-29T18:57:14,5.4,4.999315537303217,5,2000-08-29 18:57:14+00:00,True,367
36022,2000-11-29T10:25:19,-70.89,-24.63,53.0,6.3,mw,0.01,0.01,0.0,,207.0,12.0,-56.0,352.0,80.0,-97.0,-1.255e+18,2.19e+17,1.036e+18,5.4800000000000006e+17,-3.107e+18,2.7700000000000003e+17,GCMT,,intra_slab,22.9058036804,intra_slab,2000-11-29T10:25:19,5.4,4.999315537303217,5,2000-11-29 10:25:19+00:00,True,46
36114,2000-12-15T12:47:10,-69.736,-21.565,74.7,5.5,mw,,,,,,,,,,,,,,,,,USGS,,slab_deep,54.1949882507,slab_deep,2000-12-15T12:47:10,5.4,4.999315537303217,5,2000-12-15 12:47:10+00:00,True,315
36137,2000-12-20T11:23:55,-74.95,-39.009,10.0,6.4,mw,,,11.2,0.1,3.0,50.0,-106.0,206.0,43.0,-72.0,-4.402e+18,-1.415e+18,5.817e+18,3.74e+17,-8.18e+17,1.941e+18,ISC-GEM,,intra_slab,7.4749751091,intra_slab,2000-12-20T11:23:55,5.4,4.999315537303217,5,2000-12-20 11:23:55+00:00,True,38
36138,2000-12-20T13:28:40,-66.355,-22.82,222.6,5.7,mw,,,3.8,,,,,,,,,,,,,,USGS,,slab_deep,204.486297607,slab_deep,2000-12-20T13:28:40,5.4,4.999315537303217,5,2000-12-20 13:28:40+00:00,True,261
36220,2001-01-01T21:29:37,-71.538,-31.999,82.0,5.5,mw,,,5.9,,,,,,,,,,,,,,USGS,,intra_slab,35.8983650208,intra_slab,2001-01-01T21:29:37,5.4,5.9986310746064335,6,2001-01-01 21:29:37+00:00,True,135
36256,2001-01-07T10:18:28,-72.33,-33.52,21.0,5.9,mw,0.02,0.02,0.0,,353.0,23.0,85.0,178.0,67.0,92.0,6.175e+17,4.78e+16,-6.653e+17,8400000000000002.0,-6.367e+17,4.92e+16,GCMT,,slab_interface,15.2718830109,slab_interface,2001-01-07T10:18:28,5.4,5.9986310746064335,6,2001-01-07 10:18:28+00:00,True,160
36345,2001-01-18T15:18:48,-71.591,-29.225,32.5,5.6,mw,,,3.5,,,,,,,,,,,,,,USGS,,slab_interface,24.2727661133,slab_interface,2001-01-18T15:18:48,5.4,5.9986310746064335,6,2001-01-18 15:18:48+00:00,True,189
36612,2001-02-22T07:55:57,-71.63,-27.47,27.3,5.5,mw,0.15,0.18,10.9,,6.0,12.0,119.0,157.0,80.0,84.0,9.51e+16,-4700000000000000.0,-9.05e+16,9.83e+16,-2.165e+17,8699999999999998.0,GCMT,,slab_interface,11.5292949677,slab_interface,2001-02-22T07:55:57,5.4,5.9986310746064335,6,2001-02-22 07:55:57+00:00,True,203
36631,2001-02-24T17:58:37,-68.69,-20.183,115.9,5.7,mw,,,,,,,,,,,,,,,,,USGS,,slab_deep,98.7300643921,slab_deep,2001-02-24T17:58:37,5.4,5.9986310746064335,6,2001-02-24 17:58:37+00:00,True,262
36707,2001-03-07T03:28:25,-72.062,-33.593,45.9,5.7,mw,,,5.0,,,,,,,,,,,,,,USGS,,intra_slab,22.6859321594,intra_slab,2001-03-07T03:28:25,5.4,5.9986310746064335,6,2001-03-07 03:28:25+00:00,True,105
36740,2001-03-15T13:02:43,-71.538,-32.398,40.0,6.1,mw,,,,,355.0,50.0,105.0,152.0,42.0,73.0,7.484e+17,-9.79e+16,-6.505e+17,2.455e+17,3.467e+17,2.121e+17,ISC,,slab_interface,36.0418510437,slab_interface,2001-03-15T13:02:43,5.4,5.9986310746064335,6,2001-03-15 13:02:43+00:00,True,129
36741,2001-03-15T13:02:44,-72.04,-32.61,42.0,5.9,mw,0.01,0.01,0.0,,144.0,38.0,59.0,2.0,58.0,112.0,7.484e+17,-9.79e+16,-6.505e+17,2.455e+17,3.467e+17,2.121e+17,GCMT,,intra_slab,19.8488445282,intra_slab,2001-03-15T13:02:44,5.4,5.9986310746064335,6,2001-03-15 13:02:44+00:00,True,79
36758,2001-03-16T04:36:12,-69.37,-20.63,128.6,5.7,mw,0.03,0.02,1.1,,218.0,22.0,-44.0,350.0,75.0,-106.0,-1.881e+17,-1.081e+17,2.962e+17,6.800000000000001e+16,-3.665e+17,6.44e+16,GCMT,,slab_deep,73.7343826294,slab_deep,2001-03-16T04:36:12,5.4,5.9986310746064335,6,2001-03-16 04:36:12+00:00,True,263
36840,2001-03-31T06:54:20,-68.33,-29.49,125.4,5.4,mw,0.04,0.03,1.5,,332.0,43.0,-49.0,102.0,59.0,-122.0,-1.038e+17,8.23e+16,2.15e+16,-5.689999999999999e+16,-1.54e+16,-9.2e+16,GCMT,,slab_deep,89.0372161865,slab_deep,2001-03-31T06:54:20,5.4,5.9986310746064335,6,2001-03-31 06:54:20+00:00,True,368
36910,2001-04-09T09:01:05,-73.23,-32.88,15.0,6.7,mw,0.01,0.01,0.0,,219.0,44.0,-86.0,33.0,46.0,-94.0,-1.061e+19,3e+18,7.61e+18,2.1e+17,-5e+17,7.12e+18,GCMT,,outer_rise,,outer_rise,2001-04-09T09:01:05,5.4,5.9986310746064335,6,2001-04-09 09:01:05+00:00,True,15
37068,2001-04-17T01:42:16,-69.6,-20.23,15.0,5.6,mw,0.03,0.03,0.0,,120.0,18.0,-142.0,354.0,79.0,-76.0,-6.59e+16,-7.1e+16,1.369e+17,4.9e+16,-2.701e+17,-1.0289999999999998e+17,GCMT,,forearc,66.9112854004,forearc,2001-04-17T01:42:16,5.4,5.9986310746064335,6,2001-04-17 01:42:16+00:00,True,70
37125,2001-04-21T18:15:52,-67.28,-28.95,140.5,5.7,mw,0.02,0.02,0.7,,156.0,44.0,-32.0,270.0,68.0,-129.0,-2.234e+17,2.0750000000000003e+17,1.59e+16,2.4500000000000003e+17,1.176e+17,-2.431e+17,GCMT,,slab_deep,103.576408386,slab_deep,2001-04-21T18:15:52,5.4,5.9986310746064335,6,2001-04-21 18:15:52+00:00,True,264
37278,2001-05-08T18:41:55,-69.049,-17.495,142.4,5.4,mw,,,8.2,,,,,,,,,,,,,,USGS,,slab_deep,137.99156189,slab_deep,2001-05-08T18:41:55,5.4,5.9986310746064335,6,2001-05-08 18:41:55+00:00,True,369
37323,2001-05-15T23:53:23,-66.4,-28.15,180.8,5.6,mw,0.04,0.04,1.6,,181.0,54.0,-28.0,288.0,68.0,-141.0,-1.45e+17,-1300000000000000.0,1.462e+17,1.304e+17,1.83e+16,-2.282e+17,GCMT,,slab_deep,139.614089966,slab_deep,2001-05-15T23:53:23,5.4,5.9986310746064335,6,2001-05-15 23:53:23+00:00,True,284
37544,2001-06-18T19:56:58,-69.144,-24.226,86.5,5.8,mw,,,5.1,0.1,167.0,33.0,-75.0,329.0,58.0,-100.0,-4.64e+17,4.01e+16,4.2380000000000006e+17,1.545e+17,-1.752e+17,-1.844e+17,ISC-GEM,,slab_deep,75.0023117065,slab_deep,2001-06-18T19:56:58,5.4,5.9986310746064335,6,2001-06-18 19:56:58+00:00,True,239
37543,2001-06-18T19:57:01,-69.63,-24.45,117.4,5.8,mw,0.02,0.02,0.9,,167.0,33.0,-75.0,329.0,58.0,-100.0,-4.64e+17,4.01e+16,4.2380000000000006e+17,1.545e+17,-1.752e+17,-1.844e+17,GCMT,,slab_deep,62.4329605103,slab_deep,2001-06-18T19:57:01,5.4,5.9986310746064335,6,2001-06-18 19:57:01+00:00,True,240
37548,2001-06-19T09:32:28,-68.31,-22.95,152.6,5.9,mw,0.02,0.02,0.6,,133.0,19.0,-131.0,355.0,75.0,-77.0,-4.316e+17,1.62e+16,4.154e+17,2.42e+16,-7.973e+17,-2.409e+17,GCMT,,slab_deep,93.5182342529,slab_deep,2001-06-19T09:32:28,5.4,5.9986310746064335,6,2001-06-19 09:32:28+00:00,True,211
37577,2001-06-23T20:33:13,-73.538,-16.333,16.0,6.7,mw,,,,,,,,,,,,,,,,,ISC,,forearc,40.4784584045,forearc,2001-06-23T20:33:13,5.4,5.9986310746064335,6,2001-06-23 20:33:13+00:00,True,19
37575,2001-06-23T20:34:23,-72.71,-17.28,29.6,8.4,mw,0.01,0.01,0.4,,310.0,18.0,63.0,159.0,74.0,98.0,,,,,,,GCMT,,slab_interface,27.2645225525,slab_interface,2001-06-23T20:34:23,5.4,5.9986310746064335,6,2001-06-23 20:34:23+00:00,True,4
37580,2001-06-23T21:05:39,-71.348,-17.84,33.0,6.2,mw,,,,,,,,,,,,,,,,,USGS,,slab_interface,47.0574569702,slab_interface,2001-06-23T21:05:39,5.4,5.9986310746064335,6,2001-06-23 21:05:39+00:00,True,112
37589,2001-06-23T21:41:34,-71.054,-17.72,33.0,5.4,mw,,,,,,,,,,,,,,,,,USGS,,forearc,63.4752616882,forearc,2001-06-23T21:41:34,5.4,5.9986310746064335,6,2001-06-23 21:41:34+00:00,True,80
37576,2001-06-23T23:10:02,-73.557,-16.739,30.0,6.9,mw,,,13.3,0.21,,,,,,,,,,,,,ISC-GEM,,slab_interface,25.7807025909,slab_interface,2001-06-23T23:10:02,5.4,5.9986310746064335,6,2001-06-23 23:10:02+00:00,True,43
37623,2001-06-24T08:11:39,-73.549,-17.037,33.6,5.5,mw,,,,,,,,,,,,,,,,,USGS,,intra_slab,17.7010307312,intra_slab,2001-06-24T08:11:39,5.4,5.9986310746064335,6,2001-06-24 08:11:39+00:00,True,136
37788,2001-06-25T06:38:50,-73.99,-17.26,15.0,5.7,mw,0.04,0.03,0.0,,278.0,26.0,34.0,157.0,76.0,112.0,1.916e+17,-1.513e+17,-4.04e+16,8.55e+16,-3.405e+17,1.543e+17,GCMT,,outer_rise,,outer_rise,2001-06-25T06:38:50,5.4,5.9986310746064335,6,2001-06-25 06:38:50+00:00,True,32
37790,2001-06-25T22:14:16,-70.53,-17.35,91.2,5.4,mw,0.04,0.03,3.1,,163.0,10.0,-93.0,347.0,80.0,-89.0,-6.770000000000001e+16,1.92e+16,4.85e+16,3.56e+16,-1.521e+17,-9800000000000000.0,GCMT,,slab_deep,92.5416564941,slab_deep,2001-06-25T22:14:16,5.4,5.9986310746064335,6,2001-06-25 22:14:16+00:00,True,370
37989,2001-06-29T18:35:56,-66.39,-19.68,287.2,6.1,mw,0.01,0.01,0.5,,199.0,22.0,-52.0,339.0,73.0,-104.0,-7.83e+17,-1.71e+17,9.54e+17,5.13e+17,-1.089e+18,-4.9e+16,GCMT,,slab_deep,243.437469482,slab_deep,2001-06-29T18:35:56,5.4,5.9986310746064335,6,2001-06-29 18:35:56+00:00,True,160
38072,2001-07-03T12:57:42,-74.55,-16.67,33.3,5.5,mw,0.06,0.11,5.9,,7.0,32.0,128.0,145.0,65.0,69.0,1.78e+17,6600000000000000.0,-1.846e+17,1.21e+17,-9.43e+16,4.55e+16,GCMT,,outer_rise,,outer_rise,2001-07-03T12:57:42,5.4,5.9986310746064335,6,2001-07-03 12:57:42+00:00,True,40
38087,2001-07-04T12:09:09,-65.42,-16.92,15.0,6.1,mw,0.02,0.01,0.0,,88.0,23.0,44.0,316.0,74.0,107.0,9.15e+17,-1.008e+18,9.4e+16,-1.042e+18,1.217e+18,6.37e+17,GCMT,,backarc,,unclassified,2001-07-04T12:09:09,5.4,5.9986310746064335,6,2001-07-04 12:09:09+00:00,True,19
38103,2001-07-05T13:53:53,-73.6,-16.07,69.1,6.5,mw,0.01,0.01,0.5,,118.0,22.0,-89.0,297.0,68.0,-91.0,-5.123e+18,4.52e+18,6.03e+17,5.108e+18,-2.579e+18,-2.802e+18,GCMT,,slab_deep,51.5061759949,slab_deep,2001-07-05T13:53:53,5.4,5.9986310746064335,6,2001-07-05 13:53:53+00:00,True,79
38119,2001-07-07T09:38:45,-71.818,-17.498,25.0,6.7,mw,,,,,,,,,,,,,,,,,ISC,,forearc,46.2152786255,forearc,2001-07-07T09:38:45,5.4,5.9986310746064335,6,2001-07-07 09:38:45+00:00,True,20
38398,2001-07-24T05:00:16,-69.18,-19.44,15.0,6.3,mw,0.01,0.01,0.0,,14.0,46.0,-169.0,276.0,82.0,-44.0,-6.47e+17,1.159e+18,-5.12e+17,2.351e+18,-6.64e+17,2.424e+18,GCMT,,intraarc_shallow,,intraarc,2001-07-24T05:00:16,5.4,5.9986310746064335,6,2001-07-24 05:00:16+00:00,True,10
38399,2001-07-24T19:54:48,-73.99,-16.745,33.0,5.4,mw,,,,,,,,,,,,,,,,,USGS,,intra_slab,17.3107776642,intra_slab,2001-07-24T19:54:48,5.4,5.9986310746064335,6,2001-07-24 19:54:48+00:00,True,151
38494,2001-08-01T03:00:16,-72.203,-35.189,33.0,5.4,mw,,,,,,,,,,,,,,,,,USGS,,slab_interface,39.2035522461,slab_interface,2001-08-01T03:00:16,5.4,5.9986310746064335,6,2001-08-01 03:00:16+00:00,True,219
38564,2001-08-09T03:33:50,-69.42,-18.25,129.9,5.6,mw,0.05,0.05,2.0,,122.0,21.0,-120.0,335.0,72.0,-79.0,-1.329e+17,3.57e+16,9.72e+16,8.69e+16,-1.896e+17,-1.2250000000000002e+17,GCMT,,slab_deep,104.1355896,slab_deep,2001-08-09T03:33:50,5.4,5.9986310746064335,6,2001-08-09 03:33:50+00:00,True,285
38719,2001-08-28T06:56:12,-70.57,-21.84,95.7,5.8,mw,0.02,0.02,1.7,,161.0,17.0,-99.0,350.0,73.0,-87.0,-2.737e+17,-2.36e+16,2.973e+17,7.07e+16,-4.366e+17,-8.41e+16,GCMT,,intra_slab,24.3693981171,intra_slab,2001-08-28T06:56:12,5.4,5.9986310746064335,6,2001-08-28 06:56:12+00:00,True,96
38751,2001-09-02T09:31:40,-72.76,-17.74,42.1,5.4,mw,0.03,0.04,2.9,,345.0,35.0,102.0,151.0,56.0,82.0,1.175e+17,-7199999999999999.0,-1.103e+17,3.11e+16,-3.86e+16,5.04e+16,GCMT,,intra_slab,15.3722953796,intra_slab,2001-09-02T09:31:40,5.4,5.9986310746064335,6,2001-09-02 09:31:40+00:00,True,152
39010,2001-10-12T00:40:00,-66.87,-24.52,202.4,5.4,mw,0.05,0.06,2.5,,199.0,24.0,-111.0,42.0,67.0,-81.0,-1.062e+17,1.78e+16,8.84e+16,-8.09e+16,-8.46e+16,7.58e+16,GCMT,,slab_deep,152.533920288,slab_deep,2001-10-12T00:40:00,5.4,5.9986310746064335,6,2001-10-12 00:40:00+00:00,True,371
39133,2001-10-17T02:34:47,-68.96,-28.43,135.6,5.4,mw,0.04,0.04,1.5,,310.0,34.0,-119.0,163.0,60.0,-72.0,-1.159e+17,3.33e+16,8.26e+16,3000000000000000.0,7.24e+16,-6.04e+16,GCMT,,slab_deep,87.3403167725,slab_deep,2001-10-17T02:34:47,5.4,5.9986310746064335,6,2001-10-17 02:34:47+00:00,True,372
39159,2001-10-20T13:26:40,-68.82,-22.26,128.0,5.4,mw,0.04,0.04,1.8,,187.0,8.0,-87.0,4.0,82.0,-90.0,-4.41e+16,-4000000000000000.0,4.81e+16,-1.12e+16,-1.54e+17,5100000000000000.0,GCMT,,slab_deep,83.8057098389,slab_deep,2001-10-20T13:26:40,5.4,5.9986310746064335,6,2001-10-20 13:26:40+00:00,True,373
39561,2001-11-22T12:43:02,-71.946,-17.854,46.0,5.8,mw,,,,,,,,,,,,,,,,,USGS,,intra_slab,28.8694210052,intra_slab,2001-11-22T12:43:02,5.4,5.9986310746064335,6,2001-11-22 12:43:02+00:00,True,97
39629,2001-11-27T01:32:23,-74.38,-16.17,50.4,5.4,mw,0.05,0.05,3.8,,294.0,43.0,38.0,174.0,65.0,126.0,9.712e+16,-3.06e+16,-6.652e+16,-5.08e+16,-9.482e+16,7.952e+16,GCMT,,outer_rise,,outer_rise,2001-11-27T01:32:23,5.4,5.9986310746064335,6,2001-11-27 01:32:23+00:00,True,47
39723,2001-12-03T13:25:10,-69.421,-19.594,99.4,5.4,mw,,,5.3,0.61,,,,,,,,,,,,,ISC-GEM,,slab_deep,81.1610717773,slab_deep,2001-12-03T13:25:10,5.4,5.9986310746064335,6,2001-12-03 13:25:10+00:00,True,374
40090,2001-12-23T09:32:18,-74.1,-16.77,15.0,5.4,mw,0.09,0.09,0.0,,265.0,25.0,13.0,163.0,85.0,115.0,1.87e+16,-1.92e+16,600000000000000.0,4.68e+16,-1.21e+17,6.790000000000001e+16,GCMT,,forearc,15.7802591324,forearc,2001-12-23T09:32:18,5.4,5.9986310746064335,6,2001-12-23 09:32:18+00:00,True,81
40400,2002-01-14T15:36:32,-68.6,-19.22,38.4,5.6,mw,0.05,0.04,3.0,,13.0,53.0,-167.0,275.0,80.0,-37.0,-9.39e+16,1.443e+17,-5.04e+16,1.617e+17,-9700000000000000.0,2.347e+17,GCMT,,intraarc_shallow,,intraarc,2002-01-14T15:36:32,5.4,5.9986310746064335,6,2002-01-14 15:36:32+00:00,True,30
40727,2002-02-08T08:05:02,-71.568,-34.776,69.0,5.5,mw,,,10.5,,,,,,,,,,,,,,USGS,,slab_deep,56.8737068176,slab_deep,2002-02-08T08:05:02,5.4,5.9986310746064335,6,2002-02-08 08:05:02+00:00,True,316
40889,2002-02-21T08:57:49,-67.3,-31.77,134.2,5.4,mw,0.05,0.05,1.7,,131.0,33.0,-149.0,15.0,74.0,-61.0,-7.131e+16,-1.059e+16,8.19e+16,-6.245e+16,-9.371e+16,-4.49e+16,GCMT,,slab_deep,105.6197052,slab_deep,2002-02-21T08:57:49,5.4,5.9986310746064335,6,2002-02-21 08:57:49+00:00,True,375
40900,2002-02-22T23:10:56,-70.12,-25.51,48.4,5.4,mw,,,,,5.0,24.0,93.0,182.0,66.0,89.0,8.291e+16,1.208e+16,-9.499e+16,-2450000000000000.0,-7.782e+16,-6889999999999999.0,USGS,,slab_deep,53.6135826111,slab_deep,2002-02-22T23:10:56,5.4,5.9986310746064335,6,2002-02-22 23:10:56+00:00,True,376
40954,2002-02-26T08:32:57,-69.83,-17.97,100.4,5.4,mw,0.05,0.04,3.5,,215.0,22.0,-21.0,324.0,83.0,-110.0,-2.98e+16,-4.31e+16,7.29e+16,7.43e+16,-1.073e+17,-1.02e+16,GCMT,,slab_deep,95.3492889404,slab_deep,2002-02-26T08:32:57,5.4,5.9986310746064335,6,2002-02-26 08:32:57+00:00,True,377
41092,2002-03-07T22:51:42,-66.258,-22.498,262.0,5.5,mw,,,,,,,,,,,,,,,,,USGS,,slab_deep,214.139602661,slab_deep,2002-03-07T22:51:42,5.4,5.9986310746064335,6,2002-03-07 22:51:42+00:00,True,317
41210,2002-03-18T03:10:03,-69.13,-20.33,111.5,5.5,mw,0.03,0.02,1.7,,200.0,30.0,-20.0,308.0,80.0,-118.0,-7.009999999999999e+16,-6.08e+16,1.309e+17,1.65e+17,-1.0289999999999998e+17,-6.03e+16,GCMT,,slab_deep,82.5188674927,slab_deep,2002-03-18T03:10:03,5.4,5.9986310746064335,6,2002-03-18 03:10:03+00:00,True,318
41340,2002-03-28T04:56:30,-68.57,-21.69,137.8,6.5,mw,0.01,0.01,0.4,,270.0,13.0,-4.0,4.0,89.0,-103.0,2.2e+16,-2.84e+17,2.63e+17,-5.06e+17,-5.701e+18,1.371e+18,GCMT,,slab_deep,92.8316421509,slab_deep,2002-03-28T04:56:30,5.4,5.9986310746064335,6,2002-03-28 04:56:30+00:00,True,80
41393,2002-04-01T19:59:35,-71.36,-29.74,73.0,6.3,mw,0.01,0.01,0.0,,274.0,30.0,-22.0,23.0,79.0,-118.0,-1.577e+18,2.195e+18,-6.18e+17,-6.3e+16,-3.657e+18,9.83e+17,GCMT,,intra_slab,37.4166107178,intra_slab,2002-04-01T19:59:35,5.4,5.9986310746064335,6,2002-04-01 19:59:35+00:00,True,47
41588,2002-04-18T16:08:42,-70.73,-27.44,53.0,6.6,mw,0.01,0.01,0.0,,253.0,56.0,168.0,350.0,80.0,35.0,3.424e+18,2.46e+18,-5.884e+18,6.34e+17,4.22e+18,-6.352e+18,GCMT,,intra_slab,37.1133956909,intra_slab,2002-04-18T16:08:42,5.4,5.9986310746064335,6,2002-04-18 16:08:42+00:00,True,23
41589,2002-04-18T23:24:06,-70.391,-27.582,52.7,5.4,mw,,,,,,,,,,,,,,,,,USGS,,slab_deep,54.9469604492,slab_deep,2002-04-18T23:24:06,5.4,5.9986310746064335,6,2002-04-18 23:24:06+00:00,True,378
42061,2002-05-23T15:52:17,-71.274,-30.698,51.0,5.7,mw,,,,,175.0,55.0,90.0,355.0,35.0,90.0,8.037000000000001e+17,1.481e+17,-9.518e+17,1000000000000000.0,-3.216e+17,2.33e+16,ISC,,slab_interface,47.3663253784,slab_interface,2002-05-23T15:52:17,5.4,5.9986310746064335,6,2002-05-23 15:52:17+00:00,True,181
42089,2002-05-24T00:23:20,-71.52,-32.17,57.0,5.5,mw,0.02,0.03,0.0,,9.0,40.0,107.0,167.0,52.0,76.0,2.272e+17,9400000000000000.0,-2.3650000000000003e+17,4.83e+16,-4.6e+16,7700000000000000.0,GCMT,,intra_slab,38.0266876221,intra_slab,2002-05-24T00:23:20,5.4,5.9986310746064335,6,2002-05-24 00:23:20+00:00,True,137
42118,2002-05-26T03:01:28,-71.759,-30.939,12.0,5.4,mw,,,,,,,,,,,,,,,,,ISC,,slab_interface,26.2315635681,slab_interface,2002-05-26T03:01:28,5.4,5.9986310746064335,6,2002-05-26 03:01:28+00:00,True,220
42139,2002-05-28T04:04:28,-66.81,-29.15,15.0,6.0,mw,0.02,0.02,0.0,,180.0,19.0,55.0,36.0,74.0,101.0,6.275e+17,-3.67e+16,-5.909e+17,6.475e+17,7.481e+17,-1.655e+17,GCMT,,backarc,,unclassified,2002-05-28T04:04:28,5.4,5.9986310746064335,6,2002-05-28 04:04:28+00:00,True,24
42460,2002-07-02T20:21:05,-68.19,-31.43,27.0,5.5,mw,0.04,0.05,0.0,,156.0,40.0,15.0,54.0,81.0,129.0,5.26e+16,9.37e+16,-1.463e+17,1.561e+17,6.08e+16,-5.709999999999999e+16,GCMT,,backarc,,unclassified,2002-07-02T20:21:05,5.4,5.9986310746064335,6,2002-07-02 20:21:05+00:00,True,38
42592,2002-07-18T01:25:37,-72.564,-29.342,23.4,5.5,mw,,,,,,,,,,,,,,,,,USGS,,outer_rise,,outer_rise,2002-07-18T01:25:37,5.4,5.9986310746064335,6,2002-07-18 01:25:37+00:00,True,41
43183,2002-09-24T03:57:26,-69.12,-31.48,119.9,6.2,mw,0.02,0.01,0.6,,27.0,39.0,-94.0,212.0,51.0,-87.0,-2.633e+18,5.68e+17,2.065e+18,3.91e+17,4.63e+17,1.278e+18,GCMT,,slab_deep,99.002456665,slab_deep,2002-09-24T03:57:26,5.4,5.9986310746064335,6,2002-09-24 03:57:26+00:00,True,127
43790,2002-11-19T04:14:18,-69.044,-29.763,126.8,5.8,mw,,,87.2,,,,,,,,,,,,,,CSN-improved,,slab_deep,90.0787887573,slab_deep,2002-11-19T04:14:18,5.4,5.9986310746064335,6,2002-11-19 04:14:18+00:00,True,241
44295,2003-01-07T00:54:55,-70.22,-33.6,112.8,5.7,mw,0.03,0.02,1.3,,199.0,28.0,-70.0,356.0,64.0,-100.0,-3.17e+17,-1.92e+16,3.37e+17,4.58e+16,-2.52e+17,4.55e+16,GCMT,,slab_deep,92.1329345703,slab_deep,2003-01-07T00:54:55,5.4,5.9986310746064335,6,2003-01-07 00:54:55+00:00,True,265
44370,2003-01-12T16:19:37,-71.839,-31.582,20.0,5.8,mw,,,,,,,,,,,,,,,,,ISC,,slab_interface,24.2152767181,slab_interface,2003-01-12T16:19:37,5.4,5.9986310746064335,6,2003-01-12 16:19:37+00:00,True,177
44380,2003-01-13T23:59:36,-68.656,-33.465,15.0,5.4,mw,,,,,,,,,,,,,,,,,ISC,,backarc,,unclassified,2003-01-13T23:59:36,5.4,5.9986310746064335,6,2003-01-13 23:59:36+00:00,True,44
44513,2003-01-28T07:56:24,-65.162,-30.646,168.2,5.5,mw,,,6.1,,,,,,,,,,,,,,USGS,,slab_deep,174.772293091,slab_deep,2003-01-28T07:56:24,5.4,5.9986310746064335,6,2003-01-28 07:56:24+00:00,True,319
44749,2003-02-20T20:07:09,-71.7,-18.6,40.5,5.6,mw,0.04,0.03,2.0,,329.0,32.0,82.0,158.0,59.0,95.0,2.67e+17,-1.89e+16,-2.48e+17,4.78e+16,-1.42e+17,1.49e+17,GCMT,,intra_slab,17.7889938354,intra_slab,2003-02-20T20:07:09,5.4,5.9986310746064335,6,2003-02-20 20:07:09+00:00,True,115
44759,2003-02-21T12:10:55,-69.542,-17.748,152.0,5.4,mw,,,,,,,,,,,,,,,,,ISC,,slab_deep,110.618286133,slab_deep,2003-02-21T12:10:55,5.4,5.9986310746064335,6,2003-02-21 12:10:55+00:00,True,379
45390,2003-04-09T16:13:16,-70.524,-26.633,51.6,5.4,mw,,,9.7,,,,,,,,,,,,,,CSN-improved,,slab_interface,42.6380500793,slab_interface,2003-04-09T16:13:16,5.4,5.9986310746064335,6,2003-04-09 16:13:16+00:00,True,221
45404,2003-04-10T01:33:40,-68.566,-20.962,113.8,5.4,mw,,,,,,,,,,,,,,,,,USGS,,slab_deep,97.1940841675,slab_deep,2003-04-10T01:33:40,5.4,5.9986310746064335,6,2003-04-10 01:33:40+00:00,True,380
45825,2003-05-15T03:38:22,-67.864,-24.15,111.1,5.5,mw,,,13.9,,,,,,,,,,,,,,USGS,,slab_deep,103.376701355,slab_deep,2003-05-15T03:38:22,5.4,5.9986310746064335,6,2003-05-15 03:38:22+00:00,True,320
46034,2003-06-02T02:52:15,-72.4,-33.08,28.0,5.5,mw,0.03,0.03,0.0,,9.0,25.0,92.0,187.0,65.0,89.0,1.69e+17,9700000000000000.0,-1.79e+17,-1.57e+16,-1.47e+17,-2.65e+16,GCMT,,slab_interface,13.0834789276,slab_interface,2003-06-02T02:52:15,5.4,5.9986310746064335,6,2003-06-02 02:52:15+00:00,True,204
46094,2003-06-03T23:58:07,-73.18,-17.54,20.0,5.9,mw,0.02,0.02,0.0,,294.0,22.0,47.0,159.0,74.0,106.0,4.3e+17,-1.53e+17,-2.77e+17,2.36e+17,-6.95e+17,3.9e+17,GCMT,,intra_slab,12.9786510468,intra_slab,2003-06-03T23:58:07,5.4,5.9986310746064335,6,2003-06-03 23:58:07+00:00,True,80
46370,2003-06-19T23:05:02,-72.14,-30.89,27.0,5.6,mw,0.02,0.02,0.0,,2.0,26.0,98.0,173.0,64.0,86.0,,,,,,,GCMT,,slab_interface,14.9838409424,slab_interface,2003-06-19T23:05:02,5.4,5.9986310746064335,6,2003-06-19 23:05:02+00:00,True,190
46386,2003-06-20T13:30:49,-71.97,-30.88,35.0,6.8,mw,0.01,0.01,0.0,,1.0,27.0,93.0,177.0,63.0,88.0,1.42e+19,2.2e+17,-1.44e+19,7.4e+17,-1.01e+19,2.5e+17,GCMT,,intra_slab,19.7918663025,intra_slab,2003-06-20T13:30:49,5.4,5.9986310746064335,6,2003-06-20 13:30:49+00:00,True,14
46387,2003-06-20T16:20:28,-71.616,-30.749,35.2565,5.6,mw,,,,,,,,,,,,,,,,,CSN-improved,,slab_interface,31.4673957825,slab_interface,2003-06-20T16:20:28,5.4,5.9986310746064335,6,2003-06-20 16:20:28+00:00,True,191
47354,2003-07-27T11:41:31,-65.19,-20.05,350.6,6.0,mw,0.01,0.01,0.7,,126.0,12.0,-118.0,335.0,79.0,-84.0,-3.98e+17,1.65e+17,2.34e+17,4.09e+17,-9.2e+17,-2.06e+17,GCMT,,slab_deep,333.347564697,slab_deep,2003-07-27T11:41:31,5.4,5.9986310746064335,6,2003-07-27 11:41:31+00:00,True,182
47782,2003-08-26T21:11:45,-70.56,-17.28,75.8,5.7,mw,0.04,0.02,1.3,,276.0,75.0,172.0,8.0,82.0,15.0,2.7000000000000003e+17,-2.34e+17,-3.6e+16,4.43e+16,5.600000000000001e+16,-4.5e+17,GCMT,,forearc,94.4350509644,forearc,2003-08-26T21:11:45,5.4,5.9986310746064335,6,2003-08-26 21:11:45+00:00,True,69
47958,2003-09-07T22:39:30,-71.718,-30.723,12.0355,5.4,mw,,,,,,,,,,,,,,,,,CSN-improved,,forearc,27.4088420868,forearc,2003-09-07T22:39:30,5.4,5.9986310746064335,6,2003-09-07 22:39:30+00:00,True,82
48307,2003-10-04T18:15:57,-71.47,-28.935,33.3388,5.6,mw,,,,,331.0,48.0,40.0,211.0,62.0,130.0,5.570000000000001e+16,2.7800000000000004e+16,-8.36e+16,-4.38e+16,-1.7199999999999998e+16,-1600000000000000.0,CSN-improved,,intra_slab,26.698928833,intra_slab,2003-10-04T18:15:57,5.4,5.9986310746064335,6,2003-10-04 18:15:57+00:00,True,116
48525,2003-10-20T19:13:55,-69.874,-18.596,10.0,5.4,mw,,,,,,,,,,,,,,,,,USGS,,forearc,81.0564117432,forearc,2003-10-20T19:13:55,5.4,5.9986310746064335,6,2003-10-20 19:13:55+00:00,True,83
48845,2003-11-12T01:54:24,-74.868,-40.022,29.6,5.6,mw,,,,,216.0,33.0,-83.0,27.0,57.0,-95.0,-2.26e+17,5.789999999999999e+16,1.68e+17,-3.6e+16,-9.52e+16,1.05e+17,USGS,,intra_slab,9.19699478149,intra_slab,2003-11-12T01:54:24,5.4,5.9986310746064335,6,2003-11-12 01:54:24+00:00,True,117
48990,2003-11-25T04:43:44,-67.66,-23.25,175.1,5.6,mw,0.03,0.02,0.8,,249.0,50.0,34.0,135.0,65.0,134.0,1.66e+17,-2.68e+17,1.02e+17,2.52e+16,-1.86e+17,7.73e+16,GCMT,,slab_deep,115.719245911,slab_deep,2003-11-25T04:43:44,5.4,5.9986310746064335,6,2003-11-25 04:43:44+00:00,True,286
49162,2003-12-10T12:25:54,-71.86,-27.69,20.0,5.6,mw,0.03,0.02,0.0,,312.0,41.0,-3.0,44.0,88.0,-131.0,-1.51e+16,2.39e+17,-2.2400000000000003e+17,-1.68e+17,-2.12e+17,5300000000000000.0,GCMT,,intra_slab,9.67351531982,intra_slab,2003-12-10T12:25:54,5.4,5.9986310746064335,6,2003-12-10 12:25:54+00:00,True,118
49582,2004-01-15T07:52:50,-69.415,-24.925,76.1,5.5,mw,,,,,,,,,,,,,,,,,USGS,,slab_deep,72.5145797729,slab_deep,2004-01-15T07:52:50,5.4,5.9986310746064335,6,2004-01-15 07:52:50+00:00,True,321
49661,2004-01-23T05:00:33,-70.31,-23.07,85.1,5.6,mw,0.01,0.01,1.3,,230.0,45.0,-28.0,340.0,70.0,-132.0,-1.66e+17,-1.45e+17,3.11e+17,8.68e+16,-1.62e+17,1.1000000000000002e+17,GCMT,,intra_slab,33.9094238281,intra_slab,2004-01-23T05:00:33,5.4,5.9986310746064335,6,2004-01-23 05:00:33+00:00,True,119
49708,2004-01-27T16:00:39,-71.37,-17.93,73.5,5.7,mw,0.01,0.01,1.4,,137.0,12.0,-93.0,320.0,78.0,-89.0,-1.41e+17,4.53e+16,9.58e+16,2.71e+17,-3.2e+17,-1.77e+17,GCMT,,intra_slab,43.3621559143,intra_slab,2004-01-27T16:00:39,5.4,5.9986310746064335,6,2004-01-27 16:00:39+00:00,True,106
49911,2004-02-14T19:36:08,-67.308,-24.595,160.0,5.4,mw,,,0.0,,,,,,,,,,,,,,CSN-improved,,slab_deep,126.49861908,slab_deep,2004-02-14T19:36:08,5.4,5.9986310746064335,6,2004-02-14 19:36:08+00:00,True,381
50269,2004-03-17T03:21:10,-65.6,-21.24,297.0,6.1,mw,0.02,0.01,1.0,,286.0,28.0,-18.0,32.0,82.0,-117.0,-4.13e+17,7.75e+17,-3.62e+17,-6.5e+17,-1.22e+18,5.04e+17,GCMT,,slab_deep,267.281646729,slab_deep,2004-03-17T03:21:10,5.4,5.9986310746064335,6,2004-03-17 03:21:10+00:00,True,161
50432,2004-03-31T03:23:28,-68.02,-25.52,137.3,5.4,mw,0.02,0.01,1.3,,337.0,67.0,11.0,243.0,80.0,156.0,1.83e+16,1.1000000000000002e+17,-1.28e+17,-7.31e+16,-3700000000000000.0,-9.91e+16,GCMT,,slab_deep,98.3847885132,slab_deep,2004-03-31T03:23:28,5.4,5.9986310746064335,6,2004-03-31 03:23:28+00:00,True,382
50465,2004-04-03T09:57:14,-72.35,-30.04,28.0,5.5,mw,0.01,0.01,0.7,,320.0,33.0,50.0,185.0,65.0,113.0,1.47e+17,3.18e+16,-1.79e+17,-3.48e+16,-1.3e+17,6.66e+16,GCMT,,intra_slab,10.377614975,intra_slab,2004-04-03T09:57:14,5.4,5.9986310746064335,6,2004-04-03 09:57:14+00:00,True,138
50820,2004-05-03T04:36:54,-73.75,-37.95,24.0,6.6,mw,0.01,0.01,0.0,,0.0,16.0,118.0,151.0,76.0,82.0,4.85e+18,4e+16,-4.89e+18,4.66e+18,-7.86e+18,1.34e+18,GCMT,,slab_interface,22.8149089813,slab_interface,2004-05-03T04:36:54,5.4,5.9986310746064335,6,2004-05-03 04:36:54+00:00,True,66
51183,2004-05-30T16:44:00,-70.83,-17.42,125.4,5.4,mw,0.02,0.01,1.3,,166.0,20.0,-56.0,310.0,73.0,-102.0,-8.03e+16,1.54e+16,6.49e+16,1.09e+17,-8.95e+16,-7.009999999999999e+16,GCMT,,slab_deep,82.070526123,slab_deep,2004-05-30T16:44:00,5.4,5.9986310746064335,6,2004-05-30 16:44:00+00:00,True,383
51348,2004-06-15T11:16:32,-73.155,-38.854,37.8,6.1,mw,,,,,280.0,65.0,60.0,154.0,38.0,137.0,4.56e+17,-1.93e+17,-2.63e+17,-4.63e+17,-1.58e+17,6.86e+17,USGS,,forearc,45.066280365,forearc,2004-06-15T11:16:32,5.4,5.9986310746064335,6,2004-06-15 11:16:32+00:00,True,51
51349,2004-06-15T11:16:32,-73.62,-38.96,33.0,5.9,mw,0.01,0.01,0.0,,172.0,52.0,150.0,281.0,67.0,42.0,4.56e+17,-1.93e+17,-2.63e+17,-4.63e+17,-1.58e+17,6.86e+17,GCMT,,intra_slab,31.3411006927,intra_slab,2004-06-15T11:16:32,5.4,5.9986310746064335,6,2004-06-15 11:16:32+00:00,True,81
51375,2004-06-17T03:15:49,-70.129,-31.706,133.0,5.7,mw,,,6.6,,,,,,,,,,,,,,CSN-improved,,slab_deep,93.6090774536,slab_deep,2004-06-17T03:15:49,5.4,5.9986310746064335,6,2004-06-17 03:15:49+00:00,True,266
52159,2004-08-28T13:41:35,-70.36,-35.21,16.0,6.5,mw,0.01,0.01,0.0,,21.0,61.0,-178.0,290.0,88.0,-29.0,-2e+17,4.190000000000001e+18,-3.99e+18,3.18e+18,-1.36e+18,4.78e+18,CSN-improved,,intraarc_shallow,,intraarc,2004-08-28T13:41:35,5.4,5.9986310746064335,6,2004-08-28 13:41:35+00:00,True,8
52478,2004-09-07T11:53:11,-65.79,-28.91,20.0,6.1,mw,0.02,0.01,0.0,,216.0,37.0,80.0,48.0,54.0,97.0,1.49e+18,-6.55e+17,-8.39e+17,4.51e+17,2.7000000000000003e+17,-9.42e+17,GCMT,,backarc,,unclassified,2004-09-07T11:53:11,5.4,5.9986310746064335,6,2004-09-07 11:53:11+00:00,True,20
52479,2004-09-07T12:33:59,-72.52,-34.14,14.2,5.7,mw,0.03,0.03,1.6,,6.0,10.0,102.0,174.0,80.0,88.0,1.3500000000000002e+17,1.35e+16,-1.48e+17,4.28e+16,-3.76e+17,1500000000000000.0,GCMT,,slab_interface,16.7600059509,slab_interface,2004-09-07T12:33:59,5.4,5.9986310746064335,6,2004-09-07 12:33:59+00:00,True,182
52644,2004-09-16T14:48:53,-72.82,-17.5,18.8,5.4,mw,0.02,0.02,1.1,,314.0,18.0,64.0,161.0,74.0,98.0,6.720000000000001e+16,-1.1e+16,-5.620000000000001e+16,3.48e+16,-1.1299999999999998e+17,4.16e+16,GCMT,,slab_interface,19.7219295502,slab_interface,2004-09-16T14:48:53,5.4,5.9986310746064335,6,2004-09-16 14:48:53+00:00,True,222
52712,2004-09-22T23:08:52,-69.333,-18.846,100.0,5.4,mw,,,,,,,,,,,,,,,,,ISC,,slab_deep,94.4543457031,slab_deep,2004-09-22T23:08:52,5.4,5.9986310746064335,6,2004-09-22 23:08:52+00:00,True,384
52768,2004-09-27T22:58:29,-72.02,-32.72,33.3,5.5,mw,0.02,0.01,1.1,,17.0,21.0,109.0,177.0,70.0,83.0,1.29e+17,2.7800000000000004e+16,-1.57e+17,1.22e+16,-1.72e+17,-1.9e+16,GCMT,,slab_interface,21.2648887634,slab_interface,2004-09-27T22:58:29,5.4,5.9986310746064335,6,2004-09-27 22:58:29+00:00,True,205
53016,2004-10-15T15:05:43,-67.382,-27.891,175.4,5.4,mw,,,42.6,,,,,,,,,,,,,,CSN-improved,,slab_deep,110.413887024,slab_deep,2004-10-15T15:05:43,5.4,5.9986310746064335,6,2004-10-15 15:05:43+00:00,True,385
53135,2004-10-23T23:16:11,-67.162,-29.256,50.9216,5.7,mw,,,,,,,,,,,,,,,,,CSN-improved,,backarc,,unclassified,2004-10-23T23:16:11,5.4,5.9986310746064335,6,2004-10-23 23:16:11+00:00,True,34
53430,2004-11-14T18:38:07,-71.371,-30.162,28.9,5.4,mw,,,4.4,,,,,,,,,,,,,,CSN-improved,,slab_interface,39.8272857666,slab_interface,2004-11-14T18:38:07,5.4,5.9986310746064335,6,2004-11-14 18:38:07+00:00,True,223
53848,2004-12-18T17:57:27,-74.1,-16.4,24.0,5.7,mw,0.01,0.01,0.0,,308.0,21.0,60.0,160.0,72.0,101.0,2.7400000000000003e+17,-7.47e+16,-1.99e+17,1.1200000000000002e+17,-3.69e+17,1.7e+17,GCMT,,slab_interface,24.4599132538,slab_interface,2004-12-18T17:57:27,5.4,5.9986310746064335,6,2004-12-18 17:57:27+00:00,True,183
53983,2004-12-29T03:03:06,-68.398,-29.094,39.6533,5.4,mw,,,,,,,,,,,,,,,,,CSN-improved,,backarc,,unclassified,2004-12-29T03:03:06,5.4,5.9986310746064335,6,2004-12-29 03:03:06+00:00,True,45
54084,2005-01-06T13:35:22,-68.57,-21.68,145.0,5.4,mw,0.02,0.02,1.4,,108.0,36.0,172.0,204.0,85.0,54.0,1.94e+16,-7.29e+16,5.35e+16,-2e+16,-1.1499999999999998e+17,-4.74e+16,GCMT,,slab_deep,92.8316421509,slab_deep,2005-01-06T13:35:22,5.4,5.9986310746064335,6,2005-01-06 13:35:22+00:00,True,386
55047,2005-04-02T13:01:10,-70.757,-25.217,1.3949,5.4,mw,,,,,,,,,,,,,,,,,CSN-improved,,forearc,28.729719162,forearc,2005-04-02T13:01:10,5.4,5.9986310746064335,6,2005-04-02 13:01:10+00:00,True,84
55204,2005-04-13T09:25:27,-73.24,-33.27,12.0,5.4,mw,0.01,0.01,0.0,,21.0,38.0,-89.0,200.0,52.0,-91.0,-1.33e+17,3599999999999999.5,1.29e+17,1.02e+16,3.09e+16,5.3e+16,GCMT,,outer_rise,,outer_rise,2005-04-13T09:25:27,5.4,5.9986310746064335,6,2005-04-13 09:25:27+00:00,True,48
55241,2005-04-16T22:41:19,-69.95,-17.77,129.6,5.8,mw,0.01,0.01,0.8,,197.0,24.0,-36.0,320.0,76.0,-110.0,-2.65e+17,-9.68e+16,3.62e+17,3.66e+17,-3.76e+17,-1.02e+17,GCMT,,slab_deep,97.3163757324,slab_deep,2005-04-16T22:41:19,5.4,5.9986310746064335,6,2005-04-16 22:41:19+00:00,True,242
55927,2005-06-13T22:44:40,-69.23,-20.02,94.5,7.8,mw,0.01,0.01,0.4,,182.0,23.0,-81.0,352.0,67.0,-94.0,-3.7e+20,-2.72e+19,3.97e+20,6.15e+19,-3.63e+20,-2.36e+19,GCMT,,slab_deep,82.0689315796,slab_deep,2005-06-13T22:44:40,5.4,5.9986310746064335,6,2005-06-13 22:44:40+00:00,True,3
56452,2005-07-13T12:06:17,-70.41,-17.95,101.5,5.7,mw,0.01,0.01,1.0,,118.0,33.0,-113.0,325.0,60.0,-75.0,-3.87e+17,2.18e+17,1.69e+17,8.76e+16,-2.16e+17,-2.42e+17,GCMT,,slab_deep,77.3455505371,slab_deep,2005-07-13T12:06:17,5.4,5.9986310746064335,6,2005-07-13 12:06:17+00:00,True,267
57357,2005-09-09T11:26:07,-69.136,-31.68,112.6,6.2,mw,,,,,,,,,,,,,,,,,USGS,,slab_deep,100.792617798,slab_deep,2005-09-09T11:26:07,5.4,5.9986310746064335,6,2005-09-09 11:26:07+00:00,True,128
57807,2005-10-08T11:36:47,-69.055,-24.893,126.4055,5.6,mw,,,,,,,,,,,,,,,,,CSN-improved,,slab_deep,79.6740646362,slab_deep,2005-10-08T11:36:47,5.4,5.9986310746064335,6,2005-10-08 11:36:47+00:00,True,287
58038,2005-10-23T04:49:21,-68.81,-21.85,135.1,5.5,mw,0.01,0.01,1.0,,268.0,8.0,-7.0,5.0,89.0,-98.0,-9800000000000000.0,1.07e+16,-800000000000000.0,-1.66e+16,-2.03e+17,2.85e+16,GCMT,,slab_deep,85.4209899902,slab_deep,2005-10-23T04:49:21,5.4,5.9986310746064335,6,2005-10-23 04:49:21+00:00,True,322
58352,2005-11-17T19:27:00,-68.13,-22.46,155.3,6.8,mw,0.01,0.01,0.4,,126.0,26.0,-149.0,7.0,77.0,-68.0,-7.03e+18,-3.65e+18,1.07e+19,-2.36e+18,-1.56e+19,-5.79e+18,GCMT,,slab_deep,101.37260437,slab_deep,2005-11-17T19:27:00,5.4,5.9986310746064335,6,2005-11-17 19:27:00+00:00,True,53
58477,2005-11-28T16:33:22,-71.54,-29.45,39.4,5.5,mw,0.01,0.02,2.7,,254.0,9.0,-169.0,153.0,88.0,-81.0,-2e+16,4.01e+16,-2.01e+16,-1.01e+17,2.06e+17,-1.97e+16,GCMT,,slab_interface,27.359287262,slab_interface,2005-11-28T16:33:22,5.4,5.9986310746064335,6,2005-11-28 16:33:22+00:00,True,206
58752,2005-12-19T11:33:57,-67.136,-27.897,180.7,5.8,mw,,,32.7,,,,,,,,,,,,,,CSN-improved,,slab_deep,117.005577087,slab_deep,2005-12-19T11:33:57,5.4,5.9986310746064335,6,2005-12-19 11:33:57+00:00,True,243
58896,2005-12-31T12:39:28,-71.549,-39.966,129.3914,5.6,mw,,,,,,,,,,,,,,,,,CSN-improved,,slab_deep,123.886680603,slab_deep,2005-12-31T12:39:28,5.4,5.9986310746064335,6,2005-12-31 12:39:28+00:00,True,288
58968,2006-01-04T13:01:37,-66.34,-23.12,249.2,5.4,mw,0.03,0.02,2.6,,261.0,29.0,3.0,168.0,88.0,119.0,1.54e+16,-6.5e+16,4.95e+16,1799999999999999.8,-1.65e+17,7.19e+16,GCMT,,slab_deep,202.016342163,slab_deep,2006-01-04T13:01:37,5.4,5.9986310746064335,6,2006-01-04 13:01:37+00:00,True,387
59923,2006-03-12T23:00:04,-67.232,-21.878,168.0,5.6,mw,,,0.0,,,,,,,,,,,,,,CSN-improved,,slab_deep,151.082885742,slab_deep,2006-03-12T23:00:04,5.4,5.9986310746064335,6,2006-03-12 23:00:04+00:00,True,289
59951,2006-03-14T04:03:14,-69.55,-28.49,120.0,5.4,mw,,,0.0,,,,,,,,,,,,,,CSN-improved,,slab_deep,85.0440368652,slab_deep,2006-03-14T04:03:14,5.4,5.9986310746064335,6,2006-03-14 04:03:14+00:00,True,388
60425,2006-04-15T23:50:15,-72.29,-29.71,12.0,6.0,mw,0.01,0.01,0.0,,1.0,27.0,85.0,186.0,63.0,93.0,9.99e+17,8000000000000000.0,-1.01e+18,-1.06e+17,-7.28e+17,-6.4e+16,GCMT,,slab_interface,10.530330658,slab_interface,2006-04-15T23:50:15,5.4,5.9986310746064335,6,2006-04-15 23:50:15+00:00,True,141
60678,2006-04-30T19:17:25,-71.52,-27.17,15.4,6.6,mw,0.01,0.0,0.2,,11.0,14.0,106.0,175.0,76.0,86.0,4.55e+18,3.3e+17,-4.88e+18,9.8e+17,-8.86e+18,-2.1e+17,GCMT,,slab_interface,12.9112234116,slab_interface,2006-04-30T19:17:25,5.4,5.9986310746064335,6,2006-04-30 19:17:25+00:00,True,67
60683,2006-04-30T21:25:27,-71.62,-27.05,30.1,5.8,mw,0.05,0.04,2.2,,350.0,22.0,80.0,180.0,69.0,94.0,4.42e+17,-6.68e+16,-3.75e+17,-2.38e+16,-4.39e+17,3.4000000000000004e+16,GCMT,,intra_slab,11.0608730316,intra_slab,2006-04-30T21:25:27,5.4,5.9986310746064335,6,2006-04-30 21:25:27+00:00,True,98
61041,2006-05-11T13:48:59,-72.08,-27.72,12.0,5.5,mw,0.01,0.01,0.0,,6.0,15.0,94.0,182.0,75.0,89.0,9.76e+16,400000000000000.0,-9.81e+16,-6200000000000000.0,-1.64e+17,-7600000000000000.0,GCMT,,outer_rise,,outer_rise,2006-05-11T13:48:59,5.4,5.9986310746064335,6,2006-05-11 13:48:59+00:00,True,42
61299,2006-05-25T20:48:08,-71.91,-18.41,44.4,5.5,mw,0.01,0.01,0.8,,317.0,30.0,65.0,165.0,63.0,103.0,1.58e+17,9900000000000000.0,-1.68e+17,3.1e+16,-1.33e+17,1.21e+17,GCMT,,intra_slab,17.2133045197,intra_slab,2006-05-25T20:48:08,5.4,5.9986310746064335,6,2006-05-25 20:48:08+00:00,True,139
61769,2006-06-27T02:07:32,-68.695,-22.762,115.0,5.7,mw,,,0.0,,156.0,11.0,-110.0,356.0,80.0,-86.0,-6.25e+16,-5900000000000000.0,6.840000000000001e+16,1.21e+16,-1.83e+17,-1.78e+16,CSN-improved,,slab_deep,84.4997711182,slab_deep,2006-06-27T02:07:32,5.4,5.9986310746064335,6,2006-06-27 02:07:32+00:00,True,268
61771,2006-06-27T11:24:40,-68.89,-21.42,133.7,5.5,mw,0.01,0.01,0.9,,189.0,19.0,-56.0,333.0,74.0,-101.0,-1.02e+17,-200000000000000.0,1.03e+17,8.24e+16,-1.3500000000000002e+17,-1.26e+16,GCMT,,slab_deep,84.7672271729,slab_deep,2006-06-27T11:24:40,5.4,5.9986310746064335,6,2006-06-27 11:24:40+00:00,True,323
61941,2006-07-08T09:13:05,-67.38,-28.69,152.5,5.5,mw,0.01,0.01,0.8,,159.0,37.0,-68.0,312.0,56.0,-106.0,-1.74e+17,5.01e+16,1.24e+17,7.31e+16,-2.7800000000000004e+16,-9.87e+16,GCMT,,slab_deep,103.940116882,slab_deep,2006-07-08T09:13:05,5.4,5.9986310746064335,6,2006-07-08 09:13:05+00:00,True,324
62062,2006-07-16T11:42:45,-72.84,-28.71,12.0,6.2,mw,0.0,0.01,0.0,,357.0,46.0,-111.0,205.0,48.0,-70.0,-2e+18,-6.04e+17,2.6e+18,3.62e+17,-1e+16,6.39e+17,GCMT,,outer_rise,,outer_rise,2006-07-16T11:42:45,5.4,5.9986310746064335,6,2006-07-16 11:42:45+00:00,True,17
62355,2006-08-05T14:03:50,-68.86,-33.2,32.0,5.6,mw,0.01,0.01,0.6,,137.0,39.0,44.0,10.0,64.0,120.0,1.74e+17,7.33e+16,-2.4700000000000003e+17,5.01e+16,1.34e+17,9.02e+16,GCMT,,backarc,,unclassified,2006-08-05T14:03:50,5.4,5.9986310746064335,6,2006-08-05 14:03:50+00:00,True,36
62622,2006-08-25T00:44:51,-67.18,-24.44,185.8,6.6,mw,0.01,0.0,0.4,,194.0,36.0,-48.0,326.0,64.0,-115.0,-6.17e+18,-1.59e+18,7.76e+18,3.93e+18,-3.37e+18,-1.91e+18,GCMT,,slab_deep,132.400985718,slab_deep,2006-08-25T00:44:51,5.4,5.9986310746064335,6,2006-08-25 00:44:51+00:00,True,68
62929,2006-09-12T13:30:59,-69.13,-29.19,113.7,5.9,mw,0.01,0.01,0.6,,309.0,27.0,-115.0,156.0,66.0,-78.0,-6.01e+17,1.4299999999999998e+17,4.58e+17,-2.07e+17,5.4900000000000006e+17,-4.61e+17,GCMT,,slab_deep,87.6047363281,slab_deep,2006-09-12T13:30:59,5.4,5.9986310746064335,6,2006-09-12 13:30:59+00:00,True,212
63032,2006-09-17T09:34:17,-67.15,-31.9,146.1,6.2,mw,0.01,0.0,0.4,,147.0,17.0,-147.0,25.0,81.0,-76.0,-7.6e+17,-1.4299999999999998e+17,9.03e+17,-1.01e+18,-1.77e+18,-2.03e+17,GCMT,,slab_deep,112.174545288,slab_deep,2006-09-17T09:34:17,5.4,5.9986310746064335,6,2006-09-17 09:34:17+00:00,True,129
63165,2006-09-24T21:57:02,-72.076,-35.727,44.3,5.5,mw,,,4.8,,,,,,,,,,,,,,CSN-improved,,slab_deep,53.6427497864,slab_deep,2006-09-24T21:57:02,5.4,5.9986310746064335,6,2006-09-24 21:57:02+00:00,True,325
63380,2006-10-07T08:21:00,-69.27,-24.13,120.9,5.7,mw,0.01,0.01,0.8,,132.0,35.0,-101.0,326.0,55.0,-82.0,-4.64e+17,2.05e+17,2.58e+17,6.12e+16,-1.65e+17,-2.03e+17,GCMT,,slab_deep,72.3027267456,slab_deep,2006-10-07T08:21:00,5.4,5.9986310746064335,6,2006-10-07 08:21:00+00:00,True,269
63444,2006-10-12T18:05:58,-71.421,-31.322,45.0,6.4,mw,,,6.2,0.1,176.0,65.0,87.0,3.0,26.0,96.0,3.22e+18,2.21e+17,-3.44e+18,2.8100000000000003e+17,-2.68e+18,6.6e+16,ISC-GEM,,slab_interface,41.8570404053,slab_interface,2006-10-12T18:05:58,5.4,5.9986310746064335,6,2006-10-12 18:05:58+00:00,True,77
63445,2006-10-12T18:06:04,-72.03,-31.48,36.8,6.4,mw,0.01,0.0,0.3,,3.0,26.0,96.0,176.0,65.0,87.0,3.22e+18,2.21e+17,-3.44e+18,2.8100000000000003e+17,-2.68e+18,6.6e+16,GCMT,,intra_slab,18.3295612335,intra_slab,2006-10-12T18:06:04,5.4,5.9986310746064335,6,2006-10-12 18:06:04+00:00,True,39
63596,2006-10-16T01:33:40,-71.76,-30.32,43.0,5.5,mw,0.02,0.01,0.6,,8.0,38.0,113.0,160.0,56.0,73.0,1.98e+17,1.13e+16,-2.09e+17,6e+16,-6.12e+16,2.33e+16,GCMT,,intra_slab,24.3943424225,intra_slab,2006-10-16T01:33:40,5.4,5.9986310746064335,6,2006-10-16 01:33:40+00:00,True,140
63617,2006-10-17T04:02:44,-68.47,-21.09,149.9,5.9,mw,0.02,0.01,1.6,,170.0,68.0,-18.0,266.0,73.0,-157.0,-2.55e+17,3.42e+17,-8.6e+16,2.7300000000000003e+17,2.41e+17,-8.53e+17,GCMT,,slab_deep,99.4537506104,slab_deep,2006-10-17T04:02:44,5.4,5.9986310746064335,6,2006-10-17 04:02:44+00:00,True,213
63713,2006-10-22T23:29:15,-71.23,-25.85,28.3,5.4,mw,0.02,0.01,0.8,,4.0,19.0,112.0,161.0,73.0,83.0,9.19e+16,1.14e+16,-1.03e+17,4.95e+16,-1.29e+17,1.7399999999999998e+16,GCMT,,intra_slab,14.9707250595,intra_slab,2006-10-22T23:29:15,5.4,5.9986310746064335,6,2006-10-22 23:29:15+00:00,True,153
63730,2006-10-23T21:00:50,-65.75,-21.77,287.6,5.8,mw,0.05,0.03,1.5,,117.0,8.0,-149.0,357.0,86.0,-83.0,-7.59e+16,-2.1e+16,9.69e+16,3.74e+16,-6.38e+17,-8.54e+16,GCMT,,slab_deep,254.213394165,slab_deep,2006-10-23T21:00:50,5.4,5.9986310746064335,6,2006-10-23 21:00:50+00:00,True,244
64079,2006-11-14T22:22:14,-68.76,-23.37,116.1,5.7,mw,0.01,0.01,0.8,,143.0,27.0,-111.0,346.0,64.0,-80.0,-3e+17,-2.72e+16,3.28e+17,5.39e+16,-2.7200000000000003e+17,-1.87e+17,GCMT,,slab_deep,82.0241546631,slab_deep,2006-11-14T22:22:14,5.4,5.9986310746064335,6,2006-11-14 22:22:14+00:00,True,270
64191,2006-11-20T10:15:42,-67.717,-27.857,190.3802,5.8,mw,,,,,,,,,,,,,,,,,CSN-improved,,slab_deep,104.509460449,slab_deep,2006-11-20T10:15:42,5.4,5.9986310746064335,6,2006-11-20 10:15:42+00:00,True,245
64192,2006-11-20T14:38:33,-70.18,-18.1,69.0,5.5,mw,0.01,0.01,0.9,,220.0,41.0,28.0,108.0,72.0,127.0,1.01e+17,-1.87e+17,8.58e+16,1.23e+17,-5.22e+16,-6.69e+16,GCMT,,slab_deep,80.0419082642,slab_deep,2006-11-20T14:38:33,5.4,5.9986310746064335,6,2006-11-20 14:38:33+00:00,True,326
64738,2006-12-31T14:55:06,-71.4,-38.04,17.7,5.5,mw,0.01,0.01,0.7,,31.0,86.0,178.0,121.0,88.0,4.0,1.64e+16,2.15e+17,-2.32e+17,1.7100000000000002e+16,-600000000000000.0,1.16e+17,GCMT,,intraarc_shallow,,intraarc,2006-12-31T14:55:06,5.4,5.9986310746064335,6,2006-12-31 14:55:06+00:00,True,34
64785,2007-01-04T09:27:35,-70.244,-17.356,113.7,5.4,mw,,,,,,,,,,,,,,,,,USGS,,slab_deep,100.790779114,slab_deep,2007-01-04T09:27:35,5.3,3.0006844626967832,7,2007-01-04 09:27:35+00:00,True,389
65125,2007-01-28T01:11:35,-72.646,-18.303,35.0,5.3,mw,,,,,,,,,,,,,,,,,USGS,,outer_rise,,outer_rise,2007-01-28T01:11:35,5.3,3.0006844626967832,7,2007-01-28 01:11:35+00:00,True,52
65124,2007-01-28T02:46:33,-66.952,-27.99,170.0,5.5,mw,,,0.0,,,,,,,,,,,,,,CSN-improved,,slab_deep,122.222702026,slab_deep,2007-01-28T02:46:33,5.3,3.0006844626967832,7,2007-01-28 02:46:33+00:00,True,327
65265,2007-02-07T18:55:02,-71.28,-17.92,80.9,5.5,mw,0.01,0.01,1.5,,186.0,16.0,-42.0,316.0,79.0,-102.0,-8.26e+16,-7800000000000000.0,9.04e+16,1.48e+17,-1.3999999999999998e+17,-3.57e+16,GCMT,,intra_slab,46.8890457153,intra_slab,2007-02-07T18:55:02,5.3,3.0006844626967832,7,2007-02-07 18:55:02+00:00,True,141
65300,2007-02-10T06:03:05,-72.26,-43.26,162.3,5.5,mw,0.01,0.01,1.0,,207.0,6.0,117.0,360.0,84.0,87.0,2.31e+16,5.17e+16,-7.48e+16,1500000000000000.0,2.41e+17,-1.24e+16,GCMT,,slab_deep,114.43359375,slab_deep,2007-02-10T06:03:05,5.3,3.0006844626967832,7,2007-02-10 06:03:05+00:00,True,328
65351,2007-02-14T14:21:53,-70.27,-19.74,101.5,5.4,mw,0.01,0.01,1.4,,150.0,29.0,-133.0,17.0,70.0,-70.0,-7.13e+16,-4.1e+16,1.1200000000000002e+17,-3e+16,-8.73e+16,-6100000000000000.0,GCMT,,intra_slab,45.0008430481,intra_slab,2007-02-14T14:21:53,5.3,3.0006844626967832,7,2007-02-14 14:21:53+00:00,True,154
65473,2007-02-24T13:33:05,-68.027,-21.492,126.3,5.4,mw,,,,,,,,,,,,,,,,,USGS,,slab_deep,112.013145447,slab_deep,2007-02-24T13:33:05,5.3,3.0006844626967832,7,2007-02-24 13:33:05+00:00,True,390
65547,2007-03-02T13:07:36,-71.64,-30.93,54.8,5.4,mw,0.01,0.01,0.9,,7.0,35.0,100.0,176.0,55.0,83.0,1.3700000000000002e+17,2.08e+16,-1.58e+17,1.19e+16,-5.37e+16,-3599999999999999.5,GCMT,,intra_slab,30.0042934418,intra_slab,2007-03-02T13:07:36,5.3,3.0006844626967832,7,2007-03-02 13:07:36+00:00,True,155
65851,2007-03-24T19:13:54,-70.48,-19.85,32.8,5.5,mw,0.01,0.01,0.3,,107.0,41.0,100.0,274.0,50.0,81.0,2e+17,-2.28e+17,2.7600000000000004e+16,-4.06e+16,-1.28e+16,4.87e+16,CSN-improved,,forearc,34.3866462708,forearc,2007-03-24T19:13:54,5.3,3.0006844626967832,7,2007-03-24 19:13:54+00:00,True,75
65880,2007-03-26T02:46:58,-72.468,-17.383,20.0,5.3,mw,,,,,324.0,11.0,81.0,153.0,79.0,92.0,5.99e+16,-1.19e+16,-4.8e+16,7.07e+16,-1.42e+17,3.3e+16,ISC,,slab_interface,30.2875728607,slab_interface,2007-03-26T02:46:58,5.3,3.0006844626967832,7,2007-03-26 02:46:58+00:00,True,238
65879,2007-03-26T02:47:01,-72.92,-17.6,15.0,5.4,mw,0.02,0.02,0.0,,324.0,11.0,81.0,153.0,79.0,92.0,5.99e+16,-1.19e+16,-4.8e+16,7.07e+16,-1.42e+17,3.3e+16,GCMT,,slab_interface,15.9812202454,slab_interface,2007-03-26T02:47:01,5.3,3.0006844626967832,7,2007-03-26 02:47:01+00:00,True,224
65933,2007-03-29T14:40:47,-72.16,-31.63,26.6,5.6,mw,0.01,0.01,0.7,,12.0,19.0,91.0,191.0,71.0,90.0,1.89e+17,2.27e+16,-2.12e+17,-4.94e+16,-2.54e+17,-4.88e+16,GCMT,,slab_interface,16.2659168243,slab_interface,2007-03-29T14:40:47,5.3,3.0006844626967832,7,2007-03-29 14:40:47+00:00,True,192
66379,2007-04-21T17:53:48,-72.95,-45.48,12.0,6.24,mw,0.01,0.0,0.0,,84.0,86.0,2.0,354.0,88.0,176.0,-9.12e+17,-1.2e+17,1.03e+18,1.85e+17,2.8000000000000003e+17,2.77e+18,CSN-improved,,intraarc_shallow,,intraarc,2007-04-21T17:53:48,5.3,3.0006844626967832,7,2007-04-21 17:53:48+00:00,True,12
66391,2007-04-22T10:22:03,-71.451,-32.404,20.9736,5.6,mw,,,,,,,,,,,,,,,,,CSN-improved,,forearc,40.1264915466,forearc,2007-04-22T10:22:03,5.3,3.0006844626967832,7,2007-04-22 10:22:03+00:00,True,71
66793,2007-05-20T12:15:50,-71.55,-29.54,47.4,5.3,mw,0.01,0.01,0.7,,21.0,41.0,116.0,168.0,54.0,69.0,9.62e+16,1.59e+16,-1.1200000000000002e+17,2.63e+16,-2.7700000000000004e+16,-9500000000000000.0,GCMT,,intra_slab,28.0022678375,intra_slab,2007-05-20T12:15:50,5.3,3.0006844626967832,7,2007-05-20 12:15:50+00:00,True,165
67328,2007-06-28T19:25:22,-71.63,-32.08,80.3,5.6,mw,0.01,0.01,1.1,,198.0,15.0,-73.0,0.0,75.0,-95.0,-1.91e+17,2.64e+16,1.64e+17,9300000000000000.0,-3.14e+17,2.8000000000000004e+16,GCMT,,intra_slab,32.0019454956,intra_slab,2007-06-28T19:25:22,5.3,3.0006844626967832,7,2007-06-28 19:25:22+00:00,True,120
67420,2007-07-05T19:25:50,-71.519,-30.367,44.5734,5.6,mw,,,,,,,,,,,,,,,,,CSN-improved,,slab_interface,34.172706604,slab_interface,2007-07-05T19:25:50,5.3,3.0006844626967832,7,2007-07-05 19:25:50+00:00,True,193
67626,2007-07-21T15:34:59,-66.0,-22.31,280.2,6.4,mw,0.01,0.0,0.3,,240.0,3.0,-24.0,353.0,89.0,-93.0,-1.59e+17,-1.64e+17,3.23e+17,6.07e+17,-5.34e+18,1.93e+17,GCMT,,slab_deep,234.877227783,slab_deep,2007-07-21T15:34:59,5.3,3.0006844626967832,7,2007-07-21 15:34:59+00:00,True,90
67747,2007-07-30T08:20:30,-70.623,-17.185,33.8,5.3,mw,,,,,,,,,,,,,,,,,USGS,,forearc,97.0350265503,forearc,2007-07-30T08:20:30,5.3,3.0006844626967832,7,2007-07-30 08:20:30+00:00,True,92
68054,2007-08-20T21:01:36,-66.66,-19.82,270.3,5.4,mw,0.02,0.02,1.5,,254.0,12.0,-30.0,13.0,84.0,-100.0,-2.96e+16,1.7499999999999998e+16,1.21e+16,-2.45e+16,-1.28e+17,2.49e+16,GCMT,,slab_deep,224.353683472,slab_deep,2007-08-20T21:01:36,5.3,3.0006844626967832,7,2007-08-20 21:01:36+00:00,True,391
68180,2007-09-02T23:53:30,-67.469,-31.869,35.0,5.3,mw,,,,,,,,,,,,,,,,,USGS,,backarc,,unclassified,2007-09-02T23:53:30,5.3,3.0006844626967832,7,2007-09-02 23:53:30+00:00,True,49
68198,2007-09-03T09:34:14,-68.983,-18.227,140.6,5.3,mw,,,8.1,,,,,,,,,,,,,,USGS,,slab_deep,120.43019104,slab_deep,2007-09-03T09:34:14,5.3,3.0006844626967832,7,2007-09-03 09:34:14+00:00,True,446
68621,2007-10-02T15:38:25,-70.528,-25.934,26.0,5.6,mw,,,9.8,,23.0,28.0,121.0,169.0,66.0,75.0,6.11e+16,1.16e+16,-7.26e+16,1.77e+16,-5.38e+16,-7600000000000000.0,CSN-improved,,slab_interface,37.018863678,slab_interface,2007-10-02T15:38:25,5.3,3.0006844626967832,7,2007-10-02 15:38:25+00:00,True,194
68783,2007-10-15T21:39:12,-74.958,-46.128,42.7,5.5,mw,,,14.2,,,,,,,,,,,,,,USGS,,unclassified,,unclassified,2007-10-15T21:39:12,5.3,3.0006844626967832,7,2007-10-15 21:39:12+00:00,True,39
69069,2007-11-07T15:06:17,-69.514,-24.185,74.5,5.4,mw,,,,,,,,,,,,,,,,,USGS,,slab_deep,65.7050552368,slab_deep,2007-11-07T15:06:17,5.3,3.0006844626967832,7,2007-11-07 15:06:17+00:00,True,392
69131,2007-11-14T15:40:51,-69.979,-22.341,43.0,6.7,mw,,,,,,,,,,,,,,,,,ISC,,slab_interface,43.2282829285,slab_interface,2007-11-14T15:40:51,5.3,3.0006844626967832,7,2007-11-14 15:40:51+00:00,True,59
69130,2007-11-14T15:41:11,-70.62,-22.64,37.6,7.7,mw,0.01,0.01,0.3,,358.0,20.0,98.0,170.0,71.0,87.0,2.96e+20,4.200000000000001e+18,-3e+20,7.35e+19,-3.63e+20,3.3700000000000004e+19,GCMT,,intra_slab,24.0281543732,intra_slab,2007-11-14T15:41:11,5.3,3.0006844626967832,7,2007-11-14 15:41:11+00:00,True,2
69161,2007-11-15T15:05:59,-70.385,-22.862,26.0,6.8,mw,,,4.9,0.1,172.0,74.0,88.0,360.0,16.0,98.0,1.04e+19,2.4e+17,-1.06e+19,2.66e+18,-1.71e+19,8.3e+17,ISC-GEM,,slab_interface,30.2036437988,slab_interface,2007-11-15T15:05:59,5.3,3.0006844626967832,7,2007-11-15 15:05:59+00:00,True,51
69256,2007-11-17T17:54:37,-70.92,-23.06,15.0,5.9,mw,0.01,0.01,0.5,,300.0,11.0,27.0,184.0,85.0,100.0,5.04e+16,1.84e+17,-2.35e+17,-1.81e+16,-7.25e+17,1.07e+17,GCMT,,forearc,17.8720703125,forearc,2007-11-17T17:54:37,5.3,3.0006844626967832,7,2007-11-17 17:54:37+00:00,True,62
69334,2007-11-18T05:40:17,-66.48,-22.67,262.4,6.0,mw,0.01,0.01,0.5,,179.0,15.0,-80.0,349.0,75.0,-93.0,-6.74e+17,2.7e+16,6.47e+17,2.44e+17,-1.14e+18,-6.2e+16,GCMT,,slab_deep,194.099868774,slab_deep,2007-11-18T05:40:17,5.3,3.0006844626967832,7,2007-11-18 05:40:17+00:00,True,183
69336,2007-11-18T07:02:42,-69.9,-19.12,98.4,5.3,mw,0.02,0.02,3.7,,246.0,44.0,-17.0,349.0,78.0,-133.0,-2.94e+16,-2.49e+16,5.43e+16,2.58e+16,-6.32e+16,5.620000000000001e+16,GCMT,,slab_deep,69.4688644409,slab_deep,2007-11-18T07:02:42,5.3,3.0006844626967832,7,2007-11-18 07:02:42+00:00,True,447
69460,2007-11-21T12:55:08,-68.81,-25.02,127.3,5.8,mw,0.01,0.01,0.8,,129.0,32.0,-126.0,350.0,65.0,-70.0,-4.3e+17,1.04e+17,3.26e+17,-4.02e+16,-3.57e+17,-2.26e+17,GCMT,,slab_deep,84.1009597778,slab_deep,2007-11-21T12:55:08,5.3,3.0006844626967832,7,2007-11-21 12:55:08+00:00,True,246
69532,2007-11-24T05:02:10,-69.06,-23.73,109.3,5.6,mw,0.01,0.01,1.1,,178.0,36.0,-64.0,327.0,58.0,-108.0,-2.34e+17,-3.66e+16,2.7000000000000003e+17,9.04e+16,-9.29e+16,-1.19e+17,GCMT,,slab_deep,75.9068908691,slab_deep,2007-11-24T05:02:10,5.3,3.0006844626967832,7,2007-11-24 05:02:10+00:00,True,290
69816,2007-12-04T19:56:58,-70.213,-17.563,46.4,5.5,mw,,,,,,,,,,,,,,,,,USGS,,forearc,95.5661849976,forearc,2007-12-04T19:56:58,5.3,3.0006844626967832,7,2007-12-04 19:56:58+00:00,True,76
69955,2007-12-09T15:19:26,-71.347,-30.368,60.903,5.3,mw,,,,,,,,,,,,,,,,,CSN-improved,,intra_slab,40.8983230591,intra_slab,2007-12-09T15:19:26,5.3,3.0006844626967832,7,2007-12-09 15:19:26+00:00,True,166
70026,2007-12-13T07:23:46,-70.94,-23.18,20.3,6.2,mw,0.01,0.01,0.4,,9.0,15.0,106.0,173.0,75.0,86.0,1.12e+18,1.02e+17,-1.22e+18,3.01e+17,-2.05e+18,-3000000000000000.0,GCMT,,slab_interface,17.125705719,slab_interface,2007-12-13T07:23:46,5.3,3.0006844626967832,7,2007-12-13 07:23:46+00:00,True,113
70057,2007-12-15T18:22:32,-72.02,-32.81,33.3,5.9,mw,0.01,0.01,0.5,,359.0,21.0,89.0,179.0,69.0,90.0,5.4700000000000006e+17,8.8e+16,-6.35e+17,7000000000000000.0,-6.59e+17,1.2e+16,GCMT,,intra_slab,21.3783550262,intra_slab,2007-12-15T18:22:32,5.3,3.0006844626967832,7,2007-12-15 18:22:32+00:00,True,82
70088,2007-12-17T09:26:35,-71.102,-32.878,63.7767,5.4,mw,,,,,,,,,,,,,,,,,CSN-improved,,slab_deep,55.422504425,slab_deep,2007-12-17T09:26:35,5.3,3.0006844626967832,7,2007-12-17 09:26:35+00:00,True,393
70169,2007-12-20T06:12:59,-70.367,-17.28,110.1,5.3,mw,,,,,,,,,,,,,,,,,USGS,,slab_deep,99.8303756714,slab_deep,2007-12-20T06:12:59,5.3,3.0006844626967832,7,2007-12-20 06:12:59+00:00,True,448
70252,2007-12-26T23:40:59,-68.77,-22.19,121.3,5.5,mw,0.03,0.03,3.6,,135.0,45.0,-111.0,344.0,48.0,-70.0,-1.92e+17,-3300000000000000.0,1.95e+17,-1.4399999999999998e+16,-2.31e+16,-1.77e+17,GCMT,,slab_deep,85.2558441162,slab_deep,2007-12-26T23:40:59,5.3,3.0006844626967832,7,2007-12-26 23:40:59+00:00,True,329
70436,2008-01-05T07:29:35,-68.88,-22.87,117.3,5.7,mw,0.03,0.02,1.4,,190.0,31.0,-47.0,322.0,68.0,-113.0,-2.78e+17,-6.4e+16,3.42e+17,2.16e+17,-2e+17,-1.17e+17,GCMT,,slab_deep,79.5985183716,slab_deep,2008-01-05T07:29:35,5.3,3.0006844626967832,7,2008-01-05 07:29:35+00:00,True,271
70805,2008-01-22T09:09:27,-70.101,-19.955,49.4,5.3,mw,,,3.9,,,,,,,,,,,,,,CSN-improved,,slab_interface,48.8902931213,slab_interface,2008-01-22T09:09:27,5.3,3.0006844626967832,7,2008-01-22 09:09:27+00:00,True,239
71025,2008-02-04T17:01:36,-70.76,-20.27,46.1,6.3,mw,0.01,0.0,0.4,,1.0,27.0,107.0,162.0,64.0,81.0,2.86e+18,4.37e+17,-3.3e+18,9.29e+17,-2.29e+18,6.49e+17,GCMT,,intra_slab,23.0602226257,intra_slab,2008-02-04T17:01:36,5.3,3.0006844626967832,7,2008-02-04 17:01:36+00:00,True,48
71205,2008-02-16T14:45:15,-68.77,-21.58,135.3,6.1,mw,0.01,0.01,0.5,,223.0,18.0,-54.0,6.0,76.0,-100.0,-7.86e+17,1.46e+17,6.4e+17,-4.1e+16,-1.39e+18,3.31e+17,GCMT,,slab_deep,87.8769683838,slab_deep,2008-02-16T14:45:15,5.3,3.0006844626967832,7,2008-02-16 14:45:15+00:00,True,162
71610,2008-03-10T09:43:07,-69.74,-28.42,129.2,5.6,mw,0.01,0.01,0.8,,3.0,33.0,-75.0,165.0,58.0,-100.0,-2.38e+17,-4300000000000000.0,2.43e+17,-5.32e+16,1.07e+17,-2.59e+16,GCMT,,slab_deep,82.5510253906,slab_deep,2008-03-10T09:43:07,5.3,3.0006844626967832,7,2008-03-10 09:43:07+00:00,True,291
71701,2008-03-17T01:54:32,-67.087,-28.589,130.0,5.4,mw,,,0.0,,,,,,,,,,,,,,CSN-improved,,slab_deep,110.834655762,slab_deep,2008-03-17T01:54:32,5.3,3.0006844626967832,7,2008-03-17 01:54:32+00:00,True,394
71839,2008-03-24T20:39:10,-69.42,-20.31,129.2,6.2,mw,0.01,0.01,0.5,,198.0,22.0,-73.0,1.0,69.0,-97.0,-1.33e+18,-1.67e+17,1.49e+18,4.1e+16,-1.58e+18,2.56e+17,GCMT,,slab_deep,74.2103881836,slab_deep,2008-03-24T20:39:10,5.3,3.0006844626967832,7,2008-03-24 20:39:10+00:00,True,130
72578,2008-05-02T06:01:37,-70.937,-29.621,43.9,5.3,mw,,,4.5,,,,,,,,,,,,,,CSN-improved,,slab_deep,54.7335586548,slab_deep,2008-05-02T06:01:37,5.3,3.0006844626967832,7,2008-05-02 06:01:37+00:00,True,449
72644,2008-05-06T06:52:05,-69.868,-24.486,44.7,5.4,mw,,,13.0,,,,,,,,,,,,,,CSN-improved,,slab_deep,56.14037323,slab_deep,2008-05-06T06:52:05,5.3,3.0006844626967832,7,2008-05-06 06:52:05+00:00,True,395
72890,2008-05-22T01:34:05,-71.935,-30.221,26.5,5.3,mw,,,,,,,,,,,,,,,,,USGS,,slab_interface,18.2199745178,slab_interface,2008-05-22T01:34:05,5.3,3.0006844626967832,7,2008-05-22 01:34:05+00:00,True,240
72999,2008-05-28T18:16:13,-72.508,-42.054,21.8,5.5,mw,,,3.6,,,,,,,,,,,,,,CSN-improved,,intraarc_shallow,,intraarc,2008-05-28T18:16:13,5.3,3.0006844626967832,7,2008-05-28 18:16:13+00:00,True,35
73587,2008-07-08T09:13:10,-72.0,-16.26,125.7,6.2,mw,0.01,0.01,0.6,,177.0,44.0,-23.0,284.0,74.0,-132.0,-1.08e+18,3.67e+17,7.16e+17,1.51e+18,-3.51e+17,-1.93e+18,GCMT,,slab_deep,90.8824615479,slab_deep,2008-07-08T09:13:10,5.3,3.0006844626967832,7,2008-07-08 09:13:10+00:00,True,131
73711,2008-07-14T18:40:00,-66.699,-28.057,202.5,5.8,mw,,,89.4,,,,,,,,,,,,,,CSN-improved,,slab_deep,130.272323608,slab_deep,2008-07-14T18:40:00,5.3,3.0006844626967832,7,2008-07-14 18:40:00+00:00,True,247
74064,2008-08-07T00:18:06,-69.181,-29.352,93.4,5.3,mw,,,3.8,,,,,,,,,,,,,,USGS,,slab_deep,88.1069869995,slab_deep,2008-08-07T00:18:06,5.3,3.0006844626967832,7,2008-08-07 00:18:06+00:00,True,450
74404,2008-08-27T04:42:07,-65.681,-21.742,277.1,5.3,mw,,,,,,,,,,,,,,,,,USGS,,slab_deep,258.102416992,slab_deep,2008-08-27T04:42:07,5.3,3.0006844626967832,7,2008-08-27 04:42:07+00:00,True,451
74662,2008-09-10T16:12:11,-69.56,-20.41,36.1,5.75,mw,0.01,0.01,0.6,,289.0,44.0,138.0,52.0,62.0,54.0,3.28e+17,-5.6500000000000006e+17,2.37e+17,1.53e+17,1.21e+17,-1.83e+17,GCMT,,forearc,67.7359085083,forearc,2008-09-10T16:12:11,5.3,3.0006844626967832,7,2008-09-10 16:12:11+00:00,True,68
74686,2008-09-11T17:11:37,-69.46,-19.8,124.5,5.3,mw,0.01,0.02,1.5,,176.0,28.0,-80.0,345.0,62.0,-95.0,-7.73e+16,-8599999999999998.0,8.59e+16,1.7599999999999998e+16,-5.38e+16,-1.6800000000000002e+16,GCMT,,slab_deep,76.9621429443,slab_deep,2008-09-11T17:11:37,5.3,3.0006844626967832,7,2008-09-11 17:11:37+00:00,True,452
74782,2008-09-16T21:56:41,-68.615,-20.389,114.8,5.4,mw,,,,,,,,,,,,,,,,,USGS,,slab_deep,100.14617157,slab_deep,2008-09-16T21:56:41,5.3,3.0006844626967832,7,2008-09-16 21:56:41+00:00,True,396
74842,2008-09-20T14:43:10,-74.11,-16.35,51.8,5.4,mw,0.01,0.01,1.0,,303.0,37.0,44.0,176.0,65.0,119.0,1.05e+17,1.51e+16,-1.2e+17,-2100000000000000.0,-9.29e+16,9.8e+16,GCMT,,intra_slab,25.9944553375,intra_slab,2008-09-20T14:43:10,5.3,3.0006844626967832,7,2008-09-20 14:43:10+00:00,True,156
75254,2008-10-06T00:18:29,-68.931,-18.398,135.1,5.4,mw,,,,,,,,,,,,,,,,,USGS,,slab_deep,119.361000061,slab_deep,2008-10-06T00:18:29,5.3,3.0006844626967832,7,2008-10-06 00:18:29+00:00,True,397
75351,2008-10-12T20:55:44,-65.23,-20.3,361.5,6.2,mw,0.01,0.01,0.5,,257.0,18.0,-2.0,349.0,89.0,-108.0,-2.1e+16,-3.3e+17,3.51e+17,3.85e+17,-2.13e+18,6.17e+17,GCMT,,slab_deep,316.582824707,slab_deep,2008-10-12T20:55:44,5.3,3.0006844626967832,7,2008-10-12 20:55:44+00:00,True,132
75768,2008-10-30T01:32:47,-70.89,-23.86,41.0,5.3,mw,0.02,0.01,0.9,,10.0,30.0,85.0,196.0,60.0,93.0,7.99e+16,1.89e+16,-9.88e+16,-1.65e+16,-5.22e+16,-3.09e+16,GCMT,,intra_slab,19.88555336,intra_slab,2008-10-30T01:32:47,5.3,3.0006844626967832,7,2008-10-30 01:32:47+00:00,True,167
76110,2008-11-16T19:12:45,-72.439,-43.548,36.0,5.3,mw,,,11.3,,,,,,,,,,,,,,USGS,,intraarc_shallow,,intraarc,2008-11-16T19:12:45,5.3,3.0006844626967832,7,2008-11-16 19:12:45+00:00,True,45
76202,2008-11-21T23:07:47,-69.511,-24.216,77.683,5.3,mw,,,,,,,,,,,,,,,,,CSN-improved,,slab_deep,65.7050552368,slab_deep,2008-11-21T23:07:47,5.3,3.0006844626967832,7,2008-11-21 23:07:47+00:00,True,453
76230,2008-11-23T21:19:44,-73.36,-36.38,37.8,5.3,mw,0.02,0.01,1.2,,11.0,22.0,111.0,169.0,69.0,82.0,6.56e+16,1.36e+16,-7.93e+16,1.81e+16,-7.7e+16,2100000000000000.0,GCMT,,intra_slab,24.6932125092,intra_slab,2008-11-23T21:19:44,5.3,3.0006844626967832,7,2008-11-23 21:19:44+00:00,True,168
76687,2008-12-18T21:19:33,-72.13,-32.63,22.5,6.1,mw,0.01,0.01,0.3,,360.0,19.0,94.0,175.0,71.0,89.0,1.13e+18,1.18e+17,-1.25e+18,1.33e+17,-1.54e+18,6.2e+16,GCMT,,slab_interface,17.4651508331,slab_interface,2008-12-18T21:19:33,5.3,3.0006844626967832,7,2008-12-18 21:19:33+00:00,True,130
76955,2008-12-29T14:40:16,-68.766,-22.99,89.0283,5.3,mw,,,,,,,,,,,,,,,,,CSN-improved,,slab_deep,82.6516952515,slab_deep,2008-12-29T14:40:16,5.3,3.0006844626967832,7,2008-12-29 14:40:16+00:00,True,454
77055,2009-01-04T20:53:26,-70.582,-34.462,90.1,5.5,mw,,,,,,,,,,,,,,,,,USGS,,slab_deep,90.8879089355,slab_deep,2009-01-04T20:53:26,5.3,3.0006844626967832,7,2009-01-04 20:53:26+00:00,True,330
77693,2009-02-16T02:22:55,-70.15,-29.2,117.4,5.4,mw,0.01,0.01,1.0,,323.0,46.0,-32.0,77.0,67.0,-131.0,-7.62e+16,1.1100000000000002e+17,-3.49e+16,-6.46e+16,-4.88e+16,-6.18e+16,GCMT,,slab_deep,79.4630966187,slab_deep,2009-02-16T02:22:55,5.3,3.0006844626967832,7,2009-02-16 02:22:55+00:00,True,398
77707,2009-02-17T14:49:35,-65.284,-30.451,180.3,5.3,mw,,,,,,,,,,,,,,,,,USGS,,slab_deep,163.004653931,slab_deep,2009-02-17T14:49:35,5.3,3.0006844626967832,7,2009-02-17 14:49:35+00:00,True,455
77764,2009-02-20T07:44:51,-66.836,-21.453,219.4869,5.5,mw,,,,,,,,,,,,,,,,,CSN-improved,,slab_deep,180.874572754,slab_deep,2009-02-20T07:44:51,5.3,3.0006844626967832,7,2009-02-20 07:44:51+00:00,True,331
78136,2009-03-14T05:41:03,-70.991,-18.045,43.3,5.3,mw,,,6.1,,,,,,,,,,,,,,USGS,,slab_deep,52.2882843018,slab_deep,2009-03-14T05:41:03,5.3,3.0006844626967832,7,2009-03-14 05:41:03+00:00,True,456
78742,2009-04-16T17:43:31,-69.938,-19.411,70.2,5.6,mw,,,1.9,,,,,,,,,,,,,,CSN-improved,,slab_deep,62.3502922058,slab_deep,2009-04-16T17:43:31,5.3,3.0006844626967832,7,2009-04-16 17:43:31+00:00,True,292
78761,2009-04-17T02:17:55,-70.408,-19.515,25.9,5.4,mw,,,,,,,,,,,,,,,,,USGS,,forearc,42.348400116,forearc,2009-04-17T02:17:55,5.3,3.0006844626967832,7,2009-04-17 02:17:55+00:00,True,85
78848,2009-04-21T00:27:44,-71.611,-35.065,66.2851,5.4,mw,,,,,,,,,,,,,,,,,CSN-improved,,slab_deep,59.6846885681,slab_deep,2009-04-21T00:27:44,5.3,3.0006844626967832,7,2009-04-21 00:27:44+00:00,True,399
78928,2009-04-26T08:03:40,-69.49,-32.89,141.0,5.3,mw,0.02,0.01,1.2,,145.0,49.0,169.0,242.0,82.0,42.0,2.21e+16,-9.56e+16,7.34e+16,-6.57e+16,-5.3e+16,4.41e+16,GCMT,,slab_deep,106.143608093,slab_deep,2009-04-26T08:03:40,5.3,3.0006844626967832,7,2009-04-26 08:03:40+00:00,True,457
79017,2009-05-01T10:43:37,-69.27,-19.568,13.9738,5.4,mw,,,,,,,,,,,,,,,,,CSN-improved,,forearc,87.1651153564,forearc,2009-05-01T10:43:37,5.3,3.0006844626967832,7,2009-05-01 10:43:37+00:00,True,86
79142,2009-05-08T13:44:53,-69.882,-32.038,118.3956,5.5,mw,,,,,185.0,48.0,-121.0,47.0,50.0,-60.0,-1.1499999999999998e+17,1700000000000000.0,1.1299999999999998e+17,-3.86e+16,1.47e+16,7.029999999999999e+16,CSN-improved,,slab_deep,97.635307312,slab_deep,2009-05-08T13:44:53,5.3,3.0006844626967832,7,2009-05-08 13:44:53+00:00,True,332
79495,2009-05-25T05:10:14,-71.65,-28.69,56.3,5.3,mw,0.01,0.01,1.3,,192.0,20.0,-84.0,5.0,70.0,-92.0,-6.989999999999999e+16,1.07e+16,5.92e+16,-5300000000000000.0,-7.72e+16,8300000000000000.0,GCMT,,intra_slab,18.6106357574,intra_slab,2009-05-25T05:10:14,5.3,3.0006844626967832,7,2009-05-25 05:10:14+00:00,True,169
80242,2009-07-07T16:46:19,-71.57,-29.3,46.7,5.4,mw,0.01,0.01,1.8,,260.0,50.0,-174.0,165.0,85.0,-40.0,-1.32e+16,5.91e+16,-4.59e+16,-7900000000000000.0,9.98e+16,-1.05e+17,GCMT,,intra_slab,26.3061790466,intra_slab,2009-07-07T16:46:19,5.3,3.0006844626967832,7,2009-07-07 16:46:19+00:00,True,157
80328,2009-07-14T18:38:10,-67.52,-21.916,211.251,6.1,mw,,,,,280.0,8.0,-11.0,20.0,88.0,-98.0,-2.36e+16,4.28e+16,-1.92e+16,-1.45e+17,-3.96e+17,4.95e+16,CSN-improved,,slab_deep,136.622268677,slab_deep,2009-07-14T18:38:10,5.3,3.0006844626967832,7,2009-07-14 18:38:10+00:00,True,163
80519,2009-07-27T10:58:23,-66.93,-24.1,222.7,5.4,mw,0.02,0.01,1.3,,226.0,40.0,-56.0,5.0,58.0,-115.0,-1.25e+17,2.01e+16,1.05e+17,3.55e+16,-6.27e+16,5.48e+16,GCMT,,slab_deep,149.210372925,slab_deep,2009-07-27T10:58:23,5.3,3.0006844626967832,7,2009-07-27 10:58:23+00:00,True,400
80745,2009-08-12T18:00:55,-66.71,-28.1,177.9,5.4,mw,0.01,0.01,0.9,,297.0,45.0,-126.0,162.0,55.0,-60.0,-1.41e+17,5.17e+16,8.92e+16,2.7300000000000004e+16,6.28e+16,-1.07e+17,GCMT,,slab_deep,129.45362854,slab_deep,2009-08-12T18:00:55,5.3,3.0006844626967832,7,2009-08-12 18:00:55+00:00,True,401
81138,2009-09-08T22:22:29,-68.404,-20.901,114.5,5.3,mw,,,,,,,,,,,,,,,,,USGS,,slab_deep,102.760925293,slab_deep,2009-09-08T22:22:29,5.3,3.0006844626967832,7,2009-09-08 22:22:29+00:00,True,458
81594,2009-10-10T15:26:24,-71.22,-25.02,17.3,5.6,mw,0.01,0.01,0.5,,2.0,24.0,106.0,165.0,67.0,83.0,1.93e+17,1.3700000000000002e+16,-2.07e+17,6.21e+16,-1.84e+17,2.92e+16,GCMT,,slab_interface,16.4474525452,slab_interface,2009-10-10T15:26:24,5.3,3.0006844626967832,7,2009-10-10 15:26:24+00:00,True,195
81685,2009-10-15T19:32:20,-67.33,-29.474,123.5,5.3,mw,,,,,,,,,,,,,,,,,USGS,,slab_deep,99.0216674805,slab_deep,2009-10-15T19:32:20,5.3,3.0006844626967832,7,2009-10-15 19:32:20+00:00,True,459
81806,2009-10-25T23:01:42,-70.727,-25.06,40.7,5.3,mw,,,5.8,,,,,,,,,,,,,,USGS,,slab_interface,28.3969173431,slab_interface,2009-10-25T23:01:42,5.3,3.0006844626967832,7,2009-10-25 23:01:42+00:00,True,241
82052,2009-11-13T03:05:59,-70.423,-19.472,40.0,6.5,mw,,,5.2,0.1,160.0,66.0,89.0,342.0,24.0,92.0,5.28e+18,-1.2e+17,-5.16e+18,1.78e+18,-4.82e+18,2e+18,ISC-GEM,,slab_interface,43.0686264038,slab_interface,2009-11-13T03:05:59,5.3,3.0006844626967832,7,2009-11-13 03:05:59+00:00,True,72
82053,2009-11-13T03:06:04,-71.01,-19.6,36.2,6.5,mw,0.0,0.0,0.2,,342.0,24.0,92.0,160.0,66.0,89.0,5.28e+18,-1.2e+17,-5.16e+18,1.78e+18,-4.82e+18,2e+18,GCMT,,intra_slab,21.7396430969,intra_slab,2009-11-13T03:06:04,5.3,3.0006844626967832,7,2009-11-13 03:06:04+00:00,True,30
82070,2009-11-14T19:44:33,-66.83,-23.04,221.2,6.2,mw,0.01,0.01,0.4,,180.0,11.0,-79.0,350.0,79.0,-92.0,-6.61e+17,-2.67e+17,9.28e+17,3.7e+17,-2.02e+18,-1.4199999999999998e+17,GCMT,,slab_deep,165.625106812,slab_deep,2009-11-14T19:44:33,5.3,3.0006844626967832,7,2009-11-14 19:44:33+00:00,True,133
82169,2009-11-22T22:07:48,-74.967,-39.634,7.0,5.9,mw,,,,,355.0,65.0,-110.0,216.0,32.0,-54.0,-6.99e+17,-1.9e+16,7.19e+17,1.77e+17,-1.16e+17,6.7e+16,USGS,,forearc,7.96626091003,forearc,2009-11-22T22:07:48,5.3,3.0006844626967832,7,2009-11-22 22:07:48+00:00,True,63
82267,2009-11-29T17:05:34,-66.07,-22.1,272.7,5.4,mw,0.01,0.01,1.0,,67.0,12.0,164.0,173.0,87.0,78.0,2.4e+16,3400000000000000.0,-2.7400000000000004e+16,2.52e+16,-1.76e+17,-3.53e+16,GCMT,,slab_deep,230.933441162,slab_deep,2009-11-29T17:05:34,5.3,3.0006844626967832,7,2009-11-29 17:05:34+00:00,True,402
82345,2009-12-06T13:46:02,-68.199,-31.783,109.6,5.3,mw,,,10.4,,,,,,,,,,,,,,USGS,,slab_deep,98.8697052002,slab_deep,2009-12-06T13:46:02,5.3,3.0006844626967832,7,2009-12-06 13:46:02+00:00,True,460
82477,2009-12-16T15:46:03,-68.132,-21.438,103.2,5.3,mw,,,2.9,,,,,,,,,,,,,,USGS,,slab_deep,108.106437683,slab_deep,2009-12-16T15:46:03,5.3,3.0006844626967832,7,2009-12-16 15:46:03+00:00,True,461
82885,2010-01-18T12:28:40,-68.97,-31.48,116.1,5.4,mw,0.02,0.01,1.0,,231.0,37.0,-97.0,60.0,54.0,-85.0,-1.3899999999999998e+17,9.78e+16,4.1e+16,-4.21e+16,-1.5e+16,7.08e+16,GCMT,,slab_deep,97.783416748,slab_deep,2010-01-18T12:28:40,5.3,3.0006844626967832,8,2010-01-18 12:28:40+00:00,True,403
83013,2010-01-28T08:04:12,-67.23,-23.544,219.4354,6.3,mw,,,,,325.0,75.0,-100.0,179.0,18.0,-57.0,-3.31e+17,-1.94e+17,5.25e+17,4.24e+17,-5.63e+17,-1.32e+17,CSN-improved,,slab_deep,134.693649292,slab_deep,2010-01-28T08:04:12,5.3,3.0006844626967832,8,2010-01-28 08:04:12+00:00,True,106
83056,2010-02-02T14:30:36,-66.903,-22.463,300.0,5.3,mw,,,0.0,,,,,,,,,,,,,,CSN-improved,,slab_deep,167.859420776,slab_deep,2010-02-02T14:30:36,5.3,3.0006844626967832,8,2010-02-02 14:30:36+00:00,True,462
83200,2010-02-12T12:03:39,-68.789,-33.622,148.4,5.8,mw,,,2.5,,69.0,57.0,-156.0,325.0,70.0,-35.0,-2.4e+17,5.7300000000000006e+17,-3.33e+17,1000000000000000.0,-3.98e+17,-2.93e+17,USGS,,slab_deep,137.963790894,slab_deep,2010-02-12T12:03:39,5.3,3.0006844626967832,8,2010-02-12 12:03:39+00:00,True,248
83388,2010-02-27T03:35:14,-73.15,-35.98,23.2,8.8,mw,0.01,0.01,0.3,,19.0,18.0,116.0,172.0,74.0,82.0,,,,,,,GCMT,,slab_interface,25.5996646881,slab_interface,2010-02-27T03:35:14,5.3,3.0006844626967832,8,2010-02-27 03:35:14+00:00,True,2
83400,2010-02-27T06:51:14,-69.211,-31.68,15.0,6.1,mw,,,9.9,0.49,,,,,,,,,,,,,ISC-GEM,,intraarc_shallow,,intraarc,2010-02-27T06:51:14,5.3,3.0006844626967832,8,2010-02-27 06:51:14+00:00,True,17
83390,2010-02-27T06:52:33,-72.695,-34.824,25.0,6.5,mw,,,7.3,0.61,,,,,,,,,,,,,ISC-GEM,,slab_interface,19.3764820099,slab_interface,2010-02-27T06:52:33,5.3,3.0006844626967832,8,2010-02-27 06:52:33+00:00,True,73
83427,2010-02-27T06:58:28,-72.156,-31.72,35.0,5.6,mw,,,,,,,,,,,,,,,,,USGS,,intra_slab,16.3500232697,intra_slab,2010-02-27T06:58:28,5.3,3.0006844626967832,8,2010-02-27 06:58:28+00:00,True,121
83462,2010-02-27T06:58:29,-71.844,-31.789,35.0,5.4,mw,,,,,,,,,,,,,,,,,ISC,,slab_interface,24.5835342407,slab_interface,2010-02-27T06:58:29,5.3,3.0006844626967832,8,2010-02-27 06:58:29+00:00,True,225
83395,2010-02-27T07:05:06,-72.107,-33.912,35.0,6.2,mw,,,,,,,,,,,,,,,,,USGS,,slab_interface,23.7113418579,slab_interface,2010-02-27T07:05:06,5.3,3.0006844626967832,8,2010-02-27 07:05:06+00:00,True,114
83476,2010-02-27T07:14:46,-72.136,-36.72,35.0,5.3,mw,,,,,,,,,,,,,,,,,USGS,,forearc,66.0637054443,forearc,2010-02-27T07:14:46,5.3,3.0006844626967832,8,2010-02-27 07:14:46+00:00,True,93
83430,2010-02-27T07:43:16,-74.012,-35.991,35.0,5.6,mw,,,,,,,,,,,,,,,,,USGS,,intra_slab,10.6267528534,intra_slab,2010-02-27T07:43:16,5.3,3.0006844626967832,8,2010-02-27 07:43:16+00:00,True,122
83389,2010-02-27T08:25:15,-73.81,-34.258,6.1,6.9,mw,,,21.1,,,,,,,,,,,,,,CSN-improved,,outer_rise,,outer_rise,2010-02-27T08:25:15,5.3,3.0006844626967832,8,2010-02-27 08:25:15+00:00,True,9
83418,2010-02-27T08:28:20,-74.115,-34.89,35.0,5.8,mw,,,,,,,,,,,,,,,,,USGS,,outer_rise,,outer_rise,2010-02-27T08:28:20,5.3,3.0006844626967832,8,2010-02-27 08:28:20+00:00,True,28
83408,2010-02-27T08:31:59,-72.439,-33.027,35.0,5.9,mw,,,,,,,,,,,,,,,,,USGS,,intra_slab,12.1557531357,intra_slab,2010-02-27T08:31:59,5.3,3.0006844626967832,8,2010-02-27 08:31:59+00:00,True,83
83479,2010-02-27T09:25:19,-71.837,-37.701,35.0,5.3,mw,,,,,,,,,,,,,,,,,USGS,,intraarc_shallow,,intraarc,2010-02-27T09:25:19,5.3,3.0006844626967832,8,2010-02-27 09:25:19+00:00,True,46
83422,2010-02-27T10:10:05,-72.91,-33.876,42.8,5.8,mw,,,7.8,,,,,,,,,,,,,,CSN-improved,,intra_slab,9.25389957428,intra_slab,2010-02-27T10:10:05,5.3,3.0006844626967832,8,2010-02-27 10:10:05+00:00,True,99
83403,2010-02-27T10:30:10,-73.545,-37.878,20.0,6.0,mw,,,4.2,0.54,,,,,,,,,,,,,ISC-GEM,,slab_interface,26.811542511,slab_interface,2010-02-27T10:30:10,5.3,3.0006844626967832,8,2010-02-27 10:30:10+00:00,True,142
83472,2010-02-27T13:54:02,-71.843,-33.481,2.5,5.4,mw,,,3.2,,,,,,,,,,,,,,CSN-improved,,forearc,27.878030777,forearc,2010-02-27T13:54:02,5.3,3.0006844626967832,8,2010-02-27 13:54:02+00:00,True,87
83481,2010-02-27T14:06:45,-72.656,-37.162,23.7,5.3,mw,,,3.9,0.2,,,,,,,,,,,,,ISC-GEM,,forearc,49.8960533142,forearc,2010-02-27T14:06:45,5.3,3.0006844626967832,8,2010-02-27 14:06:45+00:00,True,94
83440,2010-02-27T15:09:49,-71.339,-33.942,44.8,5.6,mw,,,,,,,,,,,,,,,,,USGS,,slab_deep,51.2845039368,slab_deep,2010-02-27T15:09:49,5.3,3.0006844626967832,8,2010-02-27 15:09:49+00:00,True,293
83468,2010-02-27T15:22:54,-71.529,-35.455,35.0,5.4,mw,,,,,,,,,,,,,,,,,USGS,,forearc,69.7686309814,forearc,2010-02-27T15:22:54,5.3,3.0006844626967832,8,2010-02-27 15:22:54+00:00,True,88
83410,2010-02-27T15:44:51,-73.257,-36.129,35.0,5.9,mw,,,,,169.0,25.0,97.0,342.0,66.0,87.0,2.2400000000000005e+18,-1.33e+17,-2.1e+18,-6.78e+17,1.83e+18,5.5100000000000006e+17,USGS,,intra_slab,24.8720111847,intra_slab,2010-02-27T15:44:51,5.3,3.0006844626967832,8,2010-02-27 15:44:51+00:00,True,84
83394,2010-02-27T15:45:43,-65.59,-24.91,27.0,6.3,mw,0.05,0.05,3.1,,169.0,25.0,97.0,342.0,66.0,87.0,2.2400000000000005e+18,-1.33e+17,-2.1e+18,-6.78e+17,1.83e+18,5.5100000000000006e+17,GCMT,,backarc,,unclassified,2010-02-27T15:45:43,5.3,3.0006844626967832,8,2010-02-27 15:45:43+00:00,True,11
83398,2010-02-27T17:24:31,-73.144,-36.451,20.0,6.2,mw,,,5.9,0.2,226.0,63.0,51.0,107.0,46.0,141.0,9.4e+17,-1.34e+18,3.9e+17,-2.1e+17,-7.4e+17,-4.5e+17,ISC-GEM,,forearc,29.9707660675,forearc,2010-02-27T17:24:31,5.3,3.0006844626967832,8,2010-02-27 17:24:31+00:00,True,42
83444,2010-02-27T21:00:35,-73.154,-33.916,27.0,5.6,mw,,,3.3,,,,,,,,,,,,,,USGS,,outer_rise,,outer_rise,2010-02-27T21:00:35,5.3,3.0006844626967832,8,2010-02-27 21:00:35+00:00,True,35
83475,2010-02-27T22:22:34,-71.385,-33.983,44.7,5.3,mw,,,2.0,,,,,,,,,,,,,,CSN-improved,,slab_interface,49.8051376343,slab_interface,2010-02-27T22:22:34,5.3,3.0006844626967832,8,2010-02-27 22:22:34+00:00,True,242
83392,2010-02-27T23:12:35,-71.827,-34.7,35.0,6.4,mw,,,,,,,,,,,,,,,,,USGS,,slab_interface,42.7270889282,slab_interface,2010-02-27T23:12:35,5.3,3.0006844626967832,8,2010-02-27 23:12:35+00:00,True,78
83733,2010-02-28T01:08:28,-72.46,-34.25,31.5,5.9,mw,0.02,0.02,0.9,,13.0,24.0,95.0,187.0,66.0,88.0,7.36e+17,-5.7e+16,-6.79e+17,-6.5e+16,-6.53e+17,-1.17e+17,GCMT,,intra_slab,18.6886024475,intra_slab,2010-02-28T01:08:28,5.3,3.0006844626967832,8,2010-02-28 01:08:28+00:00,True,85
84047,2010-03-01T02:44:39,-73.126,-34.865,85.2551,5.5,mw,,,,,302.0,29.0,32.0,183.0,75.0,115.0,1.3999999999999998e+17,4.03e+16,-1.8e+17,-3.08e+16,-2.55e+17,1.3e+17,CSN-improved,,intra_slab,12.4690227509,intra_slab,2010-03-01T02:44:39,5.3,3.0006844626967832,8,2010-03-01 02:44:39+00:00,True,142
84045,2010-03-01T02:44:45,-72.75,-35.22,18.9,5.6,mw,0.01,0.01,0.8,,302.0,29.0,32.0,183.0,75.0,115.0,1.3999999999999998e+17,4.03e+16,-1.8e+17,-3.08e+16,-2.55e+17,1.3e+17,GCMT,,forearc,23.5354042053,forearc,2010-03-01T02:44:45,5.3,3.0006844626967832,8,2010-03-01 02:44:45+00:00,True,72
84252,2010-03-02T21:56:42,-69.148,-30.358,31.5,5.4,mw,,,4.7,0.29,,,,,,,,,,,,,ISC-GEM,,intraarc_shallow,,intraarc,2010-03-02T21:56:42,5.3,3.0006844626967832,8,2010-03-02 21:56:42+00:00,True,38
84416,2010-03-03T03:56:20,-71.994,-33.329,35.3,5.4,mw,,,4.5,,,,,,,,,,,,,,USGS,,slab_interface,22.7014541626,slab_interface,2010-03-03T03:56:20,5.3,3.0006844626967832,8,2010-03-03 03:56:20+00:00,True,226
84559,2010-03-04T01:59:52,-72.55,-33.45,12.8,6.0,mw,0.01,0.01,0.3,,10.0,19.0,97.0,183.0,71.0,88.0,8.33e+17,-1.2e+16,-8.21e+17,-4e+16,-1.06e+18,-9.4e+16,GCMT,,slab_interface,11.6786355972,slab_interface,2010-03-04T01:59:52,5.3,3.0006844626967832,8,2010-03-04 01:59:52+00:00,True,143
84561,2010-03-04T10:53:54,-69.919,-35.869,35.0,5.4,mw,,,,,,,,,,,,,,,,,USGS,,intraarc_shallow,,intraarc,2010-03-04T10:53:54,5.3,3.0006844626967832,8,2010-03-04 10:53:54+00:00,True,39
84560,2010-03-04T22:39:23,-68.798,-22.613,126.3,5.8,mw,,,6.4,,5.0,75.0,-90.0,185.0,15.0,-90.0,-2.3e+18,-8.32e+17,3.13e+18,-1.79e+17,-2.55e+18,-6.35e+17,CSN-improved,,slab_deep,82.6256942749,slab_deep,2010-03-04T22:39:23,5.3,3.0006844626967832,8,2010-03-04 22:39:23+00:00,True,249
84680,2010-03-05T16:46:52,-73.711,-36.845,4.131,5.5,mw,,,,,,,,,,,,,,,,,CSN-improved,,forearc,19.892993927,forearc,2010-03-05T16:46:52,5.3,3.0006844626967832,8,2010-03-05 16:46:52+00:00,True,77
84895,2010-03-07T15:59:45,-73.551,-38.089,42.4,6.0,mw,,,3.0,,348.0,12.0,84.0,174.0,78.0,91.0,3.02e+17,4.16e+16,-3.44e+17,7.28e+16,-7.2e+17,5.96e+16,CSN-improved,,intra_slab,27.7450561523,intra_slab,2010-03-07T15:59:45,5.3,3.0006844626967832,8,2010-03-07 15:59:45+00:00,True,70
85007,2010-03-08T17:03:22,-66.84,-25.94,15.1,5.8,mw,0.01,0.01,0.6,,149.0,75.0,6.0,58.0,84.0,165.0,-1.74e+17,6.4e+17,-4.66e+17,2.42e+17,-2.19e+16,-2.68e+17,GCMT,,backarc,,unclassified,2010-03-08T17:03:22,5.3,3.0006844626967832,8,2010-03-08 17:03:22+00:00,True,31
85308,2010-03-11T14:55:35,-71.79,-34.32,16.3,7.0,mw,0.01,0.01,0.3,,16.0,6.0,-53.0,159.0,86.0,-93.0,-5.9e+18,2.4e+17,5.66e+18,-1.27e+19,3.2e+19,2.7e+17,CSN-improved,,forearc,29.9671802521,forearc,2010-03-11T14:55:35,5.3,3.0006844626967832,8,2010-03-11 14:55:35+00:00,True,10
85575,2010-03-13T16:33:16,-69.708,-34.137,25.7,5.3,mw,,,21.2,,,,,,,,,,,,,,USGS,,intraarc_shallow,,intraarc,2010-03-13T16:33:16,5.3,3.0006844626967832,8,2010-03-13 16:33:16+00:00,True,47
85653,2010-03-14T13:52:17,-74.408,-38.473,13.9,5.7,mw,,,6.4,,281.0,25.0,-26.0,35.0,79.0,-113.0,-6.989999999999999e+16,9.46e+16,-2.47e+16,-7.21e+16,-1.49e+17,4.25e+16,CSN-improved,,intra_slab,13.0741901398,intra_slab,2010-03-14T13:52:17,5.3,3.0006844626967832,8,2010-03-14 13:52:17+00:00,True,107
85775,2010-03-15T11:08:00,-74.748,-35.82,197.3702,6.1,mw,,,,,21.0,15.0,103.0,187.0,76.0,87.0,1.15e+18,-3.2e+16,-1.12e+18,-2.45e+17,-2.11e+18,-2.86e+17,CSN-improved,,outer_rise,,outer_rise,2010-03-15T11:08:00,5.3,3.0006844626967832,8,2010-03-15 11:08:00+00:00,True,19
85952,2010-03-17T17:38:34,-72.507,-43.999,15.0,5.4,mw,,,25.0,0.1,100.0,88.0,-22.0,191.0,68.0,-178.0,-9300000000000000.0,6.34e+16,-5.41e+16,-6.19e+16,1.26e+16,1.47e+17,ISC-GEM,,intraarc_shallow,,intraarc,2010-03-17T17:38:34,5.3,3.0006844626967832,8,2010-03-17 17:38:34+00:00,True,40
85953,2010-03-17T17:38:37,-73.03,-44.36,12.0,5.4,mw,0.01,0.01,0.0,,191.0,68.0,-178.0,100.0,88.0,-22.0,-9300000000000000.0,6.34e+16,-5.41e+16,-6.19e+16,1.26e+16,1.47e+17,GCMT,,intraarc_shallow,,intraarc,2010-03-17T17:38:37,5.3,3.0006844626967832,8,2010-03-17 17:38:37+00:00,True,41
86392,2010-03-22T01:00:47,-69.71,-16.35,217.6,5.3,mw,0.01,0.01,1.2,,235.0,27.0,-23.0,345.0,80.0,-115.0,-3.4200000000000004e+16,-3.3900000000000004e+16,6.810000000000001e+16,2.59e+16,-9.82e+16,3.17e+16,GCMT,,slab_deep,166.933944702,slab_deep,2010-03-22T01:00:47,5.3,3.0006844626967832,8,2010-03-22 01:00:47+00:00,True,463
86646,2010-03-26T14:52:07,-70.821,-27.953,42.0,6.3,mw,,,,,176.0,38.0,70.0,21.0,54.0,105.0,1.59e+18,9.4e+16,-1.69e+18,4.2e+17,4.26e+17,-2.8100000000000003e+17,USGS,,slab_interface,39.9214515686,slab_interface,2010-03-26T14:52:07,5.3,3.0006844626967832,8,2010-03-26 14:52:07+00:00,True,89
86647,2010-03-26T14:52:11,-71.31,-28.11,41.4,6.1,mw,0.01,0.01,0.2,,176.0,38.0,70.0,21.0,54.0,105.0,1.59e+18,9.4e+16,-1.69e+18,4.2e+17,4.26e+17,-2.8100000000000003e+17,GCMT,,intra_slab,22.7779006958,intra_slab,2010-03-26T14:52:11,5.3,3.0006844626967832,8,2010-03-26 14:52:11+00:00,True,59
87578,2010-04-09T22:23:05,-68.36,-28.81,131.4,5.8,mw,0.01,0.01,0.6,,314.0,47.0,-117.0,170.0,49.0,-64.0,-4.57e+17,5.41e+16,4.03e+17,1.25e+17,8.65e+16,-2.58e+17,GCMT,,slab_deep,89.9595031738,slab_deep,2010-04-09T22:23:05,5.3,3.0006844626967832,8,2010-04-09 22:23:05+00:00,True,250
87617,2010-04-10T15:06:37,-71.1,-25.75,75.2,5.5,mw,0.01,0.01,1.7,,237.0,25.0,-15.0,341.0,84.0,-114.0,-3.4200000000000004e+16,-6.11e+16,9.53e+16,5.93e+16,-1.76e+17,4.59e+16,GCMT,,intra_slab,18.4919948578,intra_slab,2010-04-10T15:06:37,5.3,3.0006844626967832,8,2010-04-10 15:06:37+00:00,True,143
88229,2010-04-23T10:03:07,-72.869,-37.519,40.0,5.8,mw,,,,,7.0,14.0,141.0,135.0,81.0,79.0,3.5e+17,5.7e+16,-4.07e+17,8.57e+17,-8.05e+17,2.05e+17,ISC,,slab_interface,44.46875,slab_interface,2010-04-23T10:03:07,5.3,3.0006844626967832,8,2010-04-23 10:03:07+00:00,True,178
88763,2010-05-06T02:42:53,-71.25,-18.32,52.6,6.2,mw,0.01,0.01,0.3,,357.0,37.0,104.0,160.0,54.0,80.0,2.26e+18,2.85e+17,-2.54e+18,4.58e+17,-6.89e+17,6.28e+17,GCMT,,intra_slab,35.7216835022,intra_slab,2010-05-06T02:42:53,5.3,3.0006844626967832,8,2010-05-06 02:42:53+00:00,True,53
89654,2010-05-30T02:27:44,-71.722,-34.796,46.9,5.3,mw,,,1.7,,,,,,,,,,,,,,CSN-improved,,slab_deep,50.5527381897,slab_deep,2010-05-30T02:27:44,5.3,3.0006844626967832,8,2010-05-30 02:27:44+00:00,True,464
90208,2010-06-16T09:19:07,-71.191,-36.228,133.3413,5.7,mw,,,,,,,,,,,,,,,,,CSN-improved,,slab_deep,95.799987793,slab_deep,2010-06-16T09:19:07,5.3,3.0006844626967832,8,2010-06-16 09:19:07+00:00,True,272
90448,2010-06-24T22:04:40,-69.279,-19.01,129.0,5.3,mw,,,5.4,,,,,,,,,,,,,,CSN-improved,,slab_deep,93.6876525879,slab_deep,2010-06-24T22:04:40,5.3,3.0006844626967832,8,2010-06-24 22:04:40+00:00,True,465
90577,2010-06-28T00:59:48,-75.131,-37.842,31.0,5.6,mw,,,,,41.0,39.0,-59.0,184.0,57.0,-113.0,-2.53e+17,-2.88e+16,2.82e+17,-3.3600000000000004e+16,1.2e+17,1.43e+17,ISC,,outer_rise,,outer_rise,2010-06-28T00:59:48,5.3,3.0006844626967832,8,2010-06-28 00:59:48+00:00,True,36
90796,2010-07-06T13:54:02,-72.119,-35.651,49.6453,5.5,mw,,,,,,,,,,,,,,,,,CSN-improved,,slab_deep,51.697933197,slab_deep,2010-07-06T13:54:02,5.3,3.0006844626967832,8,2010-07-06 13:54:02+00:00,True,333
91094,2010-07-17T06:07:43,-69.989,-24.748,49.5,5.5,mw,,,5.2,0.1,29.0,24.0,130.0,165.0,72.0,74.0,1.19e+17,3.01e+16,-1.5e+17,5.639999999999999e+16,-1.59e+17,-1.78e+16,ISC-GEM,,slab_deep,52.5949058533,slab_deep,2010-07-17T06:07:43,5.3,3.0006844626967832,8,2010-07-17 06:07:43+00:00,True,334
91095,2010-07-17T06:07:47,-70.49,-24.85,57.9,5.5,mw,0.01,0.01,1.1,,29.0,24.0,130.0,165.0,72.0,74.0,1.19e+17,3.01e+16,-1.5e+17,5.639999999999999e+16,-1.59e+17,-1.78e+16,GCMT,,intra_slab,35.6778144836,intra_slab,2010-07-17T06:07:47,5.3,3.0006844626967832,8,2010-07-17 06:07:47+00:00,True,144
91093,2010-07-17T06:07:48,-70.322,-24.299,86.1,5.9,mw,,,7.0,,29.0,24.0,130.0,165.0,72.0,74.0,1.19e+17,3.01e+16,-1.5e+17,5.639999999999999e+16,-1.59e+17,-1.78e+16,CSN-improved,,intra_slab,39.3635940552,intra_slab,2010-07-17T06:07:48,5.3,3.0006844626967832,8,2010-07-17 06:07:48+00:00,True,86
91197,2010-07-21T14:56:08,-69.433,-23.651,85.3884,5.3,mw,,,,,,,,,,,,,,,,,CSN-improved,,slab_deep,65.1813278198,slab_deep,2010-07-21T14:56:08,5.3,3.0006844626967832,8,2010-07-21 14:56:08+00:00,True,466
91310,2010-07-26T17:31:31,-67.51,-24.049,201.9,6.1,mw,,,17.6,,186.0,21.0,-71.0,346.0,70.0,-97.0,-1.46e+17,-1.63e+16,1.62e+17,5.21e+16,-1.78e+17,-1.47e+16,CSN-improved,,slab_deep,118.280548096,slab_deep,2010-07-26T17:31:31,5.3,3.0006844626967832,8,2010-07-26 17:31:31+00:00,True,164
91491,2010-08-03T05:29:16,-70.708,-20.137,25.6632,5.3,mw,,,,,0.0,30.0,97.0,173.0,60.0,86.0,4.41e+16,850000000000000.0,-4.5e+16,4970000000000000.0,-2.61e+16,2829999999999999.5,CSN-improved,,slab_interface,25.2136440277,slab_interface,2010-08-03T05:29:16,5.3,3.0006844626967832,8,2010-08-03 05:29:16+00:00,True,243
91882,2010-08-15T07:50:37,-71.337,-36.975,32.7,5.6,mw,,,5.5,,290.0,58.0,-9.0,25.0,82.0,-148.0,-1.84e+16,6.08e+16,-4.24e+16,-1.49e+16,-4.18e+16,5.540000000000001e+16,CSN-improved,,intraarc_shallow,,intraarc,2010-08-15T07:50:37,5.3,3.0006844626967832,8,2010-08-15 07:50:37+00:00,True,31
92090,2010-08-21T14:54:57,-67.345,-27.544,142.1,5.5,mw,,,,,,,,,,,,,,,,,USGS,,slab_deep,114.055030823,slab_deep,2010-08-21T14:54:57,5.3,3.0006844626967832,8,2010-08-21 14:54:57+00:00,True,335
92115,2010-08-22T03:49:59,-73.615,-36.679,124.6152,5.4,mw,,,,,,,,,,,,,,,,,CSN-improved,,intra_slab,21.1065063477,intra_slab,2010-08-22T03:49:59,5.3,3.0006844626967832,8,2010-08-22 03:49:59+00:00,True,158
92114,2010-08-22T08:06:33,-67.269,-21.135,152.5,5.5,mw,,,5.5,,,,,,,,,,,,,,USGS,,slab_deep,160.296112061,slab_deep,2010-08-22T08:06:33,5.3,3.0006844626967832,8,2010-08-22 08:06:33+00:00,True,336
92188,2010-08-25T11:36:36,-70.969,-27.183,37.5,5.3,mw,,,2.7,,,,,,,,,,,,,,CSN-improved,,slab_interface,27.2201404572,slab_interface,2010-08-25T11:36:36,5.3,3.0006844626967832,8,2010-08-25 11:36:36+00:00,True,244
92510,2010-09-06T10:47:45,-70.491,-35.322,13.4,5.3,mw,,,8.1,,,,,,,,,,,,,,CSN-improved,,intraarc_shallow,,intraarc,2010-09-06T10:47:45,5.3,3.0006844626967832,8,2010-09-06 10:47:45+00:00,True,48
92580,2010-09-09T07:27:54,-74.397,-36.986,28.8,6.0,mw,,,2.8,,175.0,85.0,90.0,355.0,5.0,90.0,1.08e+18,3.8e+16,-1.12e+18,-5e+16,-2.03e+18,-1.31e+17,CSN-improved,,intra_slab,10.2463979721,intra_slab,2010-09-09T07:27:54,5.3,3.0006844626967832,8,2010-09-09 07:27:54+00:00,True,71
92798,2010-09-16T00:00:22,-65.605,-30.927,173.4,5.3,mw,,,8.0,,,,,,,,,,,,,,USGS,,slab_deep,148.097763062,slab_deep,2010-09-16T00:00:22,5.3,3.0006844626967832,8,2010-09-16 00:00:22+00:00,True,467
93047,2010-09-25T10:54:55,-68.829,-20.543,105.3,5.3,mw,,,,,,,,,,,,,,,,,USGS,,slab_deep,90.5610198975,slab_deep,2010-09-25T10:54:55,5.3,3.0006844626967832,8,2010-09-25 10:54:55+00:00,True,468
93048,2010-09-25T18:02:44,-74.956,-39.625,35.0,5.3,mw,,,,,,,,,,,,,,,,,USGS,,intra_slab,7.92494630814,intra_slab,2010-09-25T18:02:44,5.3,3.0006844626967832,8,2010-09-25 18:02:44+00:00,True,170
93646,2010-10-17T14:40:14,-69.491,-32.083,111.0,5.4,mw,,,,,,,,,,,,,,,,,ISC,,slab_deep,102.661231995,slab_deep,2010-10-17T14:40:14,5.3,3.0006844626967832,8,2010-10-17 14:40:14+00:00,True,404
93764,2010-10-22T19:31:41,-68.79,-21.07,142.6,5.8,mw,0.01,0.01,0.6,,89.0,20.0,-141.0,322.0,78.0,-74.0,-3.37e+17,3.2e+17,1.65e+16,2.52e+17,-5.12e+17,-2.4e+16,GCMT,,slab_deep,89.1543121338,slab_deep,2010-10-22T19:31:41,5.3,3.0006844626967832,8,2010-10-22 19:31:41+00:00,True,251
93781,2010-10-23T01:38:14,-71.112,-29.594,44.0,5.5,mw,,,1.4,,9.0,33.0,82.0,199.0,57.0,95.0,2.3e+17,5.22e+16,-2.82e+17,-4.36e+16,-1.1000000000000002e+17,-9.06e+16,CSN-improved,,slab_interface,47.7521781921,slab_interface,2010-10-23T01:38:14,5.3,3.0006844626967832,8,2010-10-23 01:38:14+00:00,True,207
93779,2010-10-23T01:38:20,-71.39,-29.58,52.8,5.6,mw,0.02,0.01,0.9,,9.0,33.0,82.0,199.0,57.0,95.0,2.3e+17,5.22e+16,-2.82e+17,-4.36e+16,-1.1000000000000002e+17,-9.06e+16,GCMT,,intra_slab,34.2429199219,intra_slab,2010-10-23T01:38:20,5.3,3.0006844626967832,8,2010-10-23 01:38:20+00:00,True,123
93892,2010-10-27T20:09:02,-69.742,-19.123,85.2172,5.8,mw,,,,,,,,,,,,,,,,,CSN-improved,,slab_deep,75.4162521362,slab_deep,2010-10-27T20:09:02,5.3,3.0006844626967832,8,2010-10-27 20:09:02+00:00,True,252
94095,2010-11-02T10:38:25,-71.86,-36.421,84.3185,5.7,mw,,,,,,,,,,,,,,,,,CSN-improved,,slab_deep,74.0392074585,slab_deep,2010-11-02T10:38:25,5.3,3.0006844626967832,8,2010-11-02 10:38:25+00:00,True,273
94770,2010-11-25T04:54:47,-69.793,-25.06,28.7,5.6,mw,,,4.2,,,,,,,,,,,,,,CSN-improved,,forearc,61.5010681152,forearc,2010-11-25T04:54:47,5.3,3.0006844626967832,8,2010-11-25 04:54:47+00:00,True,73
95458,2010-12-16T19:36:22,-67.72,-21.225,210.0861,5.5,mw,,,,,,,,,,,,,,,,,CSN-improved,,slab_deep,132.102279663,slab_deep,2010-12-16T19:36:22,5.3,3.0006844626967832,8,2010-12-16 19:36:22+00:00,True,337
96048,2011-01-02T20:20:11,-74.03,-38.373,2.7601,6.9,mw,,,,,175.0,80.0,90.0,355.0,10.0,90.0,2.84e+19,-4.9e+17,-2.79e+19,2.7e+18,-5.66e+19,-5.7e+17,CSN-improved,,forearc,18.5187969208,forearc,2011-01-02T20:20:11,5.3,3.0006844626967832,8,2011-01-02 20:20:11+00:00,True,16
96047,2011-01-02T20:20:26,-73.84,-38.71,19.4,7.1,mw,0.01,0.01,0.3,,5.0,13.0,97.0,178.0,77.0,88.0,2.84e+19,-4.9e+17,-2.79e+19,2.7e+18,-5.66e+19,-5.7e+17,GCMT,,slab_interface,23.708398819,slab_interface,2011-01-02T20:20:26,5.3,3.0006844626967832,8,2011-01-02 20:20:26+00:00,True,30
96143,2011-01-04T22:59:09,-69.788,-29.175,128.0,5.8,mw,,,13.0,,7.0,35.0,127.0,144.0,62.0,67.0,8.95e+16,-1100000000000000.0,-8.84e+16,5.77e+16,-3.23e+16,2.07e+16,CSN-improved,,slab_deep,84.8350296021,slab_deep,2011-01-04T22:59:09,5.3,3.0006844626967832,8,2011-01-04 22:59:09+00:00,True,253
96214,2011-01-07T04:55:57,-65.337,-21.784,290.4,5.5,mw,,,4.4,,,,,,,,,,,,,,USGS,,slab_deep,286.651367188,slab_deep,2011-01-07T04:55:57,5.3,3.0006844626967832,8,2011-01-07 04:55:57+00:00,True,338
96245,2011-01-08T10:22:05,-68.973,-31.509,103.0,5.4,mw,,,,,,,,,,,,,,,,,ISC,,slab_deep,97.783416748,slab_deep,2011-01-08T10:22:05,5.3,3.0006844626967832,8,2011-01-08 10:22:05+00:00,True,405
96632,2011-01-20T11:02:55,-68.898,-19.607,113.8,5.6,mw,,,6.5,,,,,,,,,,,,,,USGS,,slab_deep,99.2436904907,slab_deep,2011-01-20T11:02:55,5.3,3.0006844626967832,8,2011-01-20 11:02:55+00:00,True,294
96775,2011-01-25T18:31:59,-70.239,-33.13,91.0,5.3,mw,,,6.3,,,,,,,,,,,,,,USGS,,slab_deep,87.6053848267,slab_deep,2011-01-25T18:31:59,5.3,3.0006844626967832,8,2011-01-25 18:31:59+00:00,True,469
97145,2011-02-08T13:03:34,-69.96,-27.82,109.3,5.4,mw,0.01,0.01,1.2,,296.0,47.0,-169.0,199.0,82.0,-44.0,-3.11e+16,-6.19e+16,9.3e+16,3.6e+16,8.85e+16,-7.21e+16,GCMT,,slab_deep,74.9842453003,slab_deep,2011-02-08T13:03:34,5.3,3.0006844626967832,8,2011-02-08 13:03:34+00:00,True,406
97144,2011-02-08T22:01:16,-73.724,-16.791,20.7,5.4,mw,,,6.5,,,,,,,,,,,,,,USGS,,slab_interface,21.2971382141,slab_interface,2011-02-08T22:01:16,5.3,3.0006844626967832,8,2011-02-08 22:01:16+00:00,True,227
97271,2011-02-12T01:17:01,-74.155,-36.958,25.4,5.9,mw,,,2.4,,12.0,15.0,98.0,183.0,75.0,88.0,6.1e+17,1e+16,-6.2e+17,-5e+16,-1.06e+18,-8e+16,CSN-improved,,slab_interface,13.133690834,slab_interface,2011-02-12T01:17:01,5.3,3.0006844626967832,8,2011-02-12 01:17:01+00:00,True,161
97269,2011-02-12T01:17:02,-73.399,-37.171,20.0,6.0,mw,,,4.5,0.1,183.0,75.0,88.0,12.0,15.0,98.0,6.1e+17,1e+16,-6.2e+17,-5e+16,-1.06e+18,-8e+16,ISC-GEM,,slab_interface,27.2580242157,slab_interface,2011-02-12T01:17:02,5.3,3.0006844626967832,8,2011-02-12 01:17:02+00:00,True,144
97378,2011-02-14T21:56:45,-69.208,-20.039,100.7017,6.0,mw,,,,,244.0,57.0,-28.0,350.0,67.0,-144.0,-3.33e+16,-2.01e+16,5.34e+16,4.47e+16,-3.4e+16,5.29e+16,CSN-improved,,slab_deep,83.3110046387,slab_deep,2011-02-14T21:56:45,5.3,3.0006844626967832,8,2011-02-14 21:56:45+00:00,True,184
97577,2011-02-20T22:25:51,-66.917,-27.93,182.9605,5.4,mw,,,,,,,,,,,,,,,,,CSN-improved,,slab_deep,124.537979126,slab_deep,2011-02-20T22:25:51,5.3,3.0006844626967832,8,2011-02-20 22:25:51+00:00,True,407
97811,2011-02-28T20:45:45,-69.44,-20.52,125.6,5.3,mw,0.01,0.01,1.3,,201.0,15.0,-61.0,351.0,77.0,-97.0,-3.97e+16,-1.1e+16,5.07e+16,1.58e+16,-8.99e+16,3400000000000000.0,GCMT,,slab_deep,70.9229125977,slab_deep,2011-02-28T20:45:45,5.3,3.0006844626967832,8,2011-02-28 20:45:45+00:00,True,470
98001,2011-03-06T12:32:02,-69.73,-18.28,126.3,6.3,mw,0.01,0.01,0.5,,210.0,26.0,-37.0,335.0,75.0,-111.0,-1.44e+18,-5.8e+17,2.02e+18,1.3e+18,-2.12e+18,9.8e+16,GCMT,,slab_deep,90.7800445557,slab_deep,2011-03-06T12:32:02,5.3,3.0006844626967832,8,2011-03-06 12:32:02+00:00,True,107
98299,2011-03-16T22:36:20,-71.89,-32.57,36.8,5.5,mw,0.01,0.01,0.6,,15.0,28.0,105.0,179.0,63.0,83.0,1.69e+17,1.3e+16,-1.82e+17,1.3e+16,-1.29e+17,-2.4e+16,GCMT,,intra_slab,23.9568824768,intra_slab,2011-03-16T22:36:20,5.3,3.0006844626967832,8,2011-03-16 22:36:20+00:00,True,145
98383,2011-03-18T18:38:07,-70.832,-32.116,76.1,5.3,mw,,,7.0,,,,,,,,,,,,,,USGS,,slab_deep,67.3279342651,slab_deep,2011-03-18T18:38:07,5.3,3.0006844626967832,8,2011-03-18 18:38:07+00:00,True,471
99319,2011-04-13T15:14:45,-72.27,-33.78,31.2,5.4,mw,0.01,0.01,0.6,,9.0,23.0,100.0,178.0,67.0,86.0,1.15e+17,1.2e+16,-1.27e+17,7000000000000000.0,-1.18e+17,-8000000000000000.0,GCMT,,intra_slab,19.1555347443,intra_slab,2011-04-13T15:14:45,5.3,3.0006844626967832,8,2011-04-13 15:14:45+00:00,True,159
101071,2011-05-30T17:28:47,-67.152,-19.876,251.5753,5.6,mw,,,,,,,,,,,,,,,,,CSN-improved,,slab_deep,192.54498291,slab_deep,2011-05-30T17:28:47,5.3,3.0006844626967832,8,2011-05-30 17:28:47+00:00,True,295
101167,2011-06-01T12:55:25,-74.41,-37.74,12.0,6.3,mw,0.0,0.0,0.0,,1.0,17.0,88.0,183.0,73.0,91.0,2.25e+18,1.6e+16,-2.27e+18,-1.94e+17,-3.4e+18,-7.5e+16,GCMT,,slab_interface,11.7996616364,slab_interface,2011-06-01T12:55:25,5.3,3.0006844626967832,8,2011-06-01 12:55:25+00:00,True,90
101279,2011-06-04T13:58:56,-72.177,-40.444,12.7,5.3,mw,,,,,,,,,,,,,,,,,USGS,,intraarc_shallow,,intraarc,2011-06-04T13:58:56,5.3,3.0006844626967832,8,2011-06-04 13:58:56+00:00,True,49
101839,2011-06-20T16:36:06,-68.63,-21.89,131.4,6.5,mw,0.0,0.0,0.5,,261.0,11.0,-9.0,360.0,88.0,-101.0,-3e+17,-3.55e+17,6.55e+17,-2e+16,-7.58e+18,1.5e+18,GCMT,,slab_deep,89.1192016602,slab_deep,2011-06-20T16:36:06,5.3,3.0006844626967832,8,2011-06-20 16:36:06+00:00,True,81
102576,2011-07-09T19:27:41,-67.436,-28.759,98.9,5.4,mw,,,6.3,,,,,,,,,,,,,,USGS,,slab_deep,102.658782959,slab_deep,2011-07-09T19:27:41,5.3,3.0006844626967832,8,2011-07-09 19:27:41+00:00,True,408
104341,2011-08-27T09:23:41,-71.17,-31.623,52.4,5.3,mw,,,6.0,,,,,,,,,,,,,,USGS,,slab_deep,54.4001159668,slab_deep,2011-08-27T09:23:41,5.3,3.0006844626967832,8,2011-08-27 09:23:41+00:00,True,472
104378,2011-08-28T04:30:35,-72.38,-33.2,19.7,5.4,mw,0.01,0.01,0.6,,7.0,23.0,90.0,187.0,67.0,90.0,9.47e+16,-1000000000000000.0,-9.36e+16,-1.2e+16,-9.37e+16,-1.2e+16,GCMT,,slab_interface,13.3126134872,slab_interface,2011-08-28T04:30:35,5.3,3.0006844626967832,8,2011-08-28 04:30:35+00:00,True,228
104622,2011-09-03T16:20:43,-74.753,-38.312,17.2,5.8,mw,,,4.7,,350.0,17.0,74.0,186.0,72.0,95.0,3.3e+17,5e+16,-3.8e+17,-7e+16,-5.2e+17,1e+16,CSN-improved,,outer_rise,,outer_rise,2011-09-03T16:20:43,5.3,3.0006844626967832,8,2011-09-03 16:20:43+00:00,True,29
104842,2011-09-09T02:33:58,-68.93,-22.57,122.9,5.4,mw,0.01,0.01,1.4,,209.0,50.0,-40.0,328.0,60.0,-132.0,-9.5e+16,-5.4e+16,1.49e+17,6.7e+16,-2.2e+16,-7000000000000000.0,GCMT,,slab_deep,79.0946502686,slab_deep,2011-09-09T02:33:58,5.3,3.0006844626967832,8,2011-09-09 02:33:58+00:00,True,409
105620,2011-09-28T17:07:57,-71.095,-29.681,40.3,5.3,mw,,,17.5,,,,,,,,,,,,,,USGS,,slab_interface,48.557094574,slab_interface,2011-09-28T17:07:57,5.3,3.0006844626967832,8,2011-09-28 17:07:57+00:00,True,245
105966,2011-10-11T20:17:12,-69.23,-26.542,20.8,5.4,mw,,,14.4,,,,,,,,,,,,,,USGS,,intraarc_shallow,,intraarc,2011-10-11T20:17:12,5.3,3.0006844626967832,8,2011-10-11 20:17:12+00:00,True,42
106361,2011-10-30T18:53:43,-70.965,-25.746,47.1,6.0,mw,,,999.9,,13.0,26.0,113.0,168.0,66.0,79.0,4.14e+17,6e+16,-4.73e+17,1.17e+17,-3.75e+17,2000000000000000.0,CSN-improved,,slab_interface,22.5883827209,slab_interface,2011-10-30T18:53:43,5.3,3.0006844626967832,8,2011-10-30 18:53:43+00:00,True,145
106438,2011-11-03T11:40:09,-69.132,-24.044,80.1,5.4,mw,,,11.2,,178.0,42.0,-53.0,312.0,58.0,-118.0,-6.42e+16,-1.66e+16,8.09e+16,2.09e+16,-2.09e+16,-6.92e+16,CSN-improved,,slab_deep,74.3532409668,slab_deep,2011-11-03T11:40:09,5.3,3.0006844626967832,8,2011-11-03 11:40:09+00:00,True,410
106494,2011-11-05T07:14:00,-70.58,-23.44,36.8,5.7,mw,0.01,0.01,0.5,,237.0,26.0,140.0,4.0,74.0,70.0,3.22e+17,-5e+16,-2.72e+17,-4.4e+16,3.69e+17,-1.61e+17,GCMT,,intra_slab,26.3033237457,intra_slab,2011-11-05T07:14:00,5.3,3.0006844626967832,8,2011-11-05 07:14:00+00:00,True,108
106851,2011-11-22T02:18:07,-71.904,-16.541,97.3,5.4,mw,,,8.3,,,,,,,,,,,,,,USGS,,slab_deep,84.1118621826,slab_deep,2011-11-22T02:18:07,5.3,3.0006844626967832,8,2011-11-22 02:18:07+00:00,True,411
107218,2011-12-07T22:23:09,-71.195,-27.898,20.0,6.1,mw,,,4.9,0.1,260.0,78.0,-67.0,16.0,26.0,-151.0,1.12e+18,1.16e+17,-1.24e+18,1.61e+17,-1.09e+18,-1.29e+17,ISC-GEM,,forearc,24.0675258636,forearc,2011-12-07T22:23:09,5.3,3.0006844626967832,8,2011-12-07 22:23:09+00:00,True,52
107219,2011-12-07T22:23:14,-71.55,-28.03,22.8,6.1,mw,0.01,0.0,0.3,,17.0,25.0,109.0,176.0,67.0,81.0,1.12e+18,1.16e+17,-1.24e+18,1.61e+17,-1.09e+18,-1.29e+17,GCMT,,slab_interface,16.1063652039,slab_interface,2011-12-07T22:23:14,5.3,3.0006844626967832,8,2011-12-07 22:23:14+00:00,True,131
107498,2011-12-14T20:00:36,-74.395,-41.851,10.3,5.3,mw,,,24.0,,,,,,,,,,,,,,USGS,,slab_interface,19.5376224518,slab_interface,2011-12-14T20:00:36,5.3,3.0006844626967832,8,2011-12-14 20:00:36+00:00,True,246
107899,2011-12-28T11:43:44,-70.25,-27.782,67.0,5.3,mw,,,,,,,,,,,,,,,,,USGS,,slab_deep,63.7050209045,slab_deep,2011-12-28T11:43:44,5.3,3.0006844626967832,8,2011-12-28 11:43:44+00:00,True,473
108143,2012-01-05T18:46:03,-68.787,-26.035,87.9,5.3,mw,,,7.4,,,,,,,,,,,,,,USGS,,slab_deep,88.0730667114,slab_deep,2012-01-05T18:46:03,5.3,3.0006844626967832,8,2012-01-05 18:46:03+00:00,True,474
108567,2012-01-17T18:49:43,-71.362,-26.362,35.0,5.3,mw,,,,,,,,,,,,,,,,,USGS,,intra_slab,13.2972536087,intra_slab,2012-01-17T18:49:43,5.3,3.0006844626967832,8,2012-01-17 18:49:43+00:00,True,171
108564,2012-01-17T23:21:31,-71.906,-31.765,37.5,6.0,mw,,,8.6,,359.0,20.0,99.0,169.0,70.0,87.0,2.5e+17,-5e+16,-2e+17,6.1e+16,-2.68e+17,1e+16,CSN-improved,,slab_interface,22.9383544922,slab_interface,2012-01-17T23:21:31,5.3,3.0006844626967832,8,2012-01-17 23:21:31+00:00,True,146
108565,2012-01-17T23:21:38,-71.95,-31.76,33.9,5.7,mw,0.01,0.01,0.4,,355.0,29.0,87.0,178.0,61.0,91.0,2.5e+17,-5e+16,-2e+17,6.1e+16,-2.68e+17,1e+16,GCMT,,intra_slab,21.4695301056,intra_slab,2012-01-17T23:21:38,5.3,3.0006844626967832,8,2012-01-17 23:21:38+00:00,True,109
109006,2012-01-28T08:51:43,-66.6,-21.53,251.6,5.3,mw,0.02,0.01,1.5,,111.0,36.0,-125.0,332.0,62.0,-67.0,-8.72e+16,4.96e+16,3.76e+16,9600000000000000.0,-5.96e+16,-6.15e+16,GCMT,,slab_deep,195.616210938,slab_deep,2012-01-28T08:51:43,5.3,3.0006844626967832,8,2012-01-28 08:51:43+00:00,True,475
109166,2012-02-02T04:50:48,-73.526,-16.186,72.2,5.3,mw,,,,,,,,,,,,,,,,,USGS,,intra_slab,46.6949234009,intra_slab,2012-02-02T04:50:48,5.3,3.0006844626967832,8,2012-02-02 04:50:48+00:00,True,172
109918,2012-02-26T08:08:52,-69.538,-18.857,100.2618,5.6,mw,,,,,,,,,,,,,,,,,CSN-improved,,slab_deep,87.258895874,slab_deep,2012-02-26T08:08:52,5.3,3.0006844626967832,8,2012-02-26 08:08:52+00:00,True,296
110342,2012-03-12T19:37:36,-71.664,-34.969,70.0,5.3,mw,,,,,,,,,,,,,,,,,USGS,,slab_deep,55.5641670227,slab_deep,2012-03-12T19:37:36,5.3,3.0006844626967832,8,2012-03-12 19:37:36+00:00,True,476
110651,2012-03-24T14:39:29,-71.095,-16.244,235.2,5.5,mw,,,7.5,,,,,,,,,,,,,,CSN-improved,,slab_deep,124.97895813,slab_deep,2012-03-24T14:39:29,5.3,3.0006844626967832,8,2012-03-24 14:39:29+00:00,True,339
110688,2012-03-25T22:37:07,-72.217,-35.2,40.7,6.8,mw,,,3.1,,175.0,75.0,65.0,56.0,29.0,148.0,2.92e+19,-3.8e+17,-2.88e+19,4.15e+18,-5.19e+19,-4.74e+18,CSN-improved,,intra_slab,39.2035522461,intra_slab,2012-03-25T22:37:07,5.3,3.0006844626967832,8,2012-03-25 22:37:07+00:00,True,15
111288,2012-04-13T20:28:32,-67.183,-21.311,276.6,5.5,mw,,,11.7,,,,,,,,,,,,,,CSN-improved,,slab_deep,161.144546509,slab_deep,2012-04-13T20:28:32,5.3,3.0006844626967832,8,2012-04-13 20:28:32+00:00,True,340
111312,2012-04-14T10:56:18,-65.372,-57.576,8.0,6.0,mw,,,,,195.0,70.0,175.0,287.0,85.0,20.0,1.07e+18,1.32e+18,-2.39e+18,-2.7300000000000003e+17,3.09e+17,2.11e+18,ISC,,backarc,,unclassified,2012-04-14T10:56:18,5.3,3.0006844626967832,8,2012-04-14 10:56:18+00:00,True,25
111388,2012-04-17T03:50:24,-71.69,-32.77,39.6,6.7,mw,0.0,0.0,0.2,,2.0,24.0,95.0,176.0,66.0,88.0,9.7e+18,2.2e+17,-9.93e+18,9.1e+17,-9.08e+18,2.7e+17,GCMT,,slab_interface,30.6513690948,slab_interface,2012-04-17T03:50:24,5.3,3.0006844626967832,8,2012-04-17 03:50:24+00:00,True,60
111799,2012-04-30T07:39:49,-71.81,-29.88,39.0,5.6,mw,0.01,0.01,0.7,,330.0,47.0,35.0,214.0,65.0,131.0,1.99e+17,8e+16,-2.78e+17,-4.3e+16,-1.68e+17,-7000000000000000.0,GCMT,,intra_slab,21.404340744,intra_slab,2012-04-30T07:39:49,5.3,3.0006844626967832,8,2012-04-30 07:39:49+00:00,True,124
112218,2012-05-14T10:00:39,-69.758,-17.752,105.0,6.3,mw,,,6.2,0.1,316.0,82.0,-111.0,206.0,22.0,-22.0,-8.56e+17,-7.98e+17,1.65e+18,1.85e+18,-1.92e+18,-7.6e+17,ISC-GEM,,slab_deep,103.761268616,slab_deep,2012-05-14T10:00:39,5.3,3.0006844626967832,8,2012-05-14 10:00:39+00:00,True,108
112352,2012-05-19T08:35:15,-71.14,-25.84,32.6,5.9,mw,0.01,0.01,0.2,,23.0,44.0,125.0,160.0,55.0,62.0,6.88e+17,7.4e+16,-7.61e+17,3.3e+17,-1.61e+17,-3.2e+16,GCMT,,intra_slab,17.1817817688,intra_slab,2012-05-19T08:35:15,5.3,3.0006844626967832,8,2012-05-19 08:35:15+00:00,True,87
112472,2012-05-23T01:04:36,-71.07,-16.98,110.0,5.3,mw,,,,,,,,,,,,,,,,,USGS,,slab_deep,93.3988571167,slab_deep,2012-05-23T01:04:36,5.3,3.0006844626967832,8,2012-05-23 01:04:36+00:00,True,477
112504,2012-05-24T19:18:55,-70.84,-37.11,162.6,5.4,mw,0.01,0.01,0.8,,123.0,17.0,-146.0,360.0,81.0,-76.0,-2.8e+16,1000000000000000.0,2.7e+16,-5000000000000000.0,-1.65e+17,-5.7e+16,GCMT,,slab_deep,121.898239136,slab_deep,2012-05-24T19:18:55,5.3,3.0006844626967832,8,2012-05-24 19:18:55+00:00,True,412
112856,2012-06-07T04:05:10,-70.97,-36.23,16.8,6.0,mw,0.01,0.01,0.5,,2.0,69.0,-173.0,269.0,84.0,-21.0,-2.67e+17,1.78e+17,8.9e+16,3.92e+17,-1.6e+16,1.15e+18,GCMT,,intraarc_shallow,,intraarc,2012-06-07T04:05:10,5.3,3.0006844626967832,8,2012-06-07 04:05:10+00:00,True,23
112857,2012-06-07T17:06:48,-66.308,-22.435,250.0,5.3,mw,,,0.0,,,,,,,,,,,,,,CSN-improved,,slab_deep,210.44960022,slab_deep,2012-06-07T17:06:48,5.3,3.0006844626967832,8,2012-06-07 17:06:48+00:00,True,478
113376,2012-06-24T10:25:56,-67.173,-22.595,216.7437,5.8,mw,,,,,125.0,24.0,-118.0,335.0,69.0,-78.0,-1.03e+17,4.31e+16,6.02e+16,3.76e+16,-1.08e+17,-5.570000000000001e+16,CSN-improved,,slab_deep,150.586837769,slab_deep,2012-06-24T10:25:56,5.3,3.0006844626967832,8,2012-06-24 10:25:56+00:00,True,254
113561,2012-07-01T17:45:00,-71.249,-20.59,32.4,5.3,mw,,,2.0,,,,,,,,,,,,,,CSN-improved,,outer_rise,,outer_rise,2012-07-01T17:45:00,5.3,3.0006844626967832,8,2012-07-01 17:45:00+00:00,True,53
113562,2012-07-01T23:39:11,-71.52,-28.66,40.3,5.3,mw,0.01,0.01,0.7,,23.0,34.0,123.0,165.0,62.0,70.0,8.3e+16,2.1e+16,-1.04e+17,3.5e+16,-4.6e+16,-1e+16,GCMT,,intra_slab,22.1770648956,intra_slab,2012-07-01T23:39:11,5.3,3.0006844626967832,8,2012-07-01 23:39:11+00:00,True,173
115127,2012-08-30T08:04:38,-73.857,-37.244,40.4,5.3,mw,,,2.4,,352.0,17.0,79.0,183.0,73.0,93.0,3.64e+16,4630000000000000.0,-4.1e+16,-3920000000000000.0,-5.64e+16,1440000000000000.0,CSN-improved,,intra_slab,18.7667694092,intra_slab,2012-08-30T08:04:38,5.3,3.0006844626967832,8,2012-08-30 08:04:38+00:00,True,174
116436,2012-10-11T17:22:15,-70.57,-32.86,107.2,5.6,mw,0.01,0.01,1.1,,170.0,84.0,-174.0,80.0,84.0,-6.0,5000000000000000.0,-1.51e+17,1.46e+17,-2.1e+16,2.6e+16,1.93e+17,GCMT,,slab_deep,77.5816116333,slab_deep,2012-10-11T17:22:15,5.3,3.0006844626967832,8,2012-10-11 17:22:15+00:00,True,297
117364,2012-11-04T06:37:38,-72.18,-16.07,134.4,5.5,mw,0.01,0.01,0.9,,94.0,51.0,-174.0,360.0,85.0,-39.0,-4.55e+16,-5600000000000000.0,5.11e+16,3.27e+16,-1.23e+17,-1.63e+17,GCMT,,slab_deep,89.1451263428,slab_deep,2012-11-04T06:37:38,5.3,3.0006844626967832,8,2012-11-04 06:37:38+00:00,True,341
117731,2012-11-14T19:02:07,-71.66,-29.32,69.4,6.2,mw,0.0,0.0,0.6,,248.0,23.0,-28.0,4.0,79.0,-111.0,-8.23e+17,1.87e+17,6.36e+17,6.1e+16,-2.06e+18,8.56e+17,GCMT,,intra_slab,23.0327396393,intra_slab,2012-11-14T19:02:07,5.3,3.0006844626967832,8,2012-11-14 19:02:07+00:00,True,54
117992,2012-11-21T21:36:26,-72.31,-34.05,21.2,5.9,mw,0.01,0.01,0.3,,6.0,20.0,106.0,169.0,70.0,84.0,5.08e+17,3.48e+16,-5.43e+17,1.3999999999999998e+17,-6.23e+17,2.63e+16,GCMT,,slab_interface,20.1046409607,slab_interface,2012-11-21T21:36:26,5.3,3.0006844626967832,8,2012-11-21 21:36:26+00:00,True,162
119470,2013-01-01T03:51:13,-69.664,-20.823,60.5157,5.1,mw,,,,,,,,,,,,,,,,,CSN-improved,,slab_deep,61.1144714355,slab_deep,2013-01-01T03:51:13,,,-1,2013-01-01 03:51:13+00:00,True,517
119471,2013-01-01T03:52:12,-74.097,-36.982,18.3,4.0,mw,,,4.4,,,,,,,,,,,,,,CSN-improved,,slab_interface,14.0033082962,slab_interface,2013-01-01T03:52:12,,,-1,2013-01-01 03:52:12+00:00,True,330
119516,2013-01-02T02:24:23,-71.607,-34.816,45.5,4.9,mw,,,3.3,,,,,,,,,,,,,,CSN-improved,,slab_deep,54.7410202026,slab_deep,2013-01-02T02:24:23,,,-1,2013-01-02 02:24:23+00:00,True,551
119519,2013-01-02T14:41:41,-73.538,-35.852,39.4,4.4,mw,,,3.4,,,,,,,,,,,,,,CSN-improved,,intra_slab,15.9471912384,intra_slab,2013-01-02T14:41:41,,,-1,2013-01-02 14:41:41+00:00,True,202
119570,2013-01-03T06:39:51,-71.481,-25.208,15.0,4.5,mw,,,,,,,,,,,,,,,,,ISC,,outer_rise,,outer_rise,2013-01-03T06:39:51,,,-1,2013-01-03 06:39:51+00:00,True,72
119572,2013-01-03T06:39:54,-71.539,-24.889,35.0,4.0,mw,,,5.0,,,,,,,,,,,,,,CSN-improved,,outer_rise,,outer_rise,2013-01-03T06:39:54,,,-1,2013-01-03 06:39:54+00:00,True,89
119643,2013-01-05T11:45:25,-72.583,-34.82,14.2475,4.0,mw,,,,,,,,,,,,,,,,,CSN-improved,,slab_interface,21.5064086914,slab_interface,2013-01-05T11:45:25,,,-1,2013-01-05 11:45:25+00:00,True,331
119644,2013-01-05T16:58:14,-69.951,-20.295,61.0115,4.0,mw,,,,,,,,,,,,,,,,,CSN-improved,,slab_deep,51.9220161438,slab_deep,2013-01-05T16:58:14,,,-1,2013-01-05 16:58:14+00:00,True,699
119641,2013-01-05T19:27:10,-68.4,-33.297,20.0,4.0,mw,,,,,,,,,,,,,,,,,ISC,,backarc,,unclassified,2013-01-05T19:27:10,,,-1,2013-01-05 19:27:10+00:00,True,76
119642,2013-01-05T22:03:25,-72.497,-30.183,25.0,4.0,mw,,,,,,,,,,,,,,,,,ISC,,outer_rise,,outer_rise,2013-01-05T22:03:25,,,-1,2013-01-05 22:03:25+00:00,True,90
119686,2013-01-06T14:34:44,-72.772,-17.059,75.4,4.4,mw,,,16.1,,,,,,,,,,,,,,CSN-improved,,intra_slab,34.556842804,intra_slab,2013-01-06T14:34:44,,,-1,2013-01-06 14:34:44+00:00,True,203
119685,2013-01-06T14:34:52,-72.298,-17.527,33.0,4.6,mw,,,,,,,,,,,,,,,,,ISC,,slab_interface,29.2888259888,slab_interface,2013-01-06T14:34:52,,,-1,2013-01-06 14:34:52+00:00,True,281
119682,2013-01-06T14:34:57,-72.014,-17.622,74.7,5.1,mw,,,9.1,,,,,,,,,,,,,,USGS,,intra_slab,35.924118042,intra_slab,2013-01-06T14:34:57,,,-1,2013-01-06 14:34:57+00:00,True,183
119681,2013-01-06T18:17:31,-66.106,-22.863,245.7,5.4,mw,,,4.5,,,,,,,,,,,,,,USGS,,slab_deep,224.73197937,slab_deep,2013-01-06T18:17:31,,,-1,2013-01-06 18:17:31+00:00,True,413
119731,2013-01-07T08:13:36,-71.056,-29.555,40.6,4.5,mw,,,3.1,,,,,,,,,,,,,,CSN-improved,,slab_interface,49.6578712463,slab_interface,2013-01-07T08:13:36,,,-1,2013-01-07 08:13:36+00:00,True,284
119732,2013-01-07T10:19:33,-67.143,-27.981,151.2029,4.5,mw,,,,,,,,,,,,,,,,,CSN-improved,,slab_deep,116.05317688,slab_deep,2013-01-07T10:19:33,,,-1,2013-01-07 10:19:33+00:00,True,627
119801,2013-01-09T11:21:23,-69.46,-24.41,96.4,4.8,mw,0.04,0.03,6.3,,164.0,40.0,-44.0,291.0,64.0,-121.0,,,,,,,GCMT,,slab_deep,68.1310424805,slab_deep,2013-01-09T11:21:23,,,-1,2013-01-09 11:21:23+00:00,True,569
119808,2013-01-09T15:57:22,-72.552,-34.755,6.3601,4.0,mw,,,,,,,,,,,,,,,,,CSN-improved,,forearc,22.013999939,forearc,2013-01-09T15:57:22,,,-1,2013-01-09 15:57:22+00:00,True,146
119862,2013-01-11T04:18:44,-68.216,-19.244,218.9,4.3,mw,,,5.2,,,,,,,,,,,,,,CSN-improved,,slab_deep,142.572402954,slab_deep,2013-01-11T04:18:44,,,-1,2013-01-11 04:18:44+00:00,True,652
119907,2013-01-12T08:32:25,-71.121,-29.473,10.0,5.4,mw,,,,,,,,,,,,,,,,,ISC,,forearc,46.4066467285,forearc,2013-01-12T08:32:25,,,-1,2013-01-12 08:32:25+00:00,True,89
119912,2013-01-12T08:55:02,-67.709,-31.557,10.0,4.2,mw,,,0.0,,,,,,,,,,,,,,CSN-improved,,backarc,,unclassified,2013-01-12T08:55:02,,,-1,2013-01-12 08:55:02+00:00,True,70
119909,2013-01-12T15:57:17,-70.725,-18.767,36.1373,4.5,mw,,,,,,,,,,,,,,,,,CSN-improved,,slab_interface,44.3833656311,slab_interface,2013-01-12T15:57:17,,,-1,2013-01-12 15:57:17+00:00,True,285
119944,2013-01-13T05:50:39,-74.011,-34.861,10.0,5.0,mw,,,,,,,,,,,,,,,,,USGS,,outer_rise,,outer_rise,2013-01-13T05:50:39,,,-1,2013-01-13 05:50:39+00:00,True,63
119942,2013-01-13T21:23:27,-69.321,-20.135,89.356,5.5,mw,,,,,219.0,18.0,-39.0,346.0,79.0,-105.0,-4.6e+16,-8000000000000000.0,5.4e+16,3.3e+16,-1.01e+17,1.6e+16,CSN-improved,,slab_deep,78.9918136597,slab_deep,2013-01-13T21:23:27,,,-1,2013-01-13 21:23:27+00:00,True,342
119948,2013-01-13T23:28:31,-69.262,-32.901,20.0,4.0,mw,,,,,,,,,,,,,,,,,ISC,,intraarc_shallow,,intraarc,2013-01-13T23:28:31,,,-1,2013-01-13 23:28:31+00:00,True,68
119993,2013-01-14T16:44:54,-72.712,-35.12,19.0,4.1,mw,,,5.2,,,,,,,,,,,,,,CSN-improved,,slab_interface,23.2414455414,slab_interface,2013-01-14T16:44:54,,,-1,2013-01-14 16:44:54+00:00,True,319
120041,2013-01-15T05:22:25,-70.04,-32.96,98.0,4.5,mw,,,8.6,,,,,,,,,,,,,,CSN-improved,,slab_deep,92.68334198,slab_deep,2013-01-15T05:22:25,,,-1,2013-01-15 05:22:25+00:00,True,628
120040,2013-01-15T18:17:27,-72.767,-37.27,10.0,4.9,mw,,,,,,,,,,,,,,,,,USGS,,forearc,46.7082443237,forearc,2013-01-15T18:17:27,,,-1,2013-01-15 18:17:27+00:00,True,103
120042,2013-01-15T19:45:20,-74.683,-37.321,21.0,4.5,mw,,,4.0,,,,,,,,,,,,,,CSN-improved,,outer_rise,,outer_rise,2013-01-15T19:45:20,,,-1,2013-01-15 19:45:20+00:00,True,73
120077,2013-01-16T04:53:11,-72.114,-33.613,22.2724,4.2,mw,,,,,,,,,,,,,,,,,CSN-improved,,slab_interface,21.3821468353,slab_interface,2013-01-16T04:53:11,,,-1,2013-01-16 04:53:11+00:00,True,312
120080,2013-01-16T12:10:08,-67.888,-31.174,33.0,4.0,mw,,,0.0,,,,,,,,,,,,,,CSN-improved,,backarc,,unclassified,2013-01-16T12:10:08,,,-1,2013-01-16 12:10:08+00:00,True,77
120079,2013-01-16T15:00:24,-71.022,-18.536,34.0,4.0,mw,,,,,,,,,,,,,,,,,ISC,,slab_interface,37.9333496094,slab_interface,2013-01-16T15:00:24,,,-1,2013-01-16 15:00:24+00:00,True,332
120125,2013-01-17T00:32:34,-72.304,-35.301,26.7659,4.1,mw,,,,,,,,,,,,,,,,,CSN-improved,,slab_interface,37.7289390564,slab_interface,2013-01-17T00:32:34,,,-1,2013-01-17 00:32:34+00:00,True,320
120121,2013-01-17T04:54:58,-69.611,-28.626,127.7,4.8,mw,,,5.0,,,,,,,,,,,,,,CSN-improved,,slab_deep,84.9002075195,slab_deep,2013-01-17T04:54:58,,,-1,2013-01-17 04:54:58+00:00,True,570
120124,2013-01-17T14:13:57,-70.257,-32.166,115.8068,4.2,mw,,,,,,,,,,,,,,,,,CSN-improved,,slab_deep,88.8800125122,slab_deep,2013-01-17T14:13:57,,,-1,2013-01-17 14:13:57+00:00,True,662
120163,2013-01-18T05:05:31,-71.859,-35.932,44.0,4.0,mw,,,2.0,,,,,,,,,,,,,,CSN-improved,,forearc,67.0412139893,forearc,2013-01-18T05:05:31,,,-1,2013-01-18 05:05:31+00:00,True,147
120165,2013-01-18T22:40:05,-68.805,-24.207,125.0,4.0,mw,,,0.0,,,,,,,,,,,,,,CSN-improved,,slab_deep,81.7277679443,slab_deep,2013-01-18T22:40:05,,,-1,2013-01-18 22:40:05+00:00,True,700
120208,2013-01-19T03:50:46,-71.51,-31.031,16.0,4.2,mw,,,,,,,,,,,,,,,,,ISC,,forearc,36.6357383728,forearc,2013-01-19T03:50:46,,,-1,2013-01-19 03:50:46+00:00,True,134
120211,2013-01-19T03:50:47,-71.172,-30.979,65.7,4.0,mw,,,3.4,,,,,,,,,,,,,,CSN-improved,,slab_deep,53.4995613098,slab_deep,2013-01-19T03:50:47,,,-1,2013-01-19 03:50:47+00:00,True,701
120204,2013-01-19T19:20:43,-69.357,-23.475,102.1,4.8,mw,,,,,,,,,,,,,,,,,USGS,,slab_deep,67.8276748657,slab_deep,2013-01-19T19:20:43,,,-1,2013-01-19 19:20:43+00:00,True,571
120207,2013-01-19T20:03:57,-73.117,-39.056,11.5,4.4,mw,,,2.7,,,,,,,,,,,,,,CSN-improved,,forearc,49.1730651855,forearc,2013-01-19T20:03:57,,,-1,2013-01-19 20:03:57+00:00,True,121
120245,2013-01-20T12:01:07,-69.348,-31.763,104.4,4.7,mw,,,5.4,,,,,,,,,,,,,,USGS,,slab_deep,101.870773315,slab_deep,2013-01-20T12:01:07,,,-1,2013-01-20 12:01:07+00:00,True,593
120292,2013-01-21T04:33:04,-72.537,-32.473,16.0,4.1,mw,,,,,,,,,,,,,,,,,ISC,,slab_interface,10.1240024567,slab_interface,2013-01-21T04:33:04,,,-1,2013-01-21 04:33:04+00:00,True,321
120287,2013-01-21T09:27:14,-74.337,-43.495,30.8873,4.4,mw,,,,,,,,,,,,,,,,,CSN-improved,,slab_interface,25.068025589,slab_interface,2013-01-21T09:27:14,,,-1,2013-01-21 09:27:14+00:00,True,293
120325,2013-01-22T10:24:24,-69.007,-25.381,96.3642,4.6,mw,,,,,,,,,,,,,,,,,CSN-improved,,slab_deep,82.6638641357,slab_deep,2013-01-22T10:24:24,,,-1,2013-01-22 10:24:24+00:00,True,610
120323,2013-01-22T19:58:24,-74.863,-39.866,14.9,5.1,mw,,,17.2,,,,,,,,,,,,,,USGS,,slab_interface,9.08009147644,slab_interface,2013-01-22T19:58:24,,,-1,2013-01-22 19:58:24+00:00,True,265
120324,2013-01-22T19:58:26,-74.921,-39.819,25.0,4.8,mw,,,,,,,,,,,,,,,,,ISC,,intra_slab,8.54221630096,intra_slab,2013-01-22T19:58:26,,,-1,2013-01-22 19:58:26+00:00,True,189
120364,2013-01-23T14:53:31,-70.324,-17.812,109.1,4.1,mw,,,6.4,,,,,,,,,,,,,,CSN-improved,,slab_deep,84.9986724854,slab_deep,2013-01-23T14:53:31,,,-1,2013-01-23 14:53:31+00:00,True,682
120422,2013-01-25T19:53:25,-65.339,-24.195,15.0,5.3,mw,,,25.0,0.25,,,,,,,,,,,,,ISC-GEM,,backarc,,unclassified,2013-01-25T19:53:25,,,-1,2013-01-25 19:53:25+00:00,True,50
120506,2013-01-27T12:50:40,-72.862,-29.688,35.0,4.5,mw,,,,,,,,,,,,,,,,,ISC,,outer_rise,,outer_rise,2013-01-27T12:50:40,,,-1,2013-01-27 12:50:40+00:00,True,74
120542,2013-01-28T01:46:02,-73.657,-34.623,35.0,4.0,mw,,,,,,,,,,,,,,,,,ISC,,outer_rise,,outer_rise,2013-01-28T01:46:02,,,-1,2013-01-28 01:46:02+00:00,True,91
120539,2013-01-28T22:04:33,-73.68,-16.15,45.0,4.6,mw,,,,,,,,,,,,,,,,,USGS,,slab_interface,44.3758888245,slab_interface,2013-01-28T22:04:33,,,-1,2013-01-28 22:04:33+00:00,True,282
120538,2013-01-28T22:04:39,-73.545,-16.771,27.1,5.0,mw,,,999.9,,,,,,,,,,,,,,CSN-improved,,slab_interface,25.7807025909,slab_interface,2013-01-28T22:04:39,,,-1,2013-01-28 22:04:39+00:00,True,267
120583,2013-01-29T20:17:58,-70.471,-26.514,86.1,4.9,mw,,,,,,,,,,,,,,,,,USGS,,intra_slab,43.9963798523,intra_slab,2013-01-29T20:17:58,,,-1,2013-01-29 20:17:58+00:00,True,185
120614,2013-01-30T20:15:44,-70.578,-28.298,43.3,6.7,mw,,,2.1,,175.0,65.0,90.0,355.0,25.0,90.0,1.35e+19,6.5e+17,-1.42e+19,2.33e+18,-1.09e+19,-3.94e+18,CSN-improved,,slab_deep,53.7066345215,slab_deep,2013-01-30T20:15:44,,,-1,2013-01-30 20:15:44+00:00,True,59
120613,2013-01-30T20:15:50,-71.18,-28.09,45.8,6.8,mw,0.0,0.0,0.2,,31.0,30.0,119.0,178.0,64.0,75.0,1.35e+19,6.5e+17,-1.42e+19,2.33e+18,-1.09e+19,-3.94e+18,GCMT,,intra_slab,25.9059638977,intra_slab,2013-01-30T20:15:50,,,-1,2013-01-30 20:15:50+00:00,True,16
120619,2013-01-30T20:55:42,-70.083,-28.305,29.8294,4.8,mw,,,,,,,,,,,,,,,,,CSN-improved,,forearc,73.9134902954,forearc,2013-01-30T20:55:42,,,-1,2013-01-30 20:55:42+00:00,True,106
120620,2013-01-30T21:13:58,-69.46,-29.896,8.8,4.8,mw,,,7.1,,,,,,,,,,,,,,CSN-improved,,intraarc_shallow,,intraarc,2013-01-30T21:13:58,,,-1,2013-01-30 21:13:58+00:00,True,56
120618,2013-01-30T21:14:01,-72.142,-29.666,14.0,4.8,mw,,,,,,,,,,,,,,,,,ISC,,slab_interface,12.6919765472,slab_interface,2013-01-30T21:14:01,,,-1,2013-01-30 21:14:01+00:00,True,274
120660,2013-01-31T02:45:02,-67.516,-28.503,132.7802,4.9,mw,,,,,,,,,,,,,,,,,CSN-improved,,slab_deep,103.720993042,slab_deep,2013-01-31T02:45:02,,,-1,2013-01-31 02:45:02+00:00,True,552
120664,2013-01-31T02:47:22,-67.797,-23.301,110.2,4.6,mw,,,6.7,,,,,,,,,,,,,,USGS,,slab_deep,108.506034851,slab_deep,2013-01-31T02:47:22,,,-1,2013-01-31 02:47:22+00:00,True,611
120659,2013-01-31T05:10:53,-70.813,-28.084,44.2,5.0,mw,,,7.1,,,,,,,,,,,,,,CSN-improved,,slab_interface,41.7585372925,slab_interface,2013-01-31T05:10:53,,,-1,2013-01-31 05:10:53+00:00,True,268
120667,2013-01-31T06:43:36,-73.518,-36.055,22.9,4.0,mw,,,15.4,,,,,,,,,,,,,,CSN-improved,,slab_interface,18.6276683807,slab_interface,2013-01-31T06:43:36,,,-1,2013-01-31 06:43:36+00:00,True,333
120744,2013-02-02T01:58:32,-69.927,-32.555,105.4,4.7,mw,,,,,,,,,,,,,,,,,USGS,,slab_deep,95.1887893677,slab_deep,2013-02-02T01:58:32,,,-1,2013-02-02 01:58:32+00:00,True,594
120745,2013-02-02T20:16:05,-71.513,-31.124,57.6033,4.7,mw,,,,,,,,,,,,,,,,,CSN-improved,,intra_slab,36.7625198364,intra_slab,2013-02-02T20:16:05,,,-1,2013-02-02 20:16:05+00:00,True,193
120781,2013-02-03T05:22:08,-72.878,-35.576,4.0,4.5,mw,,,,,,,,,,,,,,,,,ISC,,forearc,26.0747661591,forearc,2013-02-03T05:22:08,,,-1,2013-02-03 05:22:08+00:00,True,116
120821,2013-02-04T03:29:44,-73.346,-33.901,31.7787,4.1,mw,,,,,,,,,,,,,,,,,CSN-improved,,outer_rise,,outer_rise,2013-02-04T03:29:44,,,-1,2013-02-04 03:29:44+00:00,True,85
120817,2013-02-04T09:03:16,-72.583,-36.156,9.1979,4.4,mw,,,,,,,,,,,,,,,,,CSN-improved,,forearc,42.8221282959,forearc,2013-02-04T09:03:16,,,-1,2013-02-04 09:03:16+00:00,True,122
120819,2013-02-04T09:03:34,-67.97,-22.563,155.0,4.1,mw,,,,,,,,,,,,,,,,,ISC,,slab_deep,108.419471741,slab_deep,2013-02-04T09:03:34,,,-1,2013-02-04 09:03:34+00:00,True,683
120850,2013-02-05T17:30:50,-69.165,-22.683,97.2,5.1,mw,,,,,,,,,,,,,,,,,USGS,,slab_deep,73.4975891113,slab_deep,2013-02-05T17:30:50,,,-1,2013-02-05 17:30:50+00:00,True,518
120856,2013-02-05T17:45:57,-70.29,-19.839,0.0,4.1,mw,,,,,,,,,,,,,,,,,ISC,,forearc,41.8643417358,forearc,2013-02-05T17:45:57,,,-1,2013-02-05 17:45:57+00:00,True,139
120852,2013-02-05T20:15:12,-67.428,-23.509,243.9,4.9,mw,,,8.7,,,,,,,,,,,,,,CSN-improved,,slab_deep,123.789466858,slab_deep,2013-02-05T20:15:12,,,-1,2013-02-05 20:15:12+00:00,True,553
120897,2013-02-06T00:32:32,-68.277,-24.264,134.0,4.2,mw,,,8.9,,,,,,,,,,,,,,CSN-improved,,slab_deep,90.9473342896,slab_deep,2013-02-06T00:32:32,,,-1,2013-02-06 00:32:32+00:00,True,663
120898,2013-02-06T02:09:31,-66.977,-19.44,274.4,4.0,mw,,,7.6,,,,,,,,,,,,,,CSN-improved,,slab_deep,212.455429077,slab_deep,2013-02-06T02:09:31,,,-1,2013-02-06 02:09:31+00:00,True,702
120928,2013-02-07T19:31:16,-69.199,-28.066,102.0,4.1,mw,,,,,,,,,,,,,,,,,ISC,,slab_deep,87.0445556641,slab_deep,2013-02-07T19:31:16,,,-1,2013-02-07 19:31:16+00:00,True,684
120969,2013-02-08T13:02:08,-70.605,-21.163,50.8765,4.0,mw,,,,,,,,,,,,,,,,,CSN-improved,,intra_slab,23.5027580261,intra_slab,2013-02-08T13:02:08,,,-1,2013-02-08 13:02:08+00:00,True,224
120965,2013-02-08T15:57:40,-71.694,-34.96,13.0,4.4,mw,,,,,,,,,,,,,,,,,ISC,,forearc,53.4689826965,forearc,2013-02-08T15:57:40,,,-1,2013-02-08 15:57:40+00:00,True,123
120996,2013-02-09T07:48:59,-72.114,-27.469,35.0,4.3,mw,,,,,,,,,,,,,,,,,ISC,,outer_rise,,outer_rise,2013-02-09T07:48:59,,,-1,2013-02-09 07:48:59+00:00,True,80
121035,2013-02-10T07:08:28,-70.57,-26.97,78.3,4.6,mw,,,11.2,,,,,,,,,,,,,,CSN-improved,,intra_slab,42.3565177917,intra_slab,2013-02-10T07:08:28,,,-1,2013-02-10 07:08:28+00:00,True,198
121033,2013-02-10T07:08:30,-70.136,-27.0,61.3,4.9,mw,,,4.1,,,,,,,,,,,,,,USGS,,slab_deep,61.7108879089,slab_deep,2013-02-10T07:08:30,,,-1,2013-02-10 07:08:30+00:00,True,554
121039,2013-02-10T23:23:57,-68.938,-31.275,166.4684,4.0,mw,,,,,,,,,,,,,,,,,CSN-improved,,slab_deep,96.0762557983,slab_deep,2013-02-10T23:23:57,,,-1,2013-02-10 23:23:57+00:00,True,703
121083,2013-02-11T11:04:02,-72.007,-34.311,6.2386,4.3,mw,,,,,,,,,,,,,,,,,CSN-improved,,forearc,31.1917381287,forearc,2013-02-11T11:04:02,,,-1,2013-02-11 11:04:02+00:00,True,129
121115,2013-02-12T08:12:45,-72.315,-34.366,46.0794,4.2,mw,,,,,,,,,,,,,,,,,CSN-improved,,intra_slab,23.2209587097,intra_slab,2013-02-12T08:12:45,,,-1,2013-02-12 08:12:45+00:00,True,213
121118,2013-02-12T11:26:15,-67.51,-29.067,16.0,4.1,mw,,,,,,,,,,,,,,,,,ISC,,backarc,,unclassified,2013-02-12T11:26:15,,,-1,2013-02-12 11:26:15+00:00,True,73
121113,2013-02-12T21:47:31,-67.279,-31.588,52.2,4.5,mw,,,7.6,,,,,,,,,,,,,,USGS,,backarc,,unclassified,2013-02-12T21:47:31,,,-1,2013-02-12 21:47:31+00:00,True,68
121171,2013-02-14T08:40:17,-68.422,-24.982,106.4742,4.7,mw,,,,,,,,,,,,,,,,,CSN-improved,,slab_deep,90.1107559204,slab_deep,2013-02-14T08:40:17,,,-1,2013-02-14 08:40:17+00:00,True,595
121173,2013-02-14T09:49:40,-68.502,-22.628,124.163,4.5,mw,,,,,,,,,,,,,,,,,CSN-improved,,slab_deep,89.7060470581,slab_deep,2013-02-14T09:49:40,,,-1,2013-02-14 09:49:40+00:00,True,629
121178,2013-02-14T10:47:30,-71.901,-32.451,7.0,4.2,mw,,,,,,,,,,,,,,,,,ISC,,forearc,23.8646678925,forearc,2013-02-14T10:47:30,,,-1,2013-02-14 10:47:30+00:00,True,135
121274,2013-02-17T13:53:20,-71.375,-33.415,46.1899,4.4,mw,,,,,,,,,,,,,,,,,CSN-improved,,slab_interface,43.9772605896,slab_interface,2013-02-17T13:53:20,,,-1,2013-02-17 13:53:20+00:00,True,294
121309,2013-02-18T10:09:22,-72.151,-34.001,0.1963,4.0,mw,,,,,,,,,,,,,,,,,CSN-improved,,forearc,23.3319301605,forearc,2013-02-18T10:09:22,,,-1,2013-02-18 10:09:22+00:00,True,148
121302,2013-02-18T10:31:32,-72.544,-33.961,34.4,4.7,mw,,,3.0,,,,,,,,,,,,,,CSN-improved,,intra_slab,14.2902812958,intra_slab,2013-02-18T10:31:32,,,-1,2013-02-18 10:31:32+00:00,True,194
121306,2013-02-18T17:03:01,-72.879,-34.23,22.0,4.0,mw,,,,,,,,,,,,,,,,,ISC,,slab_interface,11.2091226578,slab_interface,2013-02-18T17:03:01,,,-1,2013-02-18 17:03:01+00:00,True,334
121338,2013-02-19T03:38:26,-72.427,-35.866,29.3,4.1,mw,,,3.8,,,,,,,,,,,,,,CSN-improved,,slab_interface,43.0157318115,slab_interface,2013-02-19T03:38:26,,,-1,2013-02-19 03:38:26+00:00,True,322
121356,2013-02-20T11:18:56,-66.662,-27.851,162.5351,5.3,mw,,,,,91.0,80.0,-172.0,360.0,82.0,-11.0,-3.74e+16,1.74e+16,2e+16,1430000000000000.0,-4490000000000000.0,-6.51e+16,CSN-improved,,slab_deep,135.455413818,slab_deep,2013-02-20T11:18:56,,,-1,2013-02-20 11:18:56+00:00,True,479
121444,2013-02-23T10:49:30,-72.65,-16.07,10.0,4.5,mw,,,,,,,,,,,,,,,,,USGS,,forearc,76.094871521,forearc,2013-02-23T10:49:30,,,-1,2013-02-23 10:49:30+00:00,True,117
121441,2013-02-23T20:08:24,-71.671,-16.006,60.6,4.8,mw,,,6.5,,,,,,,,,,,,,,USGS,,forearc,111.242149353,forearc,2013-02-23T20:08:24,,,-1,2013-02-23 20:08:24+00:00,True,107
121447,2013-02-23T20:08:27,-71.69,-16.029,100.0,4.3,mw,,,,,,,,,,,,,,,,,ISC,,slab_deep,107.931129456,slab_deep,2013-02-23T20:08:27,,,-1,2013-02-23 20:08:27+00:00,True,653
121442,2013-02-23T22:00:44,-70.02,-19.949,52.7,4.8,mw,,,,,,,,,,,,,,,,,USGS,,slab_deep,53.0795974731,slab_deep,2013-02-23T22:00:44,,,-1,2013-02-23 22:00:44+00:00,True,572
121482,2013-02-24T14:38:37,-70.197,-19.124,85.9,4.7,mw,,,,,,,,,,,,,,,,,USGS,,slab_deep,57.1098594666,slab_deep,2013-02-24T14:38:37,,,-1,2013-02-24 14:38:37+00:00,True,596
121479,2013-02-24T16:40:22,-68.477,-31.243,93.5,5.1,mw,,,4.1,,,,,,,,,,,,,,USGS,,slab_deep,93.3092727661,slab_deep,2013-02-24T16:40:22,,,-1,2013-02-24 16:40:22+00:00,True,519
121519,2013-02-25T05:02:31,-71.448,-18.238,40.8,4.8,mw,,,7.8,,,,,,,,,,,,,,USGS,,slab_interface,30.8839836121,slab_interface,2013-02-25T05:02:31,,,-1,2013-02-25 05:02:31+00:00,True,275
121541,2013-02-26T03:14:43,-71.435,-27.354,27.0,4.5,mw,,,,,,,,,,,,,,,,,ISC,,slab_interface,14.5471591949,slab_interface,2013-02-26T03:14:43,,,-1,2013-02-26 03:14:43+00:00,True,286
121540,2013-02-26T03:14:44,-71.346,-27.426,42.3,5.3,mw,,,,,,,,,,,,,,,,,USGS,,intra_slab,17.0909290314,intra_slab,2013-02-26T03:14:44,,,-1,2013-02-26 03:14:44+00:00,True,175
121542,2013-02-26T03:14:45,-70.405,-27.619,118.0,4.5,mw,,,6.2,,,,,,,,,,,,,,CSN-improved,,slab_deep,54.9469604492,slab_deep,2013-02-26T03:14:45,,,-1,2013-02-26 03:14:45+00:00,True,630
121543,2013-02-26T04:04:29,-67.488,-21.265,189.0,4.1,mw,,,,,,,,,,,,,,,,,ISC,,slab_deep,143.62890625,slab_deep,2013-02-26T04:04:29,,,-1,2013-02-26 04:04:29+00:00,True,685
121544,2013-02-26T15:59:23,-71.026,-31.284,4.0,4.0,mw,,,,,,,,,,,,,,,,,ISC,,forearc,59.2292785645,forearc,2013-02-26T15:59:23,,,-1,2013-02-26 15:59:23+00:00,True,149
121599,2013-02-28T23:27:07,-71.916,-28.992,7.0,4.1,mw,,,,,,,,,,,,,,,,,ISC,,slab_interface,14.9809122086,slab_interface,2013-02-28T23:27:07,,,-1,2013-02-28 23:27:07+00:00,True,323
121660,2013-03-02T01:52:57,-68.475,-33.657,7.0,4.0,mw,,,,,,,,,,,,,,,,,ISC,,backarc,,unclassified,2013-03-02T01:52:57,,,-1,2013-03-02 01:52:57+00:00,True,78
121661,2013-03-02T02:25:55,-70.764,-25.375,11.9828,4.0,mw,,,,,,,,,,,,,,,,,CSN-improved,,forearc,28.987695694,forearc,2013-03-02T02:25:55,,,-1,2013-03-02 02:25:55+00:00,True,150
121653,2013-03-02T11:42:02,-70.372,-22.852,50.9,5.1,mw,,,7.4,,199.0,34.0,-40.0,323.0,69.0,-118.0,-1.78e+16,-1.21e+16,2.9900000000000004e+16,1.2e+16,-1.71e+16,-1.07e+16,CSN-improved,,intra_slab,31.7419204712,intra_slab,2013-03-02T11:42:02,,,-1,2013-03-02 11:42:02+00:00,True,184
121657,2013-03-02T11:47:57,-71.554,-30.413,49.6847,4.4,mw,,,,,,,,,,,,,,,,,CSN-improved,,intra_slab,32.2808990479,intra_slab,2013-03-02T11:47:57,,,-1,2013-03-02 11:47:57+00:00,True,204
121652,2013-03-02T12:56:34,-67.458,-19.99,293.6,5.3,mw,,,7.1,,,,,,,,,,,,,,CSN-improved,,slab_deep,171.513504028,slab_deep,2013-03-02T12:56:34,,,-1,2013-03-02 12:56:34+00:00,True,480
121697,2013-03-03T05:17:21,-70.553,-22.482,22.2088,4.4,mw,,,,,,,,,,,,,,,,,CSN-improved,,slab_interface,25.0284385681,slab_interface,2013-03-03T05:17:21,,,-1,2013-03-03 05:17:21+00:00,True,295
121701,2013-03-03T06:22:47,-71.247,-17.915,40.0,4.0,mw,,,,,,,,,,,,,,,,,ISC,,slab_interface,48.6254615784,slab_interface,2013-03-03T06:22:47,,,-1,2013-03-03 06:22:47+00:00,True,335
121702,2013-03-03T06:29:09,-70.448,-21.231,37.2939,4.0,mw,,,,,,,,,,,,,,,,,CSN-improved,,slab_interface,27.8688430786,slab_interface,2013-03-03T06:29:09,,,-1,2013-03-03 06:29:09+00:00,True,336
121696,2013-03-03T17:40:35,-72.199,-16.781,35.0,4.4,mw,,,,,,,,,,,,,,,,,ISC,,forearc,62.8402061462,forearc,2013-03-03T17:40:35,,,-1,2013-03-03 17:40:35+00:00,True,124
121739,2013-03-04T20:47:09,-74.666,-38.209,6.2,4.3,mw,,,20.4,,,,,,,,,,,,,,CSN-improved,,outer_rise,,outer_rise,2013-03-04T20:47:09,,,-1,2013-03-04 20:47:09+00:00,True,81
121766,2013-03-05T16:03:18,-71.245,-16.1,175.5,4.2,mw,,,16.6,,,,,,,,,,,,,,CSN-improved,,slab_deep,124.936203003,slab_deep,2013-03-05T16:03:18,,,-1,2013-03-05 16:03:18+00:00,True,664
121799,2013-03-06T01:52:05,-68.184,-31.668,27.0,5.1,mw,,,,,,,,,,,,,,,,,USGS,,backarc,,unclassified,2013-03-06T01:52:05,,,-1,2013-03-06 01:52:05+00:00,True,55
121803,2013-03-06T14:23:01,-71.326,-18.886,35.0,4.1,mw,,,,,,,,,,,,,,,,,ISC,,slab_interface,21.1358203888,slab_interface,2013-03-06T14:23:01,,,-1,2013-03-06 14:23:01+00:00,True,324
121800,2013-03-06T20:42:34,-67.848,-24.417,115.7,5.0,mw,,,5.4,,,,,,,,,,,,,,USGS,,slab_deep,103.273391724,slab_deep,2013-03-06T20:42:34,,,-1,2013-03-06 20:42:34+00:00,True,531
121935,2013-03-09T05:47:52,-65.95,-21.804,267.8,4.6,mw,,,9.5,,,,,,,,,,,,,,USGS,,slab_deep,238.939666748,slab_deep,2013-03-09T05:47:52,,,-1,2013-03-09 05:47:52+00:00,True,612
121934,2013-03-09T05:47:54,-66.949,-21.835,339.4,4.8,mw,,,9.9,,,,,,,,,,,,,,CSN-improved,,slab_deep,169.969863892,slab_deep,2013-03-09T05:47:54,,,-1,2013-03-09 05:47:54+00:00,True,573
121990,2013-03-10T02:55:02,-67.123,-31.602,116.1,4.9,mw,,,3.7,,,,,,,,,,,,,,USGS,,slab_deep,105.222396851,slab_deep,2013-03-10T02:55:02,,,-1,2013-03-10 02:55:02+00:00,True,555
121989,2013-03-10T23:59:17,-68.851,-18.833,106.3,5.1,mw,,,4.0,,,,,,,,,,,,,,USGS,,slab_deep,114.573974609,slab_deep,2013-03-10T23:59:17,,,-1,2013-03-10 23:59:17+00:00,True,520
122044,2013-03-11T00:42:50,-70.395,-31.858,111.1012,4.4,mw,,,,,,,,,,,,,,,,,CSN-improved,,slab_deep,85.7154998779,slab_deep,2013-03-11T00:42:50,,,-1,2013-03-11 00:42:50+00:00,True,645
122041,2013-03-11T01:37:11,-71.103,-30.411,69.3,5.0,mw,,,,,,,,,,,,,,,,,USGS,,slab_deep,53.160572052,slab_deep,2013-03-11T01:37:11,,,-1,2013-03-11 01:37:11+00:00,True,532
122042,2013-03-11T17:54:38,-65.951,-20.114,215.8,4.5,mw,,,13.2,,,,,,,,,,,,,,USGS,,forearc,263.944610596,forearc,2013-03-11T17:54:38,,,-1,2013-03-11 17:54:38+00:00,True,118
122046,2013-03-11T17:54:40,-66.391,-20.083,248.0,4.2,mw,,,,,,,,,,,,,,,,,ISC,,slab_deep,231.963760376,slab_deep,2013-03-11T17:54:40,,,-1,2013-03-11 17:54:40+00:00,True,665
122078,2013-03-12T07:13:38,-68.668,-23.0,122.0,4.0,mw,,,,,,,,,,,,,,,,,ISC,,slab_deep,84.8473052979,slab_deep,2013-03-12T07:13:38,,,-1,2013-03-12 07:13:38+00:00,True,704
122195,2013-03-16T16:17:20,-73.714,-34.213,49.952,4.5,mw,,,,,,,,,,,,,,,,,CSN-improved,,outer_rise,,outer_rise,2013-03-16T16:17:20,,,-1,2013-03-16 16:17:20+00:00,True,75
122227,2013-03-17T01:31:21,-68.927,-20.366,108.0,4.0,mw,,,,,,,,,,,,,,,,,ISC,,slab_deep,88.9247665405,slab_deep,2013-03-17T01:31:21,,,-1,2013-03-17 01:31:21+00:00,True,705
122226,2013-03-17T16:16:40,-69.061,-31.004,130.0,4.1,mw,,,35.5,,,,,,,,,,,,,,CSN-improved,,slab_deep,95.7330932617,slab_deep,2013-03-17T16:16:40,,,-1,2013-03-17 16:16:40+00:00,True,686
122222,2013-03-17T22:56:30,-70.672,-24.823,43.6,5.3,mw,,,,,,,,,,,,,,,,,USGS,,slab_interface,30.6330509186,slab_interface,2013-03-17T22:56:30,,,-1,2013-03-17 22:56:30+00:00,True,247
122261,2013-03-18T09:55:11,-71.433,-33.947,25.0,4.1,mw,,,,,,,,,,,,,,,,,ISC,,forearc,47.0254325867,forearc,2013-03-18T09:55:11,,,-1,2013-03-18 09:55:11+00:00,True,140
122251,2013-03-18T16:16:35,-72.253,-16.512,83.9,5.1,mw,,,6.9,,,,,,,,,,,,,,USGS,,slab_deep,73.469833374,slab_deep,2013-03-18T16:16:35,,,-1,2013-03-18 16:16:35+00:00,True,521
122259,2013-03-18T17:40:22,-68.418,-21.322,123.0,4.2,mw,,,,,,,,,,,,,,,,,ISC,,slab_deep,99.7833709717,slab_deep,2013-03-18T17:40:22,,,-1,2013-03-18 17:40:22+00:00,True,666
122297,2013-03-19T11:41:55,-69.567,-27.873,8.5,4.9,mw,,,5.2,,,,,,,,,,,,,,CSN-improved,,intraarc_shallow,,intraarc,2013-03-19T11:41:55,,,-1,2013-03-19 11:41:55+00:00,True,55
122331,2013-03-20T15:35:42,-70.492,-25.527,71.7662,4.0,mw,,,,,,,,,,,,,,,,,CSN-improved,,intra_slab,38.1615447998,intra_slab,2013-03-20T15:35:42,,,-1,2013-03-20 15:35:42+00:00,True,225
122436,2013-03-23T02:13:26,-67.891,-31.104,90.9077,4.3,mw,,,,,,,,,,,,,,,,,CSN-improved,,slab_deep,92.7687683105,slab_deep,2013-03-23T02:13:26,,,-1,2013-03-23 02:13:26+00:00,True,654
122435,2013-03-23T08:00:12,-74.042,-16.104,35.0,4.5,mw,,,,,,,,,,,,,,,,,USGS,,slab_interface,36.126159668,slab_interface,2013-03-23T08:00:12,,,-1,2013-03-23 08:00:12+00:00,True,287
122438,2013-03-23T08:00:12,-73.942,-16.126,54.0,4.2,mw,,,,,,,,,,,,,,,,,ISC,,intra_slab,37.0493965149,intra_slab,2013-03-23T08:00:12,,,-1,2013-03-23 08:00:12+00:00,True,214
122513,2013-03-25T22:02:35,-73.816,-36.781,35.7,4.7,mw,,,5.3,,,,,,,,,,,,,,CSN-improved,,intra_slab,17.8688354492,intra_slab,2013-03-25T22:02:35,,,-1,2013-03-25 22:02:35+00:00,True,195
122542,2013-03-26T10:00:56,-69.034,-23.243,90.4352,4.5,mw,,,,,,,,,,,,,,,,,CSN-improved,,slab_deep,75.549697876,slab_deep,2013-03-26T10:00:56,,,-1,2013-03-26 10:00:56+00:00,True,631
122541,2013-03-26T20:34:22,-74.082,-16.585,54.3,4.5,mw,,,13.4,,,,,,,,,,,,,,USGS,,intra_slab,19.0638408661,intra_slab,2013-03-26T20:34:22,,,-1,2013-03-26 20:34:22+00:00,True,201
122573,2013-03-27T23:40:27,-70.016,-25.882,58.2,4.6,mw,,,5.6,,,,,,,,,,,,,,USGS,,slab_deep,59.7799949646,slab_deep,2013-03-27T23:40:27,,,-1,2013-03-27 23:40:27+00:00,True,613
122615,2013-03-28T14:38:09,-71.573,-30.922,13.0,4.4,mw,,,,,,,,,,,,,,,,,ISC,,forearc,34.018497467,forearc,2013-03-28T14:38:09,,,-1,2013-03-28 14:38:09+00:00,True,125
122621,2013-03-28T14:44:16,-72.265,-30.326,38.0,4.0,mw,,,5.1,,,,,,,,,,,,,,CSN-improved,,intra_slab,12.274058342,intra_slab,2013-03-28T14:44:16,,,-1,2013-03-28 14:44:16+00:00,True,226
122653,2013-03-29T03:45:59,-69.287,-29.306,89.9,5.0,mw,,,2.5,,,,,,,,,,,,,,USGS,,slab_deep,87.7676391602,slab_deep,2013-03-29T03:45:59,,,-1,2013-03-29 03:45:59+00:00,True,533
122656,2013-03-29T03:46:00,-69.929,-29.297,133.4,4.6,mw,,,6.6,,,,,,,,,,,,,,CSN-improved,,slab_deep,83.5377578735,slab_deep,2013-03-29T03:46:00,,,-1,2013-03-29 03:46:00+00:00,True,614
122652,2013-03-29T19:44:30,-68.238,-31.803,105.4,5.1,mw,,,9.3,,,,,,,,,,,,,,USGS,,slab_deep,98.7530670166,slab_deep,2013-03-29T19:44:30,,,-1,2013-03-29 19:44:30+00:00,True,522
122663,2013-03-29T20:41:26,-69.947,-21.419,42.7123,4.0,mw,,,,,,,,,,,,,,,,,CSN-improved,,slab_interface,46.1522026062,slab_interface,2013-03-29T20:41:26,,,-1,2013-03-29 20:41:26+00:00,True,337
122661,2013-03-29T21:09:46,-73.368,-34.8,66.6963,4.1,mw,,,,,,,,,,,,,,,,,CSN-improved,,intra_slab,9.83553409576,intra_slab,2013-03-29T21:09:46,,,-1,2013-03-29 21:09:46+00:00,True,221
122684,2013-03-30T18:23:03,-71.482,-28.984,10.0,4.9,mw,,,,,,,,,,,,,,,,,ISC,,forearc,25.4970569611,forearc,2013-03-30T18:23:03,,,-1,2013-03-30 18:23:03+00:00,True,104
122715,2013-03-31T20:51:48,-70.56,-31.755,10.0,4.3,mw,,,,,,,,,,,,,,,,,ISC,,forearc,80.8592834473,forearc,2013-03-31T20:51:48,,,-1,2013-03-31 20:51:48+00:00,True,130
122739,2013-04-01T09:00:08,-68.067,-20.371,161.0372,4.4,mw,,,,,,,,,,,,,,,,,CSN-improved,,slab_deep,126.181175232,slab_deep,2013-04-01T09:00:08,,,-1,2013-04-01 09:00:08+00:00,True,646
122767,2013-04-02T11:03:55,-70.941,-25.039,39.1,4.8,mw,,,4.3,,,,,,,,,,,,,,CSN-improved,,intra_slab,22.6173839569,intra_slab,2013-04-02T11:03:55,,,-1,2013-04-02 11:03:55+00:00,True,190
122796,2013-04-03T06:15:28,-68.712,-20.005,118.7,5.0,mw,,,7.3,,,,,,,,,,,,,,USGS,,slab_deep,101.275444031,slab_deep,2013-04-03T06:15:28,,,-1,2013-04-03 06:15:28+00:00,True,534
122798,2013-04-03T15:30:51,-68.555,-23.633,102.7922,4.5,mw,,,,,,,,,,,,,,,,,CSN-improved,,slab_deep,85.7418518066,slab_deep,2013-04-03T15:30:51,,,-1,2013-04-03 15:30:51+00:00,True,632
122841,2013-04-04T11:41:09,-71.95,-34.547,60.1,4.6,mw,,,4.7,,,,,,,,,,,,,,CSN-improved,,intra_slab,36.5305175781,intra_slab,2013-04-04T11:41:09,,,-1,2013-04-04 11:41:09+00:00,True,199
122840,2013-04-04T23:27:52,-69.94,-36.43,26.6,4.6,mw,,,13.4,,,,,,,,,,,,,,USGS,,backarc,,unclassified,2013-04-04T23:27:52,,,-1,2013-04-04 23:27:52+00:00,True,64
122901,2013-04-06T12:28:21,-66.328,-21.785,262.0,4.1,mw,,,,,,,,,,,,,,,,,ISC,,slab_deep,210.109054565,slab_deep,2013-04-06T12:28:21,,,-1,2013-04-06 12:28:21+00:00,True,687
122931,2013-04-07T20:33:17,-71.094,-37.099,155.5,4.2,mw,,,12.1,,,,,,,,,,,,,,CSN-improved,,slab_deep,110.902816772,slab_deep,2013-04-07T20:33:17,,,-1,2013-04-07 20:33:17+00:00,True,667
122929,2013-04-07T22:36:56,-71.866,-17.555,47.7,4.5,mw,,,999.9,,,,,,,,,,,,,,CSN-improved,,slab_interface,42.5133781433,slab_interface,2013-04-07T22:36:56,,,-1,2013-04-07 22:36:56+00:00,True,288
122930,2013-04-07T23:32:38,-68.624,-29.38,206.3444,4.5,mw,,,,,,,,,,,,,,,,,CSN-improved,,slab_deep,88.475402832,slab_deep,2013-04-07T23:32:38,,,-1,2013-04-07 23:32:38+00:00,True,633
122928,2013-04-07T23:32:39,-68.093,-29.451,108.0,5.0,mw,,,,,,,,,,,,,,,,,USGS,,slab_deep,90.2949142456,slab_deep,2013-04-07T23:32:39,,,-1,2013-04-07 23:32:39+00:00,True,535
122963,2013-04-08T08:50:10,-71.218,-30.113,66.7,4.9,mw,,,9.0,,,,,,,,,,,,,,CSN-improved,,intra_slab,46.5582580566,intra_slab,2013-04-08T08:50:10,,,-1,2013-04-08 08:50:10+00:00,True,186
122967,2013-04-08T18:51:34,-70.27,-28.9,138.8,4.2,mw,,,18.4,,,,,,,,,,,,,,CSN-improved,,slab_deep,74.6410140991,slab_deep,2013-04-08T18:51:34,,,-1,2013-04-08 18:51:34+00:00,True,668
122962,2013-04-08T18:51:35,-69.686,-28.99,106.3,4.9,mw,,,4.0,,,,,,,,,,,,,,USGS,,slab_deep,84.990234375,slab_deep,2013-04-08T18:51:35,,,-1,2013-04-08 18:51:35+00:00,True,556
122991,2013-04-09T16:40:47,-74.635,-38.399,6.2,4.1,mw,,,6.9,,,,,,,,,,,,,,CSN-improved,,slab_interface,9.86487770081,slab_interface,2013-04-09T16:40:47,,,-1,2013-04-09 16:40:47+00:00,True,325
123025,2013-04-10T08:51:54,-69.186,-19.262,116.0,4.1,mw,,,,,,,,,,,,,,,,,ISC,,slab_deep,93.2779541016,slab_deep,2013-04-10T08:51:54,,,-1,2013-04-10 08:51:54+00:00,True,688
123053,2013-04-11T20:48:47,-71.175,-30.812,56.0,4.4,mw,,,4.0,,,,,,,,,,,,,,CSN-improved,,slab_deep,50.2608566284,slab_deep,2013-04-11T20:48:47,,,-1,2013-04-11 20:48:47+00:00,True,647
123052,2013-04-11T22:54:28,-73.145,-18.587,0.0,4.4,mw,,,,,,,,,,,,,,,,,ISC,,outer_rise,,outer_rise,2013-04-11T22:54:28,,,-1,2013-04-11 22:54:28+00:00,True,76
123111,2013-04-13T14:48:01,-69.031,-28.97,110.0,4.4,mw,,,,,,,,,,,,,,,,,ISC,,slab_deep,87.1538848877,slab_deep,2013-04-13T14:48:01,,,-1,2013-04-13 14:48:01+00:00,True,648
123181,2013-04-16T06:39:48,-71.978,-34.88,35.0,5.1,mw,,,6.6,,,,,,,,,,,,,,CSN-improved,,slab_interface,40.7079582214,slab_interface,2013-04-16T06:39:48,,,-1,2013-04-16 06:39:48+00:00,True,266
123191,2013-04-16T19:24:22,-70.592,-23.415,26.9334,4.0,mw,,,,,,,,,,,,,,,,,CSN-improved,,slab_interface,26.1409034729,slab_interface,2013-04-16T19:24:22,,,-1,2013-04-16 19:24:22+00:00,True,338
123261,2013-04-18T02:45:33,-70.77,-34.087,82.3916,4.0,mw,,,,,,,,,,,,,,,,,CSN-improved,,slab_deep,78.9886169434,slab_deep,2013-04-18T02:45:33,,,-1,2013-04-18 02:45:33+00:00,True,706
123297,2013-04-19T06:28:18,-70.035,-30.514,135.4832,4.0,mw,,,,,,,,,,,,,,,,,CSN-improved,,slab_deep,90.8143844604,slab_deep,2013-04-19T06:28:18,,,-1,2013-04-19 06:28:18+00:00,True,707
123333,2013-04-20T19:14:33,-68.543,-29.399,6.0,5.0,mw,,,,,,,,,,,,,,,,,USGS,,backarc,,unclassified,2013-04-20T19:14:33,,,-1,2013-04-20 19:14:33+00:00,True,58
123337,2013-04-20T19:37:14,-67.512,-32.622,21.0,4.2,mw,,,,,,,,,,,,,,,,,ISC,,backarc,,unclassified,2013-04-20T19:37:14,,,-1,2013-04-20 19:37:14+00:00,True,71
123370,2013-04-21T19:32:09,-66.408,-27.302,64.0,4.0,mw,,,,,,,,,,,,,,,,,ISC,,backarc,,unclassified,2013-04-21T19:32:09,,,-1,2013-04-21 19:32:09+00:00,True,79
123454,2013-04-24T08:58:12,-72.442,-36.545,84.3,4.6,mw,,,18.3,,,,,,,,,,,,,,USGS,,slab_deep,52.815826416,slab_deep,2013-04-24T08:58:12,,,-1,2013-04-24 08:58:12+00:00,True,615
123455,2013-04-24T08:58:13,-71.925,-36.631,61.4,4.6,mw,,,2.3,,,,,,,,,,,,,,CSN-improved,,slab_deep,73.4329452515,slab_deep,2013-04-24T08:58:13,,,-1,2013-04-24 08:58:13+00:00,True,616
123493,2013-04-25T03:51:58,-68.172,-23.054,141.083,4.5,mw,,,,,,,,,,,,,,,,,CSN-improved,,slab_deep,97.3674163818,slab_deep,2013-04-25T03:51:58,,,-1,2013-04-25 03:51:58+00:00,True,634
123491,2013-04-25T08:51:59,-66.448,-24.106,143.6,5.1,mw,,,5.0,,,,,,,,,,,,,,USGS,,forearc,184.385910034,forearc,2013-04-25T08:51:59,,,-1,2013-04-25 08:51:59+00:00,True,99
123490,2013-04-25T08:52:05,-67.29,-24.11,211.674,5.5,mw,,,,,,,,,,,,,,,,,CSN-improved,,slab_deep,128.424407959,slab_deep,2013-04-25T08:52:05,,,-1,2013-04-25 08:52:05+00:00,True,343
123495,2013-04-25T14:39:31,-68.424,-30.161,25.0,4.0,mw,,,,,,,,,,,,,,,,,ISC,,backarc,,unclassified,2013-04-25T14:39:31,,,-1,2013-04-25 14:39:31+00:00,True,80
123578,2013-04-27T13:33:23,-70.865,-18.257,46.5504,4.0,mw,,,,,,,,,,,,,,,,,CSN-improved,,slab_deep,51.5707931519,slab_deep,2013-04-27T13:33:23,,,-1,2013-04-27 13:33:23+00:00,True,708
123661,2013-04-29T11:44:18,-69.408,-31.558,110.0,4.6,mw,,,,,,,,,,,,,,,,,USGS,,slab_deep,101.126792908,slab_deep,2013-04-29T11:44:18,,,-1,2013-04-29 11:44:18+00:00,True,617
123693,2013-04-30T06:12:49,-71.398,-32.016,20.5545,4.0,mw,,,,,,,,,,,,,,,,,CSN-improved,,forearc,42.365688324,forearc,2013-04-30T06:12:49,,,-1,2013-04-30 06:12:49+00:00,True,151
123686,2013-04-30T10:57:08,-70.68,-33.493,84.36,5.0,mw,,,,,,,,,,,,,,,,,CSN-improved,,slab_deep,74.2627182007,slab_deep,2013-04-30T10:57:08,,,-1,2013-04-30 10:57:08+00:00,True,536
123687,2013-04-30T21:01:41,-67.579,-20.907,159.5,4.8,mw,,,6.6,,,,,,,,,,,,,,USGS,,slab_deep,142.774246216,slab_deep,2013-04-30T21:01:41,,,-1,2013-04-30 21:01:41+00:00,True,574
123723,2013-05-01T07:00:25,-69.373,-32.447,121.8,5.3,mw,,,2.7,,,,,,,,,,,,,,USGS,,slab_deep,105.519119263,slab_deep,2013-05-01T07:00:25,,,-1,2013-05-01 07:00:25+00:00,True,481
123727,2013-05-01T11:26:31,-68.455,-33.699,6.0,4.0,mw,,,,,,,,,,,,,,,,,ISC,,backarc,,unclassified,2013-05-01T11:26:31,,,-1,2013-05-01 11:26:31+00:00,True,81
123750,2013-05-02T14:05:14,-69.419,-17.3,162.3,5.0,mw,,,5.8,,,,,,,,,,,,,,USGS,,slab_deep,130.477798462,slab_deep,2013-05-02T14:05:14,,,-1,2013-05-02 14:05:14+00:00,True,537
123752,2013-05-02T19:49:51,-69.696,-16.88,178.8,4.8,mw,,,7.7,,,,,,,,,,,,,,USGS,,slab_deep,136.245498657,slab_deep,2013-05-02T19:49:51,,,-1,2013-05-02 19:49:51+00:00,True,575
123790,2013-05-03T09:18:16,-72.263,-28.139,20.0,4.9,mw,,,0.0,,359.0,45.0,-108.0,204.0,47.0,-73.0,-6.69e+16,2520000000000000.0,6.44e+16,1.59e+16,-859999999999999.9,1.32e+16,CSN-improved,,outer_rise,,outer_rise,2013-05-03T09:18:16,,,-1,2013-05-03 09:18:16+00:00,True,65
123789,2013-05-03T09:18:21,-72.71,-28.26,12.0,5.2,mw,0.01,0.01,0.0,,359.0,45.0,-108.0,204.0,47.0,-73.0,-6.69e+16,2520000000000000.0,6.44e+16,1.59e+16,-859999999999999.9,1.32e+16,GCMT,,outer_rise,,outer_rise,2013-05-03T09:18:21,,,-1,2013-05-03 09:18:21+00:00,True,61
123822,2013-05-04T03:12:03,-72.865,-36.888,31.1814,4.5,mw,,,,,,,,,,,,,,,,,CSN-improved,,slab_interface,41.4413528442,slab_interface,2013-05-04T03:12:03,,,-1,2013-05-04 03:12:03+00:00,True,289
123854,2013-05-05T21:51:27,-74.185,-40.373,24.7,4.7,mw,,,10.1,,,,,,,,,,,,,,USGS,,slab_interface,19.7312107086,slab_interface,2013-05-05T21:51:27,,,-1,2013-05-05 21:51:27+00:00,True,279
123891,2013-05-06T01:49:45,-67.198,-27.258,121.8,4.9,mw,,,4.9,,,,,,,,,,,,,,USGS,,slab_deep,119.833427429,slab_deep,2013-05-06T01:49:45,,,-1,2013-05-06 01:49:45+00:00,True,557
123892,2013-05-06T02:03:31,-70.884,-30.056,73.7,4.3,mw,,,2.8,,,,,,,,,,,,,,CSN-improved,,slab_deep,60.3145370483,slab_deep,2013-05-06T02:03:31,,,-1,2013-05-06 02:03:31+00:00,True,655
123918,2013-05-07T15:20:43,-72.542,-34.335,33.9,4.1,mw,,,4.1,,,,,,,,,,,,,,CSN-improved,,intra_slab,17.611700058,intra_slab,2013-05-07T15:20:43,,,-1,2013-05-07 15:20:43+00:00,True,222
124024,2013-05-10T15:43:21,-70.338,-22.075,36.3402,4.1,mw,,,,,,,,,,,,,,,,,CSN-improved,,slab_interface,30.4638328552,slab_interface,2013-05-10T15:43:21,,,-1,2013-05-10 15:43:21+00:00,True,326
124056,2013-05-11T02:19:16,-72.475,-16.487,42.0,5.0,mw,,,310.7,,,,,,,,,,,,,,CSN-improved,,forearc,65.0514984131,forearc,2013-05-11T02:19:16,,,-1,2013-05-11 02:19:16+00:00,True,101
124055,2013-05-11T15:39:29,-69.4,-26.2,15.2,5.3,mw,0.01,0.01,0.5,,11.0,48.0,53.0,240.0,54.0,124.0,9.19e+16,-2.84e+16,-6.35e+16,-5.45e+16,2.71e+16,-4.53e+16,GCMT,,intraarc_shallow,,intraarc,2013-05-11T15:39:29,,,-1,2013-05-11 15:39:29+00:00,True,50
124084,2013-05-12T12:02:20,-69.334,-23.516,86.8,4.7,mw,,,,,,,,,,,,,,,,,USGS,,slab_deep,67.8276748657,slab_deep,2013-05-12T12:02:20,,,-1,2013-05-12 12:02:20+00:00,True,597
124081,2013-05-12T12:51:57,-68.79,-21.04,143.1,5.3,mw,0.01,0.01,1.4,,164.0,6.0,-95.0,349.0,84.0,-89.0,-2.71e+16,1.6e+16,1.12e+16,1.8e+16,-9.44e+16,0.0,GCMT,,slab_deep,89.1543121338,slab_deep,2013-05-12T12:51:57,,,-1,2013-05-12 12:51:57+00:00,True,482
124087,2013-05-12T21:56:27,-70.304,-29.832,149.4135,4.2,mw,,,,,,,,,,,,,,,,,CSN-improved,,slab_deep,80.3162994385,slab_deep,2013-05-12T21:56:27,,,-1,2013-05-12 21:56:27+00:00,True,670
124086,2013-05-12T21:56:27,-69.675,-29.834,112.4,4.2,mw,,,14.8,,,,,,,,,,,,,,USGS,,slab_deep,89.2422027588,slab_deep,2013-05-12T21:56:27,,,-1,2013-05-12 21:56:27+00:00,True,669
124151,2013-05-14T13:12:14,-66.496,-33.653,11.0,4.1,mw,,,,,,,,,,,,,,,,,ISC,,backarc,,unclassified,2013-05-14T13:12:14,,,-1,2013-05-14 13:12:14+00:00,True,74
124187,2013-05-15T11:47:57,-70.189,-24.907,67.0475,4.4,mw,,,,,,,,,,,,,,,,,CSN-improved,,intra_slab,46.4201126099,intra_slab,2013-05-15T11:47:57,,,-1,2013-05-15 11:47:57+00:00,True,205
124227,2013-05-17T14:11:22,-67.977,-21.827,107.1,4.6,mw,,,7.3,,,,,,,,,,,,,,USGS,,slab_deep,111.591201782,slab_deep,2013-05-17T14:11:22,,,-1,2013-05-17 14:11:22+00:00,True,618
124271,2013-05-18T10:22:22,-66.336,-28.636,49.7,4.7,mw,,,7.9,,,,,,,,,,,,,,USGS,,backarc,,unclassified,2013-05-18T10:22:22,,,-1,2013-05-18 10:22:22+00:00,True,63
124306,2013-05-19T03:37:10,-70.906,-36.838,122.4,4.1,mw,,,13.9,,,,,,,,,,,,,,CSN-improved,,slab_deep,115.995002747,slab_deep,2013-05-19T03:37:10,,,-1,2013-05-19 03:37:10+00:00,True,689
124302,2013-05-19T05:37:49,-70.92,-17.34,106.0,5.1,mw,,,,,,,,,,,,,,,,,USGS,,slab_deep,82.6271286011,slab_deep,2013-05-19T05:37:49,,,-1,2013-05-19 05:37:49+00:00,True,523
124303,2013-05-19T05:37:51,-70.488,-17.242,115.4,4.6,mw,,,7.3,,,,,,,,,,,,,,CSN-improved,,slab_deep,97.6946487427,slab_deep,2013-05-19T05:37:51,,,-1,2013-05-19 05:37:51+00:00,True,619
124348,2013-05-20T17:42:31,-69.79,-16.4,198.0,4.2,mw,,,,,,,,,,,,,,,,,ISC,,slab_deep,160.321609497,slab_deep,2013-05-20T17:42:31,,,-1,2013-05-20 17:42:31+00:00,True,671
124347,2013-05-20T17:42:34,-70.079,-16.628,222.8,4.6,mw,,,5.6,,,,,,,,,,,,,,CSN-improved,,slab_deep,136.097091675,slab_deep,2013-05-20T17:42:34,,,-1,2013-05-20 17:42:34+00:00,True,620
124386,2013-05-21T04:28:59,-68.935,-31.516,110.0,4.6,mw,,,,,,,,,,,,,,,,,USGS,,slab_deep,97.783416748,slab_deep,2013-05-21T04:28:59,,,-1,2013-05-21 04:28:59+00:00,True,621
124456,2013-05-23T11:04:00,-71.588,-33.985,76.1629,4.0,mw,,,,,,,,,,,,,,,,,CSN-improved,,intra_slab,41.549861908,intra_slab,2013-05-23T11:04:00,,,-1,2013-05-23 11:04:00+00:00,True,227
124452,2013-05-23T11:04:02,-71.607,-34.035,37.0,5.2,mw,,,,,,,,,,,,,,,,,ISC,,slab_interface,42.2124938965,slab_interface,2013-05-23T11:04:02,,,-1,2013-05-23 11:04:02+00:00,True,261
124486,2013-05-24T18:50:30,-69.423,-30.735,100.5,4.7,mw,,,9.1,,,,,,,,,,,,,,CSN-improved,,slab_deep,96.9736251831,slab_deep,2013-05-24T18:50:30,,,-1,2013-05-24 18:50:30+00:00,True,598
124483,2013-05-24T18:50:32,-69.258,-30.51,42.7,5.0,mw,,,5.5,,,,,,,,,,,,,,USGS,,intraarc_deep,,intraarc,2013-05-24T18:50:32,,,-1,2013-05-24 18:50:32+00:00,True,54
124586,2013-05-27T05:21:06,-71.363,-36.088,109.842,5.0,mw,,,,,,,,,,,,,,,,,CSN-improved,,slab_deep,88.3025894165,slab_deep,2013-05-27T05:21:06,,,-1,2013-05-27 05:21:06+00:00,True,538
124587,2013-05-27T09:01:47,-70.109,-24.566,55.95,5.0,mw,,,,,,,,,,,,,,,,,CSN-improved,,slab_interface,47.7524375916,slab_interface,2013-05-27T09:01:47,,,-1,2013-05-27 09:01:47+00:00,True,269
124636,2013-05-29T07:41:38,-69.038,-26.09,120.1,4.2,mw,,,6.0,,,,,,,,,,,,,,CSN-improved,,slab_deep,85.1740036011,slab_deep,2013-05-29T07:41:38,,,-1,2013-05-29 07:41:38+00:00,True,672
124638,2013-05-29T10:48:57,-69.846,-25.057,51.3828,4.0,mw,,,,,,,,,,,,,,,,,CSN-improved,,slab_deep,59.8257865906,slab_deep,2013-05-29T10:48:57,,,-1,2013-05-29 10:48:57+00:00,True,709
124649,2013-05-30T21:17:16,-70.96,-23.619,14.6012,4.2,mw,,,,,,,,,,,,,,,,,CSN-improved,,slab_interface,18.0094032288,slab_interface,2013-05-30T21:17:16,,,-1,2013-05-30 21:17:16+00:00,True,313
124698,2013-06-01T16:50:51,-69.525,-26.174,11.6,5.0,mw,,,,,,,,,,,,,,,,,USGS,,forearc,76.0504455566,forearc,2013-06-01T16:50:51,,,-1,2013-06-01 16:50:51+00:00,True,102
124719,2013-06-02T18:07:56,-69.883,-21.659,81.1,4.7,mw,,,,,,,,,,,,,,,,,USGS,,intra_slab,47.719871521,intra_slab,2013-06-02T18:07:56,,,-1,2013-06-02 18:07:56+00:00,True,196
124723,2013-06-02T20:11:10,-68.434,-30.907,14.0,4.0,mw,,,,,,,,,,,,,,,,,ISC,,backarc,,unclassified,2013-06-02T20:11:10,,,-1,2013-06-02 20:11:10+00:00,True,82
124722,2013-06-02T20:11:12,-68.536,-30.723,149.6959,4.1,mw,,,,,,,,,,,,,,,,,CSN-improved,,slab_deep,91.3974456787,slab_deep,2013-06-02T20:11:12,,,-1,2013-06-02 20:11:12+00:00,True,690
124749,2013-06-03T10:31:53,-71.219,-27.04,25.0,4.3,mw,,,,,,,,,,,,,,,,,ISC,,slab_interface,18.7778778076,slab_interface,2013-06-03T10:31:53,,,-1,2013-06-03 10:31:53+00:00,True,308
124785,2013-06-04T12:23:27,-71.492,-20.976,35.0,4.1,mw,,,,,,,,,,,,,,,,,ISC,,outer_rise,,outer_rise,2013-06-04T12:23:27,,,-1,2013-06-04 12:23:27+00:00,True,86
124816,2013-06-05T02:02:07,-70.007,-33.864,115.8,4.0,mw,,,5.1,,,,,,,,,,,,,,CSN-improved,,slab_deep,101.980461121,slab_deep,2013-06-05T02:02:07,,,-1,2013-06-05 02:02:07+00:00,True,710
124813,2013-06-05T16:26:01,-71.304,-39.371,139.7,4.6,mw,,,7.1,,,,,,,,,,,,,,CSN-improved,,slab_deep,127.100860596,slab_deep,2013-06-05T16:26:01,,,-1,2013-06-05 16:26:01+00:00,True,622
124843,2013-06-06T17:42:15,-69.428,-34.928,151.7,5.0,mw,,,8.9,,,,,,,,,,,,,,USGS,,slab_deep,148.799377441,slab_deep,2013-06-06T17:42:15,,,-1,2013-06-06 17:42:15+00:00,True,539
124850,2013-06-06T21:20:32,-73.308,-34.143,30.2105,4.4,mw,,,,,,,,,,,,,,,,,CSN-improved,,outer_rise,,outer_rise,2013-06-06T21:20:32,,,-1,2013-06-06 21:20:32+00:00,True,77
124847,2013-06-06T21:20:32,-73.001,-34.071,19.8,4.7,mw,,,,,,,,,,,,,,,,,USGS,,slab_interface,8.97336864471,slab_interface,2013-06-06T21:20:32,,,-1,2013-06-06 21:20:32+00:00,True,280
124868,2013-06-07T06:28:12,-71.852,-32.689,4.0,4.8,mw,,,,,,,,,,,,,,,,,ISC,,forearc,25.6241493225,forearc,2013-06-07T06:28:12,,,-1,2013-06-07 06:28:12+00:00,True,108
124907,2013-06-08T03:19:30,-72.563,-36.171,40.7,4.2,mw,,,7.4,,,,,,,,,,,,,,CSN-improved,,slab_interface,44.4554519653,slab_interface,2013-06-08T03:19:30,,,-1,2013-06-08 03:19:30+00:00,True,314
124962,2013-06-10T02:29:46,-71.582,-35.562,114.4,4.8,mw,,,,,,,,,,,,,,,,,USGS,,slab_deep,69.6360549927,slab_deep,2013-06-10T02:29:46,,,-1,2013-06-10 02:29:46+00:00,True,576
125005,2013-06-11T10:58:55,-71.386,-28.766,16.9726,4.4,mw,,,,,,,,,,,,,,,,,CSN-improved,,slab_interface,26.302947998,slab_interface,2013-06-11T10:58:55,,,-1,2013-06-11 10:58:55+00:00,True,296
125080,2013-06-13T04:30:29,-69.582,-17.386,0.0,4.1,mw,,,,,,,,,,,,,,,,,ISC,,intraarc_shallow,,intraarc,2013-06-13T04:30:29,,,-1,2013-06-13 04:30:29+00:00,True,63
125075,2013-06-13T10:41:38,-70.7,-32.274,80.0206,5.0,mw,,,,,,,,,,,,,,,,,CSN-improved,,slab_deep,73.0303192139,slab_deep,2013-06-13T10:41:38,,,-1,2013-06-13 10:41:38+00:00,True,540
125079,2013-06-13T22:01:17,-68.746,-24.602,109.3217,4.4,mw,,,,,,,,,,,,,,,,,CSN-improved,,slab_deep,83.6120986938,slab_deep,2013-06-13T22:01:17,,,-1,2013-06-13 22:01:17+00:00,True,649
125133,2013-06-15T20:46:43,-70.18,-24.036,30.0,4.2,mw,,,,,,,,,,,,,,,,,ISC,,slab_interface,41.3479118347,slab_interface,2013-06-15T20:46:43,,,-1,2013-06-15 20:46:43+00:00,True,315
125164,2013-06-16T04:19:32,-74.277,-41.022,35.0,4.0,mw,,,,,,,,,,,,,,,,,ISC,,intra_slab,18.8460140228,intra_slab,2013-06-16T04:19:32,,,-1,2013-06-16 04:19:32+00:00,True,228
125163,2013-06-16T04:19:32,-74.225,-41.024,34.7,4.5,mw,,,9.3,,,,,,,,,,,,,,CSN-improved,,slab_interface,19.8999958038,slab_interface,2013-06-16T04:19:32,,,-1,2013-06-16 04:19:32+00:00,True,290
125165,2013-06-16T10:29:57,-72.0,-30.722,2.0,4.0,mw,,,,,,,,,,,,,,,,,ISC,,forearc,18.0671749115,forearc,2013-06-16T10:29:57,,,-1,2013-06-16 10:29:57+00:00,True,152
125207,2013-06-18T03:07:35,-67.548,-28.917,133.1,4.1,mw,,,5.1,,,,,,,,,,,,,,CSN-improved,,slab_deep,99.8735656738,slab_deep,2013-06-18T03:07:35,,,-1,2013-06-18 03:07:35+00:00,True,691
125208,2013-06-18T19:51:04,-65.119,-17.509,16.0,4.0,mw,,,,,,,,,,,,,,,,,ISC,,backarc,,unclassified,2013-06-18T19:51:04,,,-1,2013-06-18 19:51:04+00:00,True,83
125237,2013-06-19T15:24:31,-71.459,-30.013,27.4,5.2,mw,,,4.9,,,,,,,,,,,,,,USGS,,slab_interface,34.5722312927,slab_interface,2013-06-19T15:24:31,,,-1,2013-06-19 15:24:31+00:00,True,262
125243,2013-06-19T21:23:41,-73.443,-33.59,35.0,4.0,mw,,,,,,,,,,,,,,,,,ISC,,outer_rise,,outer_rise,2013-06-19T21:23:41,,,-1,2013-06-19 21:23:41+00:00,True,92
125275,2013-06-20T01:15:52,-67.403,-22.922,0.0,4.1,mw,,,,,,,,,,,,,,,,,ISC,,intraarc_shallow,,intraarc,2013-06-20T01:15:52,,,-1,2013-06-20 01:15:52+00:00,True,64
125276,2013-06-20T15:29:37,-69.737,-20.514,90.9,4.0,mw,,,4.3,,,,,,,,,,,,,,CSN-improved,,slab_deep,58.8216896057,slab_deep,2013-06-20T15:29:37,,,-1,2013-06-20 15:29:37+00:00,True,711
125321,2013-06-22T14:12:17,-70.13,-17.058,17.0,4.3,mw,,,6.0,,,,,,,,,,,,,,CSN-improved,,forearc,115.223510742,forearc,2013-06-22T14:12:17,,,-1,2013-06-22 14:12:17+00:00,True,131
125337,2013-06-23T22:21:28,-67.303,-23.636,242.4,4.7,mw,,,8.1,,,,,,,,,,,,,,CSN-improved,,slab_deep,130.957458496,slab_deep,2013-06-23T22:21:28,,,-1,2013-06-23 22:21:28+00:00,True,599
125364,2013-06-24T10:07:09,-74.355,-37.368,10.3,4.2,mw,,,8.4,,,,,,,,,,,,,,CSN-improved,,slab_interface,11.6588773727,slab_interface,2013-06-24T10:07:09,,,-1,2013-06-24 10:07:09+00:00,True,316
125415,2013-06-26T08:39:50,-72.649,-32.877,1.0,4.0,mw,,,,,,,,,,,,,,,,,ISC,,slab_interface,9.18888759613,slab_interface,2013-06-26T08:39:50,,,-1,2013-06-26 08:39:50+00:00,True,339
125416,2013-06-26T08:39:56,-71.978,-32.203,15.3494,4.0,mw,,,,,,,,,,,,,,,,,CSN-improved,,slab_interface,20.7636089325,slab_interface,2013-06-26T08:39:56,,,-1,2013-06-26 08:39:56+00:00,True,340
125413,2013-06-26T15:47:06,-71.07,-27.607,29.0,4.4,mw,,,3.5,,,,,,,,,,,,,,USGS,,slab_interface,26.5509910583,slab_interface,2013-06-26T15:47:06,,,-1,2013-06-26 15:47:06+00:00,True,297
125418,2013-06-26T22:18:36,-71.32,-18.188,47.0,4.0,mw,,,4.4,,,,,,,,,,,,,,CSN-improved,,slab_interface,36.9007034302,slab_interface,2013-06-26T22:18:36,,,-1,2013-06-26 22:18:36+00:00,True,341
125462,2013-06-27T19:29:27,-66.991,-19.435,372.1,4.8,mw,,,8.2,,,,,,,,,,,,,,CSN-improved,,slab_deep,212.455429077,slab_deep,2013-06-27T19:29:27,,,-1,2013-06-27 19:29:27+00:00,True,577
125463,2013-06-27T19:29:28,-66.171,-19.23,296.0,4.7,mw,,,,,,,,,,,,,,,,,ISC,,slab_deep,278.686981201,slab_deep,2013-06-27T19:29:28,,,-1,2013-06-27 19:29:28+00:00,True,600
125467,2013-06-27T21:06:47,-73.471,-37.754,51.1077,4.2,mw,,,,,,,,,,,,,,,,,CSN-improved,,intra_slab,28.4278125763,intra_slab,2013-06-27T21:06:47,,,-1,2013-06-27 21:06:47+00:00,True,215
125461,2013-06-27T23:23:41,-71.497,-29.584,35.0,5.0,mw,,,2.9,,,,,,,,,,,,,,USGS,,slab_interface,30.2031002045,slab_interface,2013-06-27T23:23:41,,,-1,2013-06-27 23:23:41+00:00,True,270
125493,2013-06-28T02:08:14,-71.598,-29.828,5.2,4.9,mw,,,1.7,,,,,,,,,,,,,,USGS,,forearc,27.8185558319,forearc,2013-06-28T02:08:14,,,-1,2013-06-28 02:08:14+00:00,True,105
125520,2013-06-29T08:21:36,-69.126,-31.931,105.4,4.9,mw,,,2.5,,,,,,,,,,,,,,USGS,,slab_deep,102.768119812,slab_deep,2013-06-29T08:21:36,,,-1,2013-06-29 08:21:36+00:00,True,558
125524,2013-06-29T14:13:58,-73.46,-41.247,25.3,4.0,mw,,,5.2,,,,,,,,,,,,,,CSN-improved,,forearc,45.1540565491,forearc,2013-06-29T14:13:58,,,-1,2013-06-29 14:13:58+00:00,True,153
125522,2013-06-29T16:10:52,-69.225,-31.905,26.7903,4.2,mw,,,,,,,,,,,,,,,,,CSN-improved,,intraarc_shallow,,intraarc,2013-06-29T16:10:52,,,-1,2013-06-29 16:10:52+00:00,True,60
125521,2013-06-29T16:50:53,-75.04,-39.338,35.0,4.6,mw,,,,,,,,,,,,,,,,,ISC,,outer_rise,,outer_rise,2013-06-29T16:50:53,,,-1,2013-06-29 16:50:53+00:00,True,68
125571,2013-07-01T09:19:03,-66.056,-19.783,16.0,4.2,mw,,,,,,,,,,,,,,,,,ISC,,backarc,,unclassified,2013-07-01T09:19:03,,,-1,2013-07-01 09:19:03+00:00,True,72
125604,2013-07-02T16:40:48,-68.213,-23.563,127.4,4.2,mw,,,5.9,,,,,,,,,,,,,,CSN-improved,,slab_deep,93.6864624023,slab_deep,2013-07-02T16:40:48,,,-1,2013-07-02 16:40:48+00:00,True,673
125605,2013-07-02T16:47:25,-73.936,-35.005,37.5,4.2,mw,,,18.8,,,,,,,,,,,,,,CSN-improved,,outer_rise,,outer_rise,2013-07-02T16:47:25,,,-1,2013-07-02 16:47:25+00:00,True,84
125687,2013-07-05T07:53:58,-74.752,-37.319,27.1,4.4,mw,,,4.8,,,,,,,,,,,,,,CSN-improved,,outer_rise,,outer_rise,2013-07-05T07:53:58,,,-1,2013-07-05 07:53:58+00:00,True,78
125692,2013-07-05T07:58:37,-72.698,-37.607,49.3,4.0,mw,,,418.3,,,,,,,,,,,,,,CSN-improved,,slab_deep,50.732219696,slab_deep,2013-07-05T07:58:37,,,-1,2013-07-05 07:58:37+00:00,True,712
125739,2013-07-07T23:13:42,-65.627,-17.582,54.3,5.0,mw,,,6.4,,,,,,,,,,,,,,USGS,,backarc,,unclassified,2013-07-07T23:13:42,,,-1,2013-07-07 23:13:42+00:00,True,59
125758,2013-07-08T05:13:21,-69.179,-20.702,106.4,4.8,mw,,,,,,,,,,,,,,,,,USGS,,slab_deep,78.7080993652,slab_deep,2013-07-08T05:13:21,,,-1,2013-07-08 05:13:21+00:00,True,578
125765,2013-07-08T09:57:54,-72.786,-35.685,11.1,4.0,mw,,,3.6,,,,,,,,,,,,,,CSN-improved,,forearc,30.1269512177,forearc,2013-07-08T09:57:54,,,-1,2013-07-08 09:57:54+00:00,True,154
125760,2013-07-08T13:43:33,-72.409,-34.258,67.1915,4.3,mw,,,,,,,,,,,,,,,,,CSN-improved,,intra_slab,19.7723560333,intra_slab,2013-07-08T13:43:33,,,-1,2013-07-08 13:43:33+00:00,True,210
125795,2013-07-09T00:29:09,-70.629,-25.998,43.3,4.9,mw,,,,,,,,,,,,,,,,,USGS,,slab_interface,33.0721855164,slab_interface,2013-07-09T00:29:09,,,-1,2013-07-09 00:29:09+00:00,True,272
125798,2013-07-09T11:01:22,-72.58,-34.719,3.0,4.1,mw,,,,,,,,,,,,,,,,,ISC,,forearc,20.2998104095,forearc,2013-07-09T11:01:22,,,-1,2013-07-09 11:01:22+00:00,True,141
125827,2013-07-10T04:49:52,-71.582,-17.094,33.4,4.8,mw,,,8.6,,,,,,,,,,,,,,USGS,,forearc,71.1119308472,forearc,2013-07-10T04:49:52,,,-1,2013-07-10 04:49:52+00:00,True,109
125830,2013-07-10T06:20:57,-73.517,-16.574,115.0,4.2,mw,,,,,,,,,,,,,,,,,ISC,,intra_slab,33.941570282,intra_slab,2013-07-10T06:20:57,,,-1,2013-07-10 06:20:57+00:00,True,216
125825,2013-07-10T14:32:16,-69.68,-19.39,131.0,5.6,mw,0.01,0.01,1.1,,194.0,11.0,-66.0,350.0,80.0,-94.0,-1.03e+17,-2.5e+16,1.29e+17,6.9e+16,-3.44e+17,7.1e+16,GCMT,,slab_deep,72.5398330688,slab_deep,2013-07-10T14:32:16,,,-1,2013-07-10 14:32:16+00:00,True,298
125854,2013-07-11T10:30:19,-69.156,-19.821,3.5951,4.1,mw,,,,,,,,,,,,,,,,,CSN-improved,,intraarc_shallow,,intraarc,2013-07-11T10:30:19,,,-1,2013-07-11 10:30:19+00:00,True,65
125852,2013-07-11T20:05:26,-68.863,-24.117,112.0,4.2,mw,,,,,,,,,,,,,,,,,ISC,,slab_deep,80.6036453247,slab_deep,2013-07-11T20:05:26,,,-1,2013-07-11 20:05:26+00:00,True,674
125890,2013-07-12T03:35:54,-71.571,-35.004,44.0522,4.0,mw,,,,,,,,,,,,,,,,,CSN-improved,,forearc,60.8162155151,forearc,2013-07-12T03:35:54,,,-1,2013-07-12 03:35:54+00:00,True,155
125888,2013-07-12T15:27:59,-68.863,-20.438,109.2249,4.8,mw,,,,,,,,,,,,,,,,,CSN-improved,,slab_deep,91.2977523804,slab_deep,2013-07-12T15:27:59,,,-1,2013-07-12 15:27:59+00:00,True,579
125885,2013-07-12T20:32:37,-70.791,-16.8,109.2,5.4,mw,,,6.2,,,,,,,,,,,,,,USGS,,slab_deep,109.336700439,slab_deep,2013-07-12T20:32:37,,,-1,2013-07-12 20:32:37+00:00,True,414
125912,2013-07-13T21:36:15,-67.02,-26.96,23.9,5.2,mw,0.02,0.01,1.2,,123.0,59.0,0.0,33.0,90.0,149.0,-1250000000000000.0,5.66e+16,-5.54e+16,2.18e+16,3.03e+16,2.51e+16,GCMT,,backarc,,unclassified,2013-07-13T21:36:15,,,-1,2013-07-13 21:36:15+00:00,True,53
126007,2013-07-16T07:37:55,-65.064,-26.867,38.1,4.6,mw,,,15.2,,,,,,,,,,,,,,USGS,,backarc,,unclassified,2013-07-16T07:37:55,,,-1,2013-07-16 07:37:55+00:00,True,65
126008,2013-07-16T13:31:43,-69.855,-29.451,112.4,4.5,mw,,,4.9,,,,,,,,,,,,,,CSN-improved,,slab_deep,85.5123138428,slab_deep,2013-07-16T13:31:43,,,-1,2013-07-16 13:31:43+00:00,True,635
126042,2013-07-17T16:19:03,-66.821,-34.362,11.6,5.1,mw,,,4.1,,,,,,,,,,,,,,USGS,,backarc,,unclassified,2013-07-17T16:19:03,,,-1,2013-07-17 16:19:03+00:00,True,56
126173,2013-07-21T20:20:06,-67.872,-23.888,148.4,4.7,mw,,,6.8,,,,,,,,,,,,,,USGS,,slab_deep,103.7003479,slab_deep,2013-07-21T20:20:06,,,-1,2013-07-21 20:20:06+00:00,True,601
126213,2013-07-22T05:05:46,-72.33,-16.898,49.0,4.0,mw,,,,,,,,,,,,,,,,,ISC,,slab_deep,53.1926612854,slab_deep,2013-07-22T05:05:46,,,-1,2013-07-22 05:05:46+00:00,True,713
126210,2013-07-22T13:54:45,-69.54,-26.771,8.8062,5.2,mw,,,,,,,,,,,,,,,,,CSN-improved,,intraarc_shallow,,intraarc,2013-07-22T13:54:45,,,-1,2013-07-22 13:54:45+00:00,True,53
126241,2013-07-23T00:48:14,-69.933,-26.74,35.0,4.8,mw,,,,,,,,,,,,,,,,,ISC,,forearc,68.1298980713,forearc,2013-07-23T00:48:14,,,-1,2013-07-23 00:48:14+00:00,True,110
126277,2013-07-24T02:09:25,-68.023,-21.347,194.6,4.7,mw,,,6.5,,,,,,,,,,,,,,USGS,,slab_deep,115.566856384,slab_deep,2013-07-24T02:09:25,,,-1,2013-07-24 02:09:25+00:00,True,602
126347,2013-07-26T23:13:03,-72.093,-29.774,41.3,4.4,mw,,,3.9,,,,,,,,,,,,,,CSN-improved,,intra_slab,13.817322731,intra_slab,2013-07-26T23:13:03,,,-1,2013-07-26 23:13:03+00:00,True,206
126389,2013-07-27T10:32:07,-74.011,-36.408,43.1,4.0,mw,,,2.5,,,,,,,,,,,,,,CSN-improved,,intra_slab,12.7268886566,intra_slab,2013-07-27T10:32:07,,,-1,2013-07-27 10:32:07+00:00,True,229
126417,2013-07-28T08:48:50,-73.733,-36.129,44.2,4.9,mw,,,,,,,,,,,,,,,,,USGS,,intra_slab,14.9829521179,intra_slab,2013-07-28T08:48:50,,,-1,2013-07-28 08:48:50+00:00,True,187
126418,2013-07-28T17:29:22,-68.579,-23.026,142.6,4.7,mw,,,,,,,,,,,,,,,,,USGS,,slab_deep,85.800567627,slab_deep,2013-07-28T17:29:22,,,-1,2013-07-28 17:29:22+00:00,True,603
126480,2013-07-30T07:21:21,-74.147,-41.555,11.3,4.3,mw,,,5.3,,,,,,,,,,,,,,CSN-improved,,slab_interface,24.1919708252,slab_interface,2013-07-30T07:21:21,,,-1,2013-07-30 07:21:21+00:00,True,309
126590,2013-08-02T06:35:55,-67.613,-21.292,219.2,4.3,mw,,,7.8,,,,,,,,,,,,,,CSN-improved,,slab_deep,137.165054321,slab_deep,2013-08-02T06:35:55,,,-1,2013-08-02 06:35:55+00:00,True,656
126580,2013-08-02T06:47:03,-67.168,-20.586,185.05,5.2,mw,,,5.6,0.037,,,,,,,,,,,,,USGS,,slab_deep,176.645828247,slab_deep,2013-08-02T06:47:03,,,-1,2013-08-02 06:47:03+00:00,True,513
126587,2013-08-02T06:47:05,-67.796,-20.581,226.1,4.5,mw,,,5.7,,,,,,,,,,,,,,CSN-improved,,slab_deep,135.942611694,slab_deep,2013-08-02T06:47:05,,,-1,2013-08-02 06:47:05+00:00,True,636
126585,2013-08-02T15:33:03,-69.526,-30.202,15.8,4.6,mw,,,5.7,,,,,,,,,,,,,,CSN-improved,,intraarc_shallow,,intraarc,2013-08-02T15:33:03,,,-1,2013-08-02 15:33:03+00:00,True,58
126685,2013-08-05T05:08:34,-74.794,-38.289,21.6,4.6,mw,,,8.6,,,,,,,,,,,,,,CSN-improved,,outer_rise,,outer_rise,2013-08-05T05:08:34,,,-1,2013-08-05 05:08:34+00:00,True,69
126687,2013-08-05T14:02:10,-67.982,-16.059,20.0,4.4,mw,,,,,,,,,,,,,,,,,ISC,,backarc,,unclassified,2013-08-05T14:02:10,,,-1,2013-08-05 14:02:10+00:00,True,69
126724,2013-08-06T09:07:30,-68.52,-28.954,107.77,4.9,mw,,,4.9,0.048,,,,,,,,,,,,,USGS,,slab_deep,88.6294784546,slab_deep,2013-08-06T09:07:30,,,-1,2013-08-06 09:07:30+00:00,True,559
126758,2013-08-07T06:26:29,-68.615,-23.9,90.2817,4.0,mw,,,,,,,,,,,,,,,,,CSN-improved,,slab_deep,84.8428878784,slab_deep,2013-08-07T06:26:29,,,-1,2013-08-07 06:26:29+00:00,True,714
126751,2013-08-07T17:23:56,-70.161,-19.357,31.8,4.7,mw,,,7.9,0.097,,,,,,,,,,,,,USGS,,forearc,54.7775230408,forearc,2013-08-07T17:23:56,,,-1,2013-08-07 17:23:56+00:00,True,112
126757,2013-08-07T22:42:16,-71.384,-28.036,25.0,4.1,mw,,,11.6,,,,,,,,,,,,,,CSN-improved,,slab_interface,19.60496521,slab_interface,2013-08-07T22:42:16,,,-1,2013-08-07 22:42:16+00:00,True,327
126780,2013-08-08T15:21:41,-71.152,-17.637,9.8,5.1,mw,,,3.1,0.079,,,,,,,,,,,,,USGS,,forearc,62.0408401489,forearc,2013-08-08T15:21:41,,,-1,2013-08-08 15:21:41+00:00,True,100
126800,2013-08-09T20:20:13,-70.376,-22.63,34.8,4.4,mw,,,3.6,,,,,,,,,,,,,,CSN-improved,,slab_interface,29.6952877045,slab_interface,2013-08-09T20:20:13,,,-1,2013-08-09 20:20:13+00:00,True,298
126837,2013-08-11T15:28:43,-68.97,-23.032,99.9533,4.9,mw,,,,,,,,,,,,,,,,,CSN-improved,,slab_deep,78.0723876953,slab_deep,2013-08-11T15:28:43,,,-1,2013-08-11 15:28:43+00:00,True,560
126858,2013-08-12T12:02:35,-68.824,-33.049,23.9,4.0,mw,,,9.4,0.291,,,,,,,,,,,,,USGS,,backarc,,unclassified,2013-08-12T12:02:35,,,-1,2013-08-12 12:02:35+00:00,True,84
126856,2013-08-12T17:14:24,-73.78,-37.292,41.4,4.3,mw,,,1.6,,,,,,,,,,,,,,CSN-improved,,intra_slab,19.7960586548,intra_slab,2013-08-12T17:14:24,,,-1,2013-08-12 17:14:24+00:00,True,211
126882,2013-08-13T09:53:30,-68.755,-27.995,87.34,4.8,mw,,,5.4,0.07,,,,,,,,,,,,,USGS,,slab_deep,89.2212905884,slab_deep,2013-08-13T09:53:30,,,-1,2013-08-13 09:53:30+00:00,True,580
126885,2013-08-13T09:53:31,-69.228,-27.981,129.3,4.4,mw,,,11.3,,,,,,,,,,,,,,CSN-improved,,slab_deep,86.8483657837,slab_deep,2013-08-13T09:53:31,,,-1,2013-08-13 09:53:31+00:00,True,650
126899,2013-08-14T14:04:58,-67.326,-21.879,180.16,5.0,mw,,,8.0,0.387,,,,,,,,,,,,,USGS,,slab_deep,145.196777344,slab_deep,2013-08-14T14:04:58,,,-1,2013-08-14 14:04:58+00:00,True,541
126902,2013-08-14T16:38:53,-70.949,-16.089,150.0,4.0,mw,,,,,,,,,,,,,,,,,ISC,,slab_deep,136.780410767,slab_deep,2013-08-14T16:38:53,,,-1,2013-08-14 16:38:53+00:00,True,715
126926,2013-08-15T11:13:46,-74.033,-37.051,19.1928,5.2,mw,,,,,,,,,,,,,,,,,CSN-improved,,slab_interface,14.9033699036,slab_interface,2013-08-15T11:13:46,,,-1,2013-08-15 11:13:46+00:00,True,263
126958,2013-08-16T22:17:33,-71.31,-28.69,49.2,5.2,mw,0.02,0.01,1.3,,148.0,34.0,47.0,16.0,66.0,115.0,5.21e+16,1.25e+16,-6.46e+16,1.05e+16,2.9e+16,7200000000000000.0,GCMT,,intra_slab,29.2144412994,intra_slab,2013-08-16T22:17:33,,,-1,2013-08-16 22:17:33+00:00,True,181
126998,2013-08-17T11:43:30,-70.602,-30.382,33.6,4.0,mw,,,3.5,,,,,,,,,,,,,,CSN-improved,,forearc,74.9706802368,forearc,2013-08-17T11:43:30,,,-1,2013-08-17 11:43:30+00:00,True,156
127019,2013-08-18T22:46:23,-67.49,-22.298,190.0,4.8,mw,,,,,,,,,,,,,,,,,ISC,,slab_deep,132.975204468,slab_deep,2013-08-18T22:46:23,,,-1,2013-08-18 22:46:23+00:00,True,581
127052,2013-08-19T19:21:55,-72.117,-34.707,11.0,4.7,mw,,,7.0,0.306,,,,,,,,,,,,,USGS,,forearc,33.8131408691,forearc,2013-08-19T19:21:55,,,-1,2013-08-19 19:21:55+00:00,True,113
127068,2013-08-20T04:56:42,-69.6,-29.061,115.0,4.9,mw,,,6.6,0.163,,,,,,,,,,,,,USGS,,slab_deep,85.8593139648,slab_deep,2013-08-20T04:56:42,,,-1,2013-08-20 04:56:42+00:00,True,561
127071,2013-08-20T17:10:18,-72.727,-35.23,6.1368,4.1,mw,,,,,,,,,,,,,,,,,CSN-improved,,forearc,24.2731151581,forearc,2013-08-20T17:10:18,,,-1,2013-08-20 17:10:18+00:00,True,142
127098,2013-08-21T02:43:30,-72.331,-16.104,103.0,4.2,mw,,,,,,,,,,,,,,,,,ISC,,slab_deep,83.1484909058,slab_deep,2013-08-21T02:43:30,,,-1,2013-08-21 02:43:30+00:00,True,675
127097,2013-08-21T03:25:13,-70.25,-25.268,33.4,4.4,mw,,,2.6,,,,,,,,,,,,,,CSN-improved,,slab_interface,46.5742835999,slab_interface,2013-08-21T03:25:13,,,-1,2013-08-21 03:25:13+00:00,True,299
127101,2013-08-21T14:03:37,-65.143,-31.326,10.0,4.0,mw,,,,,,,,,,,,,,,,,ISC,,backarc,,unclassified,2013-08-21T14:03:37,,,-1,2013-08-21 14:03:37+00:00,True,85
127099,2013-08-21T16:01:14,-68.764,-33.997,10.0,4.1,mw,,,,,,,,,,,,,,,,,ISC,,backarc,,unclassified,2013-08-21T16:01:14,,,-1,2013-08-21 16:01:14+00:00,True,75
127168,2013-08-24T15:04:00,-73.649,-17.187,20.0,4.4,mw,,,0.0,,,,,,,,,,,,,,CSN-improved,,slab_interface,13.4492025375,slab_interface,2013-08-24T15:04:00,,,-1,2013-08-24 15:04:00+00:00,True,300
127267,2013-08-28T21:51:06,-66.901,-26.928,115.0,4.3,mw,,,9.8,,,,,,,,,,,,,,USGS,,forearc,132.875305176,forearc,2013-08-28T21:51:06,,,-1,2013-08-28 21:51:06+00:00,True,132
127314,2013-08-30T10:48:13,-70.575,-34.529,96.903,5.1,mw,,,,,338.0,45.0,-18.0,81.0,77.0,-133.0,-8050000000000000.0,1.02e+16,-2120000000000000.0,-2.15e+16,-1.92e+16,-1.91e+16,CSN-improved,,slab_deep,94.8344955444,slab_deep,2013-08-30T10:48:13,,,-1,2013-08-30 10:48:13+00:00,True,524
127333,2013-08-31T04:55:14,-68.32,-19.07,235.5,4.3,mw,,,5.1,,,,,,,,,,,,,,CSN-improved,,slab_deep,140.701980591,slab_deep,2013-08-31T04:55:14,,,-1,2013-08-31 04:55:14+00:00,True,657
127358,2013-09-01T20:52:11,-70.735,-26.864,70.0,4.6,mw,,,8.1,0.529,,,,,,,,,,,,,USGS,,intra_slab,32.7284927368,intra_slab,2013-09-01T20:52:11,,,-1,2013-09-01 20:52:11+00:00,True,200
127363,2013-09-01T22:10:35,-70.586,-25.679,8.3231,4.0,mw,,,,,,,,,,,,,,,,,CSN-improved,,forearc,34.5807914734,forearc,2013-09-01T22:10:35,,,-1,2013-09-01 22:10:35+00:00,True,157
127391,2013-09-02T08:30:09,-71.067,-32.885,66.8061,4.0,mw,,,,,,,,,,,,,,,,,CSN-improved,,slab_deep,57.6118392944,slab_deep,2013-09-02T08:30:09,,,-1,2013-09-02 08:30:09+00:00,True,716
127392,2013-09-02T11:55:37,-71.439,-29.158,36.7472,4.0,mw,,,,,,,,,,,,,,,,,CSN-improved,,slab_interface,28.6209564209,slab_interface,2013-09-02T11:55:37,,,-1,2013-09-02 11:55:37+00:00,True,342
127426,2013-09-03T17:48:10,-68.957,-19.303,124.69,5.0,mw,,,4.2,0.164,,,,,,,,,,,,,USGS,,slab_deep,102.006744385,slab_deep,2013-09-03T17:48:10,,,-1,2013-09-03 17:48:10+00:00,True,542
127430,2013-09-03T20:56:10,-70.928,-26.957,32.44,4.2,mw,,,5.1,0.089,,,,,,,,,,,,,USGS,,slab_interface,25.7028179169,slab_interface,2013-09-03T20:56:10,,,-1,2013-09-03 20:56:10+00:00,True,317
127428,2013-09-03T20:56:11,-71.026,-27.081,44.1,4.4,mw,,,6.2,,,,,,,,,,,,,,CSN-improved,,intra_slab,23.2680492401,intra_slab,2013-09-03T20:56:11,,,-1,2013-09-03 20:56:11+00:00,True,207
127458,2013-09-04T04:12:40,-69.817,-21.469,76.5185,4.5,mw,,,,,,,,,,,,,,,,,CSN-improved,,slab_deep,52.3223075867,slab_deep,2013-09-04T04:12:40,,,-1,2013-09-04 04:12:40+00:00,True,637
127497,2013-09-05T05:52:39,-70.664,-24.108,52.0,4.4,mw,,,,,,,,,,,,,,,,,ISC,,intra_slab,27.4504318237,intra_slab,2013-09-05T05:52:39,,,-1,2013-09-05 05:52:39+00:00,True,208
127502,2013-09-05T21:52:33,-65.041,-33.064,35.0,4.0,mw,,,,,,,,,,,,,,,,,ISC,,backarc,,unclassified,2013-09-05T21:52:33,,,-1,2013-09-05 21:52:33+00:00,True,86
127528,2013-09-06T00:08:58,-66.545,-24.329,61.38,5.2,mw,,,8.1,0.143,,,,,,,,,,,,,USGS,,backarc,,unclassified,2013-09-06T00:08:58,,,-1,2013-09-06 00:08:58+00:00,True,54
127612,2013-09-08T18:17:28,-71.396,-32.055,30.4682,4.0,mw,,,,,,,,,,,,,,,,,CSN-improved,,slab_interface,42.3530960083,slab_interface,2013-09-08T18:17:28,,,-1,2013-09-08 18:17:28+00:00,True,343
127662,2013-09-09T16:32:08,-71.6,-16.69,33.0,4.2,mw,,,10.1,,,,,,,,,,,,,,USGS,,forearc,88.8625793457,forearc,2013-09-09T16:32:08,,,-1,2013-09-09 16:32:08+00:00,True,136
127663,2013-09-09T17:34:24,-69.271,-19.61,97.5879,4.1,mw,,,,,,,,,,,,,,,,,CSN-improved,,slab_deep,86.5160064697,slab_deep,2013-09-09T17:34:24,,,-1,2013-09-09 17:34:24+00:00,True,692
127701,2013-09-10T00:58:52,-72.475,-37.181,49.4,4.6,mw,,,3.5,,,,,,,,,,,,,,CSN-improved,,slab_deep,58.2699012756,slab_deep,2013-09-10T00:58:52,,,-1,2013-09-10 00:58:52+00:00,True,623
127700,2013-09-10T01:28:04,-72.941,-34.685,31.3,4.8,mw,,,4.0,,,,,,,,,,,,,,CSN-improved,,intra_slab,13.9704351425,intra_slab,2013-09-10T01:28:04,,,-1,2013-09-10 01:28:04+00:00,True,191
127699,2013-09-10T04:31:28,-68.165,-23.105,172.8,4.9,mw,,,6.4,0.222,,,,,,,,,,,,,USGS,,slab_deep,97.0704879761,slab_deep,2013-09-10T04:31:28,,,-1,2013-09-10 04:31:28+00:00,True,562
127702,2013-09-10T09:57:53,-72.887,-34.609,27.4,4.4,mw,,,3.7,,,,,,,,,,,,,,CSN-improved,,slab_interface,13.8482570648,slab_interface,2013-09-10T09:57:53,,,-1,2013-09-10 09:57:53+00:00,True,301
127733,2013-09-11T19:18:19,-67.185,-28.088,124.28,5.2,mw,,,7.9,0.111,,,,,,,,,,,,,USGS,,slab_deep,113.716804504,slab_deep,2013-09-11T19:18:19,,,-1,2013-09-11 19:18:19+00:00,True,514
127774,2013-09-13T10:56:08,-71.208,-32.307,69.4,4.7,mw,,,7.0,0.308,,,,,,,,,,,,,USGS,,slab_deep,51.1709022522,slab_deep,2013-09-13T10:56:08,,,-1,2013-09-13 10:56:08+00:00,True,604
127776,2013-09-13T10:56:08,-71.228,-32.308,73.9907,4.3,mw,,,,,,,,,,,,,,,,,CSN-improved,,intra_slab,48.9112281799,intra_slab,2013-09-13T10:56:08,,,-1,2013-09-13 10:56:08+00:00,True,212
127779,2013-09-13T15:25:30,-72.802,-33.062,28.7,4.0,mw,,,4.1,,,,,,,,,,,,,,CSN-improved,,outer_rise,,outer_rise,2013-09-13T15:25:30,,,-1,2013-09-13 15:25:30+00:00,True,93
127807,2013-09-14T06:08:49,-73.97,-37.337,1.507,4.8,mw,,,,,,,,,,,,,,,,,CSN-improved,,forearc,17.4077301025,forearc,2013-09-14T06:08:49,,,-1,2013-09-14 06:08:49+00:00,True,111
127808,2013-09-14T16:30:08,-69.33,-27.486,117.9,4.2,mw,,,7.1,,,,,,,,,,,,,,CSN-improved,,slab_deep,86.2463378906,slab_deep,2013-09-14T16:30:08,,,-1,2013-09-14 16:30:08+00:00,True,676
127835,2013-09-15T06:04:35,-69.862,-33.169,114.6911,4.3,mw,,,,,,,,,,,,,,,,,CSN-improved,,slab_deep,98.8279495239,slab_deep,2013-09-15T06:04:35,,,-1,2013-09-15 06:04:35+00:00,True,658
127864,2013-09-16T16:18:59,-73.596,-36.77,7.4,4.1,mw,,,2.4,,,,,,,,,,,,,,CSN-improved,,forearc,21.3547954559,forearc,2013-09-16T16:18:59,,,-1,2013-09-16 16:18:59+00:00,True,143
127860,2013-09-16T23:12:38,-67.226,-24.536,138.34,5.0,mw,,,6.7,0.146,,,,,,,,,,,,,USGS,,slab_deep,129.28225708,slab_deep,2013-09-16T23:12:38,,,-1,2013-09-16 23:12:38+00:00,True,543
127862,2013-09-16T23:12:39,-67.679,-24.459,191.3083,4.7,mw,,,,,,,,,,,,,,,,,CSN-improved,,slab_deep,108.796356201,slab_deep,2013-09-16T23:12:39,,,-1,2013-09-16 23:12:39+00:00,True,605
127893,2013-09-17T07:12:04,-65.854,-22.314,251.0,4.8,mw,,,,,,,,,,,,,,,,,ISC,,slab_deep,247.486968994,slab_deep,2013-09-17T07:12:04,,,-1,2013-09-17 07:12:04+00:00,True,582
127892,2013-09-17T07:12:07,-66.495,-22.283,303.4,5.7,mw,,,8.5,,,,,,,,,,,,,,CSN-improved,,slab_deep,196.378448486,slab_deep,2013-09-17T07:12:07,,,-1,2013-09-17 07:12:07+00:00,True,274
127894,2013-09-17T13:11:10,-70.785,-28.11,47.2,4.4,mw,,,7.7,,,,,,,,,,,,,,CSN-improved,,slab_interface,41.7585372925,slab_interface,2013-09-17T13:11:10,,,-1,2013-09-17 13:11:10+00:00,True,302
127911,2013-09-18T12:42:41,-70.778,-25.297,25.0,4.4,mw,,,1.7,0.068,,,,,,,,,,,,,USGS,,slab_interface,27.2973442078,slab_interface,2013-09-18T12:42:41,,,-1,2013-09-18 12:42:41+00:00,True,303
127912,2013-09-18T22:43:40,-69.25,-23.68,78.0,4.4,mw,,,,,,,,,,,,,,,,,ISC,,slab_deep,70.9952316284,slab_deep,2013-09-18T22:43:40,,,-1,2013-09-18 22:43:40+00:00,True,651
127951,2013-09-19T16:43:18,-69.628,-24.23,74.9037,4.0,mw,,,,,,,,,,,,,,,,,CSN-improved,,slab_deep,61.2988929749,slab_deep,2013-09-19T16:43:18,,,-1,2013-09-19 16:43:18+00:00,True,717
127992,2013-09-20T06:26:55,-72.002,-30.393,43.5,4.0,mw,,,5.6,,,,,,,,,,,,,,CSN-improved,,intra_slab,17.4455814362,intra_slab,2013-09-20T06:26:55,,,-1,2013-09-20 06:26:55+00:00,True,230
128023,2013-09-21T07:16:12,-68.88,-18.77,167.1,4.9,mw,0.04,0.03,6.1,,241.0,65.0,-28.0,343.0,65.0,-152.0,,,,,,,GCMT,,slab_deep,114.264175415,slab_deep,2013-09-21T07:16:12,,,-1,2013-09-21 07:16:12+00:00,True,563
128068,2013-09-23T02:54:13,-73.05,-16.14,65.0,4.9,mw,,,8.5,0.543,,,,,,,,,,,,,USGS,,slab_deep,62.6252555847,slab_deep,2013-09-23T02:54:13,,,-1,2013-09-23 02:54:13+00:00,True,564
128071,2013-09-23T08:27:33,-65.81,-27.406,149.0,4.1,mw,,,,,,,,,,,,,,,,,ISC,,forearc,194.049438477,forearc,2013-09-23T08:27:33,,,-1,2013-09-23 08:27:33+00:00,True,144
128094,2013-09-24T17:08:08,-71.317,-29.834,56.4,4.2,mw,,,2.1,,,,,,,,,,,,,,CSN-improved,,intra_slab,40.3131828308,intra_slab,2013-09-24T17:08:08,,,-1,2013-09-24 17:08:08+00:00,True,217
128116,2013-09-25T13:14:46,-68.3,-22.57,149.4,5.3,mw,0.01,0.01,1.0,,142.0,20.0,-118.0,351.0,72.0,-80.0,-6.919999999999999e+16,6900000000000001.0,6.24e+16,9200000000000000.0,-9.54e+16,-2.99e+16,GCMT,,slab_deep,95.775177002,slab_deep,2013-09-25T13:14:46,,,-1,2013-09-25 13:14:46+00:00,True,483
128114,2013-09-25T16:42:52,-74.81,-16.03,46.1,7.0,mw,0.01,0.0,0.3,,307.0,31.0,84.0,133.0,59.0,93.0,3.61e+19,-2.25e+19,-1.36e+19,1.54e+19,-1.54e+19,2.65e+19,GCMT,,outer_rise,,outer_rise,2013-09-25T16:42:52,,,-1,2013-09-25 16:42:52+00:00,True,4
128154,2013-09-26T13:51:54,-66.165,-32.84,23.0,4.0,mw,,,,,,,,,,,,,,,,,ISC,,backarc,,unclassified,2013-09-26T13:51:54,,,-1,2013-09-26 13:51:54+00:00,True,87
128155,2013-09-26T13:51:56,-66.177,-32.902,92.74,4.0,mw,,,40.8,,,,,,,,,,,,,,USGS,,forearc,198.511032104,forearc,2013-09-26T13:51:56,,,-1,2013-09-26 13:51:56+00:00,True,158
128183,2013-09-27T15:11:59,-66.521,-21.366,216.08,4.9,mw,,,7.2,0.121,,,,,,,,,,,,,USGS,,slab_deep,204.315032959,slab_deep,2013-09-27T15:11:59,,,-1,2013-09-27 15:11:59+00:00,True,565
128182,2013-09-27T15:12:00,-67.126,-21.376,250.6,5.1,mw,,,10.2,,,,,,,,,,,,,,CSN-improved,,slab_deep,162.835174561,slab_deep,2013-09-27T15:12:00,,,-1,2013-09-27 15:12:00+00:00,True,525
128213,2013-09-28T03:36:31,-68.633,-32.285,130.0,4.5,mw,,,8.8,0.301,,,,,,,,,,,,,USGS,,slab_deep,107.790481567,slab_deep,2013-09-28T03:36:31,,,-1,2013-09-28 03:36:31+00:00,True,638
128218,2013-09-28T07:28:14,-71.048,-18.526,10.4117,4.2,mw,,,,,,,,,,,,,,,,,CSN-improved,,forearc,36.1998062134,forearc,2013-09-28T07:28:14,,,-1,2013-09-28 07:28:14+00:00,True,137
128214,2013-09-28T07:28:14,-71.024,-18.544,29.6,4.5,mw,,,7.9,0.261,,,,,,,,,,,,,USGS,,slab_interface,37.9333496094,slab_interface,2013-09-28T07:28:14,,,-1,2013-09-28 07:28:14+00:00,True,291
128216,2013-09-28T17:11:30,-69.84,-32.805,108.0,4.5,mw,,,8.3,0.197,,,,,,,,,,,,,USGS,,slab_deep,97.5038986206,slab_deep,2013-09-28T17:11:30,,,-1,2013-09-28 17:11:30+00:00,True,639
128248,2013-09-29T11:26:00,-68.85,-25.003,107.86,4.7,mw,,,4.0,0.142,,,,,,,,,,,,,USGS,,slab_deep,83.3544921875,slab_deep,2013-09-29T11:26:00,,,-1,2013-09-29 11:26:00+00:00,True,606
128245,2013-09-29T23:23:20,-73.81,-37.57,21.7,5.6,mw,0.01,0.01,0.5,,358.0,20.0,86.0,182.0,70.0,91.0,1.72e+17,-1900000000000000.0,-1.7e+17,-9300000000000000.0,-1.98e+17,-200000000000000.0,GCMT,,slab_interface,20.5625629425,slab_interface,2013-09-29T23:23:20,,,-1,2013-09-29 23:23:20+00:00,True,196
128292,2013-09-30T06:51:24,-66.912,-23.256,139.9001,4.2,mw,,,,,,,,,,,,,,,,,CSN-improved,,intraarc_deep,,intraarc,2013-09-30T06:51:24,,,-1,2013-09-30 06:51:24+00:00,True,61
128331,2013-10-01T02:56:44,-73.912,-34.501,18.95,4.6,mw,,,3.1,0.235,,,,,,,,,,,,,USGS,,outer_rise,,outer_rise,2013-10-01T02:56:44,,,-1,2013-10-01 02:56:44+00:00,True,70
128332,2013-10-01T22:30:27,-70.976,-27.459,32.0,4.4,mw,,,,,,,,,,,,,,,,,ISC,,slab_interface,27.1670780182,slab_interface,2013-10-01T22:30:27,,,-1,2013-10-01 22:30:27+00:00,True,304
128339,2013-10-01T22:30:29,-70.787,-27.687,-0.1242,4.0,mw,,,,,,,,,,,,,,,,,CSN-improved,,forearc,37.2303466797,forearc,2013-10-01T22:30:29,,,-1,2013-10-01 22:30:29+00:00,True,159
128432,2013-10-04T07:38:18,-69.873,-26.701,81.6,4.3,mw,,,7.4,0.364,,,,,,,,,,,,,USGS,,slab_deep,71.3630218506,slab_deep,2013-10-04T07:38:18,,,-1,2013-10-04 07:38:18+00:00,True,659
128430,2013-10-04T09:47:14,-70.349,-33.604,117.9,4.8,mw,,,4.8,0.071,,,,,,,,,,,,,USGS,,slab_deep,87.3519439697,slab_deep,2013-10-04T09:47:14,,,-1,2013-10-04 09:47:14+00:00,True,583
128436,2013-10-04T19:24:11,-70.159,-16.583,220.5,4.0,mw,,,7.8,,,,,,,,,,,,,,CSN-improved,,slab_deep,137.316925049,slab_deep,2013-10-04T19:24:11,,,-1,2013-10-04 19:24:11+00:00,True,718
128504,2013-10-06T03:06:23,-68.842,-22.672,102.3,4.8,mw,,,5.1,0.178,,,,,,,,,,,,,USGS,,slab_deep,81.2823104858,slab_deep,2013-10-06T03:06:23,,,-1,2013-10-06 03:06:23+00:00,True,584
128503,2013-10-06T12:48:08,-69.977,-16.18,181.75,4.9,mw,,,5.2,0.042,,,,,,,,,,,,,USGS,,slab_deep,165.750534058,slab_deep,2013-10-06T12:48:08,,,-1,2013-10-06 12:48:08+00:00,True,566
128508,2013-10-06T19:27:12,-70.245,-23.039,44.3847,4.0,mw,,,,,,,,,,,,,,,,,CSN-improved,,slab_interface,35.5367774963,slab_interface,2013-10-06T19:27:12,,,-1,2013-10-06 19:27:12+00:00,True,344
128556,2013-10-07T03:53:49,-72.214,-26.484,35.0,4.1,mw,,,,,,,,,,,,,,,,,ISC,,outer_rise,,outer_rise,2013-10-07T03:53:49,,,-1,2013-10-07 03:53:49+00:00,True,87
128555,2013-10-07T11:04:58,-72.23,-17.1,48.0,4.4,mw,,,10.1,,,,,,,,,,,,,,USGS,,slab_interface,47.97838974,slab_interface,2013-10-07T11:04:58,,,-1,2013-10-07 11:04:58+00:00,True,305
128558,2013-10-07T16:24:19,-67.517,-30.272,6.0,4.0,mw,,,,,,,,,,,,,,,,,ISC,,backarc,,unclassified,2013-10-07T16:24:19,,,-1,2013-10-07 16:24:19+00:00,True,88
128632,2013-10-09T21:00:32,-70.3,-22.063,32.7123,4.0,mw,,,,,,,,,,,,,,,,,CSN-improved,,slab_interface,32.1273536682,slab_interface,2013-10-09T21:00:32,,,-1,2013-10-09 21:00:32+00:00,True,345
128668,2013-10-10T15:09:28,-75.488,-36.756,10.0,4.3,mw,,,,,,,,,,,,,,,,,ISC,,outer_rise,,outer_rise,2013-10-10T15:09:28,,,-1,2013-10-10 15:09:28+00:00,True,82
128699,2013-10-11T01:45:08,-65.753,-28.079,33.0,5.0,mw,,,0.8,0.092,,,,,,,,,,,,,USGS,,backarc,,unclassified,2013-10-11T01:45:08,,,-1,2013-10-11 01:45:08+00:00,True,60
128698,2013-10-11T03:32:03,-69.137,-19.979,94.2686,5.1,mw,,,,,,,,,,,,,,,,,CSN-improved,,slab_deep,85.4750289917,slab_deep,2013-10-11T03:32:03,,,-1,2013-10-11 03:32:03+00:00,True,526
128705,2013-10-11T14:16:48,-72.249,-36.887,58.1,4.1,mw,,,2.9,,,,,,,,,,,,,,CSN-improved,,slab_deep,64.0788040161,slab_deep,2013-10-11T14:16:48,,,-1,2013-10-11 14:16:48+00:00,True,693
128764,2013-10-13T01:06:46,-66.69,-20.45,254.2,5.0,mw,0.03,0.02,3.7,,285.0,25.0,15.0,181.0,84.0,114.0,9420000000000000.0,-2680000000000000.0,-6730000000000000.0,-5200000000000000.0,-3.81e+16,1.71e+16,GCMT,,slab_deep,206.595947266,slab_deep,2013-10-13T01:06:46,,,-1,2013-10-13 01:06:46+00:00,True,544
128865,2013-10-16T14:48:04,-71.705,-32.612,13.7386,4.2,mw,,,,,,,,,,,,,,,,,CSN-improved,,forearc,30.5215587616,forearc,2013-10-16T14:48:04,,,-1,2013-10-16 14:48:04+00:00,True,138
128936,2013-10-18T22:53:08,-67.861,-26.213,35.0,4.2,mw,,,,,,,,,,,,,,,,,ISC,,intraarc_shallow,,intraarc,2013-10-18T22:53:08,,,-1,2013-10-18 22:53:08+00:00,True,62
128934,2013-10-18T22:53:10,-67.47,-26.042,49.57,4.7,mw,,,7.1,0.265,,,,,,,,,,,,,USGS,,intraarc_deep,,intraarc,2013-10-18T22:53:10,,,-1,2013-10-18 22:53:10+00:00,True,57
129005,2013-10-20T21:51:32,-70.183,-18.59,58.2,4.6,mw,,,6.9,0.216,,,,,,,,,,,,,USGS,,slab_deep,67.7415618896,slab_deep,2013-10-20T21:51:32,,,-1,2013-10-20 21:51:32+00:00,True,624
129034,2013-10-21T00:47:08,-69.228,-17.552,179.04,4.5,mw,,,9.1,,,,,,,,,,,,,,USGS,,slab_deep,127.924766541,slab_deep,2013-10-21T00:47:08,,,-1,2013-10-21 00:47:08+00:00,True,640
129035,2013-10-21T04:13:43,-72.06,-16.32,17.0,4.4,mw,,,9.9,,,,,,,,,,,,,,USGS,,forearc,87.5303039551,forearc,2013-10-21T04:13:43,,,-1,2013-10-21 04:13:43+00:00,True,126
129032,2013-10-21T18:17:24,-75.204,-37.926,35.0,5.1,mw,,,,,201.0,38.0,-61.0,346.0,57.0,-111.0,-3.41e+16,-1770000000000000.0,3.59e+16,1.19e+16,-1.28e+16,2590000000000000.0,ISC,,outer_rise,,outer_rise,2013-10-21T18:17:24,,,-1,2013-10-21 18:17:24+00:00,True,62
129072,2013-10-22T04:54:15,-74.507,-39.953,25.0,4.3,mw,,,0.0,,,,,,,,,,,,,,CSN-improved,,slab_interface,13.7231311798,slab_interface,2013-10-22T04:54:15,,,-1,2013-10-22 04:54:15+00:00,True,310
129073,2013-10-22T14:18:45,-71.612,-16.115,173.6,4.2,mw,,,19.3,,,,,,,,,,,,,,CSN-improved,,slab_deep,110.672988892,slab_deep,2013-10-22T14:18:45,,,-1,2013-10-22 14:18:45+00:00,True,677
129075,2013-10-22T18:04:24,-67.889,-20.756,228.2,4.1,mw,,,6.7,,,,,,,,,,,,,,CSN-improved,,slab_deep,127.712654114,slab_deep,2013-10-22T18:04:24,,,-1,2013-10-22 18:04:24+00:00,True,694
129071,2013-10-22T18:29:09,-74.195,-51.753,10.0,4.6,mw,,,0.0,,,,,,,,,,,,,,CSN-improved,,unclassified,,unclassified,2013-10-22T18:29:09,,,-1,2013-10-22 18:29:09+00:00,True,66
129112,2013-10-23T04:03:07,-71.984,-16.503,120.57,4.8,mw,,,9.4,0.379,,,,,,,,,,,,,USGS,,slab_deep,82.3782653809,slab_deep,2013-10-23T04:03:07,,,-1,2013-10-23 04:03:07+00:00,True,585
129114,2013-10-23T04:03:11,-71.883,-16.833,137.3,4.3,mw,,,13.2,,,,,,,,,,,,,,CSN-improved,,slab_deep,71.5696640015,slab_deep,2013-10-23T04:03:11,,,-1,2013-10-23 04:03:11+00:00,True,660
129148,2013-10-24T02:19:42,-67.326,-27.531,119.88,4.8,mw,,,6.0,0.115,,,,,,,,,,,,,USGS,,slab_deep,114.055030823,slab_deep,2013-10-24T02:19:42,,,-1,2013-10-24 02:19:42+00:00,True,586
129150,2013-10-24T16:08:12,-68.826,-27.462,110.84,4.5,mw,,,11.7,0.302,,,,,,,,,,,,,USGS,,slab_deep,90.6089782715,slab_deep,2013-10-24T16:08:12,,,-1,2013-10-24 16:08:12+00:00,True,641
129196,2013-10-25T14:18:10,-72.009,-30.681,2.0,4.0,mw,,,,,,,,,,,,,,,,,ISC,,forearc,18.0671749115,forearc,2013-10-25T14:18:10,,,-1,2013-10-25 14:18:10+00:00,True,160
129300,2013-10-28T05:36:07,-69.638,-16.928,192.14,5.1,mw,,,8.2,0.195,,,,,,,,,,,,,USGS,,slab_deep,135.655990601,slab_deep,2013-10-28T05:36:07,,,-1,2013-10-28 05:36:07+00:00,True,527
129361,2013-10-30T02:29:12,-73.226,-35.441,29.1946,5.8,mw,,,,,184.0,56.0,58.0,52.0,45.0,129.0,4.31e+17,-3.1e+16,-4e+17,1.49e+17,-1.93e+17,-2.74e+17,CSN-improved,,intra_slab,16.9307174683,intra_slab,2013-10-30T02:29:12,,,-1,2013-10-30 02:29:12+00:00,True,100
129367,2013-10-30T02:48:30,-72.073,-36.328,169.4179,4.7,mw,,,,,,,,,,,,,,,,,CSN-improved,,slab_deep,65.60496521,slab_deep,2013-10-30T02:48:30,,,-1,2013-10-30 02:48:30+00:00,True,607
129359,2013-10-30T02:51:57,-73.48,-35.43,12.0,6.3,mw,0.0,0.0,0.0,,19.0,17.0,92.0,196.0,73.0,89.0,1.41e+18,-2.4e+17,-1.17e+18,-3.1e+17,-1.74e+18,-6.5e+17,GCMT,,slab_interface,13.0932598114,slab_interface,2013-10-30T02:51:57,,,-1,2013-10-30 02:51:57+00:00,True,91
129371,2013-10-30T03:06:31,-73.848,-35.215,20.2,4.4,mw,,,16.8,,,,,,,,,,,,,,CSN-improved,,outer_rise,,outer_rise,2013-10-30T03:06:31,,,-1,2013-10-30 03:06:31+00:00,True,79
129364,2013-10-30T16:46:42,-69.205,-28.364,95.2,4.8,mw,,,6.6,0.31,,,,,,,,,,,,,USGS,,slab_deep,86.7639923096,slab_deep,2013-10-30T16:46:42,,,-1,2013-10-30 16:46:42+00:00,True,587
129381,2013-10-30T21:34:14,-70.697,-18.711,29.7666,4.1,mw,,,,,,,,,,,,,,,,,CSN-improved,,forearc,45.512802124,forearc,2013-10-30T21:34:14,,,-1,2013-10-30 21:34:14+00:00,True,145
129422,2013-10-31T15:39:46,-71.22,-24.95,21.3,5.2,mw,0.02,0.02,0.9,,356.0,24.0,101.0,164.0,67.0,85.0,-1.9809e+16,2308000000000000.0,1.7501e+16,1.8627e+16,-4.1762e+16,-2525000000000000.0,GCMT,,slab_interface,16.3900985718,slab_interface,2013-10-31T15:39:46,,,-1,2013-10-31 15:39:46+00:00,True,264
129429,2013-10-31T21:05:05,-72.171,-35.062,50.067,4.3,mw,,,,,,,,,,,,,,,,,CSN-improved,,slab_interface,38.1294555664,slab_interface,2013-10-31T21:05:05,,,-1,2013-10-31 21:05:05+00:00,True,311
129465,2013-11-01T04:35:19,-71.617,-30.4,50.2459,4.2,mw,,,,,,,,,,,,,,,,,CSN-improved,,intra_slab,30.2524528503,intra_slab,2013-11-01T04:35:19,,,-1,2013-11-01 04:35:19+00:00,True,218
129509,2013-11-02T07:57:19,-72.004,-39.29,93.0,4.2,mw,,,4.5,,,,,,,,,,,,,,CSN-improved,,slab_deep,97.9535980225,slab_deep,2013-11-02T07:57:19,,,-1,2013-11-02 07:57:19+00:00,True,678
129513,2013-11-02T09:25:28,-71.953,-30.316,2.0,4.0,mw,,,,,,,,,,,,,,,,,ISC,,forearc,18.4712123871,forearc,2013-11-02T09:25:28,,,-1,2013-11-02 09:25:28+00:00,True,161
129512,2013-11-02T18:44:45,-68.029,-24.317,140.4493,4.1,mw,,,,,,,,,,,,,,,,,CSN-improved,,slab_deep,97.041267395,slab_deep,2013-11-02T18:44:45,,,-1,2013-11-02 18:44:45+00:00,True,695
129514,2013-11-02T20:32:22,-69.567,-22.688,47.0,4.0,mw,,,,,,,,,,,,,,,,,ISC,,slab_deep,60.6402893066,slab_deep,2013-11-02T20:32:22,,,-1,2013-11-02 20:32:22+00:00,True,719
129610,2013-11-04T21:52:22,-67.591,-28.504,133.0,4.7,mw,,,6.0,0.266,,,,,,,,,,,,,USGS,,slab_deep,101.922912598,slab_deep,2013-11-04T21:52:22,,,-1,2013-11-04 21:52:22+00:00,True,608
129648,2013-11-05T10:06:37,-69.005,-18.038,154.27,5.1,mw,,,5.3,0.055,,,,,,,,,,,,,USGS,,slab_deep,125.128265381,slab_deep,2013-11-05T10:06:37,,,-1,2013-11-05 10:06:37+00:00,True,528
129649,2013-11-05T17:25:26,-72.761,-35.333,32.49,5.0,mw,,,4.2,0.114,,,,,,,,,,,,,USGS,,slab_interface,25.8015384674,slab_interface,2013-11-05T17:25:26,,,-1,2013-11-05 17:25:26+00:00,True,271
129724,2013-11-07T09:09:56,-69.882,-31.951,138.0734,4.0,mw,,,,,,,,,,,,,,,,,CSN-improved,,slab_deep,97.9600067139,slab_deep,2013-11-07T09:09:56,,,-1,2013-11-07 09:09:56+00:00,True,720
129719,2013-11-07T12:47:49,-73.452,-38.661,10.0,4.7,mw,,,,,,,,,,,,,,,,,ISC,,forearc,33.6428031921,forearc,2013-11-07T12:47:49,,,-1,2013-11-07 12:47:49+00:00,True,114
129720,2013-11-07T12:47:51,-74.639,-38.553,38.8,4.7,mw,,,3.9,,,,,,,,,,,,,,CSN-improved,,intra_slab,10.0090970993,intra_slab,2013-11-07T12:47:51,,,-1,2013-11-07 12:47:51+00:00,True,197
129723,2013-11-07T17:14:43,-70.607,-23.002,42.4,4.1,mw,,,2.2,,,,,,,,,,,,,,CSN-improved,,intra_slab,24.952337265,intra_slab,2013-11-07T17:14:43,,,-1,2013-11-07 17:14:43+00:00,True,223
129726,2013-11-07T18:02:48,-70.034,-24.622,29.4195,4.0,mw,,,,,,,,,,,,,,,,,CSN-improved,,forearc,49.8359146118,forearc,2013-11-07T18:02:48,,,-1,2013-11-07 18:02:48+00:00,True,162
129773,2013-11-08T09:44:01,-74.167,-37.533,41.3915,4.4,mw,,,,,,,,,,,,,,,,,CSN-improved,,intra_slab,14.8163948059,intra_slab,2013-11-08T09:44:01,,,-1,2013-11-08 09:44:01+00:00,True,209
129774,2013-11-08T11:19:12,-69.932,-23.404,26.1282,4.4,mw,,,,,,,,,,,,,,,,,CSN-improved,,forearc,47.1685180664,forearc,2013-11-08T11:19:12,,,-1,2013-11-08 11:19:12+00:00,True,127
129776,2013-11-08T15:16:23,-72.293,-18.914,20.3,4.3,mw,,,3.6,,,,,,,,,,,,,,CSN-improved,,outer_rise,,outer_rise,2013-11-08T15:16:23,,,-1,2013-11-08 15:16:23+00:00,True,83
129810,2013-11-09T17:20:13,-66.048,-17.335,21.0,4.8,mw,,,,,,,,,,,,,,,,,ISC,,backarc,,unclassified,2013-11-09T17:20:13,,,-1,2013-11-09 17:20:13+00:00,True,61
129852,2013-11-10T02:02:02,-72.23,-33.37,29.1,5.2,mw,0.02,0.02,1.1,,18.0,24.0,98.0,189.0,67.0,87.0,4.89e+16,2710000000000000.0,-5.16e+16,-6700000000000000.0,-4.81e+16,-1.36e+16,GCMT,,intra_slab,16.6623477936,intra_slab,2013-11-10T02:02:02,,,-1,2013-11-10 02:02:02+00:00,True,182
129907,2013-11-11T11:48:09,-68.788,-33.208,16.0235,4.0,mw,,,,,,,,,,,,,,,,,CSN-improved,,backarc,,unclassified,2013-11-11T11:48:09,,,-1,2013-11-11 11:48:09+00:00,True,89
129908,2013-11-11T16:16:55,-69.638,-31.836,14.3,4.0,mw,,,10.2,,,,,,,,,,,,,,CSN-improved,,intraarc_shallow,,intraarc,2013-11-11T16:16:55,,,-1,2013-11-11 16:16:55+00:00,True,69
129905,2013-11-11T22:28:38,-71.87,-19.231,26.2,4.8,mw,,,4.4,0.149,,,,,,,,,,,,,USGS,,outer_rise,,outer_rise,2013-11-11T22:28:38,,,-1,2013-11-11 22:28:38+00:00,True,66
129959,2013-11-12T12:59:53,-69.55,-27.787,113.2,4.1,mw,,,9.8,,,,,,,,,,,,,,CSN-improved,,slab_deep,83.9809799194,slab_deep,2013-11-12T12:59:53,,,-1,2013-11-12 12:59:53+00:00,True,696
130002,2013-11-13T17:02:23,-73.434,-36.042,14.8422,4.2,mw,,,,,,,,,,,,,,,,,CSN-improved,,slab_interface,19.6029338837,slab_interface,2013-11-13T17:02:23,,,-1,2013-11-13 17:02:23+00:00,True,318
130042,2013-11-14T04:20:57,-71.202,-36.71,36.8932,4.4,mw,,,,,,,,,,,,,,,,,CSN-improved,,intraarc_shallow,,intraarc,2013-11-14T04:20:57,,,-1,2013-11-14 04:20:57+00:00,True,59
130041,2013-11-14T07:15:38,-72.436,-37.178,10.0,4.5,mw,,,1.9,0.166,,,,,,,,,,,,,USGS,,forearc,58.2699012756,forearc,2013-11-14T07:15:38,,,-1,2013-11-14 07:15:38+00:00,True,119
130088,2013-11-15T00:15:19,-70.841,-26.337,50.0,4.2,mw,,,4.8,,,,,,,,,,,,,,CSN-improved,,intra_slab,26.4063205719,intra_slab,2013-11-15T00:15:19,,,-1,2013-11-15 00:15:19+00:00,True,219
130080,2013-11-15T06:19:17,-67.54,-32.72,34.6,5.1,mw,0.02,0.02,0.8,,208.0,41.0,103.0,10.0,50.0,79.0,4.94e+16,-2560000000000000.0,-4.68e+16,-4480000000000000.0,1.01e+16,-1.69e+16,GCMT,,backarc,,unclassified,2013-11-15T06:19:17,,,-1,2013-11-15 06:19:17+00:00,True,57
130084,2013-11-15T10:03:39,-71.669,-30.542,1.3589,4.5,mw,,,,,,,,,,,,,,,,,CSN-improved,,forearc,28.8380336761,forearc,2013-11-15T10:03:39,,,-1,2013-11-15 10:03:39+00:00,True,120
130091,2013-11-15T11:03:56,-74.478,-37.418,25.4,4.0,mw,,,8.7,,,,,,,,,,,,,,CSN-improved,,slab_interface,10.0155467987,slab_interface,2013-11-15T11:03:56,,,-1,2013-11-15 11:03:56+00:00,True,346
130128,2013-11-16T17:59:49,-65.412,-30.923,179.7,4.8,mw,,,6.4,0.105,,,,,,,,,,,,,USGS,,slab_deep,159.902954102,slab_deep,2013-11-16T17:59:49,,,-1,2013-11-16 17:59:49+00:00,True,588
130206,2013-11-18T20:24:08,-70.941,-36.148,209.7,4.1,mw,,,6.1,,,,,,,,,,,,,,CSN-improved,,slab_deep,104.326667786,slab_deep,2013-11-18T20:24:08,,,-1,2013-11-18 20:24:08+00:00,True,697
130264,2013-11-19T22:45:46,-72.975,-25.77,34.0,4.1,mw,,,,,,,,,,,,,,,,,ISC,,outer_rise,,outer_rise,2013-11-19T22:45:46,,,-1,2013-11-19 22:45:46+00:00,True,88
130294,2013-11-20T15:06:33,-68.803,-31.466,10.0,4.6,mw,,,,,,,,,,,,,,,,,ISC,,backarc,,unclassified,2013-11-20T15:06:33,,,-1,2013-11-20 15:06:33+00:00,True,67
130295,2013-11-20T21:07:15,-69.196,-27.749,113.3733,4.2,mw,,,,,,,,,,,,,,,,,CSN-improved,,slab_deep,87.4488372803,slab_deep,2013-11-20T21:07:15,,,-1,2013-11-20 21:07:15+00:00,True,679
130333,2013-11-21T04:59:34,-72.868,-17.228,25.0,4.8,mw,,,0.0,,,,,,,,,,,,,,CSN-improved,,slab_interface,25.3659648895,slab_interface,2013-11-21T04:59:34,,,-1,2013-11-21 04:59:34+00:00,True,276
130383,2013-11-22T01:58:19,-70.155,-25.635,17.0,4.0,mw,,,,,,,,,,,,,,,,,ISC,,forearc,52.4583358765,forearc,2013-11-22T01:58:19,,,-1,2013-11-22 01:58:19+00:00,True,163
130382,2013-11-22T02:25:29,-70.564,-36.838,7.2139,4.1,mw,,,,,,,,,,,,,,,,,CSN-improved,,intraarc_shallow,,intraarc,2013-11-22T02:25:29,,,-1,2013-11-22 02:25:29+00:00,True,66
130378,2013-11-22T06:59:01,-69.741,-31.629,107.72,4.8,mw,,,4.3,0.092,,,,,,,,,,,,,USGS,,slab_deep,100.487037659,slab_deep,2013-11-22T06:59:01,,,-1,2013-11-22 06:59:01+00:00,True,589
130439,2013-11-23T08:40:21,-66.51,-28.463,10.0,4.0,mw,,,,,,,,,,,,,,,,,ISC,,backarc,,unclassified,2013-11-23T08:40:21,,,-1,2013-11-23 08:40:21+00:00,True,90
130436,2013-11-23T20:55:10,-70.629,-23.003,33.8,4.5,mw,,,2.1,0.302,,,,,,,,,,,,,USGS,,slab_interface,23.6445598602,slab_interface,2013-11-23T20:55:10,,,-1,2013-11-23 20:55:10+00:00,True,292
130489,2013-11-24T12:51:34,-72.262,-16.847,35.0,4.4,mw,,,,,,,,,,,,,,,,,ISC,,forearc,58.8741531372,forearc,2013-11-24T12:51:34,,,-1,2013-11-24 12:51:34+00:00,True,128
130533,2013-11-25T14:11:16,-68.945,-22.09,101.84,4.9,mw,,,7.7,0.271,,,,,,,,,,,,,USGS,,slab_deep,80.4814300537,slab_deep,2013-11-25T14:11:16,,,-1,2013-11-25 14:11:16+00:00,True,567
130636,2013-11-27T16:21:53,-68.449,-17.251,180.0,4.0,mw,,,6.0,,,,,,,,,,,,,,CSN-improved,,slab_deep,176.091629028,slab_deep,2013-11-27T16:21:53,,,-1,2013-11-27 16:21:53+00:00,True,721
130682,2013-11-28T20:25:13,-71.553,-18.204,45.0,4.0,mw,,,17.3,,,,,,,,,,,,,,CSN-improved,,slab_interface,29.3720302582,slab_interface,2013-11-28T20:25:13,,,-1,2013-11-28 20:25:13+00:00,True,347
130734,2013-11-29T05:38:21,-73.222,-33.222,47.5295,4.7,mw,,,,,,,,,,,,,,,,,CSN-improved,,outer_rise,,outer_rise,2013-11-29T05:38:21,,,-1,2013-11-29 05:38:21+00:00,True,67
130738,2013-11-29T12:01:08,-70.441,-24.328,36.0,4.4,mw,,,,,,,,,,,,,,,,,ISC,,slab_interface,34.7376976013,slab_interface,2013-11-29T12:01:08,,,-1,2013-11-29 12:01:08+00:00,True,306
130729,2013-11-29T14:04:34,-73.236,-34.113,16.91,5.0,mw,,,4.8,0.182,,,,,,,,,,,,,USGS,,outer_rise,,outer_rise,2013-11-29T14:04:34,,,-1,2013-11-29 14:04:34+00:00,True,64
130869,2013-12-01T07:17:15,-66.65,-27.777,143.88,5.0,mw,,,4.1,0.05,,,,,,,,,,,,,USGS,,slab_deep,136.260848999,slab_deep,2013-12-01T07:17:15,,,-1,2013-12-01 07:17:15+00:00,True,545
130872,2013-12-01T20:19:15,-67.978,-17.575,236.47,4.8,mw,,,7.7,0.241,,,,,,,,,,,,,USGS,,slab_deep,194.93132019,slab_deep,2013-12-01T20:19:15,,,-1,2013-12-01 20:19:15+00:00,True,590
130911,2013-12-02T05:08:56,-68.174,-31.482,10.11,4.8,mw,,,4.5,0.22,,,,,,,,,,,,,USGS,,backarc,,unclassified,2013-12-02T05:08:56,,,-1,2013-12-02 05:08:56+00:00,True,62
130913,2013-12-02T10:12:28,-69.88,-29.471,81.4953,4.5,mw,,,,,,,,,,,,,,,,,CSN-improved,,slab_deep,84.9559249878,slab_deep,2013-12-02T10:12:28,,,-1,2013-12-02 10:12:28+00:00,True,642
130960,2013-12-03T03:04:15,-71.759,-28.611,2.0,4.6,mw,,,,,,,,,,,,,,,,,ISC,,slab_interface,15.6437702179,slab_interface,2013-12-03T03:04:15,,,-1,2013-12-03 03:04:15+00:00,True,283
130961,2013-12-03T08:19:19,-67.609,-19.748,198.83,4.5,mw,,,5.9,0.185,,,,,,,,,,,,,USGS,,slab_deep,168.423126221,slab_deep,2013-12-03T08:19:19,,,-1,2013-12-03 08:19:19+00:00,True,643
130992,2013-12-04T00:13:09,-69.084,-25.465,112.8307,4.3,mw,,,,,,,,,,,,,,,,,CSN-improved,,slab_deep,81.2958526611,slab_deep,2013-12-04T00:13:09,,,-1,2013-12-04 00:13:09+00:00,True,661
130990,2013-12-04T05:39:34,-69.298,-24.574,69.6,5.4,mw,,,4.7,,323.0,58.0,-78.0,122.0,34.0,-108.0,-6.202e+16,3.39e+16,2.812e+16,1.208e+16,-2.836e+16,-3.557e+16,CSN-improved,,slab_deep,72.7937850952,slab_deep,2013-12-04T05:39:34,,,-1,2013-12-04 05:39:34+00:00,True,415
131030,2013-12-05T23:15:28,-70.637,-36.573,135.49,4.6,mw,,,9.2,0.199,,,,,,,,,,,,,USGS,,slab_deep,124.118484497,slab_deep,2013-12-05T23:15:28,,,-1,2013-12-05 23:15:28+00:00,True,625
131064,2013-12-06T03:19:24,-71.919,-32.216,23.3149,4.9,mw,,,,,,,,,,,,,,,,,CSN-improved,,slab_interface,23.6096725464,slab_interface,2013-12-06T03:19:24,,,-1,2013-12-06 03:19:24+00:00,True,273
131078,2013-12-06T03:31:58,-71.816,-32.234,1.0243,4.0,mw,,,,,,,,,,,,,,,,,CSN-improved,,forearc,26.8146095276,forearc,2013-12-06T03:31:58,,,-1,2013-12-06 03:31:58+00:00,True,164
131065,2013-12-06T06:54:56,-71.012,-35.267,93.56,4.8,mw,,,3.3,0.108,,,,,,,,,,,,,USGS,,slab_deep,89.0208892822,slab_deep,2013-12-06T06:54:56,,,-1,2013-12-06 06:54:56+00:00,True,591
131076,2013-12-06T07:31:12,-71.001,-27.404,63.2,4.2,mw,,,13.5,,,,,,,,,,,,,,CSN-improved,,intra_slab,26.8090763092,intra_slab,2013-12-06T07:31:12,,,-1,2013-12-06 07:31:12+00:00,True,220
131077,2013-12-06T20:11:54,-69.162,-26.012,113.6,4.2,mw,,,6.0,,,,,,,,,,,,,,CSN-improved,,slab_deep,83.1714859009,slab_deep,2013-12-06T20:11:54,,,-1,2013-12-06 20:11:54+00:00,True,680
131063,2013-12-06T22:30:50,-69.745,-16.533,190.49,5.0,mw,,,5.4,0.122,,,,,,,,,,,,,USGS,,slab_deep,153.058883667,slab_deep,2013-12-06T22:30:50,,,-1,2013-12-06 22:30:50+00:00,True,546
131117,2013-12-07T23:14:52,-68.072,-21.055,155.3243,4.6,mw,,,,,,,,,,,,,,,,,CSN-improved,,slab_deep,116.135780334,slab_deep,2013-12-07T23:14:52,,,-1,2013-12-07 23:14:52+00:00,True,626
131152,2013-12-08T00:52:11,-72.358,-33.877,33.01,4.9,mw,,,2.7,0.156,,,,,,,,,,,,,USGS,,intra_slab,17.7277088165,intra_slab,2013-12-08T00:52:11,,,-1,2013-12-08 00:52:11+00:00,True,188
131150,2013-12-08T17:01:59,-70.09,-19.597,76.6,5.2,mw,,,4.5,0.098,,,,,,,,,,,,,USGS,,slab_deep,53.1101989746,slab_deep,2013-12-08T17:01:59,,,-1,2013-12-08 17:01:59+00:00,True,515
131233,2013-12-10T00:51:31,-69.29,-31.39,117.3,5.1,mw,0.02,0.01,1.4,,202.0,45.0,-117.0,57.0,51.0,-66.0,-4.87e+16,1.88e+16,2.9900000000000004e+16,-1.55e+16,6380000000000000.0,3.04e+16,GCMT,,slab_deep,99.919921875,slab_deep,2013-12-10T00:51:31,,,-1,2013-12-10 00:51:31+00:00,True,529
131278,2013-12-11T23:23:38,-70.132,-24.005,52.0,4.8,mw,,,,,,,,,,,,,,,,,ISC,,slab_interface,42.7887153625,slab_interface,2013-12-11T23:23:38,,,-1,2013-12-11 23:23:38+00:00,True,277
131279,2013-12-11T23:55:13,-73.158,-36.849,30.2844,4.8,mw,,,,,,,,,,,,,,,,,CSN-improved,,slab_interface,32.2896766663,slab_interface,2013-12-11T23:55:13,,,-1,2013-12-11 23:55:13+00:00,True,278
131320,2013-12-12T09:48:01,-71.86,-34.875,13.1,4.3,mw,,,4.0,,,,,,,,,,,,,,CSN-improved,,forearc,45.4616317749,forearc,2013-12-12T09:48:01,,,-1,2013-12-12 09:48:01+00:00,True,133
131407,2013-12-15T09:37:51,-70.341,-33.998,10.0,4.1,mw,,,,,,,,,,,,,,,,,ISC,,intraarc_shallow,,intraarc,2013-12-15T09:37:51,,,-1,2013-12-15 09:37:51+00:00,True,67
131403,2013-12-15T22:07:31,-68.689,-21.721,128.0,4.8,mw,,,4.1,0.189,,,,,,,,,,,,,USGS,,slab_deep,88.7285919189,slab_deep,2013-12-15T22:07:31,,,-1,2013-12-15 22:07:31+00:00,True,592
131456,2013-12-17T03:22:20,-68.896,-21.206,112.0,4.1,mw,,,,,,,,,,,,,,,,,ISC,,slab_deep,85.6465454102,slab_deep,2013-12-17T03:22:20,,,-1,2013-12-17 03:22:20+00:00,True,698
131454,2013-12-17T12:30:04,-70.83,-25.64,74.3,5.5,mw,0.01,0.01,0.9,,178.0,42.0,-110.0,25.0,51.0,-73.0,-2.296e+17,-3.82e+16,2.678e+17,-2.54e+16,-5.26e+16,6.44e+16,GCMT,,intra_slab,25.7409191132,intra_slab,2013-12-17T12:30:04,,,-1,2013-12-17 12:30:04+00:00,True,146
131487,2013-12-18T23:51:49,-72.131,-30.175,20.4407,4.4,mw,,,,,,,,,,,,,,,,,CSN-improved,,slab_interface,13.8093128204,slab_interface,2013-12-18T23:51:49,,,-1,2013-12-18 23:51:49+00:00,True,307
131557,2013-12-20T09:11:49,-73.674,-17.627,32.43,4.6,mw,,,4.8,0.265,,,,,,,,,,,,,USGS,,outer_rise,,outer_rise,2013-12-20T09:11:49,,,-1,2013-12-20 09:11:49+00:00,True,71
131593,2013-12-21T10:36:05,-72.232,-34.712,36.1398,4.0,mw,,,,,,,,,,,,,,,,,CSN-improved,,slab_interface,29.1531982422,slab_interface,2013-12-21T10:36:05,,,-1,2013-12-21 10:36:05+00:00,True,348
131589,2013-12-21T19:42:17,-66.962,-28.764,153.0,5.2,mw,,,4.7,0.063,,,,,,,,,,,,,USGS,,slab_deep,112.309593201,slab_deep,2013-12-21T19:42:17,,,-1,2013-12-21 19:42:17+00:00,True,516
131632,2013-12-22T01:53:30,-70.621,-32.872,95.3,5.0,mw,,,3.2,,,,,,,,,,,,,,CSN-improved,,slab_deep,75.8069000244,slab_deep,2013-12-22T01:53:30,,,-1,2013-12-22 01:53:30+00:00,True,547
131636,2013-12-22T02:37:53,-70.139,-19.048,64.7284,4.0,mw,,,,,,,,,,,,,,,,,CSN-improved,,slab_deep,60.1413726807,slab_deep,2013-12-22T02:37:53,,,-1,2013-12-22 02:37:53+00:00,True,722
131764,2013-12-25T21:10:43,-71.673,-38.046,148.6,4.5,mw,,,7.0,0.185,,,,,,,,,,,,,USGS,,slab_deep,99.4989471436,slab_deep,2013-12-25T21:10:43,,,-1,2013-12-25 21:10:43+00:00,True,644
131783,2013-12-26T15:07:27,-68.671,-20.997,123.4,4.0,mw,,,5.6,,,,,,,,,,,,,,CSN-improved,,slab_deep,93.7688446045,slab_deep,2013-12-26T15:07:27,,,-1,2013-12-26 15:07:27+00:00,True,723
131806,2013-12-27T15:56:33,-68.186,-23.542,149.9,4.7,mw,,,5.4,0.2,,,,,,,,,,,,,USGS,,slab_deep,93.6864624023,slab_deep,2013-12-27T15:56:33,,,-1,2013-12-27 15:56:33+00:00,True,609
131810,2013-12-27T21:07:12,-67.913,-25.144,40.0,4.0,mw,,,,,,,,,,,,,,,,,ISC,,intraarc_shallow,,intraarc,2013-12-27T21:07:12,,,-1,2013-12-27 21:07:12+00:00,True,70
131807,2013-12-27T22:38:58,-71.322,-33.939,36.5,4.7,mw,,,5.2,0.161,,,,,,,,,,,,,USGS,,forearc,53.4509468079,forearc,2013-12-27T22:38:58,,,-1,2013-12-27 22:38:58+00:00,True,115
131809,2013-12-27T22:38:58,-71.285,-33.901,60.9937,4.2,mw,,,,,,,,,,,,,,,,,CSN-improved,,slab_deep,52.8092956543,slab_deep,2013-12-27T22:38:58,,,-1,2013-12-27 22:38:58+00:00,True,681
131835,2013-12-28T10:14:58,-70.214,-22.977,49.752,4.1,mw,,,,,,,,,,,,,,,,,CSN-improved,,slab_interface,37.0579948425,slab_interface,2013-12-28T10:14:58,,,-1,2013-12-28 10:14:58+00:00,True,328
131850,2013-12-29T15:08:34,-70.06,-33.951,108.6,5.0,mw,,,2.9,0.125,,,,,,,,,,,,,USGS,,slab_deep,101.972213745,slab_deep,2013-12-29T15:08:34,,,-1,2013-12-29 15:08:34+00:00,True,548
131851,2013-12-29T17:39:29,-68.397,-21.265,123.72,5.0,mw,,,7.0,0.141,,,,,,,,,,,,,USGS,,slab_deep,100.118759155,slab_deep,2013-12-29T17:39:29,,,-1,2013-12-29 17:39:29+00:00,True,549
131854,2013-12-29T20:21:10,-73.442,-36.933,9.1897,4.0,mw,,,,,,,,,,,,,,,,,CSN-improved,,forearc,25.3846244812,forearc,2013-12-29T20:21:10,,,-1,2013-12-29 20:21:10+00:00,True,165
131929,2013-12-31T03:18:11,-67.966,-22.168,221.4,4.0,mw,,,10.8,,,,,,,,,,,,,,CSN-improved,,slab_deep,111.586868286,slab_deep,2013-12-31T03:18:11,,,-1,2013-12-31 03:18:11+00:00,True,724
133224,2014-02-10T04:13:42,-73.883,-38.413,52.7,5.6,mw,,,999.9,,,,,,,,,,,,,,CSN-improved,,slab_interface,21.535610199,slab_interface,2014-02-10T04:13:42,5.3,1.998631074606434,9,2014-02-10 04:13:42+00:00,True,197
133288,2014-02-12T13:35:23,-71.764,-34.852,48.5133,5.3,mw,,,,,,,,,,,,,,,,,CSN-improved,,slab_interface,49.4577140808,slab_interface,2014-02-12T13:35:23,5.3,1.998631074606434,9,2014-02-12 13:35:23+00:00,True,248
133287,2014-02-12T13:35:24,-71.617,-34.748,44.88,5.6,mw,,,3.9,0.035,,,,,,,,,,,,,USGS,,slab_deep,53.7833442688,slab_deep,2014-02-12T13:35:24,5.3,1.998631074606434,9,2014-02-12 13:35:24+00:00,True,299
133887,2014-03-04T10:51:19,-72.16,-33.63,23.4,5.8,mw,0.01,0.01,0.4,,15.0,22.0,104.0,180.0,68.0,84.0,2.35e+17,-2.04e+16,-2.145e+17,4.83e+16,-4.655e+17,-8.71e+16,GCMT,,slab_interface,20.4573497772,slab_interface,2014-03-04T10:51:19,5.3,1.998631074606434,9,2014-03-04 10:51:19+00:00,True,179
133978,2014-03-06T04:37:08,-71.42,-33.31,85.4,5.4,mw,0.01,0.01,1.2,,75.0,61.0,11.0,340.0,81.0,150.0,4.53e+16,-9.88e+16,5.35e+16,-2.13e+16,6.57e+16,1.2e+17,GCMT,,intra_slab,43.4737930298,intra_slab,2014-03-06T04:37:08,5.3,1.998631074606434,9,2014-03-06 04:37:08+00:00,True,160
134157,2014-03-15T09:48:46,-69.891,-21.32,53.6,5.3,mw,,,4.8,0.087,,,,,,,,,,,,,USGS,,slab_interface,48.4980392456,slab_interface,2014-03-15T09:48:46,5.3,1.998631074606434,9,2014-03-15 09:48:46+00:00,True,249
134198,2014-03-16T21:16:37,-70.92,-19.94,12.0,6.7,mw,0.0,0.0,0.0,,284.0,26.0,54.0,144.0,69.0,106.0,8.96e+18,-7.37e+18,-1.59e+18,1.03e+19,-8.63e+18,2.03e+18,GCMT,,forearc,21.237411499,forearc,2014-03-16T21:16:37,5.3,1.998631074606434,9,2014-03-16 21:16:37+00:00,True,21
134719,2014-03-24T11:32:19,-71.25,-19.84,33.0,5.4,mw,0.03,0.03,1.5,,351.0,26.0,92.0,169.0,64.0,89.0,4.398e+16,8730000000000000.0,-5.271e+16,2.998e+16,-6.139e+16,1.277e+16,GCMT,,intra_slab,14.2711658478,intra_slab,2014-03-24T11:32:19,5.3,1.998631074606434,9,2014-03-24 11:32:19+00:00,True,161
134717,2014-03-24T15:45:33,-70.791,-19.594,43.0,5.6,mw,,,2.5,,163.0,74.0,92.0,334.0,16.0,81.0,2.146e+17,-1.24e+16,-2.022e+17,9.76e+16,-3.413e+17,8.37e+16,CSN-improved,,intra_slab,27.2773571014,intra_slab,2014-03-24T15:45:33,5.3,1.998631074606434,9,2014-03-24 15:45:33+00:00,True,125
134816,2014-03-25T14:38:25,-70.458,-17.527,85.07,5.5,mw,,,4.8,0.069,,,,,,,,,,,,,USGS,,slab_deep,88.2691574097,slab_deep,2014-03-25T14:38:25,5.3,1.998631074606434,9,2014-03-25 14:38:25+00:00,True,344
134944,2014-03-27T23:51:00,-68.74,-29.31,27.5,5.7,mw,0.01,0.01,0.7,,185.0,63.0,177.0,277.0,87.0,28.0,3.55e+16,-3.78e+16,2300000000000000.0,-7.39e+16,-2.623e+17,3.394e+17,GCMT,,intraarc_shallow,,intraarc,2014-03-27T23:51:00,5.3,1.998631074606434,9,2014-03-27 23:51:00+00:00,True,29
135106,2014-04-01T23:47:31,-70.81,-19.7,21.6,8.2,mw,0.01,0.01,0.4,,355.0,15.0,106.0,159.0,76.0,86.0,8.68e+20,5e+18,-8.73e+20,7.48e+20,-2.041e+21,1.77e+20,GCMT,,slab_interface,26.2225322723,slab_interface,2014-04-01T23:47:31,5.3,1.998631074606434,9,2014-04-01 23:47:31+00:00,True,8
135107,2014-04-01T23:58:11,-71.39,-19.85,20.6,7.0,mw,0.02,0.02,1.3,,347.0,26.0,81.0,177.0,65.0,94.0,1.935e+19,-8e+17,-1.855e+19,5.32e+18,-1.292e+19,6.77e+18,GCMT,,outer_rise,,outer_rise,2014-04-01T23:58:11,5.3,1.998631074606434,9,2014-04-01 23:58:11+00:00,True,5
135316,2014-04-03T01:58:40,-70.88,-20.34,33.7,6.6,mw,0.01,0.01,0.3,,354.0,23.0,96.0,167.0,67.0,87.0,4.721e+18,7.14e+17,-5.435e+18,1.816e+18,-4.55e+18,7.27e+17,GCMT,,intra_slab,18.5571250916,intra_slab,2014-04-03T01:58:40,5.3,1.998631074606434,9,2014-04-03 01:58:40+00:00,True,24
135315,2014-04-03T02:43:14,-70.491,-20.589,12.0,6.7,mw,,,,,,,,,,,,,,,,,ISC,,forearc,28.5438365936,forearc,2014-04-03T02:43:14,5.3,1.998631074606434,9,2014-04-03 02:43:14+00:00,True,22
135488,2014-04-04T01:37:51,-70.654,-20.643,13.71,6.3,mw,,,2.6,,159.0,65.0,79.0,3.0,27.0,112.0,2.324e+18,6.9e+16,-2.393e+18,9.55e+17,-1.809e+18,4.01e+17,USGS,,slab_interface,23.6253910065,slab_interface,2014-04-04T01:37:51,5.3,1.998631074606434,9,2014-04-04 01:37:51+00:00,True,92
135490,2014-04-04T09:52:14,-70.54,-31.45,116.4,5.4,mw,0.01,0.01,1.0,,167.0,66.0,169.0,262.0,80.0,24.0,2500000000000000.0,-7.01e+16,6.76e+16,-5.05e+16,-9500000000000000.0,1.14e+17,GCMT,,slab_deep,81.6082763672,slab_deep,2014-04-04T09:52:14,5.3,1.998631074606434,9,2014-04-04 09:52:14+00:00,True,416
136874,2014-05-05T13:38:30,-67.904,-20.26,156.08,5.3,mw,,,5.0,0.036,,,,,,,,,,,,,USGS,,slab_deep,136.942016602,slab_deep,2014-05-05T13:38:30,5.3,1.998631074606434,9,2014-05-05 13:38:30+00:00,True,484
137162,2014-05-16T17:08:37,-68.82,-23.51,131.3,5.5,mw,0.01,0.01,0.6,,123.0,41.0,-124.0,345.0,56.0,-64.0,-1.576e+17,8.21e+16,7.56e+16,5500000000000000.0,-9.92e+16,-1.258e+17,GCMT,,slab_deep,80.9206390381,slab_deep,2014-05-16T17:08:37,5.3,1.998631074606434,9,2014-05-16 17:08:37+00:00,True,345
137194,2014-05-17T00:14:11,-67.528,-24.007,226.6,5.3,mw,,,6.7,,,,,,,,,,,,,,CSN-improved,,slab_deep,116.032424927,slab_deep,2014-05-17T00:14:11,5.3,1.998631074606434,9,2014-05-17 00:14:11+00:00,True,485
137456,2014-05-30T15:32:34,-70.15,-21.23,81.9,5.6,mw,0.02,0.01,1.7,,2.0,85.0,4.0,272.0,86.0,175.0,-7700000000000000.0,1.27e+16,-5000000000000000.0,-1.25e+16,4.77e+16,-2.713e+17,GCMT,,intra_slab,38.5021934509,intra_slab,2014-05-30T15:32:34,5.3,1.998631074606434,9,2014-05-30 15:32:34+00:00,True,126
137666,2014-06-10T04:03:29,-73.075,-17.026,70.5,5.4,mw,,,0.0,,287.0,87.0,-109.0,189.0,19.0,-7.0,-9500000000000000.0,-1.179e+16,2.128e+16,8.657e+16,-2.187e+16,-2.613e+16,CSN-improved,,intra_slab,27.1068954468,intra_slab,2014-06-10T04:03:29,5.3,1.998631074606434,9,2014-06-10 04:03:29+00:00,True,162
138276,2014-07-13T07:18:28,-70.81,-30.98,105.7,5.4,mw,0.01,0.01,1.0,,290.0,7.0,32.0,168.0,86.0,96.0,7.75e+16,-6610000000000000.0,-7.089e+16,4.137e+16,-9.368e+16,1.054e+16,GCMT,,slab_deep,70.3618469238,slab_deep,2014-07-13T07:18:28,5.3,1.998631074606434,9,2014-07-13 07:18:28+00:00,True,417
138438,2014-07-23T21:39:11,-68.77,-20.29,136.3,5.6,mw,0.01,0.01,0.8,,212.0,36.0,-30.0,327.0,73.0,-122.0,-2.174e+17,-1.144e+17,3.318e+17,1.407e+17,-1.324e+17,-2.81e+16,GCMT,,slab_deep,95.8895874023,slab_deep,2014-07-23T21:39:11,5.3,1.998631074606434,9,2014-07-23 21:39:11+00:00,True,300
138560,2014-07-31T18:09:17,-71.43,-16.68,114.0,5.4,mw,,,4.1,0.031,,,,,,,,,,,,,USGS,,slab_deep,94.0773239136,slab_deep,2014-07-31T18:09:17,5.3,1.998631074606434,9,2014-07-31 18:09:17+00:00,True,418
138921,2014-08-23T04:45:38,-69.23,-20.13,124.8,5.6,mw,0.01,0.01,0.9,,304.0,6.0,45.0,168.0,86.0,94.0,1.67e+16,-3.4e+16,1.72e+16,6.9e+16,-2.744e+17,1.58e+16,GCMT,,slab_deep,80.7248764038,slab_deep,2014-08-23T04:45:38,5.3,1.998631074606434,9,2014-08-23 04:45:38+00:00,True,301
138919,2014-08-23T22:32:29,-71.74,-32.76,42.0,6.4,mw,0.0,0.0,0.2,,5.0,26.0,92.0,183.0,64.0,89.0,3.729e+18,5.8e+16,-3.787e+18,-3.07e+17,-4.096e+18,-9.5e+16,GCMT,,intra_slab,28.9251651764,intra_slab,2014-08-23T22:32:29,5.3,1.998631074606434,9,2014-08-23 22:32:29+00:00,True,40
138980,2014-08-25T14:31:40,-73.13,-16.2,90.5,5.5,mw,0.01,0.01,0.9,,134.0,34.0,133.0,266.0,66.0,66.0,1.999e+17,-1.884e+17,-1.14e+16,-1.411e+17,-4.92e+16,7.67e+16,GCMT,,slab_deep,58.0002098083,slab_deep,2014-08-25T14:31:40,5.3,1.998631074606434,9,2014-08-25 14:31:40+00:00,True,346
139445,2014-09-24T11:16:19,-66.72,-23.78,227.6,6.2,mw,0.0,0.0,0.3,,177.0,31.0,-97.0,5.0,59.0,-86.0,-1.798e+18,-2.68e+17,2.066e+18,-3.07e+17,-1.191e+18,-1.57e+17,GCMT,,slab_deep,168.798171997,slab_deep,2014-09-24T11:16:19,5.3,1.998631074606434,9,2014-09-24 11:16:19+00:00,True,134
139618,2014-10-07T05:09:14,-69.63,-19.6,122.3,5.4,mw,0.01,0.01,0.9,,137.0,23.0,-126.0,355.0,71.0,-76.0,-8.89e+16,1.95e+16,6.94e+16,8300000000000000.0,-1.224e+17,-2.28e+16,GCMT,,slab_deep,71.7131271362,slab_deep,2014-10-07T05:09:14,5.3,1.998631074606434,9,2014-10-07 05:09:14+00:00,True,419
141410,2015-01-25T08:47:05,-71.797,-34.764,48.0114,5.3,mw,,,,,,,,,,,,,,,,,CSN-improved,,slab_interface,45.574016571,slab_interface,2015-01-25T08:47:05,5.3,1.998631074606434,9,2015-01-25 08:47:05+00:00,True,250
141570,2015-02-02T10:49:52,-67.14,-32.77,176.8,6.3,mw,0.0,0.0,0.3,,304.0,4.0,-13.0,47.0,89.0,-94.0,-2.36e+17,1.1e+17,1.26e+17,-2.855e+18,-2.08e+18,4.65e+17,GCMT,,slab_deep,147.476715088,slab_deep,2015-02-02T10:49:52,5.3,1.998631074606434,9,2015-02-02 10:49:52+00:00,True,109
141571,2015-02-02T15:22:17,-71.11,-22.16,36.2,5.3,mw,0.02,0.01,1.1,,60.0,61.0,165.0,158.0,76.0,29.0,1.6198e+16,2.2878e+16,-3.9076e+16,1.8313e+16,-1.6993e+16,-2.0304e+16,GCMT,,intra_slab,12.5673942566,intra_slab,2015-02-02T15:22:17,5.3,1.998631074606434,9,2015-02-02 15:22:17+00:00,True,176
141713,2015-02-11T18:57:27,-66.8,-23.14,223.0,6.7,mw,0.0,0.0,0.3,,168.0,19.0,-104.0,3.0,72.0,-85.0,-9.41e+18,-4.7e+17,9.88e+18,-8.9e+17,-1.012e+19,-2.6e+17,GCMT,,slab_deep,168.07170105,slab_deep,2015-02-11T18:57:27,5.3,1.998631074606434,9,2015-02-11 18:57:27+00:00,True,60
141822,2015-02-17T08:25:11,-74.857,-47.978,14.46,5.3,mw,,,5.2,0.086,,,,,,,,,,,,,USGS,,unclassified,,unclassified,2015-02-17T08:25:11,5.3,1.998631074606434,9,2015-02-17 08:25:11+00:00,True,51
141821,2015-02-17T14:36:00,-70.86,-32.33,102.2,5.4,mw,0.01,0.01,1.3,,339.0,80.0,170.0,70.0,80.0,10.0,2.71e+16,-1.372e+17,1.101e+17,400000000000000.0,-2.56e+16,7.18e+16,GCMT,,slab_deep,66.6084594727,slab_deep,2015-02-17T14:36:00,5.3,1.998631074606434,9,2015-02-17 14:36:00+00:00,True,420
142030,2015-03-01T15:08:31,-71.786,-17.112,55.6,5.3,mw,,,17.9,,,,,,,,,,,,,,CSN-improved,,slab_deep,63.9706878662,slab_deep,2015-03-01T15:08:31,5.3,1.998631074606434,9,2015-03-01 15:08:31+00:00,True,486
142445,2015-03-23T04:51:42,-69.44,-18.47,140.8,6.4,mw,0.0,0.0,0.3,,228.0,17.0,-32.0,349.0,81.0,-105.0,-1.852e+18,-8.19e+17,2.67e+18,6.09e+17,-4.675e+18,5.96e+17,GCMT,,slab_deep,98.2606124878,slab_deep,2015-03-23T04:51:42,5.3,1.998631074606434,9,2015-03-23 04:51:42+00:00,True,91
143504,2015-05-26T10:32:06,-68.63,-21.94,142.7,5.6,mw,0.01,0.01,0.9,,113.0,32.0,-171.0,16.0,85.0,-58.0,-9.71e+16,-5.62e+16,1.532e+17,-8.77e+16,-1.949e+17,-1.453e+17,GCMT,,slab_deep,88.8909759521,slab_deep,2015-05-26T10:32:06,5.3,1.998631074606434,9,2015-05-26 10:32:06+00:00,True,302
143719,2015-06-10T13:52:13,-68.47,-22.48,146.8,6.1,mw,0.01,0.0,0.4,,136.0,40.0,-79.0,301.0,51.0,-100.0,-1.4e+18,9.23e+17,4.77e+17,7.3e+16,1.34e+17,-8.13e+17,GCMT,,slab_deep,91.7281951904,slab_deep,2015-06-10T13:52:13,5.3,1.998631074606434,9,2015-06-10 13:52:13+00:00,True,165
143866,2015-06-20T02:10:13,-74.1,-36.35,12.0,6.4,mw,0.0,0.0,0.0,,9.0,18.0,84.0,196.0,72.0,92.0,1.963e+18,-3.3e+17,-1.634e+18,-4.35e+17,-5.009e+18,-7.87e+17,GCMT,,slab_interface,11.1978616714,slab_interface,2015-06-20T02:10:13,5.3,1.998631074606434,9,2015-06-20 02:10:13+00:00,True,79
144328,2015-07-20T09:47:40,-74.322,-35.669,10.0,5.3,mw,,,1.8,0.046,16.0,43.0,-97.0,205.0,47.0,-84.0,-5.35e+16,7210000000000000.0,4.62e+16,5180000000000000.0,1540000000000000.0,1.67e+16,USGS,,outer_rise,,outer_rise,2015-07-20T09:47:40,5.3,1.998631074606434,9,2015-07-20 09:47:40+00:00,True,54
144623,2015-08-10T09:40:09,-71.285,-29.479,37.9,5.4,mw,,,19.1,0.2,,,,,,,,,,,,,ISC-GEM,,slab_interface,37.7754173279,slab_interface,2015-08-10T09:40:09,5.3,1.998631074606434,9,2015-08-10 09:40:09+00:00,True,229
144818,2015-08-23T23:10:10,-71.53,-29.59,46.0,5.7,mw,0.01,0.01,0.5,,17.0,38.0,81.0,208.0,52.0,97.0,3.712e+17,-7.21e+16,-2.991e+17,-6e+16,-1.48e+16,-1.76e+17,GCMT,,intra_slab,28.307598114,intra_slab,2015-08-23T23:10:10,5.3,1.998631074606434,9,2015-08-23 23:10:10+00:00,True,110
144967,2015-09-01T15:28:59,-69.35,-19.73,136.9,5.4,mw,0.02,0.01,1.4,,282.0,57.0,-28.0,28.0,67.0,-144.0,-3.99e+16,1.457e+17,-1.057e+17,-1.4e+16,-1.8e+16,9.09e+16,GCMT,,slab_deep,81.1599655151,slab_deep,2015-09-01T15:28:59,5.3,1.998631074606434,9,2015-09-01 15:28:59+00:00,True,421
144995,2015-09-03T13:37:59,-72.579,-36.81,60.0,5.4,mw,,,5.6,0.08,,,,,,,,,,,,,USGS,,slab_interface,49.5069046021,slab_interface,2015-09-03T13:37:59,5.3,1.998631074606434,9,2015-09-03 13:37:59+00:00,True,230
145193,2015-09-16T22:55:22,-72.09,-31.13,17.4,8.4,mw,0.01,0.01,0.4,,7.0,19.0,109.0,166.0,72.0,83.0,1.915e+21,3.5e+19,-1.949e+21,-3.6e+19,-2.536e+21,1.19e+20,GCMT,,slab_interface,16.4954891205,slab_interface,2015-09-16T22:55:22,5.3,1.998631074606434,9,2015-09-16 22:55:22+00:00,True,5
145202,2015-09-16T23:13:12,-71.197,-30.227,29.47,5.6,mw,,,5.7,0.132,,,,,,,,,,,,,USGS,,forearc,47.4617156982,forearc,2015-09-16T23:13:12,5.3,1.998631074606434,9,2015-09-16 23:13:12+00:00,True,74
145196,2015-09-16T23:16:09,-71.932,-31.918,2.3968,6.1,mw,,,,,,,,,,,,,,,,,CSN-improved,,forearc,21.7286491394,forearc,2015-09-16T23:16:09,5.3,1.998631074606434,9,2015-09-16 23:16:09+00:00,True,53
145194,2015-09-16T23:18:52,-71.95,-31.79,35.7,7.1,mw,0.02,0.02,0.8,,349.0,30.0,87.0,173.0,60.0,92.0,3.363e+19,-1.43e+18,-3.22e+19,-1.13e+18,-1.045e+19,1.17e+18,GCMT,,intra_slab,21.559009552,intra_slab,2015-09-16T23:18:52,5.3,1.998631074606434,9,2015-09-16 23:18:52+00:00,True,7
145223,2015-09-17T01:41:06,-71.693,-31.172,12.8589,6.4,mw,,,,,172.0,55.0,92.0,348.0,35.0,86.0,5.179e+18,8000000000000000.0,-5.186e+18,1.45e+17,-1.957e+18,9.59e+17,CSN-improved,,forearc,28.5390815735,forearc,2015-09-17T01:41:06,5.3,1.998631074606434,9,2015-09-17 01:41:06+00:00,True,31
145235,2015-09-17T02:21:06,-72.851,-31.982,10.0,5.4,mw,,,1.9,0.08,,,,,,,,,,,,,USGS,,outer_rise,,outer_rise,2015-09-17T02:21:06,5.3,1.998631074606434,9,2015-09-17 02:21:06+00:00,True,49
145240,2015-09-17T02:38:50,-72.525,-30.657,10.0,5.3,mw,,,1.9,0.058,,,,,,,,,,,,,USGS,,outer_rise,,outer_rise,2015-09-17T02:38:50,5.3,1.998631074606434,9,2015-09-17 02:38:50+00:00,True,55
145241,2015-09-17T04:43:41,-72.552,-31.08,3.95,5.3,mw,,,3.7,0.057,,,,,,,,,,,,,USGS,,outer_rise,,outer_rise,2015-09-17T04:43:41,5.3,1.998631074606434,9,2015-09-17 04:43:41+00:00,True,56
145242,2015-09-17T16:08:09,-70.376,-29.784,36.6387,5.3,mw,,,,,,,,,,,,,,,,,CSN-improved,,forearc,77.3345336914,forearc,2015-09-17T16:08:09,5.3,1.998631074606434,9,2015-09-17 16:08:09+00:00,True,95
145239,2015-09-17T20:40:34,-71.662,-30.053,26.6,5.4,mw,,,4.1,,357.0,30.0,103.0,162.0,61.0,82.0,8.42e+16,600000000000000.0,-8.49e+16,2.2e+16,-4.8e+16,1.66e+16,CSN-improved,,slab_interface,26.9179000854,slab_interface,2015-09-17T20:40:34,5.3,1.998631074606434,9,2015-09-17 20:40:34+00:00,True,231
145647,2015-09-19T06:27:14,-71.305,-28.853,45.0,5.3,mw,,,7.2,,,,,,,,,,,,,,CSN-improved,,slab_interface,31.0137252808,slab_interface,2015-09-19T06:27:14,5.3,1.998631074606434,9,2015-09-19 06:27:14+00:00,True,251
145638,2015-09-19T12:52:26,-72.05,-32.34,19.7,6.2,mw,0.0,0.0,0.2,,6.0,23.0,98.0,178.0,67.0,87.0,1.835e+18,-8.2e+16,-1.753e+18,1.02e+17,-1.918e+18,-4.3e+16,GCMT,,slab_interface,19.6133804321,slab_interface,2015-09-19T12:52:26,5.3,1.998631074606434,9,2015-09-19 12:52:26+00:00,True,115
146299,2015-09-25T03:21:57,-69.249,-20.923,89.0779,5.3,mw,,,,,,,,,,,,,,,,,CSN-improved,,slab_deep,76.053024292,slab_deep,2015-09-25T03:21:57,5.3,1.998631074606434,9,2015-09-25 03:21:57+00:00,True,487
146802,2015-10-03T06:03:48,-73.71,-37.57,21.5,5.7,mw,0.01,0.01,0.4,,4.0,19.0,93.0,181.0,72.0,89.0,3.247e+17,4.66e+16,-3.713e+17,4.95e+16,-5.128e+17,-1.57e+16,GCMT,,slab_interface,22.4249916077,slab_interface,2015-10-03T06:03:48,5.3,1.998631074606434,9,2015-10-03 06:03:48+00:00,True,184
146801,2015-10-03T06:27:00,-71.75,-30.33,42.1,5.9,mw,0.01,0.01,0.3,,13.0,35.0,108.0,171.0,57.0,77.0,7.71e+17,-2.16e+16,-7.494e+17,1.47e+17,-1.089e+17,-8400000000000000.0,GCMT,,intra_slab,24.5605812073,intra_slab,2015-10-03T06:27:00,5.3,1.998631074606434,9,2015-10-03 06:27:00+00:00,True,88
146865,2015-10-04T14:50:38,-72.33,-16.33,122.5,5.4,mw,0.01,0.01,1.2,,118.0,59.0,178.0,209.0,88.0,31.0,4800000000000000.0,-7.83e+16,7.34e+16,-2.69e+16,-6.67e+16,-7.35e+16,GCMT,,slab_deep,75.5644607544,slab_deep,2015-10-04T14:50:38,5.3,1.998631074606434,9,2015-10-04 14:50:38+00:00,True,422
147057,2015-10-09T04:09:39,-70.0,-16.329,233.0,5.5,mw,,,0.0,,,,,,,,,,,,,,CSN-improved,,slab_deep,156.585266113,slab_deep,2015-10-09T04:09:39,5.3,1.998631074606434,9,2015-10-09 04:09:39+00:00,True,347
147772,2015-11-01T15:16:20,-68.63,-23.19,127.5,5.9,mw,0.01,0.01,0.6,,161.0,43.0,-81.0,330.0,48.0,-98.0,-6.691e+17,-2.18e+16,6.909e+17,4.5e+16,1.212e+17,-1.305e+17,GCMT,,slab_deep,84.3323516846,slab_deep,2015-11-01T15:16:20,5.3,1.998631074606434,9,2015-11-01 15:16:20+00:00,True,214
147906,2015-11-07T07:31:48,-71.66,-30.99,43.4,6.7,mw,0.0,0.0,0.2,,359.0,33.0,97.0,171.0,58.0,86.0,1.231e+19,1.32e+18,-1.363e+19,1.84e+18,-1.445e+19,6.7e+17,GCMT,,intra_slab,30.1301593781,intra_slab,2015-11-07T07:31:48,5.3,1.998631074606434,9,2015-11-07 07:31:48+00:00,True,18
147950,2015-11-08T08:13:41,-69.5,-17.29,176.3,5.7,mw,0.01,0.01,0.7,,243.0,10.0,-3.0,336.0,90.0,-100.0,2.38e+16,-1.126e+17,8.88e+16,1.377e+17,-3.242e+17,1.143e+17,GCMT,,slab_deep,126.706962585,slab_deep,2015-11-08T08:13:41,5.3,1.998631074606434,9,2015-11-08 08:13:41+00:00,True,275
147994,2015-11-09T04:46:30,-69.23,-23.51,123.0,5.3,mw,0.01,0.01,0.9,,191.0,23.0,-81.0,2.0,68.0,-94.0,-9.62e+16,-9500000000000000.0,1.056e+17,-3000000000000000.0,-7.05e+16,-6300000000000000.0,GCMT,,slab_deep,70.6296615601,slab_deep,2015-11-09T04:46:30,5.3,1.998631074606434,9,2015-11-09 04:46:30+00:00,True,488
148075,2015-11-11T01:54:47,-72.18,-29.47,12.4,6.8,mw,0.0,0.0,0.2,,2.0,22.0,93.0,179.0,68.0,89.0,1.479e+19,6.9e+17,-1.548e+19,2.25e+18,-2.809e+19,-6.4e+17,GCMT,,slab_interface,11.4174089432,slab_interface,2015-11-11T01:54:47,5.3,1.998631074606434,9,2015-11-11 01:54:47+00:00,True,52
148573,2015-11-27T21:00:28,-70.9,-24.76,41.1,6.2,mw,0.01,0.0,0.3,,13.0,26.0,113.0,167.0,66.0,79.0,1.961e+18,-5000000000000000.0,-1.957e+18,2.57e+17,-8.67e+17,2.96e+17,GCMT,,intra_slab,23.2354774475,intra_slab,2015-11-27T21:00:28,5.3,1.998631074606434,9,2015-11-27 21:00:28+00:00,True,55
148862,2015-12-10T00:09:37,-73.45,-35.97,18.9,5.5,mw,0.01,0.01,0.6,,23.0,13.0,103.0,190.0,77.0,87.0,1.337e+17,-1.91e+16,-1.146e+17,-6e+16,-1.913e+17,-4.85e+16,GCMT,,slab_interface,18.6674575806,slab_interface,2015-12-10T00:09:37,5.3,1.998631074606434,9,2015-12-10 00:09:37+00:00,True,208
149162,2015-12-23T14:59:54,-67.622,-24.287,210.8586,5.5,mw,,,,,,,,,,,,,,,,,CSN-improved,,slab_deep,113.148361206,slab_deep,2015-12-23T14:59:54,5.3,1.998631074606434,9,2015-12-23 14:59:54+00:00,True,348
149718,2016-01-17T17:05:38,-70.856,-26.437,36.87,5.4,mw,,,6.5,0.17,,,,,,,,,,,,,USGS,,slab_interface,26.7698898315,slab_interface,2016-01-17T17:05:38,5.3,6.997675171749436,10,2016-01-17 17:05:38+00:00,True,232
150380,2016-02-16T10:46:34,-73.91,-16.59,34.1,5.7,mw,0.01,0.01,0.7,,310.0,24.0,48.0,175.0,72.0,107.0,2.023e+17,-8.22e+16,-1.201e+17,5700000000000000.0,-3.608e+17,1.524e+17,GCMT,,slab_interface,22.9069271088,slab_interface,2016-02-16T10:46:34,5.3,6.997675171749436,10,2016-02-16 10:46:34+00:00,True,185
151482,2016-04-03T05:41:42,-69.699,-16.709,160.67,5.3,mw,,,5.9,0.043,,,,,,,,,,,,,USGS,,slab_deep,146.37928772,slab_deep,2016-04-03T05:41:42,5.3,6.997675171749436,10,2016-04-03 05:41:42+00:00,True,489
151726,2016-04-13T20:02:04,-66.54,-21.03,257.8,5.5,mw,0.03,0.03,3.2,,113.0,15.0,-151.0,354.0,83.0,-77.0,-3.41e+16,1100000000000000.0,3.31e+16,1100000000000000.0,-1.035e+17,-5.09e+16,GCMT,,slab_deep,205.141799927,slab_deep,2016-04-13T20:02:04,5.3,6.997675171749436,10,2016-04-13 20:02:04+00:00,True,349
151805,2016-04-16T06:05:24,-70.049,-26.472,82.1774,5.4,mw,,,,,245.0,61.0,-137.0,131.0,53.0,-36.0,-5.919e+16,9.335e+16,-3.416e+16,2.011e+16,6.402e+16,-1.995e+16,CSN-improved,,slab_deep,61.7651176453,slab_deep,2016-04-16T06:05:24,5.3,6.997675171749436,10,2016-04-16 06:05:24+00:00,True,423
152028,2016-04-26T19:58:16,-68.706,-21.069,132.55,5.3,mw,,,6.1,0.065,,,,,,,,,,,,,USGS,,slab_deep,92.011505127,slab_deep,2016-04-26T19:58:16,5.3,6.997675171749436,10,2016-04-26 19:58:16+00:00,True,490
152964,2016-06-05T05:51:16,-72.03,-29.45,36.2,5.8,mw,0.01,0.01,0.6,,314.0,35.0,28.0,201.0,74.0,122.0,2.554e+17,1.338e+17,-3.892e+17,-2.694e+17,-4.383e+17,1.09e+17,GCMT,,intra_slab,13.9155502319,intra_slab,2016-06-05T05:51:16,5.3,6.997675171749436,10,2016-06-05 05:51:16+00:00,True,101
153388,2016-06-24T21:29:21,-69.51,-25.79,128.3,5.4,mw,0.01,0.01,1.1,,153.0,67.0,9.0,60.0,82.0,156.0,1.24e+17,1.114e+17,-2.354e+17,2.34e+16,3.84e+16,-9.38e+16,GCMT,,slab_deep,75.0140380859,slab_deep,2016-06-24T21:29:21,5.3,6.997675171749436,10,2016-06-24 21:29:21+00:00,True,424
154085,2016-07-25T17:26:52,-70.63,-26.15,87.9,6.1,mw,0.0,0.0,0.4,,176.0,23.0,-75.0,341.0,68.0,-96.0,-1.558e+18,5.99e+17,9.59e+17,8.04e+17,-6.6e+17,-1.77e+17,GCMT,,intra_slab,33.4482002258,intra_slab,2016-07-25T17:26:52,5.3,6.997675171749436,10,2016-07-25 17:26:52+00:00,True,60
154151,2016-07-27T06:43:52,-68.13,-24.17,143.6,5.4,mw,0.01,0.01,0.8,,135.0,33.0,-106.0,334.0,58.0,-80.0,-1.347e+17,3.83e+16,9.64e+16,2.73e+16,-4.39e+16,-7.39e+16,GCMT,,slab_deep,94.3436737061,slab_deep,2016-07-27T06:43:52,5.3,6.997675171749436,10,2016-07-27 06:43:52+00:00,True,425
154335,2016-08-04T14:15:13,-66.008,-22.334,270.0,6.2,mw,,,1.9,,176.0,83.0,88.0,9.0,7.0,103.0,5.3e+17,1.18e+17,-6.48e+17,1.77e+17,-2.278e+18,-1e+16,USGS,,slab_deep,234.87600708,slab_deep,2016-08-04T14:15:13,5.3,6.997675171749436,10,2016-08-04 14:15:13+00:00,True,135
154708,2016-08-19T09:49:12,-72.173,-16.955,62.2,5.3,mw,,,7.2,,,,,,,,,,,,,,CSN-improved,,slab_deep,58.0408744812,slab_deep,2016-08-19T09:49:12,5.3,6.997675171749436,10,2016-08-19 09:49:12+00:00,True,491
154983,2016-08-30T08:09:14,-72.67,-34.91,30.5,5.4,mw,0.01,0.01,0.6,,20.0,20.0,98.0,191.0,70.0,87.0,1.066e+17,-8100000000000000.0,-9.85e+16,-4.35e+16,-1.353e+17,-3.41e+16,GCMT,,slab_interface,21.6617584229,slab_interface,2016-08-30T08:09:14,5.3,6.997675171749436,10,2016-08-30 08:09:14+00:00,True,233
155141,2016-09-07T20:03:27,-69.25,-20.01,126.0,5.4,mw,0.01,0.01,1.2,,144.0,22.0,-99.0,334.0,68.0,-86.0,-5.829e+16,4.041e+16,1.787e+16,7.01e+16,-5.511e+16,-5.768e+16,GCMT,,slab_deep,82.0689315796,slab_deep,2016-09-07T20:03:27,5.3,6.997675171749436,10,2016-09-07 20:03:27+00:00,True,426
155204,2016-09-09T00:03:48,-65.86,-31.41,178.0,5.6,mw,0.01,0.01,1.2,,121.0,35.0,-133.0,350.0,65.0,-64.0,-2.195e+17,4e+16,1.795e+17,1.15e+16,-1.15e+17,-1.412e+17,GCMT,,slab_deep,142.24659729,slab_deep,2016-09-09T00:03:48,5.3,6.997675171749436,10,2016-09-09 00:03:48+00:00,True,303
155455,2016-09-20T05:05:21,-70.493,-17.524,101.34,5.4,mw,,,8.9,0.146,,,,,,,,,,,,,USGS,,slab_deep,88.5267333984,slab_deep,2016-09-20T05:05:21,5.3,6.997675171749436,10,2016-09-20 05:05:21+00:00,True,427
156307,2016-10-27T20:33:02,-72.75,-33.83,12.0,6.0,mw,0.0,0.01,0.0,,11.0,17.0,90.0,190.0,73.0,90.0,8.64e+17,2.4e+16,-8.89e+17,-4.2e+16,-1.097e+18,-1.51e+17,GCMT,,slab_interface,10.7248439789,slab_interface,2016-10-27T20:33:02,5.3,6.997675171749436,10,2016-10-27 20:33:02+00:00,True,147
156405,2016-10-30T04:49:46,-70.55,-25.21,51.1,5.3,mw,0.01,0.01,1.5,,292.0,46.0,-176.0,198.0,87.0,-44.0,-5400000000000000.0,-4.21e+16,4.75e+16,3.56e+16,6.61e+16,-5.18e+16,GCMT,,intra_slab,35.3933372498,intra_slab,2016-10-30T04:49:46,5.3,6.997675171749436,10,2016-10-30 04:49:46+00:00,True,177
156519,2016-11-04T16:20:49,-70.98,-35.06,96.2,6.3,mw,0.0,0.0,0.3,,173.0,27.0,-128.0,35.0,69.0,-73.0,-2.296e+18,-2.5e+16,2.321e+18,-2.013e+18,-2.085e+18,6.58e+17,GCMT,,slab_deep,85.4103851318,slab_deep,2016-11-04T16:20:49,5.3,6.997675171749436,10,2016-11-04 16:20:49+00:00,True,110
156749,2016-11-13T01:01:56,-67.36,-28.24,147.5,5.3,mw,0.01,0.01,1.0,,165.0,46.0,-144.0,48.0,65.0,-50.0,-7.531e+16,-1.993e+16,9.525e+16,-5.383e+16,-3.009e+16,3.624e+16,GCMT,,slab_deep,108.748901367,slab_deep,2016-11-13T01:01:56,5.3,6.997675171749436,10,2016-11-13 01:01:56+00:00,True,492
156747,2016-11-13T14:01:03,-67.607,-28.907,125.0,6.2,mw,,,6.0,0.35,112.48,55.98,-127.8,346.67,49.09,-47.77,-3.1581e+17,1.1969e+17,1.9612e+17,-2.3166e+17,-1.4761e+17,-1.7488e+17,ISC-GEM,,slab_deep,99.0810165405,slab_deep,2016-11-13T14:01:03,5.3,6.997675171749436,10,2016-11-13 14:01:03+00:00,True,136
156961,2016-11-20T20:57:47,-68.74,-31.66,119.1,6.4,mw,0.01,0.0,0.3,,31.0,40.0,-92.0,214.0,50.0,-89.0,-6.006e+18,2.416e+18,3.589e+18,1.138e+18,1.238e+18,7.47e+17,GCMT,,slab_deep,97.7913360596,slab_deep,2016-11-20T20:57:47,5.3,6.997675171749436,10,2016-11-20 20:57:47+00:00,True,92
157611,2016-12-12T02:56:57,-68.006,-30.928,3.0,5.4,mw,,,,,338.0,69.0,84.0,175.0,21.0,106.0,1.863e+16,5260000000000000.0,-2.389e+16,-9640000000000000.0,2.353e+16,8720000000000000.0,ISC,,backarc,,unclassified,2016-12-12T02:56:57,5.3,6.997675171749436,10,2016-12-12 02:56:57+00:00,True,46
157950,2016-12-25T14:22:38,-74.43,-43.41,32.8,7.6,mw,0.01,0.01,0.3,,4.0,19.0,96.0,178.0,71.0,88.0,1.803e+20,-8.9e+18,-1.713e+20,-2.13e+19,-2.881e+20,1.8e+18,GCMT,,slab_interface,22.2438755035,slab_interface,2016-12-25T14:22:38,5.3,6.997675171749436,10,2016-12-25 14:22:38+00:00,True,17
158373,2017-01-06T06:30:39,-67.88,-22.3,174.6,5.8,mw,0.01,0.01,0.6,,208.0,3.0,-31.0,329.0,88.0,-93.0,4.898e+16,-6.437e+16,1.539e+16,2.3791e+17,-4.7609e+17,-6.295e+16,GCMT,,slab_deep,112.652175903,slab_deep,2017-01-06T06:30:39,5.3,6.997675171749436,10,2017-01-06 06:30:39+00:00,True,255
158487,2017-01-11T21:58:22,-69.91,-22.79,76.9,5.7,mw,0.01,0.01,0.8,,169.0,43.0,-129.0,36.0,58.0,-60.0,-5.1731e+17,-5.921e+16,5.7652e+17,-1.651e+17,-6.675e+16,1.88e+17,GCMT,,intra_slab,47.4775123596,intra_slab,2017-01-11T21:58:22,5.3,6.997675171749436,10,2017-01-11 21:58:22+00:00,True,111
159114,2017-02-03T00:52:31,-69.51,-33.07,19.5,5.4,mw,0.01,0.01,0.6,,138.0,46.0,-15.0,238.0,79.0,-135.0,-6.798e+16,1.7209e+17,-1.0411e+17,4.469e+16,6.922e+16,-7630000000000000.0,GCMT,,intraarc_shallow,,intraarc,2017-02-03T00:52:31,5.3,6.997675171749436,10,2017-02-03 00:52:31+00:00,True,43
159530,2017-02-18T12:10:23,-66.87,-23.87,221.5,6.4,mw,0.0,0.0,0.3,,184.0,6.0,-91.0,4.0,84.0,-90.0,-7.694e+17,1.106e+17,6.588e+17,-5.71e+17,-4.1347e+18,-1.208e+17,GCMT,,slab_deep,157.806991577,slab_deep,2017-02-18T12:10:23,5.3,6.997675171749436,10,2017-02-18 12:10:23+00:00,True,93
160800,2017-04-06T17:15:27,-72.78,-17.71,19.0,5.3,mw,0.02,0.02,0.0,,305.0,14.0,44.0,171.0,80.0,100.0,2.3332e+16,-6638000000000000.0,-1.6694e+16,1.9366e+16,-3.9695e+16,1.6643e+16,GCMT,,slab_interface,15.5633554459,slab_interface,2017-04-06T17:15:27,5.3,6.997675171749436,10,2017-04-06 17:15:27+00:00,True,252
161028,2017-04-15T08:19:48,-67.92,-23.2,164.2,6.3,mw,0.0,0.0,0.3,,124.0,18.0,-137.0,353.0,78.0,-77.0,-1.1675e+18,-2.058e+17,1.3733e+18,3.806e+17,-2.9619e+18,-7.514e+17,GCMT,,slab_deep,105.162864685,slab_deep,2017-04-15T08:19:48,5.3,6.997675171749436,10,2017-04-15 08:19:48+00:00,True,111
161197,2017-04-20T21:24:34,-67.43,-27.54,159.6,5.3,mw,0.01,0.01,1.1,,143.0,27.0,-96.0,330.0,63.0,-87.0,-7.2e+16,1.3e+16,5.9e+16,3.07e+16,-5.39e+16,-5.23e+16,GCMT,,slab_deep,111.592567444,slab_deep,2017-04-20T21:24:34,5.3,6.997675171749436,10,2017-04-20 21:24:34+00:00,True,493
161396,2017-04-24T21:38:37,-72.07,-33.13,26.0,6.9,mw,0.0,0.0,0.2,,3.0,16.0,94.0,179.0,74.0,89.0,1.258e+19,1.2e+17,-1.27e+19,2.74e+18,-2.455e+19,2.3e+17,GCMT,,slab_interface,20.6993484497,slab_interface,2017-04-24T21:38:37,5.3,6.997675171749436,10,2017-04-24 21:38:37+00:00,True,44
161397,2017-04-24T21:45:58,-72.662,-32.416,25.9,5.6,mw,,,8.7,,,,,,,,,,,,,,CSN-improved,,outer_rise,,outer_rise,2017-04-24T21:45:58,5.3,6.997675171749436,10,2017-04-24 21:45:58+00:00,True,37
161509,2017-04-25T01:43:03,-72.31,-33.35,31.1,5.5,mw,0.03,0.03,1.3,,16.0,24.0,107.0,178.0,67.0,83.0,6.0213e+16,1.9854e+16,-8.0067e+16,4083000000000000.0,-5.8345e+16,-9512000000000000.0,GCMT,,intra_slab,15.6360378265,intra_slab,2017-04-25T01:43:03,5.3,6.997675171749436,10,2017-04-25 01:43:03+00:00,True,147
162666,2017-05-14T19:44:30,-68.71,-20.92,132.4,5.7,mw,0.01,0.01,0.7,,240.0,65.0,11.0,146.0,80.0,155.0,-4.776e+16,-3.663e+17,4.1406e+17,4760000000000000.0,-2.4931e+17,1.657e+17,GCMT,,slab_deep,92.8691329956,slab_deep,2017-05-14T19:44:30,5.3,6.997675171749436,10,2017-05-14 19:44:30+00:00,True,276
162772,2017-05-17T10:45:59,-67.098,-24.388,156.79,5.3,mw,,,8.9,0.161,,,,,,,,,,,,,USGS,,slab_deep,138.223678589,slab_deep,2017-05-17T10:45:59,5.3,6.997675171749436,10,2017-05-17 10:45:59+00:00,True,494
162813,2017-05-18T23:45:43,-67.294,-32.654,166.23,5.4,mw,,,5.1,0.025,,,,,,,,,,,,,USGS,,slab_deep,138.174865723,slab_deep,2017-05-18T23:45:43,5.3,6.997675171749436,10,2017-05-18 23:45:43+00:00,True,428
163106,2017-05-29T14:57:59,-71.87,-37.38,97.7,5.9,mw,0.01,0.01,1.8,,263.0,34.0,-22.0,12.0,78.0,-122.0,-3.5723e+17,1.99e+17,1.5824e+17,-1.3499e+17,-5.197e+17,4.9352e+17,GCMT,,slab_deep,85.9773406982,slab_deep,2017-05-29T14:57:59,5.3,6.997675171749436,10,2017-05-29 14:57:59+00:00,True,215
163339,2017-06-06T17:35:15,-68.84,-22.74,123.1,5.4,mw,0.01,0.01,1.4,,116.0,60.0,-167.0,20.0,79.0,-30.0,-4.084e+16,-4.622e+16,8.706e+16,-3.084e+16,-3.926e+16,-6.875e+16,GCMT,,slab_deep,81.0126647949,slab_deep,2017-06-06T17:35:15,5.3,6.997675171749436,10,2017-06-06 17:35:15+00:00,True,429
163373,2017-06-07T04:33:20,-73.633,-17.9,25.68,5.3,mw,,,5.5,0.04,,,,,,,,,,,,,USGS,,outer_rise,,outer_rise,2017-06-07T04:33:20,5.3,6.997675171749436,10,2017-06-07 04:33:20+00:00,True,57
164081,2017-07-02T15:53:04,-68.86,-21.94,130.0,5.3,mw,0.01,0.01,1.1,,274.0,23.0,0.0,4.0,90.0,-113.0,1220000000000000.0,1.537e+16,-1.66e+16,-2.506e+16,-1.222e+17,4.803e+16,GCMT,,slab_deep,83.6928787231,slab_deep,2017-07-02T15:53:04,5.3,6.997675171749436,10,2017-07-02 15:53:04+00:00,True,495
164549,2017-07-18T02:05:20,-73.599,-16.415,48.8,6.4,mw,,,5.2,0.1,130.0,71.0,134.0,239.0,47.0,26.0,9.3e+16,-3.0254e+18,2.9324e+18,2.5741e+18,-4.019e+17,-2.1174e+18,ISC-GEM,,intra_slab,37.0808525085,intra_slab,2017-07-18T02:05:20,5.3,6.997675171749436,10,2017-07-18 02:05:20+00:00,True,41
164583,2017-07-19T23:22:33,-69.19,-23.92,109.1,5.3,mw,0.02,0.01,1.7,,179.0,55.0,-36.0,292.0,61.0,-140.0,-6.9431e+16,1.8906e+16,5.0525e+16,2.4454e+16,1.2098e+16,-6.178e+16,GCMT,,slab_deep,72.7468185425,slab_deep,2017-07-19T23:22:33,5.3,6.997675171749436,10,2017-07-19 23:22:33+00:00,True,496
164952,2017-08-01T06:14:00,-69.04,-28.68,118.7,5.6,mw,0.01,0.01,0.9,,327.0,27.0,-88.0,145.0,63.0,-91.0,-2.2675e+17,5.316e+16,1.7359e+17,-7.599e+16,9.145e+16,-1.3379e+17,GCMT,,slab_deep,86.9870223999,slab_deep,2017-08-01T06:14:00,5.3,6.997675171749436,10,2017-08-01 06:14:00+00:00,True,304
164983,2017-08-02T07:15:16,-70.58,-33.17,95.8,5.4,mw,0.01,0.01,0.9,,202.0,32.0,-115.0,51.0,62.0,-75.0,-1.3906e+17,1.621e+16,1.2284e+17,-5.007e+16,-2300000000000000.0,1.3327e+17,GCMT,,slab_deep,76.2671508789,slab_deep,2017-08-02T07:15:16,5.3,6.997675171749436,10,2017-08-02 07:15:16+00:00,True,430
164982,2017-08-02T20:03:33,-71.28,-28.61,24.5,5.5,mw,0.01,0.01,0.4,,57.0,4.0,-57.0,203.0,86.0,-92.0,-5.719e+16,3.679e+16,2.041e+16,3.693e+16,7.064e+16,4.288e+16,GCMT,,slab_interface,28.0278587341,slab_interface,2017-08-02T20:03:33,5.3,6.997675171749436,10,2017-08-02 20:03:33+00:00,True,209
166556,2017-09-20T05:26:14,-71.45,-16.43,133.4,5.3,mw,0.01,0.01,1.6,,141.0,43.0,-104.0,339.0,48.0,-78.0,-9.272e+16,2.021e+16,7.251e+16,4910000000000000.0,-3.715e+16,-6.016e+16,GCMT,,slab_deep,104.380950928,slab_deep,2017-09-20T05:26:14,5.3,6.997675171749436,10,2017-09-20 05:26:14+00:00,True,497
167000,2017-10-05T08:11:40,-68.49,-22.34,139.5,5.5,mw,0.01,0.01,0.8,,159.0,37.0,-76.0,323.0,54.0,-100.0,-1.6614e+17,4.149e+16,1.2465e+17,5.99e+16,-6.463e+16,-1.0626e+17,GCMT,,slab_deep,91.0877151489,slab_deep,2017-10-05T08:11:40,5.3,6.997675171749436,10,2017-10-05 08:11:40+00:00,True,350
167143,2017-10-10T06:32:24,-69.86,-18.58,106.4,6.3,mw,0.0,0.0,0.5,,151.0,12.0,-104.0,345.0,78.0,-87.0,-1.6698e+18,-1.138e+17,1.7837e+18,1.0033e+18,-2.4395e+18,-3.814e+17,GCMT,,slab_deep,81.0564117432,slab_deep,2017-10-10T06:32:24,5.3,6.997675171749436,10,2017-10-10 06:32:24+00:00,True,112
167227,2017-10-12T18:59:15,-65.53,-31.03,185.4,5.6,mw,0.01,0.01,1.0,,9.0,69.0,-2.0,99.0,88.0,-159.0,-1.299e+16,-7.278e+16,8.577e+16,-7.197e+16,-1.033e+16,-2.3888e+17,GCMT,,slab_deep,152.552841187,slab_deep,2017-10-12T18:59:15,5.3,6.997675171749436,10,2017-10-12 18:59:15+00:00,True,305
167386,2017-10-17T04:20:15,-73.575,-36.182,10.0,5.3,mw,,,,,,,,,,,,,,,,,ISC,,slab_interface,18.9052009583,slab_interface,2017-10-17T04:20:15,5.3,6.997675171749436,10,2017-10-17 04:20:15+00:00,True,253
169010,2017-12-11T19:01:01,-71.3,-19.62,14.3,5.4,mw,0.01,0.01,0.4,,342.0,28.0,91.0,161.0,62.0,89.0,1.3016e+17,-9800000000000000.0,-1.2036e+17,7.88e+16,-1.7473e+17,4.358e+16,GCMT,,slab_interface,15.0699090958,slab_interface,2017-12-11T19:01:01,5.3,6.997675171749436,10,2017-12-11 19:01:01+00:00,True,234
169266,2017-12-20T18:16:11,-69.869,-18.034,109.87,5.3,mw,,,5.8,0.125,,,,,,,,,,,,,USGS,,slab_deep,92.953086853,slab_deep,2017-12-20T18:16:11,5.3,6.997675171749436,10,2017-12-20 18:16:11+00:00,True,498
169459,2017-12-28T03:54:57,-70.49,-24.94,67.4,5.4,mw,0.01,0.01,0.9,,358.0,25.0,103.0,164.0,65.0,84.0,1.1868e+17,-5290000000000000.0,-1.1339e+17,1.808e+16,-8.353e+16,3.201e+16,GCMT,,intra_slab,36.138420105,intra_slab,2017-12-28T03:54:57,5.3,6.997675171749436,10,2017-12-28 03:54:57+00:00,True,163
169812,2018-01-10T03:16:44,-69.395,-18.192,126.51,5.3,mw,,,5.2,0.06,,,,,,,,,,,,,USGS,,slab_deep,105.203010559,slab_deep,2018-01-10T03:16:44,5.3,6.997675171749436,10,2018-01-10 03:16:44+00:00,True,499
170228,2018-01-24T07:46:09,-69.22,-20.33,128.6,5.3,mw,0.01,0.01,1.3,,215.0,20.0,-32.0,336.0,79.0,-107.0,-5.353e+16,-3.747e+16,9.1e+16,5.154e+16,-7.982e+16,5060000000000000.0,GCMT,,slab_deep,80.8615646362,slab_deep,2018-01-24T07:46:09,5.3,6.997675171749436,10,2018-01-24 07:46:09+00:00,True,500
170412,2018-01-30T14:23:55,-74.78,-16.12,39.5,5.5,mw,0.01,0.01,0.4,,315.0,42.0,93.0,131.0,48.0,87.0,1.97e+17,-1.1000000000000002e+17,-8.64e+16,2.14e+16,-1.19e+16,1.3700000000000002e+17,GCMT,,outer_rise,,outer_rise,2018-01-30T14:23:55,5.3,6.997675171749436,10,2018-01-30 14:23:55+00:00,True,43
170676,2018-02-08T21:19:28,-74.19,-37.58,12.2,5.5,mw,0.01,0.01,0.5,,27.0,17.0,111.0,185.0,74.0,84.0,1.4059e+17,2.138e+16,-1.6197e+17,-4.711e+16,-2.5189e+17,-5.369e+16,GCMT,,slab_interface,14.1987934113,slab_interface,2018-02-08T21:19:28,5.3,6.997675171749436,10,2018-02-08 21:19:28+00:00,True,210
170760,2018-02-11T04:11:14,-74.26,-16.77,24.9,5.4,mw,0.01,0.01,0.6,,15.0,51.0,-180.0,285.0,90.0,-39.0,-1.077e+16,4.133e+16,-3.056e+16,9.568e+16,210000000000000.0,1.009e+17,GCMT,,outer_rise,,outer_rise,2018-02-11T04:11:14,5.3,6.997675171749436,10,2018-02-11 04:11:14+00:00,True,50
171250,2018-02-26T23:31:43,-67.478,-28.38,120.33,5.3,mw,,,6.6,0.026,,,,,,,,,,,,,USGS,,slab_deep,104.484848022,slab_deep,2018-02-26T23:31:43,5.3,6.997675171749436,10,2018-02-26 23:31:43+00:00,True,501
172271,2018-04-05T11:12:14,-70.6,-20.27,87.8,5.6,mw,0.01,0.01,1.2,,123.0,61.0,175.0,216.0,86.0,29.0,1.099e+16,-1.7173e+17,1.6074e+17,-6.408e+16,-1.2668e+17,-7.641e+16,GCMT,,intra_slab,27.5389652252,intra_slab,2018-04-05T11:12:14,5.3,6.997675171749436,10,2018-04-05 11:12:14+00:00,True,127
173208,2018-05-06T02:44:25,-72.48,-34.23,31.5,5.3,mw,0.01,0.01,0.6,,25.0,24.0,105.0,190.0,67.0,84.0,5.356e+16,6831000000000000.0,-6.039e+16,-3962000000000000.0,-6.3824e+16,-1.7587e+16,GCMT,,intra_slab,17.6588191986,intra_slab,2018-05-06T02:44:25,5.3,6.997675171749436,10,2018-05-06 02:44:25+00:00,True,178
173370,2018-05-11T18:48:30,-72.255,-16.181,87.17,5.4,mw,,,7.2,0.064,,,,,,,,,,,,,USGS,,slab_deep,83.6147460938,slab_deep,2018-05-11T18:48:30,5.3,6.997675171749436,10,2018-05-11 18:48:30+00:00,True,431
173941,2018-05-28T21:00:46,-66.92,-24.42,10.0,5.3,mw,,,,,,,,,,,,,,,,,ISC,,intraarc_shallow,,intraarc,2018-05-28T21:00:46,5.3,6.997675171749436,10,2018-05-28 21:00:46+00:00,True,51
174056,2018-06-02T06:17:22,-73.9,-38.35,29.0,5.3,mw,0.02,0.01,0.8,,354.0,19.0,87.0,177.0,72.0,91.0,5.0536e+16,5030000000000000.0,-5.5566e+16,3790000000000000.0,-7.2682e+16,1513000000000000.0,GCMT,,slab_interface,21.3545951843,slab_interface,2018-06-02T06:17:22,5.3,6.997675171749436,10,2018-06-02 06:17:22+00:00,True,254
174476,2018-06-16T11:35:25,-70.492,-33.993,10.0,5.3,mw,,,1.9,0.108,,,,,,,,,,,,,USGS,,intraarc_shallow,,intraarc,2018-06-16T11:35:25,5.3,6.997675171749436,10,2018-06-16 11:35:25+00:00,True,52
175706,2018-08-01T06:19:05,-72.081,-31.372,10.0,5.3,mw,,,1.9,0.041,,,,,,,,,,,,,USGS,,slab_interface,16.8549365997,slab_interface,2018-08-01T06:19:05,5.3,6.997675171749436,10,2018-08-01 06:19:05+00:00,True,255
176568,2018-09-07T02:39:22,-70.16,-28.84,121.5,5.8,mw,0.02,0.01,2.0,,120.0,37.0,-84.0,293.0,53.0,-94.0,-5.117e+17,4.9429e+17,1.74e+16,1.4722e+17,-1.089e+16,-2.1605e+17,GCMT,,slab_deep,76.9549026489,slab_deep,2018-09-07T02:39:22,5.3,6.997675171749436,10,2018-09-07 02:39:22+00:00,True,256
176724,2018-09-14T11:20:08,-71.53,-16.05,150.0,5.5,mw,0.01,0.01,1.1,,120.0,70.0,-169.0,26.0,80.0,-21.0,-2.395e+16,-1.0714e+17,1.3109e+17,-4.135e+16,-3.01e+16,-7.132e+16,GCMT,,slab_deep,114.133728027,slab_deep,2018-09-14T11:20:08,5.3,6.997675171749436,10,2018-09-14 11:20:08+00:00,True,351
176914,2018-09-23T05:32:16,-70.35,-24.43,65.9,5.4,mw,0.01,0.01,1.4,,4.0,20.0,108.0,165.0,71.0,84.0,9.301e+16,-1.112e+16,-8.188e+16,3.978e+16,-8.704e+16,-1.121e+16,GCMT,,intra_slab,38.546459198,intra_slab,2018-09-23T05:32:16,5.3,6.997675171749436,10,2018-09-23 05:32:16+00:00,True,164
177904,2018-11-01T22:19:53,-69.57,-19.63,116.3,6.2,mw,0.0,0.0,0.4,,172.0,20.0,-88.0,350.0,70.0,-91.0,-1.7002e+18,-9.72e+16,1.7974e+18,3.825e+17,-1.5762e+18,-2.748e+17,GCMT,,slab_deep,74.9570617676,slab_deep,2018-11-01T22:19:53,5.3,6.997675171749436,10,2018-11-01 22:19:53+00:00,True,137
180955,2018-12-24T02:19:31,-68.336,-21.379,121.0,5.4,mw,,,,,151.0,26.0,-99.0,342.0,65.0,-86.0,-6.5e+16,5800000000000000.0,5.93e+16,1.57e+16,-5.41e+16,-2.82e+16,ISC,,slab_deep,100.842056274,slab_deep,2018-12-24T02:19:31,5.3,6.997675171749436,10,2018-12-24 02:19:31+00:00,True,432
181332,2018-12-31T10:49:43,-69.35,-31.84,119.9,5.3,mw,0.01,0.01,0.9,,186.0,48.0,-121.0,48.0,50.0,-61.0,-1.0406e+17,510000000000000.0,1.0354e+17,-2.224e+16,2.472e+16,5.108e+16,GCMT,,slab_deep,102.341781616,slab_deep,2018-12-31T10:49:43,5.3,6.997675171749436,10,2018-12-31 10:49:43+00:00,True,502
182233,2019-01-14T22:48:09,-70.653,-17.674,96.3,5.6,mw,,,6.2,0.088,,,,,,,,,,,,,USGS,,slab_deep,78.7537460327,slab_deep,2019-01-14T22:48:09,5.3,6.997675171749436,10,2019-01-14 22:48:09+00:00,True,306
182591,2019-01-20T01:32:58,-71.39,-30.18,60.7,6.6,mw,0.0,0.0,0.2,,187.0,39.0,-106.0,28.0,53.0,-77.0,-1.4388e+19,4.22e+18,1.0168e+19,-3.012e+18,-1.035e+18,1.545e+18,GCMT,,intra_slab,37.8312950134,intra_slab,2019-01-20T01:32:58,5.3,6.997675171749436,10,2019-01-20 01:32:58+00:00,True,25
183447,2019-01-30T07:44:47,-70.61,-25.99,58.5,5.6,mw,0.01,0.01,1.1,,189.0,8.0,-76.0,355.0,83.0,-92.0,-1.7132e+17,3.757e+16,1.3376e+17,2.989e+16,-2.7848e+17,-2340000000000000.0,GCMT,,intra_slab,35.0852165222,intra_slab,2019-01-30T07:44:47,5.3,6.997675171749436,10,2019-01-30 07:44:47+00:00,True,128
183662,2019-02-03T02:56:40,-71.769,-31.42,10.0,5.3,mw,,,,,,,,,,,,,,,,,ISC,,forearc,27.224029541,forearc,2019-02-03T02:56:40,5.3,6.997675171749436,10,2019-02-03 02:56:40+00:00,True,96
185333,2019-03-02T20:21:57,-72.69,-33.67,16.7,5.5,mw,0.01,0.01,0.5,,352.0,17.0,68.0,195.0,74.0,97.0,9.273e+16,-1.907e+16,-7.366e+16,-3.783e+16,-2.0454e+17,-9600000000000000.0,GCMT,,slab_interface,10.4183998108,slab_interface,2019-03-02T20:21:57,5.3,6.997675171749436,10,2019-03-02 20:21:57+00:00,True,211
185465,2019-03-07T15:34:32,-72.82,-29.51,31.5,5.7,mw,0.01,0.01,0.3,,185.0,38.0,114.0,335.0,55.0,72.0,3.8269e+17,1.1864e+17,-5.0133e+17,-8.989e+16,1.3594e+17,8.027e+16,GCMT,,outer_rise,,outer_rise,2019-03-07T15:34:32,5.3,6.997675171749436,10,2019-03-07 15:34:32+00:00,True,33
185714,2019-03-15T05:03:57,-65.9,-17.74,380.5,6.4,mw,0.01,0.01,0.4,,157.0,52.0,150.0,267.0,67.0,42.0,1.8043e+18,-2.229e+18,4.247e+17,-2.0064e+18,-1.1589e+18,2.5047e+18,GCMT,,slab_deep,354.982055664,slab_deep,2019-03-15T05:03:57,5.3,6.997675171749436,10,2019-03-15 05:03:57+00:00,True,94
186698,2019-04-18T04:06:35,-71.53,-29.46,73.5,5.6,mw,0.01,0.01,1.1,,183.0,15.0,-82.0,355.0,75.0,-92.0,-1.9925e+17,1.127e+16,1.8797e+17,2.299e+16,-2.9047e+17,-3.621e+16,GCMT,,intra_slab,27.359287262,intra_slab,2019-04-18T04:06:35,5.3,6.997675171749436,10,2019-04-18 04:06:35+00:00,True,129
186932,2019-04-26T06:22:38,-71.1,-25.81,34.1,5.6,mw,0.01,0.01,0.2,,10.0,46.0,74.0,213.0,46.0,106.0,2.3834e+17,-2.076e+16,-2.1758e+17,-3.603e+16,-6560000000000000.0,-5.165e+16,GCMT,,intra_slab,18.4419250488,intra_slab,2019-04-26T06:22:38,5.3,6.997675171749436,10,2019-04-26 06:22:38+00:00,True,130
187036,2019-04-29T16:35:09,-67.396,-28.144,129.82,5.4,mw,,,6.5,0.033,,,,,,,,,,,,,USGS,,slab_deep,108.473068237,slab_deep,2019-04-29T16:35:09,5.3,6.997675171749436,10,2019-04-29 16:35:09+00:00,True,433
187608,2019-05-20T11:18:38,-70.04,-31.54,112.9,5.6,mw,0.01,0.01,1.0,,277.0,65.0,-13.0,13.0,79.0,-154.0,-6.91e+16,1.224e+17,-5.33e+16,-1.783e+16,-5.604e+16,2.3491e+17,GCMT,,slab_deep,96.229057312,slab_deep,2019-05-20T11:18:38,5.3,6.997675171749436,10,2019-05-20 11:18:38+00:00,True,307
187711,2019-05-24T20:16:04,-66.6,-28.05,176.0,5.3,mw,0.01,0.01,1.1,,203.0,30.0,-30.0,320.0,75.0,-117.0,-4.0734e+16,-9018000000000000.0,4.9752e+16,4.5739e+16,-4.9295e+16,-2.38e+16,GCMT,,slab_deep,134.000930786,slab_deep,2019-05-24T20:16:04,5.3,6.997675171749436,10,2019-05-24 20:16:04+00:00,True,503
188077,2019-06-05T16:19:45,-70.15,-27.43,98.3,5.3,mw,0.01,0.01,1.0,,157.0,26.0,-138.0,28.0,73.0,-70.0,-6.975e+16,-1.638e+16,8.614e+16,-5.469e+16,-6.77e+16,5150000000000000.0,GCMT,,slab_deep,65.0322494507,slab_deep,2019-06-05T16:19:45,5.3,6.997675171749436,10,2019-06-05 16:19:45+00:00,True,504
188330,2019-06-14T00:19:18,-72.16,-30.12,12.0,6.3,mw,0.0,0.0,0.0,,1.0,21.0,88.0,183.0,69.0,91.0,2.6843e+18,-7.16e+16,-2.6127e+18,-1.552e+17,-4.2474e+18,-8.63e+16,GCMT,,slab_interface,13.6277513504,slab_interface,2019-06-14T00:19:18,5.3,6.997675171749436,10,2019-06-14 00:19:18+00:00,True,93
188545,2019-06-20T01:23:30,-68.83,-33.68,162.9,5.5,mw,0.01,0.01,0.8,,352.0,52.0,-157.0,248.0,72.0,-40.0,1500000000000000.0,-8.98e+16,8.83e+16,7.989e+16,-2.961e+16,1.2065e+17,GCMT,,slab_deep,139.071746826,slab_deep,2019-06-20T01:23:30,5.3,6.997675171749436,10,2019-06-20 01:23:30+00:00,True,352
189658,2019-08-01T18:28:16,-72.24,-34.32,25.0,6.8,mw,0.01,0.0,0.2,,19.0,14.0,106.0,183.0,77.0,86.0,7.446e+18,-2.35e+17,-7.211e+18,-1.16e+18,-1.499e+19,-1.437e+18,GCMT,,slab_interface,23.9268360138,slab_interface,2019-08-01T18:28:16,5.3,6.997675171749436,10,2019-08-01 18:28:16+00:00,True,53
189659,2019-08-01T20:01:33,-72.08,-34.35,14.7,5.9,mw,0.03,0.03,2.0,,358.0,13.0,87.0,181.0,77.0,91.0,1.4289e+17,2.493e+16,-1.6782e+17,3680000000000000.0,-2.3598e+17,-4.582e+16,GCMT,,forearc,28.7448730469,forearc,2019-08-01T20:01:33,5.3,6.997675171749436,10,2019-08-01 20:01:33+00:00,True,64
189916,2019-08-08T11:26:21,-74.922,-38.315,31.77,5.3,mw,,,5.0,0.144,,,,,,,,,,,,,USGS,,outer_rise,,outer_rise,2019-08-08T11:26:21,5.3,6.997675171749436,10,2019-08-08 11:26:21+00:00,True,58
190988,2019-09-14T12:22:44,-73.353,-33.965,10.0,5.3,mw,,,1.9,0.042,,,,,,,,,,,,,USGS,,outer_rise,,outer_rise,2019-09-14T12:22:44,5.3,6.997675171749436,10,2019-09-14 12:22:44+00:00,True,59
191236,2019-09-23T08:24:46,-73.96,-36.18,12.7,5.3,mw,0.01,0.01,0.7,,4.0,16.0,81.0,194.0,74.0,93.0,4.3288e+16,2606000000000000.0,-4.5893e+16,-2.7301e+16,-8.2499e+16,-9118000000000000.0,GCMT,,slab_interface,12.3344526291,slab_interface,2019-09-23T08:24:46,5.3,6.997675171749436,10,2019-09-23 08:24:46+00:00,True,256
191315,2019-09-26T16:36:22,-72.06,-40.9,139.0,6.1,mw,0.01,0.0,0.4,,96.0,58.0,33.0,347.0,62.0,143.0,5.693e+17,-6.336e+17,6.44e+16,4.195e+17,5.732e+17,1.2148e+18,GCMT,,slab_deep,108.702316284,slab_deep,2019-09-26T16:36:22,5.3,6.997675171749436,10,2019-09-26 16:36:22+00:00,True,166
191408,2019-09-29T15:58:00,-73.1,-35.56,16.7,6.7,mw,0.0,0.0,0.2,,16.0,12.0,106.0,180.0,78.0,87.0,6.476e+18,-4.41e+17,-6.035e+18,-8.4e+16,-1.1176e+19,-9.71e+17,GCMT,,slab_interface,20.9616985321,slab_interface,2019-09-29T15:58:00,5.3,6.997675171749436,10,2019-09-29 15:58:00+00:00,True,61
191410,2019-09-29T20:11:57,-72.948,-35.503,4.0,5.4,mw,,,,,3.74,31.22,-127.54,225.68,65.73,-69.73,-2.5149e+16,923000000000000.0,2.4227e+16,1.9287e+16,1.2727e+16,1.4451e+16,ISC,,forearc,23.4461135864,forearc,2019-09-29T20:11:57,5.3,6.997675171749436,10,2019-09-29 20:11:57+00:00,True,90
191678,2019-10-06T10:40:59,-68.5,-21.87,129.7,5.7,mw,0.01,0.01,0.7,,236.0,30.0,-23.0,347.0,79.0,-118.0,-1.3645e+17,-1.4283e+17,2.7929e+17,3040000000000000.0,-2.9838e+17,1.7303e+17,GCMT,,slab_deep,93.5028610229,slab_deep,2019-10-06T10:40:59,5.3,6.997675171749436,10,2019-10-06 10:40:59+00:00,True,277
192425,2019-11-03T13:23:18,-67.774,-29.118,122.0,5.7,mw,,,,,175.06,37.03,-43.53,302.24,65.5,-118.67,-2.1035e+17,1.689e+16,1.9346e+17,1.65e+17,-9.187e+16,-2.339e+17,ISC,,slab_deep,95.5637664795,slab_deep,2019-11-03T13:23:18,5.3,6.997675171749436,10,2019-11-03 13:23:18+00:00,True,278
192457,2019-11-04T13:03:44,-70.34,-21.36,25.0,5.4,mw,0.01,0.01,0.0,,5.0,5.0,103.0,171.0,85.0,89.0,2.3962e+16,9486000000000000.0,-3.3448e+16,2.4855e+16,-5.2549e+16,-9182000000000000.0,GCMT,,slab_interface,30.9902839661,slab_interface,2019-11-04T13:03:44,5.3,6.997675171749436,10,2019-11-04 13:03:44+00:00,True,235
192456,2019-11-04T21:53:26,-71.37,-31.81,67.2,6.1,mw,0.01,0.01,0.5,,205.0,33.0,118.0,352.0,61.0,73.0,1.4143e+18,-2.44e+16,-1.3899e+18,-3.303e+17,4.554e+17,-2.199e+17,GCMT,,intra_slab,44.6873207092,intra_slab,2019-11-04T21:53:26,5.3,6.997675171749436,10,2019-11-04 21:53:26+00:00,True,61
192898,2019-11-19T23:10:45,-66.98,-33.79,14.8,5.7,mw,0.01,0.01,0.3,,213.0,47.0,61.0,73.0,50.0,118.0,4.5882e+17,-3.0706e+17,-1.5177e+17,1.5972e+17,-8.279e+16,-2.2429e+17,GCMT,,backarc,,unclassified,2019-11-19T23:10:45,5.3,6.997675171749436,10,2019-11-19 23:10:45+00:00,True,35
193261,2019-12-03T07:29:35,-70.9,-20.84,14.1,5.4,mw,0.01,0.01,0.5,,349.0,18.0,87.0,172.0,72.0,91.0,7.319e+16,9320000000000000.0,-8.25e+16,3.11e+16,-9.679e+16,1.724e+16,GCMT,,slab_interface,16.5223999023,slab_interface,2019-12-03T07:29:35,5.3,6.997675171749436,10,2019-12-03 07:29:35+00:00,True,236
193260,2019-12-03T08:46:40,-71.02,-18.59,60.0,6.0,mw,0.01,0.01,0.4,,343.0,30.0,89.0,165.0,60.0,91.0,7.58e+17,-1.978e+17,-5.603e+17,3.123e+17,-6.575e+17,4.408e+17,GCMT,,intra_slab,36.7879676819,intra_slab,2019-12-03T08:46:40,5.3,6.997675171749436,10,2019-12-03 08:46:40+00:00,True,72
193618,2019-12-15T17:57:07,-65.371,-26.887,36.89,5.4,mw,,,6.9,0.038,,,,,,,,,,,,,USGS,,backarc,,unclassified,2019-12-15T17:57:07,5.3,6.997675171749436,10,2019-12-15 17:57:07+00:00,True,47
193803,2019-12-21T20:34:49,-67.338,-56.97,10.0,5.6,mw,,,1.7,0.066,323.0,34.0,85.0,149.0,57.0,93.0,3.84e+16,-1.56e+16,-2.28e+16,6190000000000000.0,-1.33e+16,9770000000000000.0,USGS,,backarc,,unclassified,2019-12-21T20:34:49,5.3,6.997675171749436,10,2019-12-21 20:34:49+00:00,True,37
194459,2020-01-13T02:01:45,-71.42,-40.33,189.9,5.4,mw,0.01,0.01,0.9,,259.0,14.0,-25.0,14.0,84.0,-103.0,-3.237e+16,4.718e+16,-1.481e+16,-5700000000000000.0,-9.16e+16,2.956e+16,GCMT,,slab_deep,136.683517456,slab_deep,2020-01-13T02:01:45,5.3,6.997675171749436,10,2020-01-13 02:01:45+00:00,True,434
194783,2020-01-24T05:13:53,-70.9,-17.34,99.2,5.4,mw,0.01,0.01,1.0,,105.0,18.0,-150.0,347.0,81.0,-75.0,-7.093e+16,-9620000000000000.0,8.055e+16,2.193e+16,-8.396e+16,-3.255e+16,GCMT,,slab_deep,82.6271286011,slab_deep,2020-01-24T05:13:53,5.3,6.997675171749436,10,2020-01-24 05:13:53+00:00,True,435
194856,2020-01-26T18:44:08,-65.88,-21.92,279.5,5.3,mw,0.01,0.01,1.3,,323.0,8.0,66.0,167.0,83.0,93.0,1.96e+16,9280000000000000.0,-2.887e+16,5540000000000000.0,-1.1588e+17,3.194e+16,GCMT,,slab_deep,242.662597656,slab_deep,2020-01-26T18:44:08,5.3,6.997675171749436,10,2020-01-26 18:44:08+00:00,True,505
195308,2020-02-11T13:50:07,-70.63,-24.8,70.0,5.3,mw,0.01,0.01,2.7,,90.0,8.0,-177.0,357.0,90.0,-82.0,-2.971e+16,-2000000000000000.0,3.172e+16,4870000000000000.0,-1.1419e+17,-1.567e+16,GCMT,,intra_slab,30.6330509186,intra_slab,2020-02-11T13:50:07,5.3,6.997675171749436,10,2020-02-11 13:50:07+00:00,True,179
195380,2020-02-14T13:50:45,-73.085,-16.699,50.45,5.3,mw,,,5.6,0.042,,,,,,,,,,,,,USGS,,slab_interface,38.6115226746,slab_interface,2020-02-14T13:50:45,5.3,6.997675171749436,10,2020-02-14 13:50:45+00:00,True,257
195454,2020-02-17T00:59:33,-66.034,-17.489,29.0,5.5,mw,,,,,,,,,,,,,,,,,ISC,,backarc,,unclassified,2020-02-17T00:59:33,5.3,6.997675171749436,10,2020-02-17 00:59:33+00:00,True,40
195835,2020-03-02T10:45:36,-68.193,-21.211,115.0,5.5,mw,,,,,,,,,,,,,,,,,ISC,,slab_deep,108.034500122,slab_deep,2020-03-02T10:45:36,5.3,6.997675171749436,10,2020-03-02 10:45:36+00:00,True,353
195836,2020-03-02T23:07:51,-70.468,-18.052,62.0,5.3,mw,,,,,,,,,,,,,,,,,ISC,,slab_deep,72.6813049316,slab_deep,2020-03-02T23:07:51,5.3,6.997675171749436,10,2020-03-02 23:07:51+00:00,True,506
195871,2020-03-03T06:00:10,-73.406,-16.297,40.52,5.3,mw,,,4.9,0.043,,,,,,,,,,,,,USGS,,slab_interface,46.8266639709,slab_interface,2020-03-03T06:00:10,5.3,6.997675171749436,10,2020-03-03 06:00:10+00:00,True,258
195935,2020-03-05T06:57:45,-67.57,-28.36,144.6,5.5,mw,0.01,0.01,0.5,,165.0,38.0,-96.0,353.0,52.0,-85.0,-1.9199e+17,1.009e+16,1.819e+17,1.218e+16,-2.681e+16,-4.63e+16,GCMT,,slab_deep,103.913581848,slab_deep,2020-03-05T06:57:45,5.3,6.997675171749436,10,2020-03-05 06:57:45+00:00,True,354
196020,2020-03-08T12:56:37,-65.587,-17.111,10.0,5.4,mw,,,,,,,,,,,,,,,,,ISC,,backarc,,unclassified,2020-03-08T12:56:37,5.3,6.997675171749436,10,2020-03-08 12:56:37+00:00,True,48
196257,2020-03-17T08:12:04,-73.13,-36.17,38.0,5.6,mw,0.01,0.01,0.4,,109.0,28.0,79.0,301.0,62.0,96.0,2.1571e+17,-1.9502e+17,-2.069e+16,-9.659e+16,9.807e+16,1.0387e+17,GCMT,,intra_slab,27.261800766,intra_slab,2020-03-17T08:12:04,5.3,6.997675171749436,10,2020-03-17 08:12:04+00:00,True,131
196390,2020-03-22T13:46:41,-67.397,-22.246,175.0,5.4,mw,,,,,,,,,,,,,,,,,ISC,,slab_deep,139.071578979,slab_deep,2020-03-22T13:46:41,5.3,6.997675171749436,10,2020-03-22 13:46:41+00:00,True,436
196516,2020-03-26T01:48:07,-67.773,-21.375,140.0,5.5,mw,,,,,,,,,,,,,,,,,ISC,,slab_deep,127.716835022,slab_deep,2020-03-26T01:48:07,5.3,6.997675171749436,10,2020-03-26 01:48:07+00:00,True,355
197060,2020-04-14T16:02:10,-70.463,-33.89,111.0,5.4,mw,,,,,112.0,55.0,-136.0,353.0,55.0,-45.0,-2.65e+16,6390000000000000.0,2.01e+16,-1.6299999999999998e+16,-1.29e+16,-2.52e+16,ISC,,slab_deep,87.4231033325,slab_deep,2020-04-14T16:02:10,5.3,6.997675171749436,10,2020-04-14 16:02:10+00:00,True,437
197337,2020-04-25T05:54:04,-71.02,-27.96,15.0,5.3,mw,0.03,0.02,0.0,,318.0,10.0,29.0,199.0,85.0,99.0,6100000000000000.0,2.6e+16,-3.21e+16,-2.88e+16,-9.52e+16,-3000000000000000.0,GCMT,,forearc,31.5492572784,forearc,2020-04-25T05:54:04,5.3,6.997675171749436,10,2020-04-25 05:54:04+00:00,True,97
197517,2020-04-30T09:23:17,-68.13,-22.66,145.3,5.3,mw,0.01,0.01,0.8,,127.0,46.0,-129.0,357.0,56.0,-57.0,-1.0403e+17,-5000000000000000.0,1.0902e+17,-1.996e+16,-1.903e+16,-6.126e+16,GCMT,,slab_deep,100.003395081,slab_deep,2020-04-30T09:23:17,5.3,6.997675171749436,10,2020-04-30 09:23:17+00:00,True,507
198456,2020-06-02T10:29:15,-69.286,-17.335,163.5,5.3,mw,,,6.1,0.03,,,,,,,,,,,,,USGS,,slab_deep,132.579925537,slab_deep,2020-06-02T10:29:15,5.3,6.997675171749436,10,2020-06-02 10:29:15+00:00,True,508
198472,2020-06-03T07:35:40,-68.44,-23.22,108.6,6.8,mw,0.0,0.0,0.3,,155.0,30.0,-88.0,333.0,60.0,-91.0,-1.745e+19,-5.6e+16,1.7506e+19,5.389e+18,-9.299e+18,-1.0165e+19,GCMT,,slab_deep,88.6814575195,slab_deep,2020-06-03T07:35:40,5.3,6.997675171749436,10,2020-06-03 07:35:40+00:00,True,54
199657,2020-07-17T05:40:39,-70.11,-20.25,75.6,6.0,mw,0.02,0.01,2.5,,213.0,25.0,-55.0,355.0,70.0,-105.0,-6.0283e+17,-5.363e+16,6.5647e+17,1.3732e+17,-4.6539e+17,4.695e+16,GCMT,,intra_slab,46.0675048828,intra_slab,2020-07-17T05:40:39,5.3,6.997675171749436,10,2020-07-17 05:40:39+00:00,True,73
199785,2020-07-22T19:45:08,-73.896,-16.401,35.0,5.3,mw,,,1.9,0.04,,,,,,,,,,,,,USGS,,slab_interface,29.1883907318,slab_interface,2020-07-22T19:45:08,5.3,6.997675171749436,10,2020-07-22 19:45:08+00:00,True,259
200937,2020-09-01T04:09:39,-71.41,-28.01,34.4,6.9,mw,0.0,0.0,0.2,,15.0,24.0,112.0,171.0,68.0,81.0,1.3709e+19,-4.83e+17,-1.3227e+19,3.24e+18,-1.7253e+19,-7.97e+17,GCMT,,intra_slab,19.2289295197,intra_slab,2020-09-01T04:09:39,5.3,6.997675171749436,10,2020-09-01 04:09:39+00:00,True,10
200938,2020-09-01T21:09:26,-71.46,-28.03,23.6,6.4,mw,0.0,0.0,0.2,,17.0,22.0,116.0,169.0,70.0,80.0,3.6588e+18,5.1e+16,-3.7098e+18,8.564e+17,-5.7893e+18,-8.858e+17,GCMT,,slab_interface,18.3615932465,slab_interface,2020-09-01T21:09:26,5.3,6.997675171749436,10,2020-09-01 21:09:26+00:00,True,80
201494,2020-09-11T07:36:01,-69.99,-21.38,56.9,6.2,mw,0.0,0.0,0.4,,315.0,69.0,169.0,49.0,80.0,22.0,7.045e+17,-2.2844e+18,1.5799e+18,2.085e+17,8.843e+17,1600000000000000.0,GCMT,,intra_slab,44.0960502625,intra_slab,2020-09-11T07:36:01,5.3,6.997675171749436,10,2020-09-11 07:36:01+00:00,True,56
202385,2020-10-09T08:55:52,-66.405,-27.898,163.02,5.4,mw,,,8.1,0.086,,,,,,,,,,,,,USGS,,slab_deep,145.106292725,slab_deep,2020-10-09T08:55:52,5.3,6.997675171749436,10,2020-10-09 08:55:52+00:00,True,438
202461,2020-10-12T21:02:56,-70.933,-16.479,129.45,5.4,mw,,,5.4,0.051,,,,,,,,,,,,,USGS,,slab_deep,119.039253235,slab_deep,2020-10-12T21:02:56,5.3,6.997675171749436,10,2020-10-12 21:02:56+00:00,True,439
202765,2020-10-21T09:13:12,-71.06,-25.47,27.6,5.8,mw,0.01,0.01,0.3,,12.0,26.0,117.0,163.0,67.0,78.0,3.1646e+17,8.925e+16,-4.0571e+17,4.949e+16,-1.8618e+17,-1.233e+16,GCMT,,slab_interface,20.0895423889,slab_interface,2020-10-21T09:13:12,5.3,6.997675171749436,10,2020-10-21 09:13:12+00:00,True,180
202843,2020-10-23T16:29:56,-67.297,-27.587,123.4,5.4,mw,,,5.7,0.111,,,,,,,,,,,,,USGS,,slab_deep,115.079879761,slab_deep,2020-10-23T16:29:56,5.3,6.997675171749436,10,2020-10-23 16:29:56+00:00,True,440
202908,2020-10-25T21:17:20,-71.1,-19.94,12.2,5.4,mw,0.01,0.01,0.4,,351.0,19.0,94.0,167.0,71.0,89.0,8.024e+16,8020000000000000.0,-8.826e+16,4.819e+16,-7.673e+16,1.874e+16,GCMT,,slab_interface,16.569852829,slab_interface,2020-10-25T21:17:20,5.3,6.997675171749436,10,2020-10-25 21:17:20+00:00,True,237
202981,2020-10-28T04:52:35,-71.72,-34.96,76.6,5.4,mw,0.01,0.01,1.0,,342.0,54.0,-148.0,232.0,65.0,-40.0,-1.4826e+17,-7.67e+16,2.2496e+17,6.744e+16,-5310000000000000.0,5.116e+16,GCMT,,slab_deep,53.4689826965,slab_deep,2020-10-28T04:52:35,5.3,6.997675171749436,10,2020-10-28 04:52:35+00:00,True,441
202980,2020-10-28T14:53:14,-71.24,-29.31,61.7,5.8,mw,0.01,0.01,0.7,,234.0,34.0,141.0,357.0,70.0,62.0,3.5563e+17,5.507e+16,-4.1071e+17,-1.0255e+17,3.0172e+17,-2.3441e+17,GCMT,,intra_slab,38.1360664368,intra_slab,2020-10-28T14:53:14,5.3,6.997675171749436,10,2020-10-28 14:53:14+00:00,True,102
203686,2020-11-21T02:11:31,-72.08,-31.94,30.0,6.3,mw,,,,,356.47,39.13,101.09,162.29,51.73,81.11,2.3994e+17,-1.019e+16,-2.2975e+17,4.084e+16,-4.665e+16,4.24e+16,CSN-improved,,slab_interface,17.8913326263,slab_interface,2020-11-21T02:11:31,5.3,6.997675171749436,10,2020-11-21 02:11:31+00:00,True,94
203687,2020-11-21T02:11:52,-71.47,-31.07,62.3,5.5,mw,0.01,0.01,0.6,,353.0,32.0,98.0,164.0,58.0,85.0,2.3994e+17,-1.019e+16,-2.2975e+17,4.084e+16,-4.665e+16,4.24e+16,GCMT,,intra_slab,38.9252510071,intra_slab,2020-11-21T02:11:52,5.3,6.997675171749436,10,2020-11-21 02:11:52+00:00,True,148
203723,2020-11-22T00:55:00,-73.12,-34.67,33.8,6.1,mw,0.01,0.0,0.4,,171.0,48.0,169.0,268.0,82.0,43.0,1.434e+17,-4.26e+16,-1.007e+17,-1.0187e+18,-7.029e+17,1.4231e+18,GCMT,,intra_slab,11.5402765274,intra_slab,2020-11-22T00:55:00,5.3,6.997675171749436,10,2020-11-22 00:55:00+00:00,True,62
203916,2020-11-29T16:40:44,-65.055,-23.253,7.0,6.1,mw,,,,,120.55,37.42,-53.84,257.92,60.62,-114.3,-3.9427e+17,5.7928e+17,-1.8501e+17,2.3694e+17,9.198e+16,-9.624e+16,ISC,,backarc,,unclassified,2020-11-29T16:40:44,5.3,6.997675171749436,10,2020-11-29 16:40:44+00:00,True,21
203948,2020-11-30T22:55:06,-67.18,-24.33,189.9,6.3,mw,0.0,0.0,0.4,,198.0,34.0,-61.0,344.0,60.0,-108.0,-2.5429e+18,-9.14e+16,2.6344e+18,7.894e+17,-1.2823e+18,-1.296e+17,GCMT,,slab_deep,132.862457275,slab_deep,2020-11-30T22:55:06,5.3,6.997675171749436,10,2020-11-30 22:55:06+00:00,True,113
204094,2020-12-04T05:48:23,-68.945,-31.323,105.42,5.4,mw,,,4.0,0.082,,,,,,,,,,,,,USGS,,slab_deep,96.3738479614,slab_deep,2020-12-04T05:48:23,5.3,6.997675171749436,10,2020-12-04 05:48:23+00:00,True,442
204133,2020-12-06T16:47:45,-69.07,-20.36,114.0,6.1,mw,0.0,0.0,0.4,,188.0,21.0,-69.0,346.0,70.0,-98.0,-9.349e+17,-1.221e+17,1.057e+18,2.262e+17,-1.2389e+18,-3.66e+16,GCMT,,slab_deep,85.7509078979,slab_deep,2020-12-06T16:47:45,5.3,6.997675171749436,10,2020-12-06 16:47:45+00:00,True,167
204416,2020-12-16T17:48:46,-71.61,-16.68,112.4,5.6,mw,0.01,0.01,0.9,,194.0,28.0,-39.0,320.0,73.0,-113.0,-1.6533e+17,-9.504e+16,2.6037e+17,1.3063e+17,-1.8185e+17,-1.4149e+17,GCMT,,slab_deep,88.8625793457,slab_deep,2020-12-16T17:48:46,5.3,6.997675171749436,10,2020-12-16 17:48:46+00:00,True,308
204788,2020-12-27T07:11:14,-74.33,-16.22,39.4,5.7,mw,0.01,0.01,0.3,,276.0,41.0,65.0,128.0,53.0,110.0,3.7737e+17,-3.816e+17,4230000000000000.0,4300000000000000.0,1.545e+16,1.2154e+17,GCMT,,outer_rise,,outer_rise,2020-12-27T07:11:14,5.3,6.997675171749436,10,2020-12-27 07:11:14+00:00,True,34
204787,2020-12-27T21:39:17,-74.915,-39.345,27.2,6.7,mw,,,3.7,,354.89,43.07,-114.41,206.74,51.55,-68.88,-1.2417e+19,1.225e+18,1.1192e+19,4.63e+18,9.18e+17,1.839e+18,CSN-improved,,intra_slab,8.1366519928,intra_slab,2020-12-27T21:39:17,5.3,6.997675171749436,10,2020-12-27 21:39:17+00:00,True,19
205471,2021-01-19T02:46:00,-68.86,-31.85,26.0,6.5,mw,,,,,223.0,61.0,164.0,321.0,76.0,30.0,5.964e+17,4.5685e+18,-5.1649e+18,-2.2109e+18,2.2255e+18,-5.427e+17,GCMT,,backarc,,unclassified,2021-01-19T02:46:00,5.3,6.997675171749436,10,2021-01-19 02:46:00+00:00,True,9
205472,2021-01-19T02:46:22,-69.031,-31.833,5.3,6.3,mw,,,3.7,,226.96,57.09,174.66,319.87,85.52,33.02,5.964e+17,4.5685e+18,-5.1649e+18,-2.2109e+18,2.2255e+18,-5.427e+17,CSN-improved,,intraarc_shallow,,intraarc,2021-01-19T02:46:22,5.3,6.997675171749436,10,2021-01-19 02:46:22+00:00,True,11
205597,2021-01-24T00:07:00,-70.01,-33.5,108.0,5.7,mw,,,,,197.0,5.0,-94.0,21.0,85.0,-90.0,3.591e+16,-1.0286e+17,6.695e+16,-9.825e+16,-4.6491e+17,-1.5822e+17,GCMT,,slab_deep,97.2930603027,slab_deep,2021-01-24T00:07:00,5.3,6.997675171749436,10,2021-01-24 00:07:00+00:00,True,279
206543,2021-02-28T02:16:00,-72.79,-17.68,20.0,5.6,mw,,,,,317.0,20.0,70.0,158.0,72.0,97.0,1.041e+17,-4.023e+16,-6.387e+16,1.175e+17,-1.8781e+17,6.78e+16,GCMT,,slab_interface,15.5633554459,slab_interface,2021-02-28T02:16:00,5.3,6.997675171749436,10,2021-02-28 02:16:00+00:00,True,198
208066,2021-04-29T02:17:00,-71.05,-37.29,155.0,5.7,mw,,,,,115.0,28.0,-159.0,6.0,80.0,-64.0,-1.1039e+17,-2.186e+16,1.3225e+17,-5.863e+16,-2.7254e+17,-1.5006e+17,GCMT,,slab_deep,115.486801147,slab_deep,2021-04-29T02:17:00,5.3,6.997675171749436,10,2021-04-29 02:17:00+00:00,True,280
208429,2021-05-12T07:53:00,-70.02,-17.24,21.0,5.4,mw,,,,,5.0,65.0,-22.0,105.0,70.0,-153.0,-5.991e+16,1.314e+16,4.678e+16,3.069e+16,1.6094e+17,-6.385e+16,GCMT,,forearc,111.673599243,forearc,2021-05-12T07:53:00,5.3,6.997675171749436,10,2021-05-12 07:53:00+00:00,True,91
209072,2021-06-05T03:05:00,-74.1,-35.01,19.0,5.4,mw,,,,,19.0,33.0,-114.0,226.0,60.0,-75.0,-1.0279e+17,3.203e+16,7.076e+16,1.0888e+17,5.789e+16,5.71e+16,GCMT,,outer_rise,,outer_rise,2021-06-05T03:05:00,5.3,6.997675171749436,10,2021-06-05 03:05:00+00:00,True,51
209292,2021-06-13T07:31:44,-71.462,-16.085,137.51,5.3,mw,,,5.6,0.025,,,,,,,,,,,,,USGS,,slab_deep,116.803405762,slab_deep,2021-06-13T07:31:44,5.3,6.997675171749436,10,2021-06-13 07:31:44+00:00,True,509
209852,2021-07-04T01:29:00,-71.6,-28.79,21.0,6.0,mw,,,,,7.0,18.0,95.0,181.0,72.0,88.0,4.68e+17,2600000000000000.0,-4.706e+17,-4.35e+16,-1.2358e+18,-1.396e+17,GCMT,,slab_interface,20.7128601074,slab_interface,2021-07-04T01:29:00,5.3,6.997675171749436,10,2021-07-04 01:29:00+00:00,True,148
211494,2021-08-22T20:19:58,-68.801,-18.677,26.0,5.4,mw,,,,,,,,,,,,,,,,,ISC,,intraarc_shallow,,intraarc,2021-08-22T20:19:58,5.3,6.997675171749436,10,2021-08-22 20:19:58+00:00,True,44
211532,2021-08-23T21:02:24,-69.059,-20.9,103.25,5.3,mw,,,5.0,0.064,,,,,,,,,,,,,USGS,,slab_deep,82.559753418,slab_deep,2021-08-23T21:02:24,5.3,6.997675171749436,10,2021-08-23 21:02:24+00:00,True,510
212614,2021-09-21T13:14:00,-74.28,-36.82,12.0,6.4,mw,,,,,6.0,16.0,86.0,190.0,74.0,91.0,4.3515e+18,-3.141e+17,-4.0374e+18,-3.82e+17,-3.4132e+18,-6.431e+17,GCMT,,slab_interface,10.740814209,slab_interface,2021-09-21T13:14:00,5.3,6.997675171749436,10,2021-09-21 13:14:00+00:00,True,81
212915,2021-09-29T07:53:57,-68.199,-33.213,19.0,5.3,mw,,,,,200.0,27.0,106.0,2.0,64.0,82.0,3.06e+16,-1450000000000000.0,-2.91e+16,-1840000000000000.0,2.36e+16,-5560000000000000.0,ISC,,backarc,,unclassified,2021-09-29T07:53:57,5.3,6.997675171749436,10,2021-09-29 07:53:57+00:00,True,52
212998,2021-10-01T17:54:25,-71.661,-44.232,20.0,5.6,mw,,,,,,,,,,,,,,,,,CSN-improved,,intraarc_shallow,,intraarc,2021-10-01T17:54:25,5.3,6.997675171749436,10,2021-10-01 17:54:25+00:00,True,32
213495,2021-10-13T07:55:00,-72.33,-50.4,12.0,5.5,mw,,,,,48.0,53.0,140.0,165.0,59.0,44.0,1.2e+17,6.35e+16,-1.83e+17,6.31e+16,-3.59e+16,-7.68e+16,GCMT,,backarc,,unclassified,2021-10-13T07:55:00,5.3,6.997675171749436,10,2021-10-13 07:55:00+00:00,True,41
214535,2021-11-03T03:17:00,-69.91,-32.88,117.0,5.7,mw,,,,,209.0,22.0,-36.0,333.0,77.0,-108.0,-1.8566e+17,-9640000000000000.0,1.9529e+17,1.4846e+17,-3.0383e+17,-2.611e+16,GCMT,,slab_deep,96.4668655396,slab_deep,2021-11-03T03:17:00,5.3,6.997675171749436,10,2021-11-03 03:17:00+00:00,True,281
216041,2021-12-07T09:39:00,-71.35,-18.67,36.0,5.6,mw,,,,,332.0,24.0,77.0,167.0,66.0,96.0,1.5987e+17,5460000000000000.0,-1.6534e+17,7.884e+16,-1.8459e+17,8.531e+16,GCMT,,slab_interface,25.0058441162,slab_interface,2021-12-07T09:39:00,5.3,6.997675171749436,10,2021-12-07 09:39:00+00:00,True,199
216042,2021-12-07T09:41:14,-66.545,-27.882,151.1,5.4,mw,,,5.2,0.034,,,,,,,,,,,,,USGS,,slab_deep,138.716156006,slab_deep,2021-12-07T09:41:14,5.3,6.997675171749436,10,2021-12-07 09:41:14+00:00,True,443
216183,2021-12-11T14:54:00,-71.43,-29.55,49.0,5.7,mw,,,,,19.0,41.0,112.0,171.0,52.0,72.0,4.0115e+17,3.927e+16,-4.4042e+17,8.637e+16,3.46e+16,6630000000000000.0,GCMT,,intra_slab,31.8427753448,intra_slab,2021-12-11T14:54:00,5.3,6.997675171749436,10,2021-12-11 14:54:00+00:00,True,112
217225,2022-01-08T03:24:00,-71.28,-26.73,15.0,5.9,mw,,,,,3.0,20.0,99.0,174.0,70.0,87.0,5.5608e+17,6540000000000000.0,-5.6261e+17,1.7211e+17,-6.714e+17,-1.626e+16,GCMT,,slab_interface,15.2928142548,slab_interface,2022-01-08T03:24:00,5.3,6.997675171749436,10,2022-01-08 03:24:00+00:00,True,163
217294,2022-01-10T08:36:00,-65.43,-26.28,17.0,5.5,mw,,,,,184.0,18.0,88.0,6.0,72.0,91.0,8.001e+16,4.77e+16,-1.2771e+17,-7.616e+16,3.1821e+17,-6560000000000000.0,GCMT,,backarc,,unclassified,2022-01-10T08:36:00,5.3,6.997675171749436,10,2022-01-10 08:36:00+00:00,True,42
217972,2022-01-28T00:31:00,-69.48,-19.13,114.0,5.5,mw,,,,,165.0,27.0,-90.0,345.0,63.0,-90.0,-1.9751e+17,5210000000000000.0,1.923e+17,3.479e+16,-7.122e+16,-7.018e+16,GCMT,,slab_deep,83.9998245239,slab_deep,2022-01-28T00:31:00,5.3,6.997675171749436,10,2022-01-28 00:31:00+00:00,True,356
218896,2022-02-22T06:12:00,-66.19,-22.57,260.0,6.0,mw,,,,,304.0,17.0,62.0,153.0,75.0,98.0,9.741e+17,-2.723e+17,-7.018e+17,3.244e+17,-1.054e+18,3.58e+17,GCMT,,slab_deep,217.932800293,slab_deep,2022-02-22T06:12:00,5.3,6.997675171749436,10,2022-02-22 06:12:00+00:00,True,185
219088,2022-02-27T20:49:48,-71.773,-29.888,27.21,5.5,mw,,,5.0,0.202,,,,,,,,,,,,,USGS,,slab_interface,22.9252567291,slab_interface,2022-02-27T20:49:48,5.3,6.997675171749436,10,2022-02-27 20:49:48+00:00,True,212
219356,2022-03-06T09:35:00,-68.77,-28.59,116.0,5.5,mw,,,,,338.0,39.0,-74.0,138.0,53.0,-103.0,-2.1624e+17,8.815e+16,1.2809e+17,-2.433e+16,2.856e+16,-1.2538e+17,GCMT,,slab_deep,87.8326950073,slab_deep,2022-03-06T09:35:00,5.3,6.997675171749436,10,2022-03-06 09:35:00+00:00,True,357
220718,2022-04-16T17:10:33,-72.416,-33.986,5.0,5.3,mw,,,,,34.61,28.87,130.72,170.1,68.53,70.22,2.3903e+16,3609000000000000.0,-2.7512e+16,8847000000000000.0,-2.4661e+16,-7024000000000000.0,ISC,,forearc,17.4872264862,forearc,2022-04-16T17:10:33,5.3,6.997675171749436,10,2022-04-16 17:10:33+00:00,True,98
220891,2022-04-20T13:19:12,-66.3,-27.249,174.38,5.3,mw,,,6.2,0.032,,,,,,,,,,,,,USGS,,slab_deep,164.793182373,slab_deep,2022-04-20T13:19:12,5.3,6.997675171749436,10,2022-04-20 13:19:12+00:00,True,511
221310,2022-05-02T16:47:20,-67.59,-22.486,168.0,5.7,mw,,,,,,,,,,,,,,,,,ISC,,slab_deep,125.649391174,slab_deep,2022-05-02T16:47:20,5.3,6.997675171749436,10,2022-05-02 16:47:20+00:00,True,282
221624,2022-05-10T23:06:00,-66.76,-23.48,218.0,6.7,mw,,,,,161.0,12.0,-99.0,350.0,78.0,-88.0,-2.811e+18,1.084e+18,1.727e+18,1.913e+18,-1.9022e+19,-1.808e+18,GCMT,,slab_deep,168.06552124,slab_deep,2022-05-10T23:06:00,5.3,6.997675171749436,10,2022-05-10 23:06:00+00:00,True,61
221763,2022-05-14T04:41:39,-67.234,-22.141,181.0,5.8,mw,,,,,,,,,,,,,,,,,ISC,,slab_deep,148.740310669,slab_deep,2022-05-14T04:41:39,5.3,6.997675171749436,10,2022-05-14 04:41:39+00:00,True,257
221889,2022-05-18T18:19:25,-67.215,-21.323,204.0,5.9,mw,,,,,,,,,,,,,,,,,ISC,,slab_deep,161.144546509,slab_deep,2022-05-18T18:19:25,5.3,6.997675171749436,10,2022-05-18 18:19:25+00:00,True,216
221956,2022-05-20T09:07:00,-71.99,-29.56,36.0,5.8,mw,,,,,353.0,18.0,80.0,183.0,72.0,93.0,3.107e+16,6.114e+16,-9.221e+16,-7.926e+16,-4.9794e+17,6800000000000000.0,GCMT,,intra_slab,15.2164916992,intra_slab,2022-05-20T09:07:00,5.3,6.997675171749436,10,2022-05-20 09:07:00+00:00,True,103
222074,2022-05-24T12:57:00,-69.46,-17.63,162.0,5.5,mw,,,,,247.0,19.0,-5.0,342.0,88.0,-109.0,7620000000000000.0,-1.0073e+17,9.311e+16,6.512e+16,-1.7499e+17,8.314e+16,GCMT,,slab_deep,117.088806152,slab_deep,2022-05-24T12:57:00,5.3,6.997675171749436,10,2022-05-24 12:57:00+00:00,True,358
222118,2022-05-26T12:14:23,-73.683,-34.627,35.0,5.3,mw,,,3.9,,,,,,,,,,,,,,CSN-improved,,outer_rise,,outer_rise,2022-05-26T12:14:23,5.3,6.997675171749436,10,2022-05-26 12:14:23+00:00,True,60
222214,2022-05-29T09:12:57,-65.415,-17.118,19.0,5.9,mw,,,,,,,,,,,,,,,,,ISC,,backarc,,unclassified,2022-05-29T09:12:57,5.3,6.997675171749436,10,2022-05-29 09:12:57+00:00,True,28
222475,2022-06-06T03:37:28,-66.729,-21.485,226.0,5.8,mw,,,,,,,,,,,,,,,,,ISC,,slab_deep,186.570571899,slab_deep,2022-06-06T03:37:28,5.3,6.997675171749436,10,2022-06-06 03:37:28+00:00,True,258
223184,2022-06-26T02:02:00,-73.94,-17.24,12.0,5.6,mw,,,,,103.0,35.0,-89.0,281.0,55.0,-91.0,-4.2773e+17,3.5098e+17,7.675e+16,8.738e+16,-3.308e+16,-2.367e+16,GCMT,,outer_rise,,outer_rise,2022-06-26T02:02:00,5.3,6.997675171749436,10,2022-06-26 02:02:00+00:00,True,38
223648,2022-07-08T04:53:34,-66.78,-18.475,53.0,5.5,mw,,,,,,,,,,,,,,,,,ISC,,backarc,,unclassified,2022-07-08T04:53:34,5.3,6.997675171749436,10,2022-07-08 04:53:34+00:00,True,43
223761,2022-07-12T23:36:00,-71.23,-16.84,35.0,5.5,mw,,,,,249.0,39.0,120.0,32.0,57.0,68.0,2.206e+17,-6.913e+16,-1.5148e+17,-3.538e+16,9060000000000000.0,-8.731e+16,GCMT,,forearc,94.0705718994,forearc,2022-07-12T23:36:00,5.3,6.997675171749436,10,2022-07-12 23:36:00+00:00,True,78
223797,2022-07-13T17:56:16,-71.418,-16.996,69.035,5.4,mw,,,6.264,0.047,,,,,,,,,,,,,USGS,,slab_deep,82.5115585327,slab_deep,2022-07-13T17:56:16,5.3,6.997675171749436,10,2022-07-13 17:56:16+00:00,True,444
224354,2022-07-27T18:58:00,-68.61,-22.23,120.0,6.2,mw,,,,,214.0,20.0,-55.0,358.0,74.0,-102.0,,,,,,,GCMT,,slab_deep,88.8835144043,slab_deep,2022-07-27T18:58:00,5.3,6.997675171749436,10,2022-07-27 18:58:00+00:00,True,138
224388,2022-07-28T04:15:00,-70.25,-21.89,67.0,6.1,mw,,,,,168.0,20.0,-101.0,360.0,71.0,-86.0,-1.2801e+18,5.01e+16,1.23e+18,-3.52e+16,-1.5469e+18,-1.263e+17,GCMT,,intra_slab,33.8700637817,intra_slab,2022-07-28T04:15:00,5.3,6.997675171749436,10,2022-07-28 04:15:00+00:00,True,63
225121,2022-08-18T02:10:00,-70.5,-34.42,115.0,5.3,mw,,,,,187.0,21.0,-107.0,25.0,70.0,-84.0,-7.255e+16,4620000000000000.0,6.794e+16,-4.239e+16,-7.027e+16,8510000000000000.0,GCMT,,slab_deep,93.9055023193,slab_deep,2022-08-18T02:10:00,5.3,6.997675171749436,10,2022-08-18 02:10:00+00:00,True,512
225808,2022-09-08T21:59:00,-73.37,-16.26,53.0,5.4,mw,,,,,243.0,13.0,-129.0,102.0,80.0,-82.0,-1.0594e+17,6.591e+16,4.003e+16,-1.2411e+17,1.454e+16,-2.118e+16,GCMT,,slab_deep,50.3565559387,slab_deep,2022-09-08T21:59:00,5.3,6.997675171749436,10,2022-09-08 21:59:00+00:00,True,445
226173,2022-09-16T19:49:27,-67.724,-21.517,153.0,6.0,mw,,,,,,,,,,,,,,,,,ISC,,slab_deep,129.401367188,slab_deep,2022-09-16T19:49:27,5.3,6.997675171749436,10,2022-09-16 19:49:27+00:00,True,186
228250,2022-11-13T02:24:00,-73.68,-37.59,21.0,6.3,mw,,,,,354.0,18.0,84.0,180.0,72.0,92.0,,,,,,,GCMT,,slab_interface,22.58710289,slab_interface,2022-11-13T02:24:00,5.3,6.997675171749436,10,2022-11-13 02:24:00+00:00,True,95
228252,2022-11-13T02:24:02,-73.838,-37.526,48.5,5.3,mw,,,7.9,,,,,,,,,,,,,,CSN-improved,,intra_slab,19.6702804565,intra_slab,2022-11-13T02:24:02,5.3,6.997675171749436,10,2022-11-13 02:24:02+00:00,True,180
228655,2022-11-24T16:22:23,-73.707,-16.031,57.035,5.3,mw,,,5.272,0.05,,,,,,,,,,,,,USGS,,slab_interface,48.549446106,slab_interface,2022-11-24T16:22:23,5.3,6.997675171749436,10,2022-11-24 16:22:23+00:00,True,260
229186,2022-12-10T06:41:00,-68.19,-23.02,134.0,5.6,mw,,,,,154.0,36.0,-83.0,326.0,54.0,-95.0,-2.9869e+17,5.063e+16,2.4806e+17,6.22e+16,-3.994e+16,-1.6966e+17,GCMT,,slab_deep,96.1274414062,slab_deep,2022-12-10T06:41:00,5.3,6.997675171749436,10,2022-12-10 06:41:00+00:00,True,309
229187,2022-12-10T07:25:00,-72.11,-33.64,24.0,5.5,mw,,,,,16.0,21.0,103.0,182.0,70.0,85.0,1.1583e+17,1.359e+16,-1.2941e+17,-1.032e+16,-1.137e+17,-2.252e+16,GCMT,,slab_interface,21.7092418671,slab_interface,2022-12-10T07:25:00,5.3,6.997675171749436,10,2022-12-10 07:25:00+00:00,True,213
229699,2022-12-27T23:43:53,-72.64,-32.654,10.0,5.5,mw,,,1.808,0.112,,,,,,,,,,,,,USGS,,slab_interface,8.99173641205,slab_interface,2022-12-27T23:43:53,5.3,6.997675171749436,10,2022-12-27 23:43:53+00:00,True,214
229790,2022-12-30T21:37:14,-71.443,-30.703,48.9,4.1,mw,,,2.6,,,,,,,,,,,,,,CSN-improved,,slab_interface,37.8224601746,slab_interface,2022-12-30T21:37:14,,,-1,2022-12-30 21:37:14+00:00,True,329
229784,2022-12-30T22:35:26,-67.14,-24.027,232.941,4.9,mw,,,5.816,0.191,,,,,,,,,,,,,USGS,,slab_deep,137.186569214,slab_deep,2022-12-30T22:35:26,,,-1,2022-12-30 22:35:26+00:00,True,568
229836,2022-12-31T03:31:00,-68.83,-22.93,109.0,5.1,mw,,,,,158.0,31.0,-102.0,352.0,60.0,-83.0,-3.1117e+16,-1437000000000000.0,3.2555e+16,-2225000000000000.0,-5.6217e+16,-40000000000000.0,GCMT,,slab_deep,80.5385665894,slab_deep,2022-12-31T03:31:00,,,-1,2022-12-31 03:31:00+00:00,True,530
229838,2022-12-31T12:47:58,-71.523,-32.285,52.2,4.8,mw,,,2.1,,,,,,,,,,,,,,CSN-improved,,intra_slab,38.0437240601,intra_slab,2022-12-31T12:47:58,,,-1,2022-12-31 12:47:58+00:00,True,192
229837,2022-12-31T23:04:00,-69.58,-16.57,204.0,5.0,mw,,,,,229.0,39.0,-21.0,336.0,77.0,-127.0,,,,,,,GCMT,,slab_deep,158.293502808,slab_deep,2022-12-31T23:04:00,,,-1,2022-12-31 23:04:00+00:00,True,550
