site,domain,level,poe
iquique,total,0.005,0.993817331926525
iquique,total,0.006234021895737255,0.9864237566111607
iquique,total,0.007772605799306304,0.972512345951144
iquique,total,0.009690918947961973,0.9486986019232315
iquique,total,0.012082680182281997,0.9115831921537411
iquique,total,0.015064738563107317,0.8587722166043705
iquique,total,0.01878278201119368,0.7898931864859539
iquique,total,0.023418454864128246,0.7071179455195552
iquique,total,0.02919823207746202,0.6149213199768223
iquique,total,0.036404483617543226,0.5191341983360699
iquique,total,0.04538926959495454,0.42569511134740884
iquique,total,0.05659154009729356,0.33954307398689
iquique,total,0.07055858001600415,0.26397203011210074
iquique,total,0.08797274655037983,0.20051249336851754
iquique,total,0.10968480564464235,0.14919204653138304
iquique,total,0.13675549600367723,0.10900516748200162
iquique,total,0.17050735128986647,0.07837771117718659
iquique,total,0.21258931226503822,0.055556854136637364
iquique,total,0.2650572854919946,0.03886383330518734
iquique,total,0.3304745842763549,0.02683059806931123
iquique,total,0.412037158872693,0.0182638744559241
iquique,total,0.513729734053947,0.01223400710978457
iquique,total,0.6405204821167169,0.008039144580872381
iquique,total,0.7986037420367598,0.005162255063273184
iquique,total,0.9957026427749722,0.00322615548812864
iquique,total,1.2414464153405262,0.0019537547578001974
iquique,total,1.547840827123473,0.0011410698369400958
iquique,total,1.92985472148076,0.0006392452774100541
iquique,total,2.4061513178605933,0.00034138574675740763
iquique,total,3.0,0.0001725464725244022
antofagasta,total,0.005,0.9838280818406487
antofagasta,total,0.006234021895737255,0.9688928002366799
antofagasta,total,0.007772605799306304,0.9447082700493745
antofagasta,total,0.009690918947961973,0.9088092428864908
antofagasta,total,0.012082680182281997,0.8596679341941134
antofagasta,total,0.015064738563107317,0.797242445938289
antofagasta,total,0.01878278201119368,0.7231831009582615
antofagasta,total,0.023418454864128246,0.6406428069848564
antofagasta,total,0.02919823207746202,0.553749537277594
antofagasta,total,0.036404483617543226,0.46692008306691424
antofagasta,total,0.04538926959495454,0.38419526567994633
antofagasta,total,0.05659154009729356,0.30874867394193994
antofagasta,total,0.07055858001600415,0.2426397255880059
antofagasta,total,0.08797274655037983,0.18679292686681725
antofagasta,total,0.10968480564464235,0.14115553091021726
antofagasta,total,0.13675549600367723,0.10494867115628442
antofagasta,total,0.17050735128986647,0.07695352376725051
antofagasta,total,0.21258931226503822,0.05577150910397755
antofagasta,total,0.2650572854919946,0.04002057226430042
antofagasta,total,0.3304745842763549,0.028459167172361043
antofagasta,total,0.412037158872693,0.02004817364761548
antofagasta,total,0.513729734053947,0.013965257741407536
antofagasta,total,0.6405204821167169,0.009588110347723708
antofagasta,total,0.7986037420367598,0.006458958714641631
antofagasta,total,0.9957026427749722,0.004244808482041846
antofagasta,total,1.2414464153405262,0.002704571105928153
antofagasta,total,1.547840827123473,0.0016597975155769745
antofagasta,total,1.92985472148076,0.0009745509882688565
antofagasta,total,2.4061513178605933,0.0005434629710238373
antofagasta,total,3.0,0.00028528276151482693
copiapo,total,0.005,0.9548143590345048
copiapo,total,0.006234021895737255,0.9264743258740745
copiapo,total,0.007772605799306304,0.8866272999293177
copiapo,total,0.009690918947961973,0.8340879053314214
copiapo,total,0.012082680182281997,0.7690175219283439
copiapo,total,0.015064738563107317,0.6931550689580855
copiapo,total,0.01878278201119368,0.6096890318171121
copiapo,total,0.023418454864128246,0.5227865703254939
copiapo,total,0.02919823207746202,0.43690335854329165
copiapo,total,0.036404483617543226,0.3560697661030568
copiapo,total,0.04538926959495454,0.2833480708447751
copiapo,total,0.05659154009729356,0.22056816385032144
copiapo,total,0.07055858001600415,0.168340846831072
copiapo,total,0.08797274655037983,0.12629093941766759
copiapo,total,0.10968480564464235,0.0933789453455595
copiapo,total,0.13675549600367723,0.06822502541150893
copiapo,total,0.17050735128986647,0.04936673713345079
copiapo,total,0.21258931226503822,0.035436812687106425
copiapo,total,0.2650572854919946,0.025250300222123014
copiapo,total,0.3304745842763549,0.017847638905188073
copiapo,total,0.412037158872693,0.012486330955708391
copiapo,total,0.513729734053947,0.00861280123007018
copiapo,total,0.6405204821167169,0.005827278183528686
copiapo,total,0.7986037420367598,0.003844223850115664
copiapo,total,0.9957026427749722,0.0024571514422452325
copiapo,total,1.2414464153405262,0.0015119084540667243
copiapo,total,1.547840827123473,0.0008895547951091438
copiapo,total,1.92985472148076,0.0004968326626723866
copiapo,total,2.4061513178605933,0.00026109676991181886
copiapo,total,3.0,0.00012736447702463925
valparaiso,total,0.005,0.9831572251894511
valparaiso,total,0.006234021895737255,0.9705841639836319
valparaiso,total,0.007772605799306304,0.9511060122358606
valparaiso,total,0.009690918947961973,0.9226289967624474
valparaiso,total,0.012082680182281997,0.8833368148452583
valparaiso,total,0.015064738563107317,0.8321476387152447
valparaiso,total,0.01878278201119368,0.7691297838338643
valparaiso,total,0.023418454864128246,0.6957345189259391
valparaiso,total,0.02919823207746202,0.6147395585972815
valparaiso,total,0.036404483617543226,0.5298904301161409
valparaiso,total,0.04538926959495454,0.445320891076466
valparaiso,total,0.05659154009729356,0.3649154052107591
valparaiso,total,0.07055858001600415,0.2917825979079584
valparaiso,total,0.08797274655037983,0.22794476132774735
valparaiso,total,0.10968480564464235,0.17428247257859902
valparaiso,total,0.13675549600367723,0.13068296592119139
valparaiso,total,0.17050735128986647,0.09631530836058083
valparaiso,total,0.21258931226503822,0.06992750486368313
valparaiso,total,0.2650572854919946,0.050110536152898524
valparaiso,total,0.3304745842763549,0.03549026126572863
valparaiso,total,0.412037158872693,0.02485060493537746
valparaiso,total,0.513729734053947,0.017186007829860316
valparaiso,total,0.6405204821167169,0.011708990355189599
valparaiso,total,0.7986037420367598,0.007829013405554724
valparaiso,total,0.9957026427749722,0.005110455879077925
valparaiso,total,1.2414464153405262,0.003236507790132601
valparaiso,total,1.547840827123473,0.001975592793600298
valparaiso,total,1.92985472148076,0.0011543476441280291
valparaiso,total,2.4061513178605933,0.0006408547827381412
valparaiso,total,3.0,0.00033501651148721943
santiago_centro,total,0.005,0.9784356004687027
santiago_centro,total,0.006234021895737255,0.960173148890677
santiago_centro,total,0.007772605799306304,0.9309204478608442
santiago_centro,total,0.009690918947961973,0.8876279126541683
santiago_centro,total,0.012082680182281997,0.8284847564899354
santiago_centro,total,0.015064738563107317,0.7538460898456161
santiago_centro,total,0.01878278201119368,0.6666314403432426
santiago_centro,total,0.023418454864128246,0.5719257274359458
santiago_centro,total,0.02919823207746202,0.4758900404093786
santiago_centro,total,0.036404483617543226,0.38441787001602384
santiago_centro,total,0.04538926959495454,0.3020543494929558
santiago_centro,total,0.05659154009729356,0.23147181927978516
santiago_centro,total,0.07055858001600415,0.1735142663801554
santiago_centro,total,0.08797274655037983,0.1276151549093889
santiago_centro,total,0.10968480564464235,0.09234228531295664
santiago_centro,total,0.13675549600367723,0.06589277585250676
santiago_centro,total,0.17050735128986647,0.04644330759355796
santiago_centro,total,0.21258931226503822,0.03235843754464585
santiago_centro,total,0.2650572854919946,0.022282728465695973
santiago_centro,total,0.3304745842763549,0.015144517811236439
santiago_centro,total,0.412037158872693,0.010132889911703382
santiago_centro,total,0.513729734053947,0.006649877523925533
santiago_centro,total,0.6405204821167169,0.004261336168383788
santiago_centro,total,0.7986037420367598,0.002652708882210751
santiago_centro,total,0.9957026427749722,0.0015951794655832603
santiago_centro,total,1.2414464153405262,0.0009208239639712705
santiago_centro,total,1.547840827123473,0.0005065207409932099
santiago_centro,total,1.92985472148076,0.00026302262598288734
santiago_centro,total,2.4061513178605933,0.00012719970148427812
santiago_centro,total,3.0,5.611811158236142e-05
santiago_penalolen,total,0.005,0.9771169864549311
santiago_penalolen,total,0.006234021895737255,0.9577342550290747
santiago_penalolen,total,0.007772605799306304,0.9267769087325775
santiago_penalolen,total,0.009690918947961973,0.8811974319063125
santiago_penalolen,total,0.012082680182281997,0.8193857751289385
santiago_penalolen,total,0.015064738563107317,0.7420952035792167
santiago_penalolen,total,0.01878278201119368,0.6527269603678961
santiago_penalolen,total,0.023418454864128246,0.556758378394972
santiago_penalolen,total,0.02919823207746202,0.460515364458086
santiago_penalolen,total,0.036404483617543226,0.3697995952293744
santiago_penalolen,total,0.04538926959495454,0.28888087048283734
santiago_penalolen,total,0.05659154009729356,0.22010111875722657
santiago_penalolen,total,0.07055858001600415,0.16401703020101394
santiago_penalolen,total,0.08797274655037983,0.1198725368625716
santiago_penalolen,total,0.10968480564464235,0.0861396435487899
santiago_penalolen,total,0.13675549600367723,0.06098722937669369
santiago_penalolen,total,0.17050735128986647,0.04260223341652886
santiago_penalolen,total,0.21258931226503822,0.029380977028823665
santiago_penalolen,total,0.2650572854919946,0.019996329180887538
santiago_penalolen,total,0.3304745842763549,0.01340858387949703
santiago_penalolen,total,0.412037158872693,0.008833388698218907
santiago_penalolen,total,0.513729734053947,0.005694801699439264
santiago_penalolen,total,0.6405204821167169,0.003575437597532071
santiago_penalolen,total,0.7986037420367598,0.0021744620843281164
santiago_penalolen,total,0.9957026427749722,0.001273562200053037
santiago_penalolen,total,1.2414464153405262,0.0007138048687686934
santiago_penalolen,total,1.547840827123473,0.00037981786079894825
santiago_penalolen,total,1.92985472148076,0.00018978464829889395
santiago_penalolen,total,2.4061513178605933,8.760626090449502e-05
santiago_penalolen,total,3.0,3.665090608713866e-05
concepcion,total,0.005,0.9416980803059416
concepcion,total,0.006234021895737255,0.9166042298735115
concepcion,total,0.007772605799306304,0.8835713238917289
concepcion,total,0.009690918947961973,0.8416525961453097
concepcion,total,0.012082680182281997,0.7904561669888901
concepcion,total,0.015064738563107317,0.7303476902347981
concepcion,total,0.01878278201119368,0.662557364740688
concepcion,total,0.023418454864128246,0.5891531224424945
concepcion,total,0.02919823207746202,0.5128421093187294
concepcion,total,0.036404483617543226,0.4366568295296746
concepcion,total,0.04538926959495454,0.3635574925029187
concepcion,total,0.05659154009729356,0.29606479075979464
concepcion,total,0.07055858001600415,0.23600274756613637
concepcion,total,0.08797274655037983,0.18437435666960658
concepcion,total,0.10968480564464235,0.14139417726949316
concepcion,total,0.13675549600367723,0.10664002336319538
concepcion,total,0.17050735128986647,0.0792504328350304
concepcion,total,0.21258931226503822,0.05813510803209497
concepcion,total,0.2650572854919946,0.04214962260099125
concepcion,total,0.3304745842763549,0.03021592927890595
concepcion,total,0.412037158872693,0.021402386012766495
concepcion,total,0.513729734053947,0.014947456886130377
concepcion,total,0.6405204821167169,0.01025820190527011
concepcion,total,0.7986037420367598,0.006887899472122075
concepcion,total,0.9957026427749722,0.004500462385202982
concepcion,total,1.2414464153405262,0.0028441188337106718
concepcion,total,1.547840827123473,0.0017273316152684847
concepcion,total,1.92985472148076,0.0010014341896094254
concepcion,total,2.4061513178605933,0.0005500439385214123
concepcion,total,3.0,0.00028347339760439327
pucon,total,0.005,0.7781602165990508
pucon,total,0.006234021895737255,0.714066994360368
pucon,total,0.007772605799306304,0.642353422162775
pucon,total,0.009690918947961973,0.5656809888353567
pucon,total,0.012082680182281997,0.4873283989618066
pucon,total,0.015064738563107317,0.4107128694258161
pucon,total,0.01878278201119368,0.3388893355326729
pucon,total,0.023418454864128246,0.27414128241722946
pucon,total,0.02919823207746202,0.21779695132651836
pucon,total,0.036404483617543226,0.17026415214503643
pucon,total,0.04538926959495454,0.13122408415158282
pucon,total,0.05659154009729356,0.0998787276174641
pucon,total,0.07055858001600415,0.07517870339459042
pucon,total,0.08797274655037983,0.055994602109870166
pucon,total,0.10968480564464235,0.04124175481067504
pucon,total,0.13675549600367723,0.02996655236750083
pucon,total,0.17050735128986647,0.02138819837747725
pucon,total,0.21258931226503822,0.014905663950582675
pucon,total,0.2650572854919946,0.010072892816904638
pucon,total,0.3304745842763549,0.006556029406465314
pucon,total,0.412037158872693,0.0040845168224292105
pucon,total,0.513729734053947,0.0024242781255094078
pucon,total,0.6405204821167169,0.0013661036739744299
pucon,total,0.7986037420367598,0.0007300014322110652
pucon,total,0.9957026427749722,0.00036975170313767176
pucon,total,1.2414464153405262,0.0001766266374608676
pucon,total,1.547840827123473,7.866985563636036e-05
pucon,total,1.92985472148076,3.2945918868951194e-05
pucon,total,2.4061513178605933,1.2810610382768928e-05
pucon,total,3.0,4.594507766527488e-06
puerto_montt,total,0.005,0.6296386691041294
puerto_montt,total,0.006234021895737255,0.5674816621499134
puerto_montt,total,0.007772605799306304,0.5031136605867651
puerto_montt,total,0.009690918947961973,0.438506022874452
puerto_montt,total,0.012082680182281997,0.37561584942308224
puerto_montt,total,0.015064738563107317,0.31616089848782863
puerto_montt,total,0.01878278201119368,0.2614853978609667
puerto_montt,total,0.023418454864128246,0.2124940002877267
puerto_montt,total,0.02919823207746202,0.16967552586277002
puerto_montt,total,0.036404483617543226,0.1331563617278822
puerto_montt,total,0.04538926959495454,0.10277062692295291
puerto_montt,total,0.05659154009729356,0.0781145449901465
puerto_montt,total,0.07055858001600415,0.058597881846252135
puerto_montt,total,0.08797274655037983,0.043502189341041955
puerto_montt,total,0.10968480564464235,0.03205131037770772
puerto_montt,total,0.13675549600367723,0.023488952712443997
puerto_montt,total,0.17050735128986647,0.017139441707014348
puerto_montt,total,0.21258931226503822,0.012443786213760908
puerto_montt,total,0.2650572854919946,0.00896637424334913
puerto_montt,total,0.3304745842763549,0.006385310100921202
puerto_montt,total,0.412037158872693,0.004469528516428912
puerto_montt,total,0.513729734053947,0.0030560523906700836
puerto_montt,total,0.6405204821167169,0.0020283163285121177
puerto_montt,total,0.7986037420367598,0.0012986064361492026
puerto_montt,total,0.9957026427749722,0.0007969826902646677
puerto_montt,total,1.2414464153405262,0.00046575673739698636
puerto_montt,total,1.547840827123473,0.00025727526985428985
puerto_montt,total,1.92985472148076,0.00013295096566580462
puerto_montt,total,2.4061513178605933,6.328520569568351e-05
puerto_montt,total,3.0,2.6864039302517992e-05
puerto_aysen,total,0.005,0.29442292359776323
puerto_aysen,total,0.006234021895737255,0.2585157799777111
puerto_aysen,total,0.007772605799306304,0.22495747807302982
puerto_aysen,total,0.009690918947961973,0.1941513532253215
puerto_aysen,total,0.012082680182281997,0.16631469769292745
puerto_aysen,total,0.015064738563107317,0.14150280850840494
puerto_aysen,total,0.01878278201119368,0.11964056416446103
puerto_aysen,total,0.023418454864128246,0.10055747392340567
puerto_aysen,total,0.02919823207746202,0.08401754307888906
puerto_aysen,total,0.036404483617543226,0.06975062050389823
puerto_aysen,total,0.04538926959495454,0.05747288624158827
puerto_aysen,total,0.05659154009729356,0.046911561679677125
puerto_aysen,total,0.07055858001600415,0.037830667456710924
puerto_aysen,total,0.08797274655037983,0.03004676937425829
puerto_aysen,total,0.10968480564464235,0.023429928169690507
puerto_aysen,total,0.13675549600367723,0.01788626081369585
puerto_aysen,total,0.17050735128986647,0.013332111884612828
puerto_aysen,total,0.21258931226503822,0.009674006178614945
puerto_aysen,total,0.2650572854919946,0.006803210233219944
puerto_aysen,total,0.3304745842763549,0.004605698836528788
puerto_aysen,total,0.412037158872693,0.0029738017001889575
puerto_aysen,total,0.513729734053947,0.0018108734169807101
puerto_aysen,total,0.6405204821167169,0.0010270754239959843
puerto_aysen,total,0.7986037420367598,0.0005357499874917038
puerto_aysen,total,0.9957026427749722,0.0002536229366022439
puerto_aysen,total,1.2414464153405262,0.00010673563467957189
puerto_aysen,total,1.547840827123473,3.8239558788318837e-05
puerto_aysen,total,1.92985472148076,1.048850723011406e-05
puerto_aysen,total,2.4061513178605933,1.7198165414787322e-06
puerto_aysen,total,3.0,4.345071530796264e-08
iquique,Interface,0.005,0.3662084785103798
iquique,Interface,0.006234021895737255,0.3322044417262078
iquique,Interface,0.007772605799306304,0.29805430084466933
iquique,Interface,0.009690918947961973,0.26430001199245456
iquique,Interface,0.012082680182281997,0.2314832302927971
iquique,Interface,0.015064738563107317,0.2001235291361809
iquique,Interface,0.01878278201119368,0.17069242045283317
iquique,Interface,0.023418454864128246,0.1435878197848797
iquique,Interface,0.02919823207746202,0.1191108387708664
iquique,Interface,0.036404483617543226,0.09744972683489322
iquique,Interface,0.04538926959495454,0.07866987004876137
iquique,Interface,0.05659154009729356,0.06271810494363309
iquique,Interface,0.07055858001600415,0.049435003176331524
iquique,Interface,0.08797274655037983,0.0385760784894228
iquique,Interface,0.10968480564464235,0.029841635823249817
iquique,Interface,0.13675549600367723,0.022909828051924708
iquique,Interface,0.17050735128986647,0.017462946623563767
iquique,Interface,0.21258931226503822,0.013210722729563713
iquique,Interface,0.2650572854919946,0.009902906296774747
iquique,Interface,0.3304745842763549,0.007334756893105806
iquique,Interface,0.412037158872693,0.005346800470724703
iquique,Interface,0.513729734053947,0.0038170879986137154
iquique,Interface,0.6405204821167169,0.002653503881301731
iquique,Interface,0.7986037420367598,0.0017854548082686962
iquique,Interface,0.9957026427749722,0.0011557795223779976
iquique,Interface,1.2414464153405262,0.0007153821887914092
iquique,Interface,1.547840827123473,0.0004205838596681133
iquique,Interface,1.92985472148076,0.0002331053219677415
iquique,Interface,2.4061513178605933,0.00012055325554683805
iquique,Interface,3.0,5.724793827539543e-05
antofagasta,Interface,0.005,0.39599667817354206
antofagasta,Interface,0.006234021895737255,0.3630634015798569
antofagasta,Interface,0.007772605799306304,0.32978496760129933
antofagasta,Interface,0.009690918947961973,0.29655076593160634
antofagasta,Interface,0.012082680182281997,0.26377052634954457
antofagasta,Interface,0.015064738563107317,0.23187464371323585
antofagasta,Interface,0.01878278201119368,0.20130343645811083
antofagasta,Interface,0.023418454864128246,0.17248727872967723
antofagasta,Interface,0.02919823207746202,0.1458183790743351
antofagasta,Interface,0.036404483617543226,0.12161962144076825
antofagasta,Interface,0.04538926959495454,0.10011539198458196
antofagasta,Interface,0.05659154009729356,0.08140911176800728
antofagasta,Interface,0.07055858001600415,0.0654786490276456
antofagasta,Interface,0.08797274655037983,0.0521833299472928
antofagasta,Interface,0.10968480564464235,0.04128568764775992
antofagasta,Interface,0.13675549600367723,0.03248600549995899
antofagasta,Interface,0.17050735128986647,0.025455487221479417
antofagasta,Interface,0.21258931226503822,0.01987049812451005
antofagasta,Interface,0.2650572854919946,0.015437435675412418
antofagasta,Interface,0.3304745842763549,0.011908001182600856
antofagasta,Interface,0.412037158872693,0.009084559911862015
antofagasta,Interface,0.513729734053947,0.0068202084582299
antofagasta,Interface,0.6405204821167169,0.005009128171950579
antofagasta,Interface,0.7986037420367598,0.00357622669544071
antofagasta,Interface,0.9957026427749722,0.0024660664424300195
antofagasta,Interface,1.2414464153405262,0.0016322774009313434
antofagasta,Interface,1.547840827123473,0.0010306894406676291
antofagasta,Interface,1.92985472148076,0.0006169420274090954
antofagasta,Interface,2.4061513178605933,0.0003475681926647667
antofagasta,Interface,3.0,0.00018252264759212268
copiapo,Interface,0.005,0.3528950709104538
copiapo,Interface,0.006234021895737255,0.31604930937290193
copiapo,Interface,0.007772605799306304,0.2795345836877823
copiapo,Interface,0.009690918947961973,0.24403651878237725
copiapo,Interface,0.012082680182281997,0.2102035702764988
copiapo,Interface,0.015064738563107317,0.17860991463065148
copiapo,Interface,0.01878278201119368,0.14971847742795946
copiapo,Interface,0.023418454864128246,0.12385413385927678
copiapo,Interface,0.02919823207746202,0.10118862859904766
copiapo,Interface,0.036404483617543226,0.08174028545618058
copiapo,Interface,0.04538926959495454,0.06539009016007186
copiapo,Interface,0.05659154009729356,0.051908885017037394
copiapo,Interface,0.07055858001600415,0.0409849051386118
copiapo,Interface,0.08797274655037983,0.032261490616947414
copiapo,Interface,0.10968480564464235,0.025371767431497577
copiapo,Interface,0.13675549600367723,0.01996207870543003
copiapo,Interface,0.17050735128986647,0.01571370548568666
copiapo,Interface,0.21258931226503822,0.012355405120179058
copiapo,Interface,0.2650572854919946,0.009669472379609943
copiapo,Interface,0.3304745842763549,0.007492743497714401
copiapo,Interface,0.412037158872693,0.005711173666641116
copiapo,Interface,0.513729734053947,0.004251234945841134
copiapo,Interface,0.6405204821167169,0.0030678361258469527
copiapo,Interface,0.7986037420367598,0.0021311809960752725
copiapo,Interface,0.9957026427749722,0.0014159252401441337
copiapo,Interface,1.2414464153405262,0.0008941101608797909
copiapo,Interface,1.547840827123473,0.0005332379211904481
copiapo,Interface,1.92985472148076,0.00029813532397383825
copiapo,Interface,2.4061513178605933,0.00015458742636837998
copiapo,Interface,3.0,7.283677812665701e-05
valparaiso,Interface,0.005,0.3879434710741044
valparaiso,Interface,0.006234021895737255,0.35439275473356247
valparaiso,Interface,0.007772605799306304,0.32058543324470523
valparaiso,Interface,0.009690918947961973,0.2869723290205002
valparaiso,Interface,0.012082680182281997,0.25401659399271015
valparaiso,Interface,0.015064738563107317,0.22218469947576525
valparaiso,Interface,0.01878278201119368,0.1919281475245953
valparaiso,Interface,0.023418454864128246,0.16366223946213723
valparaiso,Interface,0.02919823207746202,0.13774044156074525
valparaiso,Interface,0.036404483617543226,0.11443023823201656
valparaiso,Interface,0.04538926959495454,0.09389283031225204
valparaiso,Interface,0.05659154009729356,0.07616998754441738
valparaiso,Interface,0.07055858001600415,0.061187356635928156
valparaiso,Interface,0.08797274655037983,0.048765215016901495
valparaiso,Interface,0.10968480564464235,0.03864030197262764
valparaiso,Interface,0.13675549600367723,0.030499864742159842
valparaiso,Interface,0.17050735128986647,0.02401352860033512
valparaiso,Interface,0.21258931226503822,0.0188626978173852
valparaiso,Interface,0.2650572854919946,0.014763315804302693
valparaiso,Interface,0.3304745842763549,0.01147900518961251
valparaiso,Interface,0.412037158872693,0.008826881810091437
valparaiso,Interface,0.513729734053947,0.0066747683938592674
valparaiso,Interface,0.6405204821167169,0.004931047032587231
valparaiso,Interface,0.7986037420367598,0.003534672698006034
valparaiso,Interface,0.9957026427749722,0.0024421555851586165
valparaiso,Interface,1.2414464153405262,0.0016159826528746636
valparaiso,Interface,1.547840827123473,0.0010177478892728687
valparaiso,Interface,1.92985472148076,0.0006061776011483744
valparaiso,Interface,2.4061513178605933,0.00033894739841343834
valparaiso,Interface,3.0,0.00017610396593227052
santiago_centro,Interface,0.005,0.28814643710851673
santiago_centro,Interface,0.006234021895737255,0.2500351844727993
santiago_centro,Interface,0.007772605799306304,0.21379930675029757
santiago_centro,Interface,0.009690918947961973,0.18019933670759203
santiago_centro,Interface,0.012082680182281997,0.1498046398162842
santiago_centro,Interface,0.015064738563107317,0.12296409189701082
santiago_centro,Interface,0.01878278201119368,0.0998027551919222
santiago_centro,Interface,0.023418454864128246,0.08024536609649659
santiago_centro,Interface,0.02919823207746202,0.06405525952577591
santiago_centro,Interface,0.036404483617543226,0.05088382132351399
santiago_centro,Interface,0.04538926959495454,0.0403209188953042
santiago_centro,Interface,0.05659154009729356,0.031940979175269606
santiago_centro,Interface,0.07055858001600415,0.02533794857561588
santiago_centro,Interface,0.08797274655037983,0.02014420557767153
santiago_centro,Interface,0.10968480564464235,0.016043145433068277
santiago_centro,Interface,0.13675549600367723,0.012773808259516954
santiago_centro,Interface,0.17050735128986647,0.010130855543538929
santiago_centro,Interface,0.21258931226503822,0.00796189410611987
santiago_centro,Interface,0.2650572854919946,0.006161647154949606
santiago_centro,Interface,0.3304745842763549,0.004663213100284338
santiago_centro,Interface,0.412037158872693,0.003426957398187369
santiago_centro,Interface,0.513729734053947,0.002428784796502441
santiago_centro,Interface,0.6405204821167169,0.0016494664689525964
santiago_centro,Interface,0.7986037420367598,0.001066875500837341
santiago_centro,Interface,0.9957026427749722,0.0006532937637530267
santiago_centro,Interface,1.2414464153405262,0.00037623953656293455
santiago_centro,Interface,1.547840827123473,0.00020197517296765
santiago_centro,Interface,1.92985472148076,9.956085283192807e-05
santiago_centro,Interface,2.4061513178605933,4.367984551208793e-05
santiago_centro,Interface,3.0,1.5858043857406303e-05
santiago_penalolen,Interface,0.005,0.26844231367111204
santiago_penalolen,Interface,0.006234021895737255,0.23054226338863373
santiago_penalolen,Interface,0.007772605799306304,0.19502163499593733
santiago_penalolen,Interface,0.009690918947961973,0.16260044127702714
santiago_penalolen,Interface,0.012082680182281997,0.13375937744975092
santiago_penalolen,Interface,0.015064738563107317,0.10872622266411781
santiago_penalolen,Interface,0.01878278201119368,0.08749232605099679
santiago_penalolen,Interface,0.023418454864128246,0.06985572524368763
santiago_penalolen,Interface,0.02919823207746202,0.055474160686135296
santiago_penalolen,Interface,0.036404483617543226,0.043924133218824865
santiago_penalolen,Interface,0.04538926959495454,0.034754467867314814
santiago_penalolen,Interface,0.05659154009729356,0.02752972234040499
santiago_penalolen,Interface,0.07055858001600415,0.021853527519851923
santiago_penalolen,Interface,0.08797274655037983,0.017383040692657233
santiago_penalolen,Interface,0.10968480564464235,0.013834002520889043
santiago_penalolen,Interface,0.13675549600367723,0.010980385979637505
santiago_penalolen,Interface,0.17050735128986647,0.008651657644659281
santiago_penalolen,Interface,0.21258931226503822,0.006727048680186273
santiago_penalolen,Interface,0.2650572854919946,0.005127517972141504
santiago_penalolen,Interface,0.3304745842763549,0.0038046029349789027
santiago_penalolen,Interface,0.412037158872693,0.0027292784675955776
santiago_penalolen,Interface,0.513729734053947,0.001880551080685109
santiago_penalolen,Interface,0.6405204821167169,0.0012369204685091972
santiago_penalolen,Interface,0.7986037420367598,0.0007720210257684812
santiago_penalolen,Interface,0.9957026427749722,0.00045440859743393956
santiago_penalolen,Interface,1.2414464153405262,0.00025026778312167155
santiago_penalolen,Interface,1.547840827123473,0.0001273937083897181
santiago_penalolen,Interface,1.92985472148076,5.8542299011605796e-05
santiago_penalolen,Interface,2.4061513178605933,2.303951513567881e-05
santiago_penalolen,Interface,3.0,6.84489700404356e-06
concepcion,Interface,0.005,0.3967670148611069
concepcion,Interface,0.006234021895737255,0.362337948679924
concepcion,Interface,0.007772605799306304,0.32755660325288777
concepcion,Interface,0.009690918947961973,0.29292432844638827
concepcion,Interface,0.012082680182281997,0.25895853728055956
concepcion,Interface,0.015064738563107317,0.22617577180266382
concepcion,Interface,0.01878278201119368,0.19506733879446983
concepcion,Interface,0.023418454864128246,0.16607313156127929
concepcion,Interface,0.02919823207746202,0.13955573603510857
concepcion,Interface,0.036404483617543226,0.11577833727002144
concepcion,Interface,0.04538926959495454,0.09488719619810582
concepcion,Interface,0.05659154009729356,0.07690306633710861
concepcion,Interface,0.07055858001600415,0.06172910243272782
concepcion,Interface,0.08797274655037983,0.049163525216281416
concepcion,Interface,0.10968480564464235,0.038925355747342114
concepcion,Interface,0.13675549600367723,0.030689757596701388
concepcion,Interface,0.17050735128986647,0.024119451977312568
concepcion,Interface,0.21258931226503822,0.018893326800316572
concepcion,Interface,0.2650572854919946,0.014728422248736023
concepcion,Interface,0.3304745842763549,0.011391178248450162
concepcion,Interface,0.412037158872693,0.008701292159967126
concepcion,Interface,0.513729734053947,0.006528168432414532
concepcion,Interface,0.6405204821167169,0.004779984382912517
concepcion,Interface,0.7986037420367598,0.0033934069355018442
concepcion,Interface,0.9957026427749722,0.0023206886963453143
concepcion,Interface,1.2414464153405262,0.0015193662396632136
concepcion,Interface,1.547840827123473,0.0009464802249567584
concepcion,Interface,1.92985472148076,0.0005573985754745081
concepcion,Interface,2.4061513178605933,0.00030793335186899643
concepcion,Interface,3.0,0.00015781389600306284
pucon,Interface,0.005,0.24391546085476878
pucon,Interface,0.006234021895737255,0.20525504812598233
pucon,Interface,0.007772605799306304,0.17006380811333657
pucon,Interface,0.009690918947961973,0.13892014399170877
pucon,Interface,0.012082680182281997,0.11207233659923077
pucon,Interface,0.015064738563107317,0.08947580702602864
pucon,Interface,0.01878278201119368,0.07085599802434445
pucon,Interface,0.023418454864128246,0.05578312687575818
pucon,Interface,0.02919823207746202,0.04374971855431795
pucon,Interface,0.036404483617543226,0.03423827882856131
pucon,Interface,0.04538926959495454,0.02676468471065164
pucon,Interface,0.05659154009729356,0.020902075879275797
pucon,Interface,0.07055858001600415,0.01629272410646081
pucon,Interface,0.08797274655037983,0.012648236807435752
pucon,Interface,0.10968480564464235,0.009745881035923958
pucon,Interface,0.13675549600367723,0.007420436153188348
pucon,Interface,0.17050735128986647,0.005552979628555477
pucon,Interface,0.21258931226503822,0.004060470391996205
pucon,Interface,0.2650572854919946,0.0028835310437716546
pucon,Interface,0.3304745842763549,0.0019766655704006554
pucon,Interface,0.412037158872693,0.0013000687374733388
pucon,Interface,0.513729734053947,0.0008155034622177482
pucon,Interface,0.6405204821167169,0.0004848266748012975
pucon,Interface,0.7986037420367598,0.0002712332716328092
pucon,Interface,0.9957026427749722,0.0001414089446188882
pucon,Interface,1.2414464153405262,6.758642448403408e-05
pucon,Interface,1.547840827123473,2.8556921970448458e-05
pucon,Interface,1.92985472148076,9.915518453453843e-06
pucon,Interface,2.4061513178605933,2.4471659548908068e-06
pucon,Interface,3.0,2.469914968550313e-07
puerto_montt,Interface,0.005,0.317883215546608
puerto_montt,Interface,0.006234021895737255,0.27910185486078265
puerto_montt,Interface,0.007772605799306304,0.24166608631610875
puerto_montt,Interface,0.009690918947961973,0.20634489670395853
puerto_montt,Interface,0.012082680182281997,0.17376381099224092
puerto_montt,Interface,0.015064738563107317,0.14437218323349954
puerto_montt,Interface,0.01878278201119368,0.11842834264039995
puerto_montt,Interface,0.023418454864128246,0.09600549817085266
puerto_montt,Interface,0.02919823207746202,0.07701272659003736
puerto_montt,Interface,0.036404483617543226,0.061224634796381
puerto_montt,Interface,0.04538926959495454,0.04832225397229195
puerto_montt,Interface,0.05659154009729356,0.03793171472847462
puerto_montt,Interface,0.07055858001600415,0.029663310106843713
puerto_montt,Interface,0.08797274655037983,0.02313851185142994
puerto_montt,Interface,0.10968480564464235,0.01801204193383455
puerto_montt,Interface,0.13675549600367723,0.013984576286748053
puerto_montt,Interface,0.17050735128986647,0.010808330224826933
puerto_montt,Interface,0.21258931226503822,0.008288146136328578
puerto_montt,Interface,0.2650572854919946,0.006277217050082982
puerto_montt,Interface,0.3304745842763549,0.004669659989885986
puerto_montt,Interface,0.412037158872693,0.0033912521461024877
puerto_montt,Interface,0.513729734053947,0.0023891598242335023
puerto_montt,Interface,0.6405204821167169,0.0016227171034552158
puerto_montt,Interface,0.7986037420367598,0.0010560807585716248
puerto_montt,Interface,0.9957026427749722,0.0006545786687638611
puerto_montt,Interface,1.2414464153405262,0.000383858518616762
puerto_montt,Interface,1.547840827123473,0.00021136373645276764
puerto_montt,Interface,1.92985472148076,0.0001080538624955807
puerto_montt,Interface,2.4061513178605933,5.032593682699371e-05
puerto_montt,Interface,3.0,2.0438049559743377e-05
puerto_aysen,Interface,0.005,0.10873250998556613
puerto_aysen,Interface,0.006234021895737255,0.08796563133597375
puerto_aysen,Interface,0.007772605799306304,0.07002441570162773
puerto_aysen,Interface,0.009690918947961973,0.05495217766612768
puerto_aysen,Interface,0.012082680182281997,0.042602126710116865
puerto_aysen,Interface,0.015064738563107317,0.032698311507701874
puerto_aysen,Interface,0.01878278201119368,0.024897300694137814
puerto_aysen,Interface,0.023418454864128246,0.01883792605251074
puerto_aysen,Interface,0.02919823207746202,0.014178312979638577
puerto_aysen,Interface,0.036404483617543226,0.010619012480601668
puerto_aysen,Interface,0.04538926959495454,0.007910520443692804
puerto_aysen,Interface,0.05659154009729356,0.005851242695935071
puerto_aysen,Interface,0.07055858001600415,0.004286655401811004
puerto_aysen,Interface,0.08797274655037983,0.003100147244986147
puerto_aysen,Interface,0.10968480564464235,0.002204706952907145
puerto_aysen,Interface,0.13675549600367723,0.0015349961223546415
puerto_aysen,Interface,0.17050735128986647,0.0010412237222772092
puerto_aysen,Interface,0.21258931226503822,0.000684593024197966
puerto_aysen,Interface,0.2650572854919946,0.00043394295440521094
puerto_aysen,Interface,0.3304745842763549,0.00026371754123829307
puerto_aysen,Interface,0.412037158872693,0.00015275741388904863
puerto_aysen,Interface,0.513729734053947,8.372802112717183e-05
puerto_aysen,Interface,0.6405204821167169,4.298821779229911e-05
puerto_aysen,Interface,0.7986037420367598,2.037039157585241e-05
puerto_aysen,Interface,0.9957026427749722,8.669506678415928e-06
puerto_aysen,Interface,1.2414464153405262,3.1942549048835646e-06
puerto_aysen,Interface,1.547840827123473,9.543994462291038e-07
puerto_aysen,Interface,1.92985472148076,1.9960980218058922e-07
puerto_aysen,Interface,2.4061513178605933,1.6144875729651178e-08
puerto_aysen,Interface,3.0,0.0
iquique,intra_slab,0.005,0.658539434671402
iquique,intra_slab,0.006234021895737255,0.6074929535388947
iquique,intra_slab,0.007772605799306304,0.553531882762909
iquique,intra_slab,0.009690918947961973,0.4975392958521843
iquique,intra_slab,0.012082680182281997,0.4405688738822937
iquique,intra_slab,0.015064738563107317,0.38381638646125793
iquique,intra_slab,0.01878278201119368,0.3285624784231186
iquique,intra_slab,0.023418454864128246,0.27608320593833924
iquique,intra_slab,0.02919823207746202,0.2275376322865486
iquique,intra_slab,0.036404483617543226,0.1838521645963192
iquique,intra_slab,0.04538926959495454,0.14563585713505747
iquique,intra_slab,0.05659154009729356,0.11313403524458408
iquique,intra_slab,0.07055858001600415,0.08624526239931585
iquique,intra_slab,0.08797274655037983,0.06457887448370457
iquique,intra_slab,0.10968480564464235,0.047545844316482545
iquique,intra_slab,0.13675549600367723,0.034454738199710844
iquique,intra_slab,0.17050735128986647,0.024597710445523266
iquique,intra_slab,0.21258931226503822,0.017311991453170777
iquique,intra_slab,0.2650572854919946,0.012016365956515073
iquique,intra_slab,0.3304745842763549,0.008224099949002268
iquique,intra_slab,0.412037158872693,0.005546733643859625
iquique,intra_slab,0.513729734053947,0.0036835276568308473
iquique,intra_slab,0.6405204821167169,0.0024045579100493344
iquique,intra_slab,0.7986037420367598,0.001539361478644423
iquique,intra_slab,0.9957026427749722,0.0009640082094119863
iquique,intra_slab,1.2414464153405262,0.0005887262654141524
iquique,intra_slab,1.547840827123473,0.0003493390187213663
iquique,intra_slab,1.92985472148076,0.00020054614560649497
iquique,intra_slab,2.4061513178605933,0.00011082062339482945
iquique,intra_slab,3.0,5.861411437763309e-05
antofagasta,intra_slab,0.005,0.708808496594429
antofagasta,intra_slab,0.006234021895737255,0.6607001829147339
antofagasta,intra_slab,0.007772605799306304,0.6082491475343704
antofagasta,intra_slab,0.009690918947961973,0.5523194205760956
antofagasta,intra_slab,0.012082680182281997,0.4940669310092926
antofagasta,intra_slab,0.015064738563107317,0.4348728302121163
antofagasta,intra_slab,0.01878278201119368,0.3762425941228867
antofagasta,intra_slab,0.023418454864128246,0.31968231707811356
antofagasta,intra_slab,0.02919823207746202,0.26657085224986077
antofagasta,intra_slab,0.036404483617543226,0.21804156482219694
antofagasta,intra_slab,0.04538926959495454,0.1748982757329941
antofagasta,intra_slab,0.05659154009729356,0.13757331550121307
antofagasta,intra_slab,0.07055858001600415,0.10613622166216374
antofagasta,intra_slab,0.08797274655037983,0.080340563505888
antofagasta,intra_slab,0.10968480564464235,0.059701114296913146
antofagasta,intra_slab,0.13675549600367723,0.04357885856181383
antofagasta,intra_slab,0.17050735128986647,0.03126773029565812
antofagasta,intra_slab,0.21258931226503822,0.02206527369096875
antofagasta,intra_slab,0.2650572854919946,0.015322053972631694
antofagasta,intra_slab,0.3304745842763549,0.010471397833898666
antofagasta,intra_slab,0.412037158872693,0.007042465470731259
antofagasta,intra_slab,0.513729734053947,0.0046578013617545365
antofagasta,intra_slab,0.6405204821167169,0.0030267667584121228
antofagasta,intra_slab,0.7986037420367598,0.001929883323609829
antofagasta,intra_slab,0.9957026427749722,0.0012043299037031831
antofagasta,intra_slab,1.2414464153405262,0.0007332331605721265
antofagasta,intra_slab,1.547840827123473,0.0004339198805973865
antofagasta,intra_slab,1.92985472148076,0.0002485301920387428
antofagasta,intra_slab,2.4061513178605933,0.00013703430064197165
antofagasta,intra_slab,3.0,7.227113525004825e-05
copiapo,intra_slab,0.005,0.6736448502540588
copiapo,intra_slab,0.006234021895737255,0.6157440739870071
copiapo,intra_slab,0.007772605799306304,0.5542491447925568
copiapo,intra_slab,0.009690918947961973,0.49066527962684636
copiapo,intra_slab,0.012082680182281997,0.4267119807004929
copiapo,intra_slab,0.015064738563107317,0.36418664097785947
copiapo,intra_slab,0.01878278201119368,0.30480873316526413
copiapo,intra_slab,0.023418454864128246,0.25006045967340473
copiapo,intra_slab,0.02919823207746202,0.2010583183169365
copiapo,intra_slab,0.036404483617543226,0.15847142934799197
copiapo,intra_slab,0.04538926959495454,0.12250803358852863
copiapo,intra_slab,0.05659154009729356,0.0929633404314518
copiapo,intra_slab,0.07055858001600415,0.06931368693709374
copiapo,intra_slab,0.08797274655037983,0.050833307243883616
copiapo,intra_slab,0.10968480564464235,0.0367065904289484
copiapo,intra_slab,0.13675549600367723,0.026120961066335442
copiapo,intra_slab,0.17050735128986647,0.01833001570776105
copiapo,intra_slab,0.21258931226503822,0.012689580582082272
copiapo,intra_slab,0.2650572854919946,0.00866550100967288
copiapo,intra_slab,0.3304745842763549,0.005834479993209243
copiapo,intra_slab,0.412037158872693,0.003870229162275791
copiapo,intra_slab,0.513729734053947,0.0025255326600745324
copiapo,intra_slab,0.6405204821167169,0.0016180533054284754
copiapo,intra_slab,0.7986037420367598,0.0010153633041772993
copiapo,intra_slab,0.9957026427749722,0.0006223370731459
copiapo,intra_slab,1.2414464153405262,0.00037129863572772594
copiapo,intra_slab,1.547840827123473,0.0002147403691560612
copiapo,intra_slab,1.92985472148076,0.00011979487877397333
copiapo,intra_slab,2.4061513178605933,6.410319775113749e-05
copiapo,intra_slab,3.0,3.269046542413889e-05
valparaiso,intra_slab,0.005,0.7678951632976532
valparaiso,intra_slab,0.006234021895737255,0.7240251356363296
valparaiso,intra_slab,0.007772605799306304,0.6752235281467438
valparaiso,intra_slab,0.009690918947961973,0.6219786751270295
valparaiso,intra_slab,0.012082680182281997,0.5650960731506347
valparaiso,intra_slab,0.015064738563107317,0.5056906184554101
valparaiso,intra_slab,0.01878278201119368,0.4451391890645027
valparaiso,intra_slab,0.023418454864128246,0.3849845314025879
valparaiso,intra_slab,0.02919823207746202,0.32680773049592976
valparaiso,intra_slab,0.036404483617543226,0.2720827053487301
valparaiso,intra_slab,0.04538926959495454,0.222039086073637
valparaiso,intra_slab,0.05659154009729356,0.1775592879951
valparaiso,intra_slab,0.07055858001600415,0.1391294522583485
valparaiso,intra_slab,0.08797274655037983,0.10683978490531446
valparaiso,intra_slab,0.10968480564464235,0.08043719023466112
valparaiso,intra_slab,0.13675549600367723,0.0594053128734231
valparaiso,intra_slab,0.17050735128986647,0.04306417290121317
valparaiso,intra_slab,0.21258931226503822,0.030662210639566184
valparaiso,intra_slab,0.2650572854919946,0.021455055698752404
valparaiso,intra_slab,0.3304745842763549,0.014756950289011002
valparaiso,intra_slab,0.412037158872693,0.009976227367296815
valparaiso,intra_slab,0.513729734053947,0.0066247712634503846
valparaiso,intra_slab,0.6405204821167169,0.004316576188430191
valparaiso,intra_slab,0.7986037420367598,0.0027560494001954796
valparaiso,intra_slab,0.9957026427749722,0.00172017045551911
valparaiso,intra_slab,1.2414464153405262,0.0010458135599037631
valparaiso,intra_slab,1.547840827123473,0.0006168240291299298
valparaiso,intra_slab,1.92985472148076,0.0003512351328390651
valparaiso,intra_slab,2.4061513178605933,0.0001919758174335584
valparaiso,intra_slab,3.0,0.00010001725680922391
santiago_centro,intra_slab,0.005,0.6078216075897217
santiago_centro,intra_slab,0.006234021895737255,0.5439422035217285
santiago_centro,intra_slab,0.007772605799306304,0.47798915505409245
santiago_centro,intra_slab,0.009690918947961973,0.41197785496711736
santiago_centro,intra_slab,0.012082680182281997,0.34798092365264893
santiago_centro,intra_slab,0.015064738563107317,0.28791064500808716
santiago_centro,intra_slab,0.01878278201119368,0.23331858977675438
santiago_centro,intra_slab,0.023418454864128246,0.18525590598583222
santiago_centro,intra_slab,0.02919823207746202,0.1442191529273987
santiago_centro,intra_slab,0.036404483617543226,0.11018430210649968
santiago_centro,intra_slab,0.04538926959495454,0.08271025776863099
santiago_centro,intra_slab,0.05659154009729356,0.061074559539556504
santiago_centro,intra_slab,0.07055858001600415,0.04441362828016281
santiago_centro,intra_slab,0.08797274655037983,0.03183875739574432
santiago_centro,intra_slab,0.10968480564464235,0.022517199628055096
santiago_centro,intra_slab,0.13675549600367723,0.015718410667032
santiago_centro,intra_slab,0.17050735128986647,0.010831737574189901
santiago_centro,intra_slab,0.21258931226503822,0.007366482024081052
santiago_centro,intra_slab,0.2650572854919946,0.004941441242117435
santiago_centro,intra_slab,0.3304745842763549,0.0032658293447457255
santiago_centro,intra_slab,0.412037158872693,0.002123125831130892
santiago_centro,intra_slab,0.513729734053947,0.0013549413159489633
santiago_centro,intra_slab,0.6405204821167169,0.0008466650499030949
santiago_centro,intra_slab,0.7986037420367598,0.0005163423270278145
santiago_centro,intra_slab,0.9957026427749722,0.00030611200520070276
santiago_centro,intra_slab,1.2414464153405262,0.00017555620117491345
santiago_centro,intra_slab,1.547840827123473,9.683976127234928e-05
santiago_centro,intra_slab,1.92985472148076,5.1027196254835873e-05
santiago_centro,intra_slab,2.4061513178605933,2.5476805612356655e-05
santiago_centro,intra_slab,3.0,1.1939909567928454e-05
santiago_penalolen,intra_slab,0.005,0.576892077922821
santiago_penalolen,intra_slab,0.006234021895737255,0.5110085567831993
santiago_penalolen,intra_slab,0.007772605799306304,0.44408902049064636
santiago_penalolen,intra_slab,0.009690918947961973,0.3782846197485924
santiago_penalolen,intra_slab,0.012082680182281997,0.3156664431095123
santiago_penalolen,intra_slab,0.015064738563107317,0.2580042627453804
santiago_penalolen,intra_slab,0.01878278201119368,0.2065929475426674
santiago_penalolen,intra_slab,0.023418454864128246,0.1621647784113884
santiago_penalolen,intra_slab,0.02919823207746202,0.12489438742399217
santiago_penalolen,intra_slab,0.036404483617543226,0.09448430165648461
santiago_penalolen,intra_slab,0.04538926959495454,0.0702951718121767
santiago_penalolen,intra_slab,0.05659154009729356,0.05149419028311968
santiago_penalolen,intra_slab,0.07055858001600415,0.03717971008270979
santiago_penalolen,intra_slab,0.08797274655037983,0.026482075415551663
santiago_penalolen,intra_slab,0.10968480564464235,0.01861910717561841
santiago_penalolen,intra_slab,0.13675549600367723,0.012926086522638798
santiago_penalolen,intra_slab,0.17050735128986647,0.00885998396202922
santiago_penalolen,intra_slab,0.21258931226503822,0.005993635603226722
santiago_penalolen,intra_slab,0.2650572854919946,0.003998204632662238
santiago_penalolen,intra_slab,0.3304745842763549,0.0026265039120335135
santiago_penalolen,intra_slab,0.412037158872693,0.0016961510659893974
santiago_penalolen,intra_slab,0.513729734053947,0.0010743227470084095
santiago_penalolen,intra_slab,0.6405204821167169,0.0006655285246961284
santiago_penalolen,intra_slab,0.7986037420367598,0.0004017661482066615
santiago_penalolen,intra_slab,0.9957026427749722,0.00023531219881988368
santiago_penalolen,intra_slab,1.2414464153405262,0.00013301693246830837
santiago_penalolen,intra_slab,1.547840827123473,7.21056859492819e-05
santiago_penalolen,intra_slab,1.92985472148076,3.7212014299257134e-05
santiago_penalolen,intra_slab,2.4061513178605933,1.8124741857974416e-05
santiago_penalolen,intra_slab,3.0,8.238207384014819e-06
concepcion,intra_slab,0.005,0.6697766536474229
concepcion,intra_slab,0.006234021895737255,0.627203522324562
concepcion,intra_slab,0.007772605799306304,0.5813091379404068
concepcion,intra_slab,0.009690918947961973,0.5325683313608169
concepcion,intra_slab,0.012082680182281997,0.4816619777679444
concepcion,intra_slab,0.015064738563107317,0.4294711688160896
concepcion,intra_slab,0.01878278201119368,0.3770470723509789
concepcion,intra_slab,0.023418454864128246,0.32554770022630697
concepcion,intra_slab,0.02919823207746202,0.2761507368087769
concepcion,intra_slab,0.036404483617543226,0.22994979798793794
concepcion,intra_slab,0.04538926959495454,0.18785421997308732
concepcion,intra_slab,0.05659154009729356,0.1505101814866066
concepcion,intra_slab,0.07055858001600415,0.11825942412018776
concepcion,intra_slab,0.08797274655037983,0.09113972738385201
concepcion,intra_slab,0.10968480564464235,0.06892003763467075
concepcion,intra_slab,0.13675549600367723,0.05116628050804138
concepcion,intra_slab,0.17050735128986647,0.03731533359736204
concepcion,intra_slab,0.21258931226503822,0.026749440394341947
concepcion,intra_slab,0.2650572854919946,0.018856732454150916
concepcion,intra_slab,0.3304745842763549,0.013072743173688652
concepcion,intra_slab,0.412037158872693,0.008909963546320798
concepcion,intra_slab,0.513729734053947,0.005964521490968764
concepcion,intra_slab,0.6405204821167169,0.003915687990374863
concepcion,intra_slab,0.7986037420367598,0.002516685056034476
concepcion,intra_slab,0.9957026427749722,0.0015790772764012217
concepcion,intra_slab,1.2414464153405262,0.0009635347774019465
concepcion,intra_slab,1.547840827123473,0.0005691649837535806
concepcion,intra_slab,1.92985472148076,0.0003238065110053867
concepcion,intra_slab,2.4061513178605933,0.0001763438108173432
concepcion,intra_slab,3.0,9.124341238930357e-05
pucon,intra_slab,0.005,0.3504792365431786
pucon,intra_slab,0.006234021895737255,0.2976508328318596
pucon,intra_slab,0.007772605799306304,0.2483698819577694
pucon,intra_slab,0.009690918947961973,0.2035749912261963
pucon,intra_slab,0.012082680182281997,0.16389494091272355
pucon,intra_slab,0.015064738563107317,0.1296293230354786
pucon,intra_slab,0.01878278201119368,0.10076802894473078
pucon,intra_slab,0.023418454864128246,0.07703757189214229
pucon,intra_slab,0.02919823207746202,0.05796893350780011
pucon,intra_slab,0.036404483617543226,0.042973440624773505
pucon,intra_slab,0.04538926959495454,0.03141341831535101
pucon,intra_slab,0.05659154009729356,0.022662309482693672
pucon,intra_slab,0.07055858001600415,0.016145959869027136
pucon,intra_slab,0.08797274655037983,0.011365612260997296
pucon,intra_slab,0.10968480564464235,0.00790601562242955
pucon,intra_slab,0.13675549600367723,0.005433250023052096
pucon,intra_slab,0.17050735128986647,0.0036870120745152238
pucon,intra_slab,0.21258931226503822,0.0024678574106656013
pucon,intra_slab,0.2650572854919946,0.0016266558587085457
pucon,intra_slab,0.3304745842763549,0.0010537709132768215
pucon,intra_slab,0.412037158872693,0.0006692637861124241
pucon,intra_slab,0.513729734053947,0.0004154704693064559
pucon,intra_slab,0.6405204821167169,0.00025116726304986515
pucon,intra_slab,0.7986037420367598,0.00014721939878654667
pucon,intra_slab,0.9957026427749722,8.322751856212562e-05
pucon,intra_slab,1.2414464153405262,4.510036907959147e-05
pucon,intra_slab,1.547840827123473,2.3252417370258628e-05
pucon,intra_slab,1.92985472148076,1.1307067927504022e-05
pucon,intra_slab,2.4061513178605933,5.133649382575989e-06
pucon,intra_slab,3.0,2.1113807042638653e-06
puerto_montt,intra_slab,0.005,0.18495451897382736
puerto_montt,intra_slab,0.006234021895737255,0.15778939172625545
puerto_montt,intra_slab,0.007772605799306304,0.13305472530424597
puerto_montt,intra_slab,0.009690918947961973,0.11082927204668522
puerto_montt,intra_slab,0.012082680182281997,0.09112951919436456
puerto_montt,intra_slab,0.015064738563107317,0.07391793578863144
puerto_montt,intra_slab,0.01878278201119368,0.059109927751123906
puerto_montt,intra_slab,0.023418454864128246,0.0465778249502182
puerto_montt,intra_slab,0.02919823207746202,0.03615546837449074
puerto_montt,intra_slab,0.036404483617543226,0.027644571214914326
puerto_montt,intra_slab,0.04538926959495454,0.02082345210015774
puerto_montt,intra_slab,0.05659154009729356,0.015458486126735806
puerto_montt,intra_slab,0.07055858001600415,0.011315624238923194
puerto_montt,intra_slab,0.08797274655037983,0.008172614807263017
puerto_montt,intra_slab,0.10968480564464235,0.0058274232922121885
puerto_montt,intra_slab,0.13675549600367723,0.004104280653409661
puerto_montt,intra_slab,0.17050735128986647,0.002856150802690536
puerto_montt,intra_slab,0.21258931226503822,0.001964014909463003
puerto_montt,intra_slab,0.2650572854919946,0.0013339559850282967
puerto_montt,intra_slab,0.3304745842763549,0.0008942437614314258
puerto_montt,intra_slab,0.412037158872693,0.0005910013007814996
puerto_montt,intra_slab,0.513729734053947,0.00038428084430051966
puerto_montt,intra_slab,0.6405204821167169,0.00024520706254406834
puerto_montt,intra_slab,0.7986037420367598,0.00015308847156120464
puerto_montt,intra_slab,0.9957026427749722,9.317139891209081e-05
puerto_montt,intra_slab,1.2414464153405262,5.50330974328972e-05
puerto_montt,intra_slab,1.547840827123473,3.138511928227672e-05
puerto_montt,intra_slab,1.92985472148076,1.7173765966163048e-05
puerto_montt,intra_slab,2.4061513178605933,8.953763014574179e-06
puerto_montt,intra_slab,3.0,4.413520338317767e-06
puerto_aysen,intra_slab,0.005,0.012009497452527286
puerto_aysen,intra_slab,0.006234021895737255,0.009539813576266171
puerto_aysen,intra_slab,0.007772605799306304,0.007477490482851864
puerto_aysen,intra_slab,0.009690918947961973,0.005783444773405791
puerto_aysen,intra_slab,0.012082680182281997,0.0044144192850217225
puerto_aysen,intra_slab,0.015064738563107317,0.0033256955281831327
puerto_aysen,intra_slab,0.01878278201119368,0.0024733984423801307
puerto_aysen,intra_slab,0.023418454864128246,0.0018163045530673117
puerto_aysen,intra_slab,0.02919823207746202,0.0013171422097366305
puerto_aysen,intra_slab,0.036404483617543226,0.000943321001250297
puerto_aysen,intra_slab,0.04538926959495454,0.0006671748065855354
puerto_aysen,intra_slab,0.05659154009729356,0.0004658598173409701
puerto_aysen,intra_slab,0.07055858001600415,0.00032098724419483916
puerto_aysen,intra_slab,0.08797274655037983,0.00021806499731610532
puerto_aysen,intra_slab,0.10968480564464235,0.00014591713596018963
puerto_aysen,intra_slab,0.13675549600367723,9.603329970559572e-05
puerto_aysen,intra_slab,0.17050735128986647,6.207140075275675e-05
puerto_aysen,intra_slab,0.21258931226503822,3.933046233214555e-05
puerto_aysen,intra_slab,0.2650572854919946,2.4387296616623646e-05
puerto_aysen,intra_slab,0.3304745842763549,1.4773951006645804e-05
puerto_aysen,intra_slab,0.412037158872693,8.731174725653545e-06
puerto_aysen,intra_slab,0.513729734053947,5.026049263960886e-06
puerto_aysen,intra_slab,0.6405204821167169,2.813554945078067e-06
puerto_aysen,intra_slab,0.7986037420367598,1.5290198561501712e-06
puerto_aysen,intra_slab,0.9957026427749722,8.04921092907307e-07
puerto_aysen,intra_slab,1.2414464153405262,4.0945164599293097e-07
puerto_aysen,intra_slab,1.547840827123473,2.0103119653391845e-07
puerto_aysen,intra_slab,1.92985472148076,9.511486094626598e-08
puerto_aysen,intra_slab,2.4061513178605933,4.334974647690615e-08
puerto_aysen,intra_slab,3.0,1.869334361970232e-08
iquique,slab_deep,0.005,0.9485280483961107
iquique,slab_deep,0.006234021895737255,0.9155878645181655
iquique,slab_deep,0.007772605799306304,0.8690754586458207
iquique,slab_deep,0.009690918947961973,0.8079887759685516
iquique,slab_deep,0.012082680182281997,0.7333172535896302
iquique,slab_deep,0.015064738563107317,0.6481538796424866
iquique,slab_deep,0.01878278201119368,0.557190248966217
iquique,slab_deep,0.023418454864128246,0.4657683899998665
iquique,slab_deep,0.02919823207746202,0.37885771036148075
iquique,slab_deep,0.036404483617543226,0.30027143687009816
iquique,slab_deep,0.04538926959495454,0.23230887442827225
iquique,slab_deep,0.05659154009729356,0.17579301580786705
iquique,slab_deep,0.07055858001600415,0.13037260532379152
iquique,slab_deep,0.08797274655037983,0.09493651159107686
iquique,slab_deep,0.10968480564464235,0.06798614762723446
iquique,slab_deep,0.13675549600367723,0.047941372990608216
iquique,slab_deep,0.17050735128986647,0.03331721689552069
iquique,slab_deep,0.21258931226503822,0.022830513361841442
iquique,slab_deep,0.2650572854919946,0.015427828328683973
iquique,slab_deep,0.3304745842763549,0.010276898220181465
iquique,slab_deep,0.412037158872693,0.006743788048624993
iquique,slab_deep,0.513729734053947,0.004354820658918471
iquique,slab_deep,0.6405204821167169,0.0027630480797961356
iquique,slab_deep,0.7986037420367598,0.0017191274359356615
iquique,slab_deep,0.9957026427749722,0.0010466574307065458
iquique,slab_deep,1.2414464153405262,0.0006219914570101537
iquique,slab_deep,1.547840827123473,0.00035966663177532614
iquique,slab_deep,1.92985472148076,0.0002015839433443034
iquique,slab_deep,2.4061513178605933,0.00010898990566602152
iquique,slab_deep,3.0,5.653323050182735e-05
antofagasta,slab_deep,0.005,0.8463196671009064
antofagasta,slab_deep,0.006234021895737255,0.7818042832612992
antofagasta,slab_deep,0.007772605799306304,0.7056611645221711
antofagasta,slab_deep,0.009690918947961973,0.6215321296453477
antofagasta,slab_deep,0.012082680182281997,0.5340507549047471
antofagasta,slab_deep,0.015064738563107317,0.4479191088676453
antofagasta,slab_deep,0.01878278201119368,0.36710878372192385
antofagasta,slab_deep,0.023418454864128246,0.2944189777970314
antofagasta,slab_deep,0.02919823207746202,0.2313875699043274
antofagasta,slab_deep,0.036404483617543226,0.17844644740223886
antofagasta,slab_deep,0.04538926959495454,0.1352023057639599
antofagasta,slab_deep,0.05659154009729356,0.10073622025549411
antofagasta,slab_deep,0.07055858001600415,0.07386512264609338
antofagasta,slab_deep,0.08797274655037983,0.053334446623921394
antofagasta,slab_deep,0.10968480564464235,0.03794107962399722
antofagasta,slab_deep,0.13675549600367723,0.026602145824581386
antofagasta,slab_deep,0.17050735128986647,0.018388824984431267
antofagasta,slab_deep,0.21258931226503822,0.012533892430365085
antofagasta,slab_deep,0.2650572854919946,0.008423949684947729
antofagasta,slab_deep,0.3304745842763549,0.005581694790162147
antofagasta,slab_deep,0.412037158872693,0.003644305313937366
antofagasta,slab_deep,0.513729734053947,0.0023423310066573323
antofagasta,slab_deep,0.6405204821167169,0.0014803737052716316
antofagasta,slab_deep,0.7986037420367598,0.000918593759997748
antofagasta,slab_deep,0.9957026427749722,0.0005583044335071463
antofagasta,slab_deep,1.2414464153405262,0.0003313429247646127
antofagasta,slab_deep,1.547840827123473,0.00019137914154271132
antofagasta,slab_deep,1.92985472148076,0.00010718691195506836
antofagasta,slab_deep,2.4061513178605933,5.794314881313767e-05
antofagasta,slab_deep,3.0,3.0062109190112096e-05
copiapo,slab_deep,0.005,0.6687171804904938
copiapo,slab_deep,0.006234021895737255,0.6000218921899796
copiapo,slab_deep,0.007772605799306304,0.5283507066965103
copiapo,slab_deep,0.009690918947961973,0.4562516093254089
copiapo,slab_deep,0.012082680182281997,0.38622219741344455
copiapo,slab_deep,0.015064738563107317,0.3204332330822945
copiapo,slab_deep,0.01878278201119368,0.26056229323148733
copiapo,slab_deep,0.023418454864128246,0.20770863726735117
copiapo,slab_deep,0.02919823207746202,0.16239036902785303
copiapo,slab_deep,0.036404483617543226,0.12459888994693757
copiapo,slab_deep,0.04538926959495454,0.0939029685407877
copiapo,slab_deep,0.05659154009729356,0.06958125531673431
copiapo,slab_deep,0.07055858001600415,0.0507473112270236
copiapo,slab_deep,0.08797274655037983,0.03646845601499081
copiapo,slab_deep,0.10968480564464235,0.02584895499050617
copiapo,slab_deep,0.13675549600367723,0.01808696243911982
copiapo,slab_deep,0.17050735128986647,0.012501278882846236
copiapo,slab_deep,0.21258931226503822,0.00853860135190189
copiapo,slab_deep,0.2650572854919946,0.005762820481322706
copiapo,slab_deep,0.3304745842763549,0.003841689235996455
copiapo,slab_deep,0.412037158872693,0.0025276725203730167
copiapo,slab_deep,0.513729734053947,0.0016390680987387897
copiapo,slab_deep,0.6405204821167169,0.001045499857282266
copiapo,slab_deep,0.7986037420367598,0.0006545099275535904
copiapo,slab_deep,0.9957026427749722,0.00040104823521687656
copiapo,slab_deep,1.2414464153405262,0.00023974291038030061
copiapo,slab_deep,1.547840827123473,0.0001392618430691073
copiapo,slab_deep,1.92985472148076,7.822511614904216e-05
copiapo,slab_deep,2.4061513178605933,4.22494519261818e-05
copiapo,slab_deep,3.0,2.179984809515645e-05
valparaiso,slab_deep,0.005,0.7548758304119111
valparaiso,slab_deep,0.006234021895737255,0.6991807472705841
valparaiso,slab_deep,0.007772605799306304,0.6380175781249999
valparaiso,slab_deep,0.009690918947961973,0.572876678109169
valparaiso,slab_deep,0.012082680182281997,0.5055919927358627
valparaiso,slab_deep,0.015064738563107317,0.4381808018684388
valparaiso,slab_deep,0.01878278201119368,0.37266111403703694
valparaiso,slab_deep,0.023418454864128246,0.3108649888634682
valparaiso,slab_deep,0.02919823207746202,0.25428434029221536
valparaiso,slab_deep,0.036404483617543226,0.20396336942911147
valparaiso,slab_deep,0.04538926959495454,0.1604578447341919
valparaiso,slab_deep,0.05659154009729356,0.1238567677885294
valparaiso,slab_deep,0.07055858001600415,0.09385795652866363
valparaiso,slab_deep,0.08797274655037983,0.06987345591187477
valparaiso,slab_deep,0.10968480564464235,0.05114257253706456
valparaiso,slab_deep,0.13675549600367723,0.03683299642056227
valparaiso,slab_deep,0.17050735128986647,0.02612246124073863
valparaiso,slab_deep,0.21258931226503822,0.018256595004349948
valparaiso,slab_deep,0.2650572854919946,0.012579936143010857
valparaiso,slab_deep,0.3304745842763549,0.008547967411577703
valparaiso,slab_deep,0.412037158872693,0.005726484605111182
valparaiso,slab_deep,0.513729734053947,0.0037795403855852786
valparaiso,slab_deep,0.6405204821167169,0.0024547161965165288
valparaiso,slab_deep,0.7986037420367598,0.00156644890550524
valparaiso,slab_deep,0.9957026427749722,0.0009798181703081356
valparaiso,slab_deep,1.2414464153405262,0.0005986838269745932
valparaiso,slab_deep,1.547840827123473,0.00035593941080151124
valparaiso,slab_deep,1.92985472148076,0.00020497832745604682
valparaiso,slab_deep,2.4061513178605933,0.00011373218600056135
valparaiso,slab_deep,3.0,6.0411813901737336e-05
santiago_centro,slab_deep,0.005,0.7952473807334899
santiago_centro,slab_deep,0.006234021895737255,0.7406677860021591
santiago_centro,slab_deep,0.007772605799306304,0.6777673637866974
santiago_centro,slab_deep,0.009690918947961973,0.6078602707386017
santiago_centro,slab_deep,0.012082680182281997,0.5331487357616425
santiago_centro,slab_deep,0.015064738563107317,0.4565409222245217
santiago_centro,slab_deep,0.01878278201119368,0.38127780318260196
santiago_centro,slab_deep,0.023418454864128246,0.31045596867799763
santiago_centro,slab_deep,0.02919823207746202,0.24657438874244691
santiago_centro,slab_deep,0.036404483617543226,0.19123886063694956
santiago_centro,slab_deep,0.04538926959495454,0.14507952466607094
santiago_centro,slab_deep,0.05659154009729356,0.10787185102701187
santiago_centro,slab_deep,0.07055858001600415,0.07877664275467397
santiago_centro,slab_deep,0.08797274655037983,0.05661800637841226
santiago_centro,slab_deep,0.10968480564464235,0.040118597708642484
santiago_centro,slab_deep,0.13675549600367723,0.02806564368307591
santiago_centro,slab_deep,0.17050735128986647,0.019399848002940416
santiago_centro,slab_deep,0.21258931226503822,0.013251812988892199
santiago_centro,slab_deep,0.2650572854919946,0.008942968212068081
santiago_centro,slab_deep,0.3304745842763549,0.005955654759891332
santiago_centro,slab_deep,0.412037158872693,0.0039077603188343345
santiago_centro,slab_deep,0.513729734053947,0.0025212861620821057
santiago_centro,slab_deep,0.6405204821167169,0.001595704513601959
santiago_centro,slab_deep,0.7986037420367598,0.000987560755747836
santiago_centro,slab_deep,0.9957026427749722,0.0005953918838349637
santiago_centro,slab_deep,1.2414464153405262,0.00034804175149474756
santiago_centro,slab_deep,1.547840827123473,0.0001962250015640166
santiago_centro,slab_deep,1.92985472148076,0.00010605246618524688
santiago_centro,slab_deep,2.4061513178605933,5.457393837446034e-05
santiago_centro,slab_deep,3.0,2.6531656981862996e-05
santiago_penalolen,slab_deep,0.005,0.7945242422819139
santiago_penalolen,slab_deep,0.006234021895737255,0.7389666622877121
santiago_penalolen,slab_deep,0.007772605799306304,0.6748296004533768
santiago_penalolen,slab_deep,0.009690918947961973,0.6035469788312913
santiago_penalolen,slab_deep,0.012082680182281997,0.5275024512410165
santiago_penalolen,slab_deep,0.015064738563107317,0.44980620443820957
santiago_penalolen,slab_deep,0.01878278201119368,0.37386589467525483
santiago_penalolen,slab_deep,0.023418454864128246,0.30286151498556135
santiago_penalolen,slab_deep,0.02919823207746202,0.2392787326872349
santiago_penalolen,slab_deep,0.036404483617543226,0.18462418556213378
santiago_penalolen,slab_deep,0.04538926959495454,0.13938262820243838
santiago_penalolen,slab_deep,0.05659154009729356,0.10318178862333297
santiago_penalolen,slab_deep,0.07055858001600415,0.07506222613155843
santiago_penalolen,slab_deep,0.08797274655037983,0.05377217922359705
santiago_penalolen,slab_deep,0.10968480564464235,0.03799765966832638
santiago_penalolen,slab_deep,0.13675549600367723,0.026520123630762102
santiago_penalolen,slab_deep,0.17050735128986647,0.01829221496358514
santiago_penalolen,slab_deep,0.21258931226503822,0.012469815593212842
santiago_penalolen,slab_deep,0.2650572854919946,0.008395307268947364
santiago_penalolen,slab_deep,0.3304745842763549,0.005574253387749196
santiago_penalolen,slab_deep,0.412037158872693,0.003643310046754778
santiago_penalolen,slab_deep,0.513729734053947,0.00233877869322896
santiago_penalolen,slab_deep,0.6405204821167169,0.0014704750297823922
santiago_penalolen,slab_deep,0.7986037420367598,0.0009022853561327793
santiago_penalolen,slab_deep,0.9957026427749722,0.0005379768426064401
santiago_penalolen,slab_deep,1.2414464153405262,0.0003101218447409338
santiago_penalolen,slab_deep,1.547840827123473,0.00017179155442136108
santiago_penalolen,slab_deep,1.92985472148076,9.085872075502267e-05
santiago_penalolen,slab_deep,2.4061513178605933,4.555187289554397e-05
santiago_penalolen,slab_deep,3.0,2.1458252827850632e-05
concepcion,slab_deep,0.005,0.5483940464258193
concepcion,slab_deep,0.006234021895737255,0.49698324054479603
concepcion,slab_deep,0.007772605799306304,0.4441282778978348
concepcion,slab_deep,0.009690918947961973,0.3909729996323586
concepcion,slab_deep,0.012082680182281997,0.338739652633667
concepcion,slab_deep,0.015064738563107317,0.2886320784687996
concepcion,slab_deep,0.01878278201119368,0.2417340312898159
concepcion,slab_deep,0.023418454864128246,0.1989221151173115
concepcion,slab_deep,0.02919823207746202,0.1608054429292679
concepcion,slab_deep,0.036404483617543226,0.12769960656762125
concepcion,slab_deep,0.04538926959495454,0.09963613860309126
concepcion,slab_deep,0.05659154009729356,0.07640326075255871
concepcion,slab_deep,0.07055858001600415,0.05760405525565147
concepcion,slab_deep,0.08797274655037983,0.04272301856428384
concepcion,slab_deep,0.10968480564464235,0.031186906397342683
concepcion,slab_deep,0.13675549600367723,0.022420468498021366
concepcion,slab_deep,0.17050735128986647,0.015881592445075515
concepcion,slab_deep,0.21258931226503822,0.011089783022180201
concepcion,slab_deep,0.2650572854919946,0.007635627072304488
concepcion,slab_deep,0.3304745842763549,0.005183467785827816
concepcion,slab_deep,0.412037158872693,0.0034680081065744167
concepcion,slab_deep,0.513729734053947,0.0022845531790517274
concepcion,slab_deep,0.6405204821167169,0.0014797022507991643
concepcion,slab_deep,0.7986037420367598,0.0009407849627314135
concepcion,slab_deep,0.9957026427749722,0.0005855868512298912
concepcion,slab_deep,1.2414464153405262,0.0003556010886677541
concepcion,slab_deep,1.547840827123473,0.00020979599459678867
concepcion,slab_deep,1.92985472148076,0.00011968723109021084
concepcion,slab_deep,2.4061513178605933,6.565380637766794e-05
concepcion,slab_deep,3.0,3.439005131440353e-05
pucon,slab_deep,0.005,0.2731238639354706
pucon,slab_deep,0.006234021895737255,0.2319277669489384
pucon,slab_deep,0.007772605799306304,0.19373273193836213
pucon,slab_deep,0.009690918947961973,0.1590367539227009
pucon,slab_deep,0.012082680182281997,0.1282118817418814
pucon,slab_deep,0.015064738563107317,0.10147030048072339
pucon,slab_deep,0.01878278201119368,0.07884112752974035
pucon,slab_deep,0.023418454864128246,0.06016971290111542
pucon,slab_deep,0.02919823207746202,0.0451430581882596
pucon,slab_deep,0.036404483617543226,0.03333505302667618
pucon,slab_deep,0.04538926959495454,0.024260102510452276
pucon,slab_deep,0.05659154009729356,0.017424834445118907
pucon,slab_deep,0.07055858001600415,0.012368156611919404
pucon,slab_deep,0.08797274655037983,0.008685616394504905
pucon,slab_deep,0.10968480564464235,0.006039570374414324
pucon,slab_deep,0.13675549600367723,0.004159749804530293
pucon,slab_deep,0.17050735128986647,0.0028374758968129753
pucon,slab_deep,0.21258931226503822,0.001914927522884682
pucon,slab_deep,0.2650572854919946,0.0012762858829228208
pucon,slab_deep,0.3304745842763549,0.0008383229002356529
pucon,slab_deep,0.412037158872693,0.0005412704881746322
pucon,slab_deep,0.513729734053947,0.0003424281175830402
pucon,slab_deep,0.6405204821167169,0.00021141269928193652
pucon,slab_deep,0.7986037420367598,0.00012677975355472883
pucon,slab_deep,0.9957026427749722,7.344132947764593e-05
pucon,slab_deep,1.2414464153405262,4.084234940819443e-05
pucon,slab_deep,1.547840827123473,2.1651114562928344e-05
pucon,slab_deep,1.92985472148076,1.0855009385579706e-05
pucon,slab_deep,2.4061513178605933,5.103249850253455e-06
pucon,slab_deep,3.0,2.1904576760789496e-06
puerto_montt,slab_deep,0.005,0.10268213041126728
puerto_montt,slab_deep,0.006234021895737255,0.08595218233764172
puerto_montt,slab_deep,0.007772605799306304,0.0710636480897665
puerto_montt,slab_deep,0.009690918947961973,0.05801769681274892
puerto_montt,slab_deep,0.012082680182281997,0.046757228672504425
puerto_montt,slab_deep,0.015064738563107317,0.037181953229010106
puerto_montt,slab_deep,0.01878278201119368,0.02916222285479307
puerto_montt,slab_deep,0.023418454864128246,0.022549792248755696
puerto_montt,slab_deep,0.02919823207746202,0.017185897007584574
puerto_montt,slab_deep,0.036404483617543226,0.012907843254506588
puerto_montt,slab_deep,0.04538926959495454,0.00955452191643417
puerto_montt,slab_deep,0.05659154009729356,0.006971822562627494
puerto_montt,slab_deep,0.07055858001600415,0.005016880547627807
puerto_montt,slab_deep,0.08797274655037983,0.0035619709151796996
puerto_montt,slab_deep,0.10968480564464235,0.002496666975785047
puerto_montt,slab_deep,0.13675549600367723,0.0017285558639559898
puerto_montt,slab_deep,0.17050735128986647,0.0011827317834831774
puerto_montt,slab_deep,0.21258931226503822,0.0008001225208863616
puerto_montt,slab_deep,0.2650572854919946,0.0005352197733009234
puerto_montt,slab_deep,0.3304745842763549,0.0003539990886929445
puerto_montt,slab_deep,0.412037158872693,0.00023143275582697244
puerto_montt,slab_deep,0.513729734053947,0.00014937925596314016
puerto_montt,slab_deep,0.6405204821167169,9.502530861936976e-05
puerto_montt,slab_deep,0.7986037420367598,5.9437285781314134e-05
puerto_montt,slab_deep,0.9957026427749722,3.643849196123483e-05
puerto_montt,slab_deep,1.2414464153405262,2.1802198748446248e-05
puerto_montt,slab_deep,1.547840827123473,1.2666084439842963e-05
puerto_montt,slab_deep,1.92985472148076,7.101644027329712e-06
puerto_montt,slab_deep,2.4061513178605933,3.817139454156404e-06
puerto_montt,slab_deep,3.0,1.952588879916562e-06
puerto_aysen,slab_deep,0.005,0.004627180583775044
puerto_aysen,slab_deep,0.006234021895737255,0.0036231444566510625
puerto_aysen,slab_deep,0.007772605799306304,0.0027980788983404635
puerto_aysen,slab_deep,0.009690918947961973,0.002131770132109523
puerto_aysen,slab_deep,0.012082680182281997,0.0016026410006452353
puerto_aysen,slab_deep,0.015064738563107317,0.001189235997153446
puerto_aysen,slab_deep,0.01878278201119368,0.0008712824969552458
puerto_aysen,slab_deep,0.023418454864128246,0.0006304129143245518
puerto_aysen,slab_deep,0.02919823207746202,0.0004505704081384465
puerto_aysen,slab_deep,0.036404483617543226,0.0003181518748169765
puerto_aysen,slab_deep,0.04538926959495454,0.000221946453966666
puerto_aysen,slab_deep,0.05659154009729356,0.00015294507727958262
puerto_aysen,slab_deep,0.07055858001600415,0.0001040773511340376
puerto_aysen,slab_deep,0.08797274655037983,6.990039903030265e-05
puerto_aysen,slab_deep,0.10968480564464235,4.6312850645335854e-05
puerto_aysen,slab_deep,0.13675549600367723,3.0253054283093662e-05
puerto_aysen,slab_deep,0.17050735128986647,1.9480804521663234e-05
puerto_aysen,slab_deep,0.21258931226503822,1.236465177498758e-05
puerto_aysen,slab_deep,0.2650572854919946,7.739566267446208e-06
puerto_aysen,slab_deep,0.3304745842763549,4.7834052247708314e-06
puerto_aysen,slab_deep,0.412037158872693,2.9237424939765336e-06
puerto_aysen,slab_deep,0.513729734053947,1.769856872897435e-06
puerto_aysen,slab_deep,0.6405204821167169,1.0614228024508066e-06
puerto_aysen,slab_deep,0.7986037420367598,6.297880453587367e-07
puerto_aysen,slab_deep,0.9957026427749722,3.6835734817941557e-07
puerto_aysen,slab_deep,1.2414464153405262,2.112294060374609e-07
puerto_aysen,slab_deep,1.547840827123473,1.1796431133914708e-07
puerto_aysen,slab_deep,1.92985472148076,6.354388724094663e-08
puerto_aysen,slab_deep,2.4061513178605933,3.2651523227400504e-08
puerto_aysen,slab_deep,3.0,1.567579948513753e-08
iquique,deep_nest,0.005,0.009346884693950416
iquique,deep_nest,0.006234021895737255,0.007350420295260847
iquique,deep_nest,0.007772605799306304,0.005721888500265777
iquique,deep_nest,0.009690918947961973,0.004408139949664474
iquique,deep_nest,0.012082680182281997,0.003359473731834441
iquique,deep_nest,0.015064738563107317,0.002531258403323591
iquique,deep_nest,0.01878278201119368,0.0018844514340162278
iquique,deep_nest,0.023418454864128246,0.0013853781786747278
iquique,deep_nest,0.02919823207746202,0.0010052814893424511
iquique,deep_nest,0.036404483617543226,0.0007197855337290094
iquique,deep_nest,0.04538926959495454,0.000508443009457551
iquique,deep_nest,0.05659154009729356,0.00035431888623861597
iquique,deep_nest,0.07055858001600415,0.0002436101179046091
iquique,deep_nest,0.08797274655037983,0.00016528202177141794
iquique,deep_nest,0.10968480564464235,0.00011069831314671318
iquique,deep_nest,0.13675549600367723,7.320985168917106e-05
iquique,deep_nest,0.17050735128986647,4.779824605066097e-05
iquique,deep_nest,0.21258931226503822,3.0799835185462145e-05
iquique,deep_nest,0.2650572854919946,1.9584730962378673e-05
iquique,deep_nest,0.3304745842763549,1.2276738316359116e-05
iquique,deep_nest,0.412037158872693,7.571893561362231e-06
iquique,deep_nest,0.513729734053947,4.583362936045888e-06
iquique,deep_nest,0.6405204821167169,2.7145576416387486e-06
iquique,deep_nest,0.7986037420367598,1.567481656934433e-06
iquique,deep_nest,0.9957026427749722,8.78999938151992e-07
iquique,deep_nest,1.2414464153405262,4.765025278175017e-07
iquique,deep_nest,1.547840827123473,2.4841989258561627e-07
iquique,deep_nest,1.92985472148076,1.2376801969082863e-07
iquique,deep_nest,2.4061513178605933,5.847127178881806e-08
iquique,deep_nest,3.0,2.5923929620752517e-08
antofagasta,deep_nest,0.005,0.1528859780728817
antofagasta,deep_nest,0.006234021895737255,0.1182698978483677
antofagasta,deep_nest,0.007772605799306304,0.09032748572528362
antofagasta,deep_nest,0.009690918947961973,0.06821992360055447
antofagasta,deep_nest,0.012082680182281997,0.050958967730402954
antofagasta,deep_nest,0.015064738563107317,0.03763175543397665
antofagasta,deep_nest,0.01878278201119368,0.027453631330281496
antofagasta,deep_nest,0.023418454864128246,0.01977035965770483
antofagasta,deep_nest,0.02919823207746202,0.014046012582257392
antofagasta,deep_nest,0.036404483617543226,0.009840794559568168
antofagasta,deep_nest,0.04538926959495454,0.006797395343892277
antofagasta,deep_nest,0.05659154009729356,0.004630313934758306
antofagasta,deep_nest,0.07055858001600415,0.003112101552542299
antofagasta,deep_nest,0.08797274655037983,0.00206543231732212
antofagasta,deep_nest,0.10968480564464235,0.0013558286020997914
antofagasta,deep_nest,0.13675549600367723,0.0008818298450205476
antofagasta,deep_nest,0.17050735128986647,0.0005687739595305175
antofagasta,deep_nest,0.21258931226503822,0.0003641447960399092
antofagasta,deep_nest,0.2650572854919946,0.000231552301265765
antofagasta,deep_nest,0.3304745842763549,0.00014635123894549907
antofagasta,deep_nest,0.412037158872693,9.194380865665153e-05
antofagasta,deep_nest,0.513729734053947,5.715073719329666e-05
antofagasta,deep_nest,0.6405204821167169,3.4894720920419785e-05
antofagasta,deep_nest,0.7986037420367598,2.0844185182795627e-05
antofagasta,deep_nest,0.9957026427749722,1.2126724359404761e-05
antofagasta,deep_nest,1.2414464153405262,6.836007596575655e-06
antofagasta,deep_nest,1.547840827123473,3.712872023697855e-06
antofagasta,deep_nest,1.92985472148076,1.9303271119497367e-06
antofagasta,deep_nest,2.4061513178605933,9.52561893541315e-07
antofagasta,deep_nest,3.0,4.413192711183456e-07
copiapo,deep_nest,0.005,0.013005767371505501
copiapo,deep_nest,0.006234021895737255,0.010211625266820193
copiapo,deep_nest,0.007772605799306304,0.007939031263813377
copiapo,deep_nest,0.009690918947961973,0.006109352158382536
copiapo,deep_nest,0.012082680182281997,0.004650695654563606
copiapo,deep_nest,0.015064738563107317,0.0034996793675236403
copiapo,deep_nest,0.01878278201119368,0.0026014078175649047
copiapo,deep_nest,0.023418454864128246,0.0019088646094314755
copiapo,deep_nest,0.02919823207746202,0.0013819641002919525
copiapo,deep_nest,0.036404483617543226,0.0009867548826150597
copiapo,deep_nest,0.04538926959495454,0.0006947248545475305
copiapo,deep_nest,0.05659154009729356,0.0004822568676900119
copiapo,deep_nest,0.07055858001600415,0.00033009525533998383
copiapo,deep_nest,0.08797274655037983,0.00022282562480540949
copiapo,deep_nest,0.10968480564464235,0.0001483823340095114
copiapo,deep_nest,0.13675549600367723,9.751070479978809e-05
copiapo,deep_nest,0.17050735128986647,6.322130593616748e-05
copiapo,deep_nest,0.21258931226503822,4.042926291731419e-05
copiapo,deep_nest,0.2650572854919946,2.549522541812621e-05
copiapo,deep_nest,0.3304745842763549,1.584004517098947e-05
copiapo,deep_nest,0.412037158872693,9.674691300460838e-06
copiapo,deep_nest,0.513729734053947,5.794487315142761e-06
copiapo,deep_nest,0.6405204821167169,3.3937380294446487e-06
copiapo,deep_nest,0.7986037420367598,1.937316976636794e-06
copiapo,deep_nest,0.9957026427749722,1.0740030342049068e-06
copiapo,deep_nest,1.2414464153405262,5.757092711178302e-07
copiapo,deep_nest,1.547840827123473,2.9678552472489626e-07
copiapo,deep_nest,1.92985472148076,1.461837486615991e-07
copiapo,deep_nest,2.4061513178605933,6.827319001700971e-08
copiapo,deep_nest,3.0,2.99627973876504e-08
valparaiso,deep_nest,0.005,0.0
valparaiso,deep_nest,0.006234021895737255,0.0
valparaiso,deep_nest,0.007772605799306304,0.0
valparaiso,deep_nest,0.009690918947961973,0.0
valparaiso,deep_nest,0.012082680182281997,0.0
valparaiso,deep_nest,0.015064738563107317,0.0
valparaiso,deep_nest,0.01878278201119368,0.0
valparaiso,deep_nest,0.023418454864128246,0.0
valparaiso,deep_nest,0.02919823207746202,0.0
valparaiso,deep_nest,0.036404483617543226,0.0
valparaiso,deep_nest,0.04538926959495454,0.0
valparaiso,deep_nest,0.05659154009729356,0.0
valparaiso,deep_nest,0.07055858001600415,0.0
valparaiso,deep_nest,0.08797274655037983,0.0
valparaiso,deep_nest,0.10968480564464235,0.0
valparaiso,deep_nest,0.13675549600367723,0.0
valparaiso,deep_nest,0.17050735128986647,0.0
valparaiso,deep_nest,0.21258931226503822,0.0
valparaiso,deep_nest,0.2650572854919946,0.0
valparaiso,deep_nest,0.3304745842763549,0.0
valparaiso,deep_nest,0.412037158872693,0.0
valparaiso,deep_nest,0.513729734053947,0.0
valparaiso,deep_nest,0.6405204821167169,0.0
valparaiso,deep_nest,0.7986037420367598,0.0
valparaiso,deep_nest,0.9957026427749722,0.0
valparaiso,deep_nest,1.2414464153405262,0.0
valparaiso,deep_nest,1.547840827123473,0.0
valparaiso,deep_nest,1.92985472148076,0.0
valparaiso,deep_nest,2.4061513178605933,0.0
valparaiso,deep_nest,3.0,0.0
santiago_centro,deep_nest,0.005,0.0
santiago_centro,deep_nest,0.006234021895737255,0.0
santiago_centro,deep_nest,0.007772605799306304,0.0
santiago_centro,deep_nest,0.009690918947961973,0.0
santiago_centro,deep_nest,0.012082680182281997,0.0
santiago_centro,deep_nest,0.015064738563107317,0.0
santiago_centro,deep_nest,0.01878278201119368,0.0
santiago_centro,deep_nest,0.023418454864128246,0.0
santiago_centro,deep_nest,0.02919823207746202,0.0
santiago_centro,deep_nest,0.036404483617543226,0.0
santiago_centro,deep_nest,0.04538926959495454,0.0
santiago_centro,deep_nest,0.05659154009729356,0.0
santiago_centro,deep_nest,0.07055858001600415,0.0
santiago_centro,deep_nest,0.08797274655037983,0.0
santiago_centro,deep_nest,0.10968480564464235,0.0
santiago_centro,deep_nest,0.13675549600367723,0.0
santiago_centro,deep_nest,0.17050735128986647,0.0
santiago_centro,deep_nest,0.21258931226503822,0.0
santiago_centro,deep_nest,0.2650572854919946,0.0
santiago_centro,deep_nest,0.3304745842763549,0.0
santiago_centro,deep_nest,0.412037158872693,0.0
santiago_centro,deep_nest,0.513729734053947,0.0
santiago_centro,deep_nest,0.6405204821167169,0.0
santiago_centro,deep_nest,0.7986037420367598,0.0
santiago_centro,deep_nest,0.9957026427749722,0.0
santiago_centro,deep_nest,1.2414464153405262,0.0
santiago_centro,deep_nest,1.547840827123473,0.0
santiago_centro,deep_nest,1.92985472148076,0.0
santiago_centro,deep_nest,2.4061513178605933,0.0
santiago_centro,deep_nest,3.0,0.0
santiago_penalolen,deep_nest,0.005,0.0
santiago_penalolen,deep_nest,0.006234021895737255,0.0
santiago_penalolen,deep_nest,0.007772605799306304,0.0
santiago_penalolen,deep_nest,0.009690918947961973,0.0
santiago_penalolen,deep_nest,0.012082680182281997,0.0
santiago_penalolen,deep_nest,0.015064738563107317,0.0
santiago_penalolen,deep_nest,0.01878278201119368,0.0
santiago_penalolen,deep_nest,0.023418454864128246,0.0
santiago_penalolen,deep_nest,0.02919823207746202,0.0
santiago_penalolen,deep_nest,0.036404483617543226,0.0
santiago_penalolen,deep_nest,0.04538926959495454,0.0
santiago_penalolen,deep_nest,0.05659154009729356,0.0
santiago_penalolen,deep_nest,0.07055858001600415,0.0
santiago_penalolen,deep_nest,0.08797274655037983,0.0
santiago_penalolen,deep_nest,0.10968480564464235,0.0
santiago_penalolen,deep_nest,0.13675549600367723,0.0
santiago_penalolen,deep_nest,0.17050735128986647,0.0
santiago_penalolen,deep_nest,0.21258931226503822,0.0
santiago_penalolen,deep_nest,0.2650572854919946,0.0
santiago_penalolen,deep_nest,0.3304745842763549,0.0
santiago_penalolen,deep_nest,0.412037158872693,0.0
santiago_penalolen,deep_nest,0.513729734053947,0.0
santiago_penalolen,deep_nest,0.6405204821167169,0.0
santiago_penalolen,deep_nest,0.7986037420367598,0.0
santiago_penalolen,deep_nest,0.9957026427749722,0.0
santiago_penalolen,deep_nest,1.2414464153405262,0.0
santiago_penalolen,deep_nest,1.547840827123473,0.0
santiago_penalolen,deep_nest,1.92985472148076,0.0
santiago_penalolen,deep_nest,2.4061513178605933,0.0
santiago_penalolen,deep_nest,3.0,0.0
concepcion,deep_nest,0.005,0.0
concepcion,deep_nest,0.006234021895737255,0.0
concepcion,deep_nest,0.007772605799306304,0.0
concepcion,deep_nest,0.009690918947961973,0.0
concepcion,deep_nest,0.012082680182281997,0.0
concepcion,deep_nest,0.015064738563107317,0.0
concepcion,deep_nest,0.01878278201119368,0.0
concepcion,deep_nest,0.023418454864128246,0.0
concepcion,deep_nest,0.02919823207746202,0.0
concepcion,deep_nest,0.036404483617543226,0.0
concepcion,deep_nest,0.04538926959495454,0.0
concepcion,deep_nest,0.05659154009729356,0.0
concepcion,deep_nest,0.07055858001600415,0.0
concepcion,deep_nest,0.08797274655037983,0.0
concepcion,deep_nest,0.10968480564464235,0.0
concepcion,deep_nest,0.13675549600367723,0.0
concepcion,deep_nest,0.17050735128986647,0.0
concepcion,deep_nest,0.21258931226503822,0.0
concepcion,deep_nest,0.2650572854919946,0.0
concepcion,deep_nest,0.3304745842763549,0.0
concepcion,deep_nest,0.412037158872693,0.0
concepcion,deep_nest,0.513729734053947,0.0
concepcion,deep_nest,0.6405204821167169,0.0
concepcion,deep_nest,0.7986037420367598,0.0
concepcion,deep_nest,0.9957026427749722,0.0
concepcion,deep_nest,1.2414464153405262,0.0
concepcion,deep_nest,1.547840827123473,0.0
concepcion,deep_nest,1.92985472148076,0.0
concepcion,deep_nest,2.4061513178605933,0.0
concepcion,deep_nest,3.0,0.0
pucon,deep_nest,0.005,0.0
pucon,deep_nest,0.006234021895737255,0.0
pucon,deep_nest,0.007772605799306304,0.0
pucon,deep_nest,0.009690918947961973,0.0
pucon,deep_nest,0.012082680182281997,0.0
pucon,deep_nest,0.015064738563107317,0.0
pucon,deep_nest,0.01878278201119368,0.0
pucon,deep_nest,0.023418454864128246,0.0
pucon,deep_nest,0.02919823207746202,0.0
pucon,deep_nest,0.036404483617543226,0.0
pucon,deep_nest,0.04538926959495454,0.0
pucon,deep_nest,0.05659154009729356,0.0
pucon,deep_nest,0.07055858001600415,0.0
pucon,deep_nest,0.08797274655037983,0.0
pucon,deep_nest,0.10968480564464235,0.0
pucon,deep_nest,0.13675549600367723,0.0
pucon,deep_nest,0.17050735128986647,0.0
pucon,deep_nest,0.21258931226503822,0.0
pucon,deep_nest,0.2650572854919946,0.0
pucon,deep_nest,0.3304745842763549,0.0
pucon,deep_nest,0.412037158872693,0.0
pucon,deep_nest,0.513729734053947,0.0
pucon,deep_nest,0.6405204821167169,0.0
pucon,deep_nest,0.7986037420367598,0.0
pucon,deep_nest,0.9957026427749722,0.0
pucon,deep_nest,1.2414464153405262,0.0
pucon,deep_nest,1.547840827123473,0.0
pucon,deep_nest,1.92985472148076,0.0
pucon,deep_nest,2.4061513178605933,0.0
pucon,deep_nest,3.0,0.0
puerto_montt,deep_nest,0.005,0.0
puerto_montt,deep_nest,0.006234021895737255,0.0
puerto_montt,deep_nest,0.007772605799306304,0.0
puerto_montt,deep_nest,0.009690918947961973,0.0
puerto_montt,deep_nest,0.012082680182281997,0.0
puerto_montt,deep_nest,0.015064738563107317,0.0
puerto_montt,deep_nest,0.01878278201119368,0.0
puerto_montt,deep_nest,0.023418454864128246,0.0
puerto_montt,deep_nest,0.02919823207746202,0.0
puerto_montt,deep_nest,0.036404483617543226,0.0
puerto_montt,deep_nest,0.04538926959495454,0.0
puerto_montt,deep_nest,0.05659154009729356,0.0
puerto_montt,deep_nest,0.07055858001600415,0.0
puerto_montt,deep_nest,0.08797274655037983,0.0
puerto_montt,deep_nest,0.10968480564464235,0.0
puerto_montt,deep_nest,0.13675549600367723,0.0
puerto_montt,deep_nest,0.17050735128986647,0.0
puerto_montt,deep_nest,0.21258931226503822,0.0
puerto_montt,deep_nest,0.2650572854919946,0.0
puerto_montt,deep_nest,0.3304745842763549,0.0
puerto_montt,deep_nest,0.412037158872693,0.0
puerto_montt,deep_nest,0.513729734053947,0.0
puerto_montt,deep_nest,0.6405204821167169,0.0
puerto_montt,deep_nest,0.7986037420367598,0.0
puerto_montt,deep_nest,0.9957026427749722,0.0
puerto_montt,deep_nest,1.2414464153405262,0.0
puerto_montt,deep_nest,1.547840827123473,0.0
puerto_montt,deep_nest,1.92985472148076,0.0
puerto_montt,deep_nest,2.4061513178605933,0.0
puerto_montt,deep_nest,3.0,0.0
puerto_aysen,deep_nest,0.005,0.0
puerto_aysen,deep_nest,0.006234021895737255,0.0
puerto_aysen,deep_nest,0.007772605799306304,0.0
puerto_aysen,deep_nest,0.009690918947961973,0.0
puerto_aysen,deep_nest,0.012082680182281997,0.0
puerto_aysen,deep_nest,0.015064738563107317,0.0
puerto_aysen,deep_nest,0.01878278201119368,0.0
puerto_aysen,deep_nest,0.023418454864128246,0.0
puerto_aysen,deep_nest,0.02919823207746202,0.0
puerto_aysen,deep_nest,0.036404483617543226,0.0
puerto_aysen,deep_nest,0.04538926959495454,0.0
puerto_aysen,deep_nest,0.05659154009729356,0.0
puerto_aysen,deep_nest,0.07055858001600415,0.0
puerto_aysen,deep_nest,0.08797274655037983,0.0
puerto_aysen,deep_nest,0.10968480564464235,0.0
puerto_aysen,deep_nest,0.13675549600367723,0.0
puerto_aysen,deep_nest,0.17050735128986647,0.0
puerto_aysen,deep_nest,0.21258931226503822,0.0
puerto_aysen,deep_nest,0.2650572854919946,0.0
puerto_aysen,deep_nest,0.3304745842763549,0.0
puerto_aysen,deep_nest,0.412037158872693,0.0
puerto_aysen,deep_nest,0.513729734053947,0.0
puerto_aysen,deep_nest,0.6405204821167169,0.0
puerto_aysen,deep_nest,0.7986037420367598,0.0
puerto_aysen,deep_nest,0.9957026427749722,0.0
puerto_aysen,deep_nest,1.2414464153405262,0.0
puerto_aysen,deep_nest,1.547840827123473,0.0
puerto_aysen,deep_nest,1.92985472148076,0.0
puerto_aysen,deep_nest,2.4061513178605933,0.0
puerto_aysen,deep_nest,3.0,0.0
iquique,Crustal,0.005,0.4516099141910672
iquique,Crustal,0.006234021895737255,0.39306476479396224
iquique,Crustal,0.007772605799306304,0.336367872543633
iquique,Crustal,0.009690918947961973,0.28280057990923524
iquique,Crustal,0.012082680182281997,0.23345444188453257
iquique,Crustal,0.015064738563107317,0.18915166892111301
iquique,Crustal,0.01878278201119368,0.15038969868328422
iquique,Crustal,0.023418454864128246,0.11732957849744707
iquique,Crustal,0.02919823207746202,0.08982377441134304
iquique,Crustal,0.036404483617543226,0.06747929635457695
iquique,Crustal,0.04538926959495454,0.04973716620588675
iquique,Crustal,0.05659154009729356,0.03595398255856708
iquique,Crustal,0.07055858001600415,0.025472002977039665
iquique,Crustal,0.08797274655037983,0.017670044951955788
iquique,Crustal,0.10968480564464235,0.011990757455350831
iquique,Crustal,0.13675549600367723,0.00795392642612569
iquique,Crustal,0.17050735128986647,0.005157335494004656
iquique,Crustal,0.21258931226503822,0.003271171048254473
iquique,Crustal,0.2650572854919946,0.002032509866694454
iquique,Crustal,0.3304745842763549,0.0012376744257380778
iquique,Crustal,0.412037158872693,0.0007375055104148487
iquique,Crustal,0.513729734053947,0.00042743638971387554
iquique,Crustal,0.6405204821167169,0.00023855529798311181
iquique,Crustal,0.7986037420367598,0.00012640776981243107
iquique,Crustal,0.9957026427749722,6.26496740494531e-05
iquique,Crustal,1.2414464153405262,2.86001578082562e-05
iquique,Crustal,1.547840827123473,1.1726122806976491e-05
iquique,Crustal,1.92985472148076,4.04530694009253e-06
iquique,Crustal,2.4061513178605933,1.0104224951734686e-06
iquique,Crustal,3.0,1.3774213808610825e-07
antofagasta,Crustal,0.005,0.3065227400511503
antofagasta,Crustal,0.006234021895737255,0.2626052494160831
antofagasta,Crustal,0.007772605799306304,0.22220451151952147
antofagasta,Crustal,0.009690918947961973,0.18561118678189814
antofagasta,Crustal,0.012082680182281997,0.1529759152326733
antofagasta,Crustal,0.015064738563107317,0.1243212369736284
antofagasta,Crustal,0.01878278201119368,0.09955508378334343
antofagasta,Crustal,0.023418454864128246,0.07848772709257901
antofagasta,Crustal,0.02919823207746202,0.0608531889738515
antofagasta,Crustal,0.036404483617543226,0.04633315349929035
antofagasta,Crustal,0.04538926959495454,0.03458066959865391
antofagasta,Crustal,0.05659154009729356,0.02524175454163924
antofagasta,Crustal,0.07055858001600415,0.01797111995983869
antofagasta,Crustal,0.08797274655037983,0.012441978236893192
antofagasta,Crustal,0.10968480564464235,0.008349234856723342
antofagasta,Crustal,0.13675549600367723,0.005411802056187298
antofagasta,Crustal,0.17050735128986647,0.0033757061391952448
antofagasta,Crustal,0.21258931226503822,0.00201785297394963
antofagasta,Crustal,0.2650572854919946,0.0011499740094222943
antofagasta,Crustal,0.3304745842763549,0.0006211096911101777
antofagasta,Crustal,0.412037158872693,0.00031554970610159216
antofagasta,Crustal,0.513729734053947,0.00014956425911805127
antofagasta,Crustal,0.6405204821167169,6.52512587464571e-05
antofagasta,Crustal,0.7986037420367598,2.588041213869019e-05
antofagasta,Crustal,0.9957026427749722,9.218401537225418e-06
antofagasta,Crustal,1.2414464153405262,2.95668297045637e-06
antofagasta,Crustal,1.547840827123473,8.647106048975672e-07
antofagasta,Crustal,1.92985472148076,2.2103823438257564e-07
antofagasta,Crustal,2.4061513178605933,4.494641059338278e-08
antofagasta,Crustal,3.0,7.97355417803125e-09
copiapo,Crustal,0.005,0.3550368454307318
copiapo,Crustal,0.006234021895737255,0.30135865695774555
copiapo,Crustal,0.007772605799306304,0.2520960283000022
copiapo,Crustal,0.009690918947961973,0.2078300602734089
copiapo,Crustal,0.012082680182281997,0.1688435603864491
copiapo,Crustal,0.015064738563107317,0.13515838771127164
copiapo,Crustal,0.01878278201119368,0.10658297478221357
copiapo,Crustal,0.023418454864128246,0.0827686341945082
copiapo,Crustal,0.02919823207746202,0.06326402694685385
copiapo,Crustal,0.036404483617543226,0.04756258422276005
copiapo,Crustal,0.04538926959495454,0.03514101525070146
copiapo,Crustal,0.05659154009729356,0.02548776866751723
copiapo,Crustal,0.07055858001600415,0.0181225570559036
copiapo,Crustal,0.08797274655037983,0.012610412697540596
copiapo,Crustal,0.10968480564464235,0.008568465818825644
copiapo,Crustal,0.13675549600367723,0.005669628648320213
copiapo,Crustal,0.17050735128986647,0.003641174756921828
copiapo,Crustal,0.21258931226503822,0.002260680717881769
copiapo,Crustal,0.2650572854919946,0.001350617516436614
copiapo,Crustal,0.3304745842763549,0.0007723268863628618
copiapo,Crustal,0.412037158872693,0.0004199058676022105
copiapo,Crustal,0.513729734053947,0.00021540215493587311
copiapo,Crustal,0.6405204821167169,0.00010328917232982349
copiapo,Crustal,0.7986037420367598,4.581253460855805e-05
copiapo,Crustal,0.9957026427749722,1.8596312202134868e-05
copiapo,Crustal,1.2414464153405262,6.867340459848492e-06
copiapo,Crustal,1.547840827123473,2.2528545997602123e-06
copiapo,Crustal,1.92985472148076,6.056036134793885e-07
copiapo,Crustal,2.4061513178605933,1.0919835302658498e-07
copiapo,Crustal,3.0,1.249794776003732e-08
valparaiso,Crustal,0.005,0.526896211784333
valparaiso,Crustal,0.006234021895737255,0.4620865024626255
valparaiso,Crustal,0.007772605799306304,0.3987723267637193
valparaiso,Crustal,0.009690918947961973,0.33848213497549295
valparaiso,Crustal,0.012082680182281997,0.2824893626384437
valparaiso,Crustal,0.015064738563107317,0.23173890355974436
valparaiso,Crustal,0.01878278201119368,0.1868107309564948
valparaiso,Crustal,0.023418454864128246,0.1479286882095039
valparaiso,Crustal,0.02919823207746202,0.11501040915027261
valparaiso,Crustal,0.036404483617543226,0.087735531385988
valparaiso,Crustal,0.04538926959495454,0.06561543326824903
valparaiso,Crustal,0.05659154009729356,0.04805903625674546
valparaiso,Crustal,0.07055858001600415,0.034427264909027144
valparaiso,Crustal,0.08797274655037983,0.024077387701254338
valparaiso,Crustal,0.10968480564464235,0.016399361687945202
valparaiso,Crustal,0.13675549600367723,0.010841965646250173
valparaiso,Crustal,0.17050735128986647,0.0069272412583814
valparaiso,Crustal,0.21258931226503822,0.004254127481544856
valparaiso,Crustal,0.2650572854919946,0.0024942640047811437
valparaiso,Crustal,0.3304745842763549,0.0013853268619641312
valparaiso,Crustal,0.412037158872693,0.0007221964069685782
valparaiso,Crustal,0.513729734053947,0.00034947103949889424
valparaiso,Crustal,0.6405204821167169,0.0001547953524436707
valparaiso,Crustal,0.7986037420367598,6.175315694179062e-05
valparaiso,Crustal,0.9957026427749722,2.1670921228178486e-05
valparaiso,Crustal,1.2414464153405262,6.535220588688162e-06
valparaiso,Crustal,1.547840827123473,1.6377427520808396e-06
valparaiso,Crustal,1.92985472148076,3.344895492807254e-07
valparaiso,Crustal,2.4061513178605933,4.6826632085772424e-08
valparaiso,Crustal,3.0,6.947565314718851e-09
santiago_centro,Crustal,0.005,0.6295361435040832
santiago_centro,Crustal,0.006234021895737255,0.5576366777531803
santiago_centro,Crustal,0.007772605799306304,0.48381773103028536
santiago_centro,Crustal,0.009690918947961973,0.41096963500604033
santiago_centro,Crustal,0.012082680182281997,0.34175020502880216
santiago_centro,Crustal,0.015064738563107317,0.2782717722002417
santiago_centro,Crustal,0.01878278201119368,0.22193838679231703
santiago_centro,Crustal,0.023418454864128246,0.17343305074609816
santiago_centro,Crustal,0.02919823207746202,0.13281239417847246
santiago_centro,Crustal,0.036404483617543226,0.09965979389380664
santiago_centro,Crustal,0.04538926959495454,0.07325178093742579
santiago_centro,Crustal,0.05659154009729356,0.05270203680265695
santiago_centro,Crustal,0.07055858001600415,0.037073525512823835
santiago_centro,Crustal,0.08797274655037983,0.025457586511038244
santiago_centro,Crustal,0.10968480564464235,0.017024281580233946
santiago_centro,Crustal,0.13675549600367723,0.011051665896957275
santiago_centro,Crustal,0.17050735128986647,0.00693637926451629
santiago_centro,Crustal,0.21258931226503822,0.004188300539681222
santiago_centro,Crustal,0.2650572854919946,0.002419049547825125
santiago_centro,Crustal,0.3304745842763549,0.0013275464207254117
santiago_centro,Crustal,0.412037158872693,0.000686953289914527
santiago_centro,Crustal,0.513729734053947,0.0003319482932511164
santiago_centro,Crustal,0.6405204821167169,0.00014808594858095603
santiago_centro,Crustal,0.7986037420367598,6.0254214588439936e-05
santiago_centro,Crustal,0.9957026427749722,2.2165098322091126e-05
santiago_centro,Crustal,1.2414464153405262,7.360148948976075e-06
santiago_centro,Crustal,1.547840827123473,2.197730506914297e-06
santiago_centro,Crustal,1.92985472148076,5.568389136456631e-07
santiago_centro,Crustal,2.4061513178605933,1.0556994389787633e-07
santiago_centro,Crustal,3.0,1.9585309929404104e-08
santiago_penalolen,Crustal,0.005,0.6462241476401687
santiago_penalolen,Crustal,0.006234021895737255,0.5754781728610396
santiago_penalolen,Crustal,0.007772605799306304,0.5021172948181629
santiago_penalolen,Crustal,0.009690918947961973,0.4290277441032231
santiago_penalolen,Crustal,0.012082680182281997,0.3589490666054189
santiago_penalolen,Crustal,0.015064738563107317,0.29412573389708996
santiago_penalolen,Crustal,0.01878278201119368,0.23611013847403228
santiago_penalolen,Crustal,0.023418454864128246,0.1857219140511006
santiago_penalolen,Crustal,0.02919823207746202,0.14314077945891768
santiago_penalolen,Crustal,0.036404483617543226,0.10805754654575139
santiago_penalolen,Crustal,0.04538926959495454,0.0798390238196589
santiago_penalolen,Crustal,0.05659154009729356,0.05767074436880648
santiago_penalolen,Crustal,0.07055858001600415,0.04066653968766332
santiago_penalolen,Crustal,0.08797274655037983,0.027943106048041955
santiago_penalolen,Crustal,0.10968480564464235,0.018669873490580358
santiago_penalolen,Crustal,0.13675549600367723,0.012100144638679922
santiago_penalolen,Crustal,0.17050735128986647,0.0075885063779423945
santiago_penalolen,Crustal,0.21258931226503822,0.004594644338794751
santiago_penalolen,Crustal,0.2650572854919946,0.002681078971363604
santiago_penalolen,Crustal,0.3304745842763549,0.001506498086200736
santiago_penalolen,Crustal,0.412037158872693,0.0008148810975399101
santiago_penalolen,Crustal,0.513729734053947,0.0004241251274379465
santiago_penalolen,Crustal,0.6405204821167169,0.0002119011888339628
santiago_penalolen,Crustal,0.7986037420367598,0.00010143458530365024
santiago_penalolen,Crustal,0.9957026427749722,4.62998396386638e-05
santiago_penalolen,Crustal,1.2414464153405262,2.0033611825454045e-05
santiago_penalolen,Crustal,1.547840827123473,8.092305705531544e-06
santiago_penalolen,Crustal,1.92985472148076,2.901109711572758e-06
santiago_penalolen,Crustal,2.4061513178605933,7.837712936442642e-07
santiago_penalolen,Crustal,3.0,1.3143474587862247e-07
concepcion,Crustal,0.005,0.35692461393773556
concepcion,Crustal,0.006234021895737255,0.3075849711894989
concepcion,Crustal,0.007772605799306304,0.2609311684500426
concepcion,Crustal,0.009690918947961973,0.21790210693143308
concepcion,Crustal,0.012082680182281997,0.17914560437202454
concepcion,Crustal,0.015064738563107317,0.14499697752762586
concepcion,Crustal,0.01878278201119368,0.11551395326387137
concepcion,Crustal,0.023418454864128246,0.09054117801133543
concepcion,Crustal,0.02919823207746202,0.06977874779840931
concepcion,Crustal,0.036404483617543226,0.052834241883829236
concepcion,Crustal,0.04538926959495454,0.039265572995645925
concepcion,Crustal,0.05659154009729356,0.02861076101544313
concepcion,Crustal,0.07055858001600415,0.020412011348525994
concepcion,Crustal,0.08797274655037983,0.014235029797418974
concepcion,Crustal,0.10968480564464235,0.009683043899713084
concepcion,Crustal,0.13675549600367723,0.006407190427125897
concepcion,Crustal,0.17050735128986647,0.004110250094527146
concepcion,Crustal,0.21258931226503822,0.0025461214481765637
concepcion,Crustal,0.2650572854919946,0.0015159568556555314
concepcion,Crustal,0.3304745842763549,0.0008627930183138233
concepcion,Crustal,0.412037158872693,0.0004665627857320942
concepcion,Crustal,0.513729734053947,0.0002378760473220609
concepcion,Crustal,0.6405204821167169,0.00011342251309542917
concepcion,Crustal,0.7986037420367598,5.0125817779189674e-05
concepcion,Crustal,0.9957026427749722,2.035419970525254e-05
concepcion,Crustal,1.2414464153405262,7.526251124545524e-06
concepcion,Crustal,1.547840827123473,2.4986335063204024e-06
concepcion,Crustal,1.92985472148076,6.919119641679572e-07
concepcion,Crustal,2.4061513178605933,1.3033031720510735e-07
concepcion,Crustal,3.0,1.6872504005061018e-08
pucon,Crustal,0.005,0.37915318412706256
pucon,Crustal,0.006234021895737255,0.3334666430018842
pucon,Crustal,0.007772605799306304,0.2891247528605163
pucon,Crustal,0.009690918947961973,0.24698845366947353
pucon,Crustal,0.012082680182281997,0.20784191833809018
pucon,Crustal,0.015064738563107317,0.17232089722529054
pucon,Crustal,0.01878278201119368,0.1408423837274313
pucon,Crustal,0.023418454864128246,0.11356464237906039
pucon,Crustal,0.02919823207746202,0.0904048447846435
pucon,Crustal,0.036404483617543226,0.07109550473978743
pucon,Crustal,0.04538926959495454,0.055260377179365605
pucon,Crustal,0.05659154009729356,0.04247471905546263
pucon,Crustal,0.07055858001600415,0.03229820926208049
pucon,Crustal,0.08797274655037983,0.024292643865919672
pucon,Crustal,0.10968480564464235,0.018041057301161345
pucon,Crustal,0.13675549600367723,0.013175856292946264
pucon,Crustal,0.17050735128986647,0.00939779413602082
pucon,Crustal,0.21258931226503822,0.006485441072072717
pucon,Crustal,0.2650572854919946,0.00428289182127628
pucon,Crustal,0.3304745842763549,0.0026756034458230715
pucon,Crustal,0.412037158872693,0.001562175675189792
pucon,Crustal,0.513729734053947,0.0008418388927111664
pucon,Crustal,0.6405204821167169,0.0004126542332869576
pucon,Crustal,0.7986037420367598,0.00018110066923782142
pucon,Crustal,0.9957026427749722,6.960217348250808e-05
pucon,Crustal,1.2414464153405262,2.1995279709585702e-05
pucon,Crustal,1.547840827123473,4.655150473098502e-06
pucon,Crustal,1.92985472148076,6.062200079703928e-07
pucon,Crustal,2.4061513178605933,1.183661451666096e-08
pucon,Crustal,3.0,5.784996370827855e-10
puerto_montt,Crustal,0.005,0.2576895812526345
puerto_montt,Crustal,0.006234021895737255,0.2206706174183637
puerto_montt,Crustal,0.007772605799306304,0.1863735318183899
puerto_montt,Crustal,0.009690918947961973,0.1552906989818439
puerto_montt,Crustal,0.012082680182281997,0.12767960724886507
puerto_montt,Crustal,0.015064738563107317,0.10356819140724838
puerto_montt,Crustal,0.01878278201119368,0.08280192542588338
puerto_montt,Crustal,0.023418454864128246,0.06511614320334047
puerto_montt,Crustal,0.02919823207746202,0.05021953140385449
puerto_montt,Crustal,0.036404483617543226,0.03784660148085095
puerto_montt,Crustal,0.04538926959495454,0.027773986337706447
puerto_montt,Crustal,0.05659154009729356,0.019794645995716564
puerto_montt,Crustal,0.07055858001600415,0.013683004697668366
puerto_montt,Crustal,0.08797274655037983,0.009175058374239597
puerto_montt,Crustal,0.10968480564464235,0.005974921339657158
puerto_montt,Crustal,0.13675549600367723,0.0037845033693884034
puerto_montt,Crustal,0.17050735128986647,0.002333636562980246
puerto_montt,Crustal,0.21258931226503822,0.0014004736058268463
puerto_montt,Crustal,0.2650572854919946,0.0008160854677043972
puerto_montt,Crustal,0.3304745842763549,0.0004597967240442813
puerto_montt,Crustal,0.412037158872693,0.00024842960647220025
puerto_montt,Crustal,0.513729734053947,0.00012738152361180255
puerto_montt,Crustal,0.6405204821167169,6.126017530050376e-05
puerto_montt,Crustal,0.7986037420367598,2.7343681438196654e-05
puerto_montt,Crustal,0.9957026427749722,1.1185339680253037e-05
puerto_montt,Crustal,1.2414464153405262,4.145092049157029e-06
puerto_montt,Crustal,1.547840827123473,1.3678327945854107e-06
puerto_montt,Crustal,1.92985472148076,3.7282165621377317e-07
puerto_montt,Crustal,2.4061513178605933,7.100355592370988e-08
puerto_montt,Crustal,3.0,8.336438039879823e-09
puerto_aysen,Crustal,0.005,0.19491207017563283
puerto_aysen,Crustal,0.006234021895737255,0.17610940581653267
puerto_aysen,Crustal,0.007772605799306304,0.15789850160945207
puerto_aysen,Crustal,0.009690918947961973,0.14044408011250198
puerto_aysen,Crustal,0.012082680182281997,0.12390423205215484
puerto_aysen,Crustal,0.015064738563107317,0.10842025617603213
puerto_aysen,Crustal,0.01878278201119368,0.0941009444068186
puerto_aysen,Crustal,0.023418454864128246,0.08101390558294952
puerto_aysen,Crustal,0.02919823207746202,0.06917712348513305
puerto_aysen,Crustal,0.036404483617543226,0.0585619873018004
puerto_aysen,Crustal,0.04538926959495454,0.049099273688625544
puerto_aysen,Crustal,0.05659154009729356,0.040698784665437415
puerto_aysen,Crustal,0.07055858001600415,0.0332705348264426
puerto_aysen,Crustal,0.08797274655037983,0.026745220719021745
puerto_aysen,Crustal,0.10968480564464235,0.02108054660493508
puerto_aysen,Crustal,0.13675549600367723,0.016249892250925768
puerto_aysen,Crustal,0.17050735128986647,0.01222166129082325
puerto_aysen,Crustal,0.21258931226503822,0.008943402779550524
puerto_aysen,Crustal,0.2650572854919946,0.006339536175801186
puerto_aysen,Crustal,0.3304745842763549,0.004323313201894052
puerto_aysen,Crustal,0.412037158872693,0.00280965473393735
puerto_aysen,Crustal,0.513729734053947,0.0017203923575834779
puerto_aysen,Crustal,0.6405204821167169,0.000980194794919953
puerto_aysen,Crustal,0.7986037420367598,0.0005131979589805269
puerto_aysen,Crustal,0.9957026427749722,0.00024376456468644392
puerto_aysen,Crustal,1.2414464153405262,0.00010291220668534606
puerto_aysen,Crustal,1.547840827123473,3.696212218073924e-05
puerto_aysen,Crustal,1.92985472148076,1.0128518121987895e-05
puerto_aysen,Crustal,2.4061513178605933,1.6270284303940286e-06
puerto_aysen,Crustal,3.0,8.8919616860611e-09
