id,time_iso,longitude,latitude,depth,mag,mag_type,lon_error,lat_error,depth_error,mag_error,strike1,dip1,rake1,strike2,dip2,rake2,Mrr,Mtt,Mpp,Mrt,Mrp,Mtp,source,dups,class_raw,sub_depth,class,time,mc_window,tc_years,mc_window_index
181,1902-03-05T19:03:00,-70.0,-20.0,52.67,6.8,mw,,,,0.2,,,,,,,,,,,,,CERESIS-GEM,,slab_deep,52.5618515015,slab_deep,1902-03-05T19:03:00,6.8,49.998631074606436,1
183,1903-12-07T14:44:00,-70.0,-27.0,68.22,6.8,mw,,,,0.2,,,,,,,,,,,,,CERESIS-GEM,,slab_deep,68.0207214355,slab_deep,1903-12-07T14:44:00,6.8,49.998631074606436,1
186,1905-10-26T00:00:00,-70.75,-34.17,80.05,6.8,mw,,,,0.6,,,,,,,,,,,,,CERESIS-GEM,,slab_deep,79.7492141724,slab_deep,1905-10-26T00:00:00,6.8,49.998631074606436,1
222,1915-06-06T21:29:37,-68.5,-18.5,160.0,7.5,mw,,,,,,,,,,,,,,,,,ISC,,slab_deep,140.655349731,slab_deep,1915-06-06T21:29:37,6.8,49.998631074606436,1
228,1916-12-23T09:24:34,-69.642,-22.762,75.0,6.8,mw,,,21.4,0.2,,,,,,,,,,,,,ISC-GEM,,slab_deep,56.9580230713,slab_deep,1916-12-23T09:24:34,6.8,49.998631074606436,1
255,1921-10-20T06:03:23,-68.77,-19.87,117.0,7.2,mw,,,,,,,,,,,,,,,,,ISC,,slab_deep,101.443992615,slab_deep,1921-10-20T06:03:23,6.8,49.998631074606436,1
260,1922-10-11T14:49:57,-72.705,-16.287,75.0,7.2,mw,,,23.6,0.47,,,,,,,,,,,,,ISC-GEM,,slab_deep,66.5761795044,slab_deep,1922-10-11T14:49:57,6.8,49.998631074606436,1
296,1926-04-28T11:13:45,-68.051,-22.556,90.0,6.8,mw,,,,,,,,,,,,,,,,,ISC,,slab_deep,104.379135132,slab_deep,1926-04-28T11:13:45,6.8,49.998631074606436,1
318,1927-04-14T06:23:39,-69.396,-32.526,110.0,7.2,mw,,,,,,,,,,,,,,,,,ISC,,slab_deep,105.51890564,slab_deep,1927-04-14T06:23:39,6.8,49.998631074606436,1
380,1929-10-19T10:12:00,-69.0,-23.0,100.0,7.5,mw,,,,,,,,,,,,,,,,,CERESIS-GEM,,slab_deep,76.9564666748,slab_deep,1929-10-19T10:12:00,6.8,49.998631074606436,1
413,1931-07-18T05:27:05,-69.0,-22.5,150.0,6.8,mw,,,,0.2,,,,,,,,,,,,,CERESIS-GEM,,slab_deep,77.9403533936,slab_deep,1931-07-18T05:27:05,6.8,49.998631074606436,1
461,1933-10-25T23:28:15,-66.428,-23.647,205.0,7.0,mw,,,,,,,,,,,,,,,,,ISC,,slab_deep,188.850082397,slab_deep,1933-10-25T23:28:15,6.8,49.998631074606436,1
480,1934-06-24T05:59:34,-68.6,-22.0,100.0,6.9,mw,,,,0.2,,,,,,,,,,,,,CERESIS-GEM,,slab_deep,89.9944152832,slab_deep,1934-06-24T05:59:34,6.8,49.998631074606436,1
510,1936-03-01T20:45:00,-72.5,-40.0,120.0,7.0,mw,,,,,,,,,,,,,,,,,CSN-improved,,slab_deep,84.712348938,slab_deep,1936-03-01T20:45:00,6.8,49.998631074606436,1
552,1939-01-24T03:32:15,-72.213,-36.296,100.0,8.0,mw,,,6.2,0.2,,,,,,,,,,,,,ISC-GEM,,slab_deep,59.1176147461,slab_deep,1939-01-24T03:32:15,6.8,49.998631074606436,1
581,1940-10-06T15:35:42,-70.4,-17.8,200.0,6.8,mw,,,,0.2,,,,,,,,,,,,,CERESIS-GEM,,slab_deep,81.8183059692,slab_deep,1940-10-06T15:35:42,6.8,49.998631074606436,1
587,1941-04-03T15:21:34,-66.588,-23.121,200.0,7.2,mw,,,,,,,,,,,,,,,,,ISC,,slab_deep,182.921676636,slab_deep,1941-04-03T15:21:34,6.8,49.998631074606436,1
596,1942-06-29T06:26:40,-70.238,-33.037,95.0,6.8,mw,,,,,,,,,,,,,,,,,ISC,,slab_deep,87.3247299194,slab_deep,1942-06-29T06:26:40,6.8,49.998631074606436,1
607,1943-03-14T18:38:03,-68.967,-19.671,120.0,7.2,mw,,,,,,,,,,,,,,,,,ISC,,slab_deep,96.6078491211,slab_deep,1943-03-14T18:38:03,6.8,49.998631074606436,1
620,1943-12-01T10:34:50,-68.856,-20.733,114.0,6.9,mw,,,,,,,,,,,,,,,,,ISC,,slab_deep,89.2919616699,slab_deep,1943-12-01T10:34:50,6.8,49.998631074606436,1
631,1945-09-13T11:17:14,-70.418,-33.757,92.0,7.0,mw,,,,,,,,,,,,,,,,,ISC,,slab_deep,87.2664642334,slab_deep,1945-09-13T11:17:14,6.8,49.998631074606436,1
668,1949-04-20T03:29:10,-72.713,-37.634,57.7,7.0,mw,,,5.9,0.33,,,,,,,,,,,,,ISC-GEM,,slab_deep,51.0705833435,slab_deep,1949-04-20T03:29:10,6.8,49.998631074606436,1
670,1949-05-08T21:24:33,-68.782,-20.561,119.0,6.8,mw,,,,,,,,,,,,,,,,,ISC,,slab_deep,92.1120300293,slab_deep,1949-05-08T21:24:33,6.8,49.998631074606436,1
671,1949-05-30T01:32:53,-68.408,-20.581,98.0,7.0,mw,,,,,,,,,,,,,,,,,ISC,,slab_deep,105.649337769,slab_deep,1949-05-30T01:32:53,6.8,49.998631074606436,1
683,1950-03-05T18:01:23,-68.7,-22.1,160.0,6.2,mw,,,,0.6,,,,,,,,,,,,,CERESIS-GEM,,slab_deep,86.9344100952,slab_deep,1950-03-05T18:01:23,5.9,25.998631074606433,2
691,1950-12-09T21:38:52,-67.912,-23.977,113.9,8.0,mw,,,6.0,0.4,,,,,,,,,,,,,ISC-GEM,,slab_deep,101.773658752,slab_deep,1950-12-09T21:38:52,5.9,25.998631074606433,2
693,1950-12-21T11:36:48,-71.0,-29.5,100.0,6.2,mw,,,,0.6,,,,,,,,,,,,,CERESIS-GEM,,slab_deep,51.5293807983,slab_deep,1950-12-21T11:36:48,5.9,25.998631074606433,2
697,1951-04-14T00:45:29,-66.4,-23.3,223.0,6.8,mw,,,,0.2,,,,,,,,,,,,,CERESIS-GEM,,slab_deep,196.177429199,slab_deep,1951-04-14T00:45:29,5.9,25.998631074606433,2
700,1951-05-15T05:18:40,-69.86,-21.462,53.3,6.1,mw,,,5.1,0.2,,,,,,,,,,,,,ISC-GEM,,slab_deep,50.2137985229,slab_deep,1951-05-15T05:18:40,5.9,25.998631074606433,2
702,1951-06-28T03:36:52,-71.5,-17.0,78.89,6.2,mw,,,,0.6,,,,,,,,,,,,,CERESIS-GEM,,slab_deep,79.1357498169,slab_deep,1951-06-28T03:36:52,5.9,25.998631074606433,2
706,1951-10-03T11:07:09,-70.5,-18.8,64.0,6.5,mw,,,,0.6,,,,,,,,,,,,,CERESIS-GEM,,slab_deep,51.0856208801,slab_deep,1951-10-03T11:07:09,5.9,25.998631074606433,2
708,1951-11-09T22:07:55,-68.0,-21.75,120.0,6.1,mw,,,,0.29,,,,,,,,,,,,,CERESIS-GEM,,slab_deep,112.329429626,slab_deep,1951-11-09T22:07:55,5.9,25.998631074606433,2
719,1952-09-21T02:30:40,-65.814,-22.216,268.0,7.2,mw,,,,,,,,,,,,,,,,,ISC,,slab_deep,251.384567261,slab_deep,1952-09-21T02:30:40,5.9,25.998631074606433,2
721,1952-10-12T04:28:32,-71.0,-17.4,78.18,6.0,mw,,,,0.29,,,,,,,,,,,,,CERESIS-GEM,,slab_deep,77.4939727783,slab_deep,1952-10-12T04:28:32,5.9,25.998631074606433,2
723,1953-01-06T16:05:43,-67.5,-21.0,160.0,5.9,mw,,,,0.29,,,,,,,,,,,,,CERESIS-GEM,,slab_deep,147.244430542,slab_deep,1953-01-06T16:05:43,5.9,25.998631074606433,2
730,1953-08-09T05:53:28,-68.352,-22.152,117.0,6.2,mw,,,,,,,,,,,,,,,,,ISC,,slab_deep,96.4705047607,slab_deep,1953-08-09T05:53:28,5.9,25.998631074606433,2
732,1953-10-27T18:20:46,-66.515,-19.61,272.0,6.4,mw,,,,,,,,,,,,,,,,,ISC,,slab_deep,239.572860718,slab_deep,1953-10-27T18:20:46,5.9,25.998631074606433,2
733,1953-12-07T02:05:41,-68.692,-22.429,106.0,7.4,mw,,,,,,,,,,,,,,,,,ISC,,slab_deep,85.5546112061,slab_deep,1953-12-07T02:05:41,5.9,25.998631074606433,2
736,1954-02-08T14:19:09,-68.0,-22.5,150.0,6.2,mw,,,,0.6,,,,,,,,,,,,,CERESIS-GEM,,slab_deep,106.748542786,slab_deep,1954-02-08T14:19:09,5.9,25.998631074606433,2
737,1954-04-05T17:52:22,-67.5,-23.0,150.0,6.2,mw,,,,0.6,,,,,,,,,,,,,CERESIS-GEM,,slab_deep,125.898345947,slab_deep,1954-04-05T17:52:22,5.9,25.998631074606433,2
743,1954-06-21T01:48:44,-68.229,-23.194,113.0,6.6,mw,,,,,,,,,,,,,,,,,ISC,,slab_deep,93.6472625732,slab_deep,1954-06-21T01:48:44,5.9,25.998631074606433,2
748,1954-07-26T20:15:53,-72.955,-41.233,55.0,6.3,mw,,,4.9,0.2,,,,,,,,,,,,,ISC-GEM,,slab_deep,66.0554046631,slab_deep,1954-07-26T20:15:53,5.9,25.998631074606433,2
754,1954-12-19T10:23:46,-66.184,-22.869,247.0,6.6,mw,,,,,,,,,,,,,,,,,ISC,,slab_deep,216.262451172,slab_deep,1954-12-19T10:23:46,5.9,25.998631074606433,2
764,1955-05-28T06:20:41,-65.186,-30.737,179.0,6.9,mw,,,,,,,,,,,,,,,,,ISC,,slab_deep,171.934143066,slab_deep,1955-05-28T06:20:41,5.9,25.998631074606433,2
769,1955-10-06T11:03:18,-70.34,-37.612,167.0,6.5,mw,,,,,,,,,,,,,,,,,ISC,,slab_deep,160.507171631,slab_deep,1955-10-06T11:03:18,5.9,25.998631074606433,2
771,1955-11-04T22:44:04,-70.22,-34.664,112.0,6.8,mw,,,,,,,,,,,,,,,,,ISC,,slab_deep,111.209571838,slab_deep,1955-11-04T22:44:04,5.9,25.998631074606433,2
782,1956-07-22T09:25:08,-69.0,-19.0,100.0,6.2,mw,,,,0.17,,,,,,,,,,,,,CERESIS-GEM,,slab_deep,105.155761719,slab_deep,1956-07-22T09:25:08,5.9,25.998631074606433,2
784,1956-09-15T07:39:04,-69.0,-20.0,100.0,6.8,mw,,,,0.2,,,,,,,,,,,,,CERESIS-GEM,,slab_deep,90.5167236328,slab_deep,1956-09-15T07:39:04,5.9,25.998631074606433,2
785,1956-10-03T08:18:48,-69.265,-20.241,97.0,6.5,mw,,,,,,,,,,,,,,,,,ISC,,slab_deep,79.9149780273,slab_deep,1956-10-03T08:18:48,5.9,25.998631074606433,2
791,1956-12-18T02:31:11,-70.036,-25.552,44.9,6.8,mw,,,5.0,0.2,,,,,,,,,,,,,ISC-GEM,,slab_deep,55.7980232239,slab_deep,1956-12-18T02:31:11,5.9,25.998631074606433,2
792,1957-01-15T22:54:28,-67.15,-28.12,124.0,6.1,mw,,,,0.17,,,,,,,,,,,,,CERESIS-GEM,,slab_deep,115.061378479,slab_deep,1957-01-15T22:54:28,5.9,25.998631074606433,2
807,1957-11-29T22:19:51,-66.713,-20.948,232.5,7.7,mw,,,6.0,0.4,,,,,,,,,,,,,ISC-GEM,,slab_deep,197.586044312,slab_deep,1957-11-29T22:19:51,5.9,25.998631074606433,2
812,1958-01-15T19:14:31,-72.242,-16.625,64.0,7.0,mw,,,6.0,0.31,,,,,,,,,,,,,ISC-GEM,,slab_deep,67.4554138184,slab_deep,1958-01-15T19:14:31,5.9,25.998631074606433,2
813,1958-04-30T19:27:34,-68.415,-21.269,113.0,6.0,mw,,,,,,,,,,,,,,,,,ISC,,slab_deep,100.118759155,slab_deep,1958-04-30T19:27:34,5.9,25.998631074606433,2
814,1958-05-08T12:40:50,-66.894,-24.248,181.0,6.4,mw,,,,,,,,,,,,,,,,,ISC,,slab_deep,151.331222534,slab_deep,1958-05-08T12:40:50,5.9,25.998631074606433,2
815,1958-05-09T04:40:32,-65.32,-30.82,174.0,6.1,mw,,,,0.17,,,,,,,,,,,,,CERESIS-GEM,,slab_deep,165.426071167,slab_deep,1958-05-09T04:40:32,5.9,25.998631074606433,2
824,1958-07-11T19:10:30,-69.574,-21.214,55.0,6.0,mw,,,5.2,0.2,,,,,,,,,,,,,ISC-GEM,,slab_deep,63.519203186,slab_deep,1958-07-11T19:10:30,5.9,25.998631074606433,2
842,1958-12-19T11:14:42,-73.023,-16.437,54.6,5.9,mw,,,5.3,0.2,,,,,,,,,,,,,ISC-GEM,,slab_deep,51.8924598694,slab_deep,1958-12-19T11:14:42,5.9,25.998631074606433,2
846,1959-02-20T04:12:57,-71.094,-30.728,60.0,6.4,mw,,,,,,,,,,,,,,,,,ISC,,slab_deep,55.0036201477,slab_deep,1959-02-20T04:12:57,5.9,25.998631074606433,2
847,1959-03-04T10:56:42,-68.0,-20.0,253.0,5.9,mw,,,,0.29,,,,,,,,,,,,,CERESIS-GEM,,slab_deep,136.631851196,slab_deep,1959-03-04T10:56:42,5.9,25.998631074606433,2
856,1959-06-14T00:12:07,-68.862,-20.407,109.2,7.1,mw,,,5.2,0.4,,,,,,,,,,,,,ISC-GEM,,slab_deep,91.6957321167,slab_deep,1959-06-14T00:12:07,5.9,25.998631074606433,2
859,1959-07-09T16:05:26,-68.586,-20.303,111.0,6.8,mw,,,,,,,,,,,,,,,,,ISC,,slab_deep,101.266433716,slab_deep,1959-07-09T16:05:26,5.9,25.998631074606433,2
861,1959-07-10T04:11:40,-69.0,-19.0,104.99,5.9,mw,,,,0.29,,,,,,,,,,,,,CERESIS-GEM,,slab_deep,105.155761719,slab_deep,1959-07-10T04:11:40,5.9,25.998631074606433,2
874,1959-12-25T10:18:52,-68.832,-25.464,101.0,6.6,mw,,,,,,,,,,,,,,,,,ISC,,slab_deep,84.988861084,slab_deep,1959-12-25T10:18:52,5.9,25.998631074606433,2
876,1960-01-02T03:21:48,-69.397,-17.69,146.0,6.2,mw,,,,,,,,,,,,,,,,,ISC,,slab_deep,117.529174805,slab_deep,1960-01-02T03:21:48,5.9,25.998631074606433,2
877,1960-01-09T06:32:15,-65.0,-18.5,433.88,6.0,mw,,,,0.29,,,,,,,,,,,,,CERESIS-GEM,,slab_deep,434.026062012,slab_deep,1960-01-09T06:32:15,5.9,25.998631074606433,2
884,1960-03-09T23:54:25,-72.5,-16.5,150.0,6.2,mw,,,,0.17,,,,,,,,,,,,,CERESIS-GEM,,slab_deep,65.0514984131,slab_deep,1960-03-09T23:54:25,5.9,25.998631074606433,2
895,1960-05-23T00:53:57,-73.0,-39.5,58.11,6.9,mw,,,,0.2,,,,,,,,,,,,,CERESIS-GEM,,slab_deep,58.423789978,slab_deep,1960-05-23T00:53:57,5.9,25.998631074606433,2
923,1960-06-11T00:34:53,-65.614,-21.098,287.0,6.2,mw,,,,,,,,,,,,,,,,,ISC,,slab_deep,268.621307373,slab_deep,1960-06-11T00:34:53,5.9,25.998631074606433,2
929,1960-06-30T11:45:18,-73.5,-43.5,57.73,6.0,mw,,,,0.17,,,,,,,,,,,,,CERESIS-GEM,,slab_deep,57.4682769775,slab_deep,1960-06-30T11:45:18,5.9,25.998631074606433,2
936,1960-07-19T11:12:55,-68.5,-28.5,200.0,6.1,mw,,,,0.17,,,,,,,,,,,,,CERESIS-GEM,,slab_deep,89.5092849731,slab_deep,1960-07-19T11:12:55,5.9,25.998631074606433,2
949,1960-10-30T21:32:55,-68.704,-22.989,95.0,6.8,mw,,,,,,,,,,,,,,,,,ISC,,slab_deep,83.748336792,slab_deep,1960-10-30T21:32:55,5.9,25.998631074606433,2
965,1960-12-06T08:56:17,-69.694,-21.404,49.6,6.1,mw,,,5.3,0.45,,,,,,,,,,,,,ISC-GEM,,slab_deep,56.6718101501,slab_deep,1960-12-06T08:56:17,5.9,25.998631074606433,2
975,1961-03-28T21:01:00,-68.0,-22.1,125.0,6.1,mw,,,,0.17,,,,,,,,,,,,,CERESIS-GEM,,slab_deep,109.772575378,slab_deep,1961-03-28T21:01:00,5.9,25.998631074606433,2
978,1961-04-17T20:35:10,-68.4,-20.9,119.0,6.0,mw,,,,0.29,,,,,,,,,,,,,CERESIS-GEM,,slab_deep,102.760925293,slab_deep,1961-04-17T20:35:10,5.9,25.998631074606433,2
984,1961-06-16T15:46:03,-68.4,-21.9,89.0,6.1,mw,,,,0.17,,,,,,,,,,,,,CERESIS-GEM,,slab_deep,96.2476119995,slab_deep,1961-06-16T15:46:03,5.9,25.998631074606433,2
997,1961-10-07T08:15:10,-68.4,-21.3,144.0,6.3,mw,,,,0.29,,,,,,,,,,,,,CERESIS-GEM,,slab_deep,99.7833709717,slab_deep,1961-10-07T08:15:10,5.9,25.998631074606433,2
1000,1961-10-19T11:19:22,-70.531,-37.066,149.0,6.2,mw,,,,,,,,,,,,,,,,,ISC,,slab_deep,138.178314209,slab_deep,1961-10-19T11:19:22,5.9,25.998631074606433,2
1025,1962-08-03T08:56:20,-67.914,-23.167,124.8,6.8,mw,,,6.0,0.4,,,,,,,,,,,,,ISC-GEM,,slab_deep,105.534835815,slab_deep,1962-08-03T08:56:20,5.9,25.998631074606433,2
1036,1962-10-10T20:53:35,-70.1,-34.9,137.0,6.3,mw,,,,0.29,,,,,,,,,,,,,CERESIS-GEM,,slab_deep,121.155380249,slab_deep,1962-10-10T20:53:35,5.9,25.998631074606433,2
1041,1962-12-08T18:00:39,-69.1,-23.7,84.0,6.9,mw,,,,0.2,,,,,,,,,,,,,CERESIS-GEM,,slab_deep,74.6922607422,slab_deep,1962-12-08T18:00:39,5.9,25.998631074606433,2
1067,1963-05-07T16:23:12,-68.7,-22.1,112.0,5.9,mw,,,,0.29,,,,,,,,,,,,,CERESIS-GEM,,slab_deep,86.9344100952,slab_deep,1963-05-07T16:23:12,5.9,25.998631074606433,2
1073,1963-05-19T23:31:25,-69.4,-17.7,137.0,6.4,mw,,,,0.29,,,,,,,,,,,,,CERESIS-GEM,,slab_deep,117.529174805,slab_deep,1963-05-19T23:31:25,5.9,25.998631074606433,2
1087,1963-07-14T09:08:33,-69.1,-31.7,110.0,6.0,mw,,,,0.17,,,,,,,,,,,,,CERESIS-GEM,,slab_deep,100.504684448,slab_deep,1963-07-14T09:08:33,5.9,25.998631074606433,2
1139,1964-01-26T09:09:35,-71.744,-16.402,117.7,6.5,mw,,,5.2,0.87,,,,,,,,,,,,,USGS,,slab_deep,95.2310562134,slab_deep,1964-01-26T09:09:35,5.9,25.998631074606433,2
1481,1965-06-12T18:50:13,-68.944,-20.38,102.2,5.9,mw,,,4.9,0.4,,,,,,,,,,,,,ISC-GEM,,slab_deep,88.538482666,slab_deep,1965-06-12T18:50:13,5.9,25.998631074606433,2
1543,1965-08-20T09:42:50,-68.82,-18.954,124.0,6.7,mw,,,5.2,0.4,,,,,,,,,,,,,ISC-GEM,,slab_deep,114.965187073,slab_deep,1965-08-20T09:42:50,5.9,25.998631074606433,2
1715,1966-04-10T16:36:16,-71.049,-31.452,60.5,6.1,mw,,,5.1,0.3,308.0,22.0,46.0,174.0,75.0,106.0,,,,,,,ISC-GEM,,slab_deep,59.3515357971,slab_deep,1966-04-10T16:36:16,5.9,25.998631074606433,2
1942,1966-11-10T03:02:34,-68.301,-31.973,113.0,6.1,mw,,,5.0,0.4,,,,,,,,,,,,,ISC-GEM,,slab_deep,101.345108032,slab_deep,1966-11-10T03:02:34,5.9,25.998631074606433,2
2150,1967-05-11T15:05:23,-68.821,-20.304,109.4,6.1,mw,,,4.9,0.55,,,,,,,,,,,,,ISC-GEM,,slab_deep,94.2039337158,slab_deep,1967-05-11T15:05:23,5.9,25.998631074606433,2
2295,1967-09-26T11:11:26,-70.532,-33.463,83.1,5.9,mw,,,5.2,0.58,,,,,,,,,,,,,ISC-GEM,,slab_deep,79.4352340698,slab_deep,1967-09-26T11:11:26,5.9,25.998631074606433,2
2377,1967-12-27T09:17:54,-68.311,-21.362,114.7,6.7,mw,,,5.0,0.78,,,,,,,,,,,,,USGS,,slab_deep,102.975631714,slab_deep,1967-12-27T09:17:54,5.9,25.998631074606433,2
2975,1970-03-15T12:39:19,-69.397,-29.701,116.7,6.0,mw,,,5.4,0.38,,,,,,,,,,,,,ISC-GEM,,slab_deep,89.607208252,slab_deep,1970-03-15T12:39:19,5.9,25.998631074606433,2
3024,1970-06-11T06:02:56,-68.413,-24.418,110.6,6.6,mw,,,5.0,1.13,,,,,,,,,,,,,USGS,,slab_deep,89.1305465698,slab_deep,1970-06-11T06:02:56,5.9,25.998631074606433,2
3031,1970-06-17T04:44:24,-71.724,-16.015,108.6,6.0,mw,,,5.3,0.91,,,,,,,,,,,,,USGS,,slab_deep,109.153434753,slab_deep,1970-06-17T04:44:24,5.9,25.998631074606433,2
3150,1970-11-28T11:08:45,-69.797,-21.092,44.9,5.9,mw,,,4.9,0.3,340.0,58.0,105.0,133.0,35.0,68.0,,,,,,,ISC-GEM,,slab_deep,53.3933486938,slab_deep,1970-11-28T11:08:45,5.9,25.998631074606433,2
3158,1970-12-08T19:30:09,-71.146,-30.838,50.7,6.5,mw,,,5.4,0.35,,,,,,,,,,,,,ISC-GEM,,slab_deep,52.9534912109,slab_deep,1970-12-08T19:30:09,5.9,25.998631074606433,2
3201,1971-02-21T10:35:38,-66.75,-23.47,214.9,6.9,mw,0.1,0.07,3.0,,167.0,33.0,-83.0,338.0,57.0,-95.0,-1.87,-0.59,2.46,0.39,-0.94,-1.1,GCMT,,slab_deep,168.562026978,slab_deep,1971-02-21T10:35:38,5.9,25.998631074606433,2
3240,1971-05-08T00:49:47,-71.793,-42.229,156.2,6.0,mw,,,5.2,0.3,,,,,,,,,,,,,ISC-GEM,,slab_deep,130.79447937,slab_deep,1971-05-08T00:49:47,5.9,25.998631074606433,2
3246,1971-05-18T06:12:37,-68.778,-28.393,85.0,6.0,mw,,,5.0,0.44,,,,,,,,,,,,,ISC-GEM,,slab_deep,87.9178237915,slab_deep,1971-05-18T06:12:37,5.9,25.998631074606433,2
3272,1971-06-17T21:00:43,-68.938,-25.375,91.7,6.8,mw,,,4.8,0.72,,,,,,,,,,,,,USGS,,slab_deep,83.2055053711,slab_deep,1971-06-17T21:00:43,5.9,25.998631074606433,2
3289,1971-07-09T03:03:21,-71.076,-32.601,60.3,7.5,mw,,,5.0,0.3,180.0,66.0,87.0,7.0,24.0,97.0,,,,,,,ISC-GEM,,slab_deep,55.3686943054,slab_deep,1971-07-09T03:03:21,5.9,25.998631074606433,2
3356,1971-08-14T15:00:26,-67.227,-21.735,185.0,5.9,mw,,,5.3,0.47,,,,,,,,,,,,,ISC-GEM,,slab_deep,152.592056274,slab_deep,1971-08-14T15:00:26,5.9,25.998631074606433,2
3438,1971-11-28T11:12:02,-69.428,-29.98,110.0,5.9,mw,,,5.0,0.56,,,,,,,,,,,,,ISC-GEM,,slab_deep,91.478263855,slab_deep,1971-11-28T11:12:02,5.9,25.998631074606433,2
3733,1972-12-29T04:51:01,-71.151,-30.578,45.0,6.1,mw,,,18.2,0.57,,,,,,,,,,,,,ISC-GEM,,slab_deep,51.8161621094,slab_deep,1972-12-29T04:51:01,5.9,25.998631074606433,2
3755,1973-02-01T05:14:21,-66.195,-22.655,229.0,6.5,mw,,,,,,,,,,,,,,,,,USGS,,slab_deep,217.470901489,slab_deep,1973-02-01T05:14:21,5.9,25.998631074606433,2
4239,1974-01-02T10:42:34,-68.198,-22.497,120.2,7.0,mw,,,5.0,0.4,,,,,,,,,,,,,ISC-GEM,,slab_deep,99.297706604,slab_deep,1974-01-02T10:42:34,5.9,25.998631074606433,2
4613,1975-01-22T10:46:14,-67.543,-28.342,136.0,5.9,mw,,,,,,,,,,,,,,,,,USGS,,slab_deep,103.913581848,slab_deep,1975-01-22T10:46:14,5.9,25.998631074606433,2
4643,1975-02-26T20:15:00,-69.271,-19.795,82.0,6.1,mw,,,,,,,,,,,,,,,,,USGS,,slab_deep,84.1277160645,slab_deep,1975-02-26T20:15:00,5.9,25.998631074606433,2
4672,1975-03-25T06:41:32,-66.383,-27.88,164.0,5.9,mw,,,,,178.0,52.0,-62.0,317.0,46.0,-121.0,-1.94,-0.21,2.15,0.48,0.44,-1.16,ISC,,slab_deep,145.106292725,slab_deep,1975-03-25T06:41:32,5.9,25.998631074606433,2
4671,1975-03-25T06:41:35,-66.57,-27.96,172.0,6.2,mw,0.03,0.02,1.1,,317.0,46.0,-121.0,178.0,52.0,-62.0,-1.94,-0.21,2.15,0.48,0.44,-1.16,GCMT,,slab_deep,137.790390015,slab_deep,1975-03-25T06:41:35,5.9,25.998631074606433,2
4770,1975-06-14T10:40:21,-70.827,-32.51,90.7,5.9,mw,,,5.3,0.42,,,,,,,,,,,,,ISC-GEM,,slab_deep,66.3103561401,slab_deep,1975-06-14T10:40:21,5.9,25.998631074606433,2
4815,1975-08-10T10:25:52,-66.85,-22.95,225.5,6.5,mw,0.02,0.02,1.3,,154.0,22.0,-88.0,332.0,68.0,-91.0,-4.8,1.01,3.79,2.38,-4.47,-1.89,GCMT,,slab_deep,166.628417969,slab_deep,1975-08-10T10:25:52,5.9,25.998631074606433,2
4822,1975-08-25T21:42:11,-69.162,-19.236,119.0,6.1,mw,,,,,,,,,,,,,,,,,USGS,,slab_deep,95.1115951538,slab_deep,1975-08-25T21:42:11,5.9,25.998631074606433,2
4914,1976-02-05T09:53:12,-68.244,-21.774,87.3,5.8,mw,,,5.1,0.32,,,,,,,,,,,,,ISC-GEM,,slab_deep,102.171920776,slab_deep,1976-02-05T09:53:12,5.8,10.001368925393566,3
5035,1976-09-12T03:51:24,-66.766,-24.12,173.0,6.0,mw,,,,,,,,,,,,,,,,,USGS,,slab_deep,162.576980591,slab_deep,1976-09-12T03:51:24,5.8,10.001368925393566,3
5077,1976-11-30T00:41:13,-68.51,-20.54,133.7,7.2,mw,0.04,0.03,3.0,,181.0,27.0,-73.0,342.0,64.0,-99.0,-1.79e+20,-3.5e+19,2.14e+20,5.500000000000001e+19,-1.42e+20,-4.4e+19,GCMT,,slab_deep,102.284172058,slab_deep,1976-11-30T00:41:13,5.8,10.001368925393566,3
5115,1976-12-28T13:52:01,-68.592,-21.295,112.0,5.8,mw,,,,,,,,,,,,,,,,,ISC,,slab_deep,93.5297317505,slab_deep,1976-12-28T13:52:01,5.8,10.001368925393566,3
5126,1977-01-17T21:27:36,-68.61,-24.89,134.4,6.9,mw,0.02,0.02,1.2,,183.0,44.0,73.0,26.0,49.0,105.0,1.978e+19,4.43e+18,-2.422e+19,3.27e+18,1.33e+18,-8.21e+18,GCMT,,slab_deep,86.7549285889,slab_deep,1977-01-17T21:27:36,5.8,10.001368925393566,3
5212,1977-06-18T16:49:45,-68.48,-20.95,135.9,5.8,mw,0.04,0.04,1.8,,101.0,35.0,-120.0,315.0,60.0,-71.0,-4.806e+17,4.42e+17,3.86e+16,1.688e+17,-2.5710000000000003e+17,-3.329e+17,GCMT,,slab_deep,98.8410186768,slab_deep,1977-06-18T16:49:45,5.8,10.001368925393566,3
5274,1977-08-29T16:36:03,-69.173,-31.892,123.0,5.8,mw,,,,,,,,,,,,,,,,,USGS,,slab_deep,102.355148315,slab_deep,1977-08-29T16:36:03,5.8,10.001368925393566,3
5418,1977-12-07T00:32:36,-67.386,-28.573,124.0,5.8,mw,,,,,148.0,42.0,-82.0,318.0,48.0,-97.0,-1.84e+17,6.38e+16,1.201e+17,2.37e+16,-5400000000000000.0,-1.0169999999999998e+17,USGS,,slab_deep,105.188591003,slab_deep,1977-12-07T00:32:36,5.8,10.001368925393566,3
5456,1978-01-20T04:42:58,-70.19,-34.278,132.0,6.1,mw,,,,,183.0,26.0,-98.0,12.0,64.0,-86.0,-2.592e+17,4.56e+16,2.136e+17,-5.36e+16,-1.819e+17,1.94e+16,USGS,,slab_deep,103.40309906,slab_deep,1978-01-20T04:42:58,5.8,10.001368925393566,3
5618,1978-10-27T10:06:56,-66.03,-21.86,299.6,5.8,mw,0.04,0.04,1.8,,134.0,24.0,-126.0,353.0,71.0,-75.0,-3.359e+17,1.07e+16,3.252e+17,1.98e+16,-4.437e+17,-1.895e+17,GCMT,,slab_deep,231.368728638,slab_deep,1978-10-27T10:06:56,5.8,10.001368925393566,3
5649,1978-12-24T00:02:02,-69.815,-20.024,48.0,5.8,mw,,,,,344.0,34.0,82.0,173.0,57.0,95.0,7.32e+16,1.329e+16,-8.648e+16,1290000000000000.0,-3.453e+16,2e+16,USGS,,slab_deep,60.9875144958,slab_deep,1978-12-24T00:02:02,5.8,10.001368925393566,3
5677,1979-02-16T10:08:53,-72.658,-16.39,53.0,6.9,mw,,,,,59.0,16.0,25.0,305.0,84.0,104.0,1.208e+19,-2.331e+19,1.123e+19,-4.718e+19,3.404e+19,3.06e+18,USGS,,slab_deep,64.2673416138,slab_deep,1979-02-16T10:08:53,5.8,10.001368925393566,3
5754,1979-05-14T23:04:03,-69.013,-22.995,79.0,5.9,mw,,,,,183.0,27.0,-101.0,16.0,63.0,-84.0,-2.219e+18,-3.61e+17,2.58e+18,-5.66e+17,-1.707e+18,5.5800000000000006e+17,ISC,,slab_deep,76.9564666748,slab_deep,1979-05-14T23:04:03,5.8,10.001368925393566,3
5753,1979-05-14T23:04:07,-69.32,-23.05,72.4,6.3,mw,0.02,0.03,1.0,,183.0,27.0,-101.0,16.0,63.0,-84.0,-2.219e+18,-3.61e+17,2.58e+18,-5.66e+17,-1.707e+18,5.5800000000000006e+17,GCMT,,slab_deep,68.8893508911,slab_deep,1979-05-14T23:04:07,5.8,10.001368925393566,3
5887,1979-11-22T02:41:18,-67.099,-24.317,172.0,5.8,mw,,,,,209.0,44.0,-37.0,327.0,65.0,-128.0,-3.437e+18,-2.282e+18,5.718e+18,2.298e+18,-1.808e+18,-4.87e+17,ISC,,slab_deep,138.774353027,slab_deep,1979-11-22T02:41:18,5.8,10.001368925393566,3
5886,1979-11-22T02:41:27,-66.84,-24.27,181.0,6.4,mw,0.03,0.04,1.0,,209.0,44.0,-37.0,327.0,65.0,-128.0,-3.437e+18,-2.282e+18,5.718e+18,2.298e+18,-1.808e+18,-4.87e+17,GCMT,,slab_deep,154.572113037,slab_deep,1979-11-22T02:41:27,5.8,10.001368925393566,3
5986,1980-05-02T19:09:08,-66.943,-24.132,163.0,5.8,mw,,,,,197.0,23.0,-57.0,342.0,71.0,-103.0,-1.018e+17,-2.47e+16,1.266e+17,5.05e+16,-1.278e+17,-4900000000000000.0,USGS,,slab_deep,148.857269287,slab_deep,1980-05-02T19:09:08,5.8,10.001368925393566,3
6005,1980-05-26T18:41:51,-69.17,-19.43,104.0,6.6,mw,0.02,0.02,1.1,,177.0,23.0,-83.0,349.0,67.0,-93.0,-6.928e+18,-6.07e+17,7.535e+18,1.495e+18,-7.093e+18,-1.052e+18,GCMT,,slab_deep,92.1045303345,slab_deep,1980-05-26T18:41:51,5.8,10.001368925393566,3
6041,1980-07-19T11:52:21,-69.675,-28.997,110.0,6.5,mw,,,,,306.0,26.0,-77.0,112.0,65.0,-96.0,-8.087e+17,5.889e+17,2.198e+17,-6.221e+17,1.875e+17,-3.052e+17,USGS,,slab_deep,84.990234375,slab_deep,1980-07-19T11:52:21,5.8,10.001368925393566,3
6042,1980-07-19T11:52:29,-69.89,-29.0,129.3,5.9,mw,0.04,0.03,1.5,,306.0,26.0,-77.0,112.0,65.0,-96.0,-8.087e+17,5.889e+17,2.198e+17,-6.221e+17,1.875e+17,-3.052e+17,GCMT,,slab_deep,82.7651062012,slab_deep,1980-07-19T11:52:29,5.8,10.001368925393566,3
6106,1980-11-08T21:35:43,-67.654,-24.341,103.0,5.8,mw,,,,,137.0,28.0,-95.0,323.0,62.0,-87.0,-1.107e+17,4.69e+16,6.38e+16,4.28e+16,-6.22e+16,-5.07e+16,USGS,,slab_deep,110.943122864,slab_deep,1980-11-08T21:35:43,5.8,10.001368925393566,3
6128,1980-12-11T18:15:14,-68.46,-21.26,120.8,6.3,mw,0.02,0.02,1.1,,159.0,38.0,-111.0,5.0,55.0,-74.0,-2.948e+18,-6.93e+17,3.642e+18,-4.48e+17,-1.15e+18,-5.6200000000000006e+17,GCMT,,slab_deep,98.4441375732,slab_deep,1980-12-11T18:15:14,5.8,10.001368925393566,3
6158,1981-01-27T14:25:44,-68.032,-23.028,125.0,5.8,mw,,,,,147.0,32.0,-130.0,12.0,66.0,-68.0,-7.802e+16,-9130000000000000.0,8.715e+16,-3.3690000000000004e+16,-6.298e+16,-1.949e+16,USGS,,slab_deep,100.674316406,slab_deep,1981-01-27T14:25:44,5.8,10.001368925393566,3
6190,1981-03-26T18:04:45,-68.957,-19.37,138.0,6.2,mw,,,,,179.0,14.0,-76.0,345.0,76.0,-93.0,-1.84e+18,-1.911e+18,3.751e+18,1.319e+18,-5.371e+18,-1.141e+18,USGS,,slab_deep,101.183776855,slab_deep,1981-03-26T18:04:45,5.8,10.001368925393566,3
6189,1981-03-26T18:04:51,-69.22,-19.54,143.9,6.5,mw,0.02,0.02,0.8,,179.0,14.0,-76.0,345.0,76.0,-93.0,-1.84e+18,-1.911e+18,3.751e+18,1.319e+18,-5.371e+18,-1.141e+18,GCMT,,slab_deep,88.9359970093,slab_deep,1981-03-26T18:04:51,5.8,10.001368925393566,3
6290,1981-07-28T03:03:22,-73.204,-41.574,43.0,5.9,mw,,,,,44.0,59.0,17.0,305.0,75.0,148.0,6.37e+16,-2.863e+17,2.226e+17,-7.46e+16,1.733e+17,-5.500000000000001e+16,USGS,,slab_deep,56.9438400269,slab_deep,1981-07-28T03:03:22,5.8,10.001368925393566,3
6438,1982-02-10T20:38:07,-66.501,-22.75,231.0,5.9,mw,,,,,235.0,10.0,-28.0,353.0,85.0,-99.0,-2.42e+18,-1.22e+18,3.64e+18,1.89e+18,-1.556e+19,2.08e+18,ISC,,slab_deep,193.36567688,slab_deep,1982-02-10T20:38:07,5.8,10.001368925393566,3
6437,1982-02-10T20:38:17,-66.09,-22.76,236.6,6.7,mw,0.03,0.02,1.1,,235.0,10.0,-28.0,353.0,85.0,-99.0,-2.42e+18,-1.22e+18,3.64e+18,1.89e+18,-1.556e+19,2.08e+18,GCMT,,slab_deep,225.34022522,slab_deep,1982-02-10T20:38:17,5.8,10.001368925393566,3
6622,1982-11-18T20:39:54,-65.74,-31.21,166.2,6.0,mw,0.06,0.04,1.8,,129.0,24.0,-114.0,335.0,68.0,-80.0,-8.794e+17,3.461e+17,5.333e+17,2.8690000000000003e+17,-8.276999999999999e+17,-4.33e+17,GCMT,,slab_deep,143.402175903,slab_deep,1982-11-18T20:39:54,5.8,10.001368925393566,3
6666,1983-01-01T05:32:01,-69.45,-17.03,171.8,6.3,mw,0.03,0.03,0.9,,216.0,32.0,-19.0,322.0,80.0,-121.0,-9.38e+17,-1.189e+18,2.127e+18,1.802e+18,-1.832e+18,-6.6e+16,GCMT,,slab_deep,138.498184204,slab_deep,1983-01-01T05:32:01,5.8,10.001368925393566,3
6669,1983-01-10T09:17:37,-69.16,-21.95,131.9,5.9,mw,0.04,0.04,1.5,,162.0,11.0,-115.0,7.0,80.0,-85.0,-1.332e+17,-2.59e+17,3.923e+17,-7.35e+16,-7.257e+17,1.66e+16,GCMT,,slab_deep,75.354598999,slab_deep,1983-01-10T09:17:37,5.8,10.001368925393566,3
6705,1983-02-25T22:49:58,-69.47,-18.61,144.9,6.7,mw,0.01,0.02,0.6,,253.0,15.0,-14.0,357.0,87.0,-104.0,-1.36e+18,-7.3e+17,2.09e+18,7.4e+17,-1.262e+19,3.1e+18,GCMT,,slab_deep,95.3892745972,slab_deep,1983-02-25T22:49:58,5.8,10.001368925393566,3
6762,1983-05-23T00:54:12,-69.139,-19.065,110.0,5.9,mw,,,,,133.0,18.0,-129.0,353.0,76.0,-78.0,-5.36e+16,-3.19e+16,8.54e+16,2.05e+16,-1.332e+17,-4.91e+16,USGS,,slab_deep,98.3814849854,slab_deep,1983-05-23T00:54:12,5.8,10.001368925393566,3
6826,1983-09-01T20:01:52,-69.93,-17.43,105.1,5.9,mw,0.04,0.03,2.8,,143.0,13.0,-86.0,319.0,77.0,-91.0,-4.522e+17,1.904e+17,2.618e+17,5.547e+17,-6.268e+17,-1.557e+17,GCMT,,slab_deep,106.250167847,slab_deep,1983-09-01T20:01:52,5.8,10.001368925393566,3
6915,1983-12-15T04:22:36,-70.56,-33.09,103.6,6.0,mw,0.06,0.03,2.6,,202.0,21.0,-78.0,9.0,69.0,-95.0,-8.194000000000001e+17,2.03e+16,7.991e+17,-1.062e+17,-9.358e+17,2.21e+17,GCMT,,slab_deep,77.9047088623,slab_deep,1983-12-15T04:22:36,5.8,10.001368925393566,3
6930,1984-01-01T22:08:24,-65.87,-22.22,274.7,6.0,mw,0.03,0.03,1.1,,238.0,13.0,-20.0,348.0,86.0,-102.0,-8.3e+16,-3e+17,3.84e+17,2.03e+17,-1.201e+18,1.34e+17,GCMT,,slab_deep,247.191223145,slab_deep,1984-01-01T22:08:24,5.8,10.001368925393566,3
6959,1984-02-26T08:18:24,-70.65,-17.31,115.6,6.1,mw,0.03,0.02,1.8,,169.0,21.0,-69.0,327.0,71.0,-98.0,-8.48e+17,-1.14e+17,9.62e+17,6.98e+17,-1.073e+18,-6.32e+17,GCMT,,slab_deep,91.7285995483,slab_deep,1984-02-26T08:18:24,5.8,10.001368925393566,3
7130,1984-10-20T17:59:25,-66.94,-24.27,209.0,6.2,mw,0.03,0.03,1.3,,220.0,27.0,-67.0,14.0,65.0,-101.0,-1.407e+18,-4.6e+16,1.453e+18,-2.55e+17,-1.289e+18,8.94e+17,GCMT,,slab_deep,148.15826416,slab_deep,1984-10-20T17:59:25,5.8,10.001368925393566,3
7187,1984-12-11T23:22:29,-68.96,-22.56,128.1,6.4,mw,0.02,0.02,1.0,,217.0,13.0,-62.0,8.0,79.0,-96.0,-2.165e+18,4.41e+17,1.723e+18,-5.4100000000000006e+17,-4.854e+18,7.58e+17,GCMT,,slab_deep,79.0946502686,slab_deep,1984-12-11T23:22:29,5.8,10.001368925393566,3
7225,1985-01-18T15:00:10,-70.891,-29.416,80.8,6.3,mw,,,5.2,0.1,227.0,78.0,156.0,322.0,67.0,13.0,5.3900000000000006e+17,2.904e+18,-3.443e+18,-1.459e+18,-4.09e+17,-4.98e+17,ISC-GEM,,slab_deep,55.1383743286,slab_deep,1985-01-18T15:00:10,5.8,10.001368925393566,3
7289,1985-03-04T15:01:07,-71.249,-33.842,40.1,6.3,mw,,,,,21.0,28.0,109.0,179.0,63.0,80.0,2.537e+18,4.36e+17,-2.973e+18,1.97e+17,-2.02e+18,-5.4700000000000006e+17,USGS,,slab_deep,54.377746582,slab_deep,1985-03-04T15:01:07,5.8,10.001368925393566,3
7540,1985-05-18T16:59:20,-69.57,-19.05,126.0,5.9,mw,0.03,0.03,1.4,,226.0,24.0,-32.0,346.0,78.0,-111.0,-2.4500000000000003e+17,-4.497e+17,6.947e+17,7.63e+16,-7.957e+17,1.105e+17,GCMT,,slab_deep,83.8082046509,slab_deep,1985-05-18T16:59:20,5.8,10.001368925393566,3
7589,1985-06-10T15:37:08,-66.64,-27.88,170.2,6.3,mw,0.02,0.02,0.7,,161.0,33.0,-64.0,310.0,61.0,-106.0,-2.821e+18,6.65e+17,2.1560000000000005e+18,1.577e+18,-1.087e+18,-2.501e+18,GCMT,,slab_deep,134.638565063,slab_deep,1985-06-10T15:37:08,5.8,10.001368925393566,3
7595,1985-06-12T02:57:50,-69.627,-17.601,149.5,5.8,mw,,,8.7,,,,,,,,,,,,,,USGS,,slab_deep,111.397689819,slab_deep,1985-06-12T02:57:50,5.8,10.001368925393566,3
7691,1985-08-23T16:35:10,-66.83,-24.08,194.8,5.9,mw,,,,,,,,,,,,,,,,,USGS,,slab_deep,155.763641357,slab_deep,1985-08-23T16:35:10,5.8,10.001368925393566,3
7736,1985-10-08T09:47:32,-66.24,-22.6,243.8,5.8,mw,0.03,0.03,1.2,,130.0,2.0,-130.0,349.0,89.0,-89.0,5.26e+16,-1.529e+17,1.0029999999999998e+17,1.236e+17,-6.177e+17,-6.49e+16,GCMT,,slab_deep,213.66847229,slab_deep,1985-10-08T09:47:32,5.8,10.001368925393566,3
7909,1986-03-15T11:29:50,-67.35,-18.91,241.3,6.3,mw,0.03,0.02,0.9,,259.0,50.0,-42.0,19.0,59.0,-132.0,-2.098e+18,1.345e+18,7.53e+17,6.66e+17,-1.456e+18,2.0750000000000005e+18,GCMT,,slab_deep,204.111297607,slab_deep,1986-03-15T11:29:50,5.8,11.000684462696784,4
8626,1987-04-01T01:48:20,-66.19,-22.92,250.8,6.9,mw,0.01,0.01,0.6,,268.0,14.0,1.0,177.0,90.0,104.0,2.89e+18,-6.53e+18,3.64e+18,-4.3e+17,-3.1070000000000004e+19,7.09e+18,GCMT,,slab_deep,215.89642334,slab_deep,1987-04-01T01:48:20,5.8,11.000684462696784,4
8813,1987-05-07T19:36:06,-72.135,-17.096,78.4,5.8,mw,,,9.1,,,,,,,,,,,,,,USGS,,slab_deep,51.4304962158,slab_deep,1987-05-07T19:36:06,5.8,11.000684462696784,4
9346,1987-08-08T15:49:10,-70.02,-18.96,79.5,7.0,mw,0.01,0.01,0.8,,176.0,20.0,-87.0,353.0,70.0,-91.0,-4.515e+19,-1.025e+19,5.54e+19,7.74e+18,-5.982e+19,-7.08e+18,GCMT,,slab_deep,68.2447967529,slab_deep,1987-08-08T15:49:10,5.8,11.000684462696784,4
9518,1987-09-01T04:26:18,-66.51,-23.09,248.8,6.3,mw,0.02,0.02,1.4,,218.0,10.0,-84.0,32.0,80.0,-91.0,-1.143e+18,2.19e+17,9.23e+17,-1.849e+18,-2.985e+18,8.74e+17,GCMT,,slab_deep,190.394592285,slab_deep,1987-09-01T04:26:18,5.8,11.000684462696784,4
9728,1987-10-03T03:35:16,-69.48,-18.17,136.8,5.9,mw,0.03,0.03,1.3,,219.0,46.0,-10.0,316.0,83.0,-135.0,-1.877e+17,-5.4800000000000006e+17,7.357e+17,3.867e+17,-4.455e+17,-1.051e+17,GCMT,,slab_deep,102.658683777,slab_deep,1987-10-03T03:35:16,5.8,11.000684462696784,4
10432,1988-02-06T18:03:59,-67.02,-18.03,284.9,6.5,mw,0.02,0.02,0.8,,216.0,10.0,-55.0,0.0,82.0,-96.0,-1.989e+18,2.46e+17,1.743e+18,1.31e+17,-6.327e+18,6.66e+17,GCMT,,slab_deep,247.019470215,slab_deep,1988-02-06T18:03:59,5.8,11.000684462696784,4
10497,1988-02-18T13:52:44,-67.84,-23.44,156.5,5.8,mw,0.04,0.03,1.0,,106.0,31.0,-175.0,12.0,88.0,-59.0,-3.34e+16,-2.385e+17,2.719e+17,-3.07e+16,-6.079e+17,-2.8650000000000003e+17,GCMT,,slab_deep,105.465766907,slab_deep,1988-02-18T13:52:44,5.8,11.000684462696784,4
10509,1988-02-20T23:08:40,-70.122,-17.076,169.3,5.8,mw,,,5.4,,,,,,,,,,,,,,USGS,,slab_deep,114.570137024,slab_deep,1988-02-20T23:08:40,5.8,11.000684462696784,4
10520,1988-02-22T19:13:26,-69.57,-20.53,66.9,6.6,mw,0.01,0.01,1.1,,178.0,16.0,-42.0,309.0,79.0,-102.0,-3.218e+18,1.33e+17,3.085e+18,6.559e+18,-4.789e+18,-2.04e+18,GCMT,,slab_deep,66.6938858032,slab_deep,1988-02-22T19:13:26,5.8,11.000684462696784,4
10574,1988-03-09T05:00:35,-68.642,-31.232,111.2,5.8,mw,,,,,,,,,,,,,,,,,USGS,,slab_deep,93.9039611816,slab_deep,1988-03-09T05:00:35,5.8,11.000684462696784,4
10917,1988-05-30T21:22:13,-69.061,-31.515,93.9,6.2,mw,,,3.2,,,,,,,,,,,,,,USGS,,slab_deep,98.5978546143,slab_deep,1988-05-30T21:22:13,5.8,11.000684462696784,4
10918,1988-05-30T21:22:15,-69.09,-31.631,107.7,5.9,mw,,,5.1,0.28,,,,,,,,,,,,,ISC-GEM,,slab_deep,100.10798645,slab_deep,1988-05-30T21:22:15,5.8,11.000684462696784,4
11209,1988-07-28T17:12:33,-65.604,-22.202,272.0,5.8,mw,,,,,238.0,37.0,19.0,133.0,79.0,125.0,6.24e+17,-1.372e+18,7.48e+17,7.74e+17,-1.387e+18,3e+16,ISC,,slab_deep,268.483917236,slab_deep,1988-07-28T17:12:33,5.8,11.000684462696784,4
11208,1988-07-28T17:12:42,-65.61,-22.01,295.4,6.1,mw,0.03,0.02,1.0,,238.0,37.0,19.0,133.0,79.0,125.0,6.24e+17,-1.372e+18,7.48e+17,7.74e+17,-1.387e+18,3e+16,GCMT,,slab_deep,267.046966553,slab_deep,1988-07-28T17:12:42,5.8,11.000684462696784,4
11333,1988-09-14T22:14:14,-68.24,-23.5,140.2,5.9,mw,0.03,0.03,1.2,,157.0,32.0,-92.0,340.0,58.0,-89.0,-8.175000000000001e+17,2.08e+16,7.967e+17,1.3560000000000002e+17,-3.983e+17,-3.568e+17,GCMT,,slab_deep,92.536895752,slab_deep,1988-09-14T22:14:14,5.8,11.000684462696784,4
11585,1988-12-24T04:27:06,-66.7,-23.43,218.2,6.1,mw,0.03,0.03,1.4,,198.0,30.0,-54.0,338.0,66.0,-109.0,-9.72e+17,-5.94e+17,1.566e+18,3.72e+17,-9.46e+17,-2.17e+17,GCMT,,slab_deep,172.156784058,slab_deep,1988-12-24T04:27:06,5.8,11.000684462696784,4
11809,1989-04-05T23:47:49,-68.81,-21.164,105.0,5.8,mw,,,,,185.0,30.0,-67.0,339.0,62.0,-103.0,-1.434e+18,-7.88e+17,2.223e+18,4.32e+17,-1.154e+18,-5.96e+17,ISC,,slab_deep,88.6656723022,slab_deep,1989-04-05T23:47:49,5.8,11.000684462696784,4
11808,1989-04-05T23:47:54,-69.09,-21.13,122.3,6.2,mw,0.03,0.02,1.3,,185.0,30.0,-67.0,339.0,62.0,-103.0,-1.434e+18,-7.88e+17,2.223e+18,4.32e+17,-1.154e+18,-5.96e+17,GCMT,,slab_deep,79.9728546143,slab_deep,1989-04-05T23:47:54,5.8,11.000684462696784,4
12110,1989-08-31T08:17:23,-71.678,-41.85,154.4,5.8,mw,,,,,,,,,,,,,,,,,USGS,,slab_deep,133.407333374,slab_deep,1989-08-31T08:17:23,5.8,11.000684462696784,4
12277,1989-11-01T06:40:31,-67.831,-21.135,139.0,5.9,mw,,,,,134.0,18.0,-110.0,335.0,73.0,-84.0,-8.14e+17,1.29e+17,6.85e+17,5.88e+17,-1.288e+18,-6.3e+17,ISC,,slab_deep,125.106147766,slab_deep,1989-11-01T06:40:31,5.8,11.000684462696784,4
12276,1989-11-01T06:40:37,-67.8,-21.45,151.8,6.1,mw,0.04,0.03,1.2,,134.0,18.0,-110.0,335.0,73.0,-84.0,-8.14e+17,1.29e+17,6.85e+17,5.88e+17,-1.288e+18,-6.3e+17,GCMT,,slab_deep,124.573959351,slab_deep,1989-11-01T06:40:37,5.8,11.000684462696784,4
12809,1990-05-14T21:34:06,-71.464,-35.872,85.0,5.8,mw,,,,,273.0,40.0,19.0,168.0,78.0,128.0,5.77e+17,-5.92e+17,1.4e+16,-1.64e+17,-1.458e+18,1.059e+18,ISC,,slab_deep,80.8520889282,slab_deep,1990-05-14T21:34:06,5.8,11.000684462696784,4
12808,1990-05-14T21:34:09,-71.34,-35.89,92.0,6.1,mw,0.02,0.02,1.6,,273.0,40.0,19.0,168.0,78.0,128.0,5.77e+17,-5.92e+17,1.4e+16,-1.64e+17,-1.458e+18,1.059e+18,GCMT,,slab_deep,85.4298782349,slab_deep,1990-05-14T21:34:09,5.8,11.000684462696784,4
13143,1990-07-16T14:51:37,-70.013,-32.532,99.5,5.9,mw,,,5.2,0.43,,,,,,,,,,,,,ISC-GEM,,slab_deep,94.0076293945,slab_deep,1990-07-16T14:51:37,5.8,11.000684462696784,4
13654,1990-10-10T01:00:06,-66.517,-19.589,256.0,5.8,mw,,,,,237.0,31.0,-28.0,351.0,76.0,-118.0,-2.66e+18,-1.473e+18,4.134000000000001e+18,1.078e+18,-5.181e+18,2.531e+18,ISC,,slab_deep,239.572860718,slab_deep,1990-10-10T01:00:06,5.8,11.000684462696784,4
13653,1990-10-10T01:00:12,-66.6,-19.43,275.0,6.5,mw,0.01,0.02,0.9,,237.0,31.0,-28.0,351.0,76.0,-118.0,-2.66e+18,-1.473e+18,4.134000000000001e+18,1.078e+18,-5.181e+18,2.531e+18,GCMT,,slab_deep,237.198013306,slab_deep,1990-10-10T01:00:12,5.8,11.000684462696784,4
15017,1991-05-24T20:50:56,-70.684,-16.603,123.0,6.3,mw,,,,,129.0,34.0,-110.0,333.0,58.0,-77.0,-1.934e+19,8.080000000000001e+18,1.1259999999999998e+19,1.56e+18,-9.61e+18,-8.67e+18,ISC,,slab_deep,121.627098083,slab_deep,1991-05-24T20:50:56,5.8,11.000684462696784,4
15016,1991-05-24T20:51:03,-70.68,-16.69,126.9,6.8,mw,0.03,0.02,0.8,,129.0,34.0,-110.0,333.0,58.0,-77.0,-1.934e+19,8.080000000000001e+18,1.1259999999999998e+19,1.56e+18,-9.61e+18,-8.67e+18,GCMT,,slab_deep,116.749465942,slab_deep,1991-05-24T20:51:03,5.8,11.000684462696784,4
15669,1991-09-15T22:56:26,-69.96,-31.58,123.2,5.8,mw,0.03,0.02,1.1,,262.0,87.0,0.0,172.0,90.0,177.0,1.17e+16,-1.936e+17,1.819e+17,4500000000000000.0,-3.22e+16,6.721e+17,GCMT,,slab_deep,97.9956817627,slab_deep,1991-09-15T22:56:26,5.8,11.000684462696784,4
16319,1991-12-15T18:56:11,-70.37,-17.53,111.3,5.9,mw,0.03,0.02,1.7,,147.0,21.0,-93.0,330.0,69.0,-89.0,-5.427e+17,1.501e+17,3.926e+17,2.997e+17,-5.287e+17,-2.435e+17,GCMT,,slab_deep,91.1867675781,slab_deep,1991-12-15T18:56:11,5.8,11.000684462696784,4
16765,1992-02-28T09:14:15,-69.56,-24.21,77.4,5.8,mw,0.03,0.04,2.7,,99.0,47.0,173.0,194.0,85.0,43.0,4.31e+16,-2.278e+17,1.847e+17,2.38e+16,-4.428e+17,-3.836e+17,GCMT,,slab_deep,64.1933441162,slab_deep,1992-02-28T09:14:15,5.8,11.000684462696784,4
17027,1992-04-16T18:33:10,-68.92,-20.3,130.1,5.8,mw,0.03,0.02,1.2,,207.0,28.0,-37.0,331.0,73.0,-113.0,-2.3690000000000003e+17,-1.911e+17,4.28e+17,1.937e+17,-3.658e+17,-6.820000000000001e+16,GCMT,,slab_deep,90.9348068237,slab_deep,1992-04-16T18:33:10,5.8,11.000684462696784,4
19481,1993-03-30T05:24:03,-67.28,-21.98,179.5,5.8,mw,0.02,0.02,0.8,,264.0,37.0,-6.0,359.0,86.0,-127.0,-6.45e+16,-1.89e+16,8.34e+16,2.64e+16,-5.122e+17,3.848e+17,GCMT,,slab_deep,147.175186157,slab_deep,1993-03-30T05:24:03,5.8,11.000684462696784,4
19839,1993-05-24T23:51:28,-66.88,-23.45,231.9,7.0,mw,0.01,0.01,0.5,,165.0,15.0,-101.0,356.0,75.0,-87.0,-1.594e+19,-4.2e+17,1.636e+19,1.91e+18,-2.903e+19,-2.92e+18,GCMT,,slab_deep,158.079650879,slab_deep,1993-05-24T23:51:28,5.8,11.000684462696784,4
19978,1993-06-08T23:17:47,-69.13,-31.62,124.5,6.3,mw,0.02,0.01,0.6,,40.0,41.0,-95.0,226.0,49.0,-86.0,-2.988e+18,1.386e+18,1.601e+18,4.03e+17,2.08e+17,1.768e+18,GCMT,,slab_deep,100.071243286,slab_deep,1993-06-08T23:17:47,5.8,11.000684462696784,4
20759,1993-10-19T04:02:30,-65.69,-22.12,278.9,6.0,mw,0.02,0.02,0.6,,252.0,5.0,-12.0,355.0,89.0,-95.0,-1.7999999999999998e+16,-8.6e+16,1.04e+17,1.12e+17,-1.249e+18,9.9e+16,GCMT,,slab_deep,259.302978516,slab_deep,1993-10-19T04:02:30,5.8,11.000684462696784,4
20823,1993-10-30T17:59:08,-68.16,-31.77,125.6,5.8,mw,0.02,0.02,0.8,,180.0,41.0,-125.0,43.0,58.0,-64.0,-5.091e+17,-2500000000000000.0,5.116e+17,-2.775e+17,-8.2e+16,2.3570000000000003e+17,GCMT,,slab_deep,98.2042694092,slab_deep,1993-10-30T17:59:08,5.8,11.000684462696784,4
20926,1993-11-14T01:59:26,-68.74,-22.63,117.1,5.8,mw,0.02,0.01,1.1,,155.0,15.0,-115.0,0.0,76.0,-84.0,-2.529e+17,-2.64e+16,2.793e+17,-1.02e+16,-5.161e+17,-6.48e+16,GCMT,,slab_deep,83.6558456421,slab_deep,1993-11-14T01:59:26,5.8,11.000684462696784,4
22341,1994-10-20T01:15:20,-70.8,-39.19,170.2,5.9,mw,0.02,0.01,0.4,,234.0,15.0,161.0,343.0,85.0,76.0,1.434e+17,1.437e+17,-2.87e+17,-2.767e+17,8.699999999999999e+17,-1.3839999999999998e+17,GCMT,,slab_deep,150.910110474,slab_deep,1994-10-20T01:15:20,5.8,11.000684462696784,4
22529,1994-12-07T03:38:02,-66.58,-23.19,246.3,5.9,mw,0.02,0.01,0.8,,244.0,29.0,-33.0,4.0,75.0,-114.0,-3.837e+17,-4.11e+16,4.247e+17,-3.08e+16,-7.013e+17,4.233e+17,GCMT,,slab_deep,181.95741272,slab_deep,1994-12-07T03:38:02,5.8,11.000684462696784,4
22568,1994-12-12T07:41:56,-69.488,-17.499,146.0,5.9,mw,,,,,224.0,30.0,-33.0,343.0,75.0,-116.0,-1.137e+18,-6.8e+17,1.817e+18,7.29e+17,-1.849e+18,4.98e+17,ISC,,slab_deep,119.840591431,slab_deep,1994-12-12T07:41:56,5.8,11.000684462696784,4
22567,1994-12-12T07:42:02,-69.66,-17.44,161.4,6.2,mw,0.02,0.02,0.6,,224.0,30.0,-33.0,343.0,75.0,-116.0,-1.137e+18,-6.8e+17,1.817e+18,7.29e+17,-1.849e+18,4.98e+17,GCMT,,slab_deep,116.102172852,slab_deep,1994-12-12T07:42:02,5.8,11.000684462696784,4
22915,1995-02-14T15:54:01,-67.88,-23.64,159.5,5.9,mw,0.02,0.02,0.6,,143.0,18.0,-115.0,349.0,74.0,-82.0,-3.718e+17,-1.849e+17,5.566e+17,1.62e+17,-7.803e+17,-2.913e+17,GCMT,,slab_deep,102.618431091,slab_deep,1995-02-14T15:54:01,5.8,11.000684462696784,4
23946,1995-08-03T08:19:01,-69.22,-28.26,121.2,5.8,mw,0.02,0.01,0.7,,338.0,36.0,-100.0,170.0,54.0,-83.0,-6.17e+17,8.65e+16,5.305e+17,1.9e+16,2.035e+17,-1.3999999999999998e+17,GCMT,,slab_deep,86.8380432129,slab_deep,1995-08-03T08:19:01,5.8,11.000684462696784,4
24206,1995-09-09T20:58:47,-69.48,-20.01,90.8,5.8,mw,0.02,0.01,1.6,,114.0,13.0,-128.0,333.0,80.0,-82.0,-1.826e+17,5.12e+16,1.314e+17,3.001e+17,-5.7380000000000006e+17,-2.285e+17,GCMT,,slab_deep,73.0287322998,slab_deep,1995-09-09T20:58:47,5.8,11.000684462696784,4
26550,1997-01-23T02:15:23,-65.687,-22.059,267.0,6.2,mw,,,,,,,,,,,,,,,,,ISC,,slab_deep,259.041656494,slab_deep,1997-01-23T02:15:23,5.4,4.999315537303217,5
26549,1997-01-23T02:15:31,-65.92,-22.04,281.6,7.1,mw,0.01,0.01,0.3,,85.0,4.0,-175.0,351.0,90.0,-86.0,-1.3e+17,3.2e+17,-1.9e+17,9.55e+18,-5.703e+19,-3.69e+18,GCMT,,slab_deep,242.776245117,slab_deep,1997-01-23T02:15:31,5.4,4.999315537303217,5
26850,1997-03-17T08:36:59,-69.739,-18.76,85.1,5.4,mw,,,,,,,,,,,,,,,,,USGS,,slab_deep,81.7923355103,slab_deep,1997-03-17T08:36:59,5.4,4.999315537303217,5
26898,1997-03-25T00:14:50,-70.62,-33.45,89.9,5.5,mw,0.04,0.03,2.4,,158.0,59.0,-161.0,58.0,74.0,-33.0,-6.04e+16,-1.123e+17,1.727e+17,-1.1279999999999998e+17,-8000000000000000.0,1.068e+17,GCMT,,slab_deep,77.6505508423,slab_deep,1997-03-25T00:14:50,5.4,4.999315537303217,5
26937,1997-04-01T18:33:33,-69.457,-18.291,112.0,5.9,mw,,,,,347.0,82.0,-55.0,88.0,36.0,-166.0,-7.86e+17,-7.01e+17,1.487e+18,5.34e+17,-1.309e+18,2.46e+17,ISC,,slab_deep,101.270797729,slab_deep,1997-04-01T18:33:33,5.4,4.999315537303217,5
26935,1997-04-01T18:33:38,-69.54,-18.32,117.7,6.1,mw,0.01,0.01,0.8,,222.0,32.0,-30.0,339.0,75.0,-118.0,-7.86e+17,-7.01e+17,1.487e+18,5.34e+17,-1.309e+18,2.46e+17,GCMT,,slab_deep,97.7129821777,slab_deep,1997-04-01T18:33:38,5.4,4.999315537303217,5
26936,1997-04-01T18:42:18,-69.62,-18.07,106.4,6.1,mw,0.03,0.03,1.8,,188.0,21.0,-51.0,327.0,74.0,-104.0,-7.21e+17,-5.08e+17,1.229e+18,7.76e+17,-1.38e+18,-7.16e+17,GCMT,,slab_deep,101.37978363,slab_deep,1997-04-01T18:42:18,5.4,4.999315537303217,5
27053,1997-04-20T19:53:22,-70.39,-33.85,115.5,5.6,mw,0.03,0.02,1.2,,181.0,13.0,-93.0,4.0,77.0,-89.0,-1.077e+17,-3e+16,1.3779999999999998e+17,-1.85e+16,-2.522e+17,8300000000000000.0,GCMT,,slab_deep,88.4995574951,slab_deep,1997-04-20T19:53:22,5.4,4.999315537303217,5
27202,1997-05-17T02:10:26,-70.06,-27.06,121.1,5.5,mw,0.04,0.03,1.6,,251.0,23.0,-168.0,150.0,85.0,-67.0,-4.66e+16,1.03e+17,-5.639999999999999e+16,-8.46e+16,1.991e+17,-3.94e+16,GCMT,,slab_deep,66.3587722778,slab_deep,1997-05-17T02:10:26,5.4,4.999315537303217,5
27393,1997-06-19T12:21:07,-70.19,-33.15,115.9,5.4,mw,0.04,0.03,2.0,,150.0,24.0,-137.0,20.0,74.0,-72.0,-7.006e+16,-9930000000000000.0,7.998e+16,-5.121000000000001e+16,-9.756e+16,-1.321e+16,GCMT,,slab_deep,89.0609741211,slab_deep,1997-06-19T12:21:07,5.4,4.999315537303217,5
27392,1997-06-19T16:02:44,-69.882,-32.77,117.6,5.5,mw,,,4.4,,,,,,,,,,,,,,USGS,,slab_deep,96.2543029785,slab_deep,1997-06-19T16:02:44,5.4,4.999315537303217,5
27507,1997-07-11T02:32:47,-69.71,-18.93,131.3,5.4,mw,0.05,0.04,1.9,,154.0,12.0,-106.0,351.0,78.0,-86.0,-5.33e+16,-1.35e+16,6.68e+16,2.24e+16,-1.421e+17,-2.35e+16,GCMT,,slab_deep,79.9652404785,slab_deep,1997-07-11T02:32:47,5.4,4.999315537303217,5
27556,1997-07-20T10:14:23,-66.272,-22.878,246.0,5.8,mw,,,,,55.0,75.0,-110.0,290.0,25.0,-38.0,-6.844e+17,9.392e+17,-2.548e+17,-9.934e+17,-7.946e+17,2.0830000000000003e+17,ISC,,slab_deep,211.769012451,slab_deep,1997-07-20T10:14:23,5.4,4.999315537303217,5
27555,1997-07-20T10:14:29,-66.12,-22.82,271.3,6.1,mw,0.01,0.01,0.6,,289.0,24.0,-39.0,55.0,75.0,-109.0,-6.844e+17,9.392e+17,-2.548e+17,-9.934e+17,-7.946e+17,2.0830000000000003e+17,GCMT,,slab_deep,225.052581787,slab_deep,1997-07-20T10:14:29,5.4,4.999315537303217,5
27956,1997-09-27T12:09:34,-66.664,-27.885,175.5,5.4,mw,,,3.0,,,,,,,,,,,,,,USGS,,slab_deep,134.638565063,slab_deep,1997-09-27T12:09:34,5.4,4.999315537303217,5
27962,1997-09-28T23:13:24,-68.31,-22.22,146.3,5.5,mw,0.04,0.04,1.5,,328.0,38.0,-117.0,181.0,57.0,-71.0,-2.155e+17,-1.96e+16,2.351e+17,4.06e+16,9.42e+16,-7.22e+16,GCMT,,slab_deep,97.7939147949,slab_deep,1997-09-28T23:13:24,5.4,4.999315537303217,5
28080,1997-10-17T20:01:54,-70.989,-30.848,100.0,5.4,mw,,,,,,,,,,,,,,,,,USGS,,slab_deep,60.3562889099,slab_deep,1997-10-17T20:01:54,5.4,4.999315537303217,5
28443,1997-12-09T14:23:52,-68.7,-20.14,151.7,5.7,mw,0.04,0.04,1.4,,252.0,46.0,4.0,160.0,87.0,136.0,1.56e+16,-1.855e+17,1.698e+17,6.07e+16,-2.565e+17,2.081e+17,GCMT,,slab_deep,99.3248291016,slab_deep,1997-12-09T14:23:52,5.4,4.999315537303217,5
28472,1997-12-12T17:07:58,-69.453,-23.641,81.4,5.4,mw,,,,,,,,,,,,,,,,,USGS,,slab_deep,65.1813278198,slab_deep,1997-12-12T17:07:58,5.4,4.999315537303217,5
28485,1997-12-15T14:27:56,-69.521,-24.38,82.4,5.4,mw,,,,,,,,,,,,,,,,,USGS,,slab_deep,66.7064285278,slab_deep,1997-12-15T14:27:56,5.4,4.999315537303217,5
28645,1998-01-13T07:03:25,-69.535,-27.776,99.4,5.4,mw,,,,,,,,,,,,,,,,,USGS,,slab_deep,83.9809799194,slab_deep,1998-01-13T07:03:25,5.4,4.999315537303217,5
29114,1998-03-25T21:02:55,-66.908,-24.333,182.0,5.4,mw,,,,,201.0,32.0,-55.0,342.0,64.0,-110.0,-1.671e+17,-1.045e+17,2.7160000000000003e+17,4.81e+16,-1.458e+17,-1.1e+16,ISC,,slab_deep,150.579162598,slab_deep,1998-03-25T21:02:55,5.4,4.999315537303217,5
29113,1998-03-25T21:03:02,-66.97,-23.93,208.4,5.6,mw,0.09,0.11,4.1,,201.0,32.0,-55.0,342.0,64.0,-110.0,-1.671e+17,-1.045e+17,2.7160000000000003e+17,4.81e+16,-1.458e+17,-1.1e+16,GCMT,,slab_deep,150.305236816,slab_deep,1998-03-25T21:03:02,5.4,4.999315537303217,5
29723,1998-06-07T16:10:51,-67.77,-31.48,124.7,5.9,mw,0.01,0.01,0.6,,148.0,54.0,-145.0,36.0,62.0,-42.0,-4.43e+17,-3.694e+17,8.124e+17,-3.63e+17,-9.25e+16,4.14e+16,GCMT,,slab_deep,96.65599823,slab_deep,1998-06-07T16:10:51,5.4,4.999315537303217,5
29862,1998-06-22T07:55:08,-66.37,-28.06,181.0,5.4,mw,0.14,0.16,5.9,,210.0,66.0,-18.0,307.0,73.0,-155.0,-3.52e+16,-1.1080000000000002e+17,1.46e+17,7.06e+16,-500000000000000.0,-5.480000000000001e+16,GCMT,,slab_deep,143.860122681,slab_deep,1998-06-22T07:55:08,5.4,4.999315537303217,5
29924,1998-06-30T08:59:05,-66.55,-23.7,233.0,5.4,mw,0.06,0.04,2.1,,283.0,6.0,6.0,187.0,89.0,96.0,-1.3e+16,3.84e+16,-2.54e+16,-1.48e+16,-1.574e+17,9200000000000000.0,GCMT,,slab_deep,180.780090332,slab_deep,1998-06-30T08:59:05,5.4,4.999315537303217,5
30606,1998-08-30T07:52:32,-66.72,-23.62,216.8,5.6,mw,0.03,0.02,1.1,,235.0,8.0,-32.0,357.0,86.0,-97.0,-3.89e+16,-3.23e+16,7.12e+16,1.7100000000000002e+16,-3.309e+17,3.7e+16,GCMT,,slab_deep,170.68447876,slab_deep,1998-08-30T07:52:32,5.4,4.999315537303217,5
30697,1998-09-12T09:03:52,-67.0,-24.32,185.1,5.5,mw,0.04,0.04,1.5,,202.0,33.0,-42.0,329.0,69.0,-116.0,-1.433e+17,-5.590000000000001e+16,1.991e+17,1.091e+17,-1.2330000000000002e+17,-2.31e+16,GCMT,,slab_deep,144.729705811,slab_deep,1998-09-12T09:03:52,5.4,4.999315537303217,5
30917,1998-10-08T04:51:46,-71.59,-16.02,140.6,6.1,mw,0.01,0.01,0.5,,185.0,29.0,-47.0,318.0,69.0,-111.0,-1.223e+18,-1.49e+17,1.373e+18,1.076e+18,-8.89e+17,-6.33e+17,GCMT,,slab_deep,113.349494934,slab_deep,1998-10-08T04:51:46,5.4,4.999315537303217,5
31343,1998-11-27T10:27:06,-69.21,-32.04,128.9,5.4,mw,0.05,0.04,1.5,,191.0,45.0,-107.0,35.0,47.0,-74.0,-1.681e+17,1.02e+16,1.579e+17,-3.19e+16,7500000000000000.0,7.67e+16,GCMT,,slab_deep,103.597045898,slab_deep,1998-11-27T10:27:06,5.4,4.999315537303217,5
31461,1998-12-11T08:37:53,-68.94,-31.52,127.8,5.4,mw,0.05,0.04,1.4,,32.0,41.0,-97.0,221.0,49.0,-84.0,-1.3959999999999998e+17,4.11e+16,9.85e+16,2.01e+16,1.26e+16,9.4e+16,GCMT,,slab_deep,97.783416748,slab_deep,1998-12-11T08:37:53,5.4,4.999315537303217,5
31478,1998-12-14T16:25:30,-71.25,-38.28,145.9,5.9,mw,0.01,0.01,0.4,,250.0,8.0,-6.0,346.0,89.0,-98.0,-1799999999999999.8,-1.2350000000000002e+17,1.2529999999999998e+17,2.3730000000000003e+17,-9.828e+17,1.0109999999999998e+17,GCMT,,slab_deep,116.782905579,slab_deep,1998-12-14T16:25:30,5.4,4.999315537303217,5
32051,1999-03-02T17:45:58,-68.72,-22.93,124.8,5.9,mw,0.03,0.02,1.1,,142.0,27.0,-109.0,343.0,64.0,-80.0,-5.688e+17,5.659999999999999e+16,5.123e+17,9.86e+16,-4.687e+17,-3.014e+17,GCMT,,slab_deep,83.8857574463,slab_deep,1999-03-02T17:45:58,5.4,4.999315537303217,5
32081,1999-03-05T00:33:52,-69.2,-20.27,123.0,5.8,mw,0.03,0.02,1.2,,190.0,24.0,-62.0,339.0,69.0,-102.0,-3.26e+17,-7.77e+16,4.037e+17,1.589e+17,-3.578e+17,-6.44e+16,GCMT,,slab_deep,81.6103973389,slab_deep,1999-03-05T00:33:52,5.4,4.999315537303217,5
32324,1999-04-03T06:17:24,-72.54,-16.38,89.4,6.8,mw,0.01,0.01,0.6,,112.0,20.0,-87.0,289.0,70.0,-91.0,-1.195e+19,1.15e+19,4.5e+17,1.427e+19,-4.81e+18,-4.8e+18,GCMT,,slab_deep,67.3488464355,slab_deep,1999-04-03T06:17:24,5.4,4.999315537303217,5
32715,1999-05-25T16:42:10,-66.46,-27.9,175.6,5.8,mw,0.03,0.03,1.1,,185.0,52.0,-27.0,292.0,69.0,-139.0,-2.4380000000000003e+17,-6.39e+16,3.078e+17,2.864e+17,2.24e+16,-3.643e+17,GCMT,,slab_deep,142.939193726,slab_deep,1999-05-25T16:42:10,5.4,4.999315537303217,5
32806,1999-06-09T23:25:07,-66.43,-22.21,275.9,5.4,mw,0.1,0.06,3.3,,265.0,42.0,33.0,149.0,69.0,127.0,8.11e+16,-9.3e+16,1.19e+16,6200000000000000.0,-1.0189999999999998e+17,6.28e+16,GCMT,,slab_deep,200.568832397,slab_deep,1999-06-09T23:25:07,5.4,4.999315537303217,5
33241,1999-08-02T01:06:43,-70.1,-33.08,107.9,5.5,mw,0.03,0.02,1.8,,141.0,19.0,-151.0,23.0,81.0,-73.0,-5.91e+16,-5.560000000000001e+16,1.147e+17,-8.11e+16,-1.879e+17,-7600000000000000.0,GCMT,,slab_deep,91.7141799927,slab_deep,1999-08-02T01:06:43,5.4,4.999315537303217,5
33585,1999-09-15T03:01:31,-67.37,-20.73,217.5,6.4,mw,0.01,0.01,0.6,,102.0,21.0,-159.0,351.0,82.0,-70.0,-1.251e+18,8.33e+17,4.18e+17,1.9e+17,-4.102000000000001e+18,-1.47e+18,GCMT,,slab_deep,160.998962402,slab_deep,1999-09-15T03:01:31,5.4,4.999315537303217,5
33998,1999-11-21T03:51:20,-68.89,-21.44,109.3,5.8,mw,0.02,0.01,0.9,,179.0,24.0,-62.0,329.0,69.0,-102.0,-4.596e+17,-700000000000000.0,4.603e+17,2.994e+17,-4.083e+17,-1.405e+17,GCMT,,slab_deep,84.5465545654,slab_deep,1999-11-21T03:51:20,5.4,4.999315537303217,5
34069,1999-11-30T04:01:59,-69.37,-19.01,138.2,6.5,mw,0.01,0.01,0.3,,236.0,19.0,-29.0,354.0,81.0,-107.0,-1.991e+18,-1.252e+18,3.243e+18,6.4e+17,-6.908e+18,1.876e+18,GCMT,,slab_deep,91.8798217773,slab_deep,1999-11-30T04:01:59,5.4,4.999315537303217,5
34250,1999-12-29T12:58:09,-67.772,-23.877,130.0,5.7,mw,,,6.0,0.47,174.0,60.0,22.0,72.0,71.0,148.0,2.6e+16,2.8e+16,-5.5e+16,7.6e+16,-3.2e+16,-8.6e+16,ISC-GEM,,slab_deep,107.541603088,slab_deep,1999-12-29T12:58:09,5.4,4.999315537303217,5
34426,2000-01-26T23:34:04,-66.477,-23.722,221.6,5.4,mw,,,,,,,,,,,,,,,,,USGS,,slab_deep,184.55039978,slab_deep,2000-01-26T23:34:04,5.4,4.999315537303217,5
34950,2000-05-12T18:43:21,-66.55,-23.697,227.0,6.2,mw,,,,,,,,,,,,,,,,,ISC,,slab_deep,180.780090332,slab_deep,2000-05-12T18:43:21,5.4,4.999315537303217,5
34949,2000-05-12T18:43:28,-66.85,-23.72,226.6,7.2,mw,0.0,0.0,0.4,,214.0,12.0,-62.0,5.0,80.0,-96.0,-2.153e+19,-1.51e+18,2.304e+19,-4.85e+18,-6.164e+19,8.72e+18,GCMT,,slab_deep,159.125991821,slab_deep,2000-05-12T18:43:28,5.4,4.999315537303217,5
35131,2000-06-14T03:19:25,-67.11,-23.84,239.6,5.8,mw,0.06,0.09,3.4,,204.0,31.0,-46.0,335.0,68.0,-113.0,-4.3760000000000006e+17,-1.693e+17,6.069e+17,2.653e+17,-4.035e+17,-3.27e+16,GCMT,,slab_deep,141.473800659,slab_deep,2000-06-14T03:19:25,5.4,4.999315537303217,5
35144,2000-06-16T07:55:39,-69.92,-33.95,109.1,6.4,mw,0.01,0.01,0.4,,219.0,33.0,-67.0,11.0,60.0,-105.0,-3.805e+18,2.61e+17,3.544e+18,3.1e+16,-2.307e+18,1.862e+18,GCMT,,slab_deep,107.232643127,slab_deep,2000-06-16T07:55:39,5.4,4.999315537303217,5
35467,2000-08-23T16:15:35,-68.33,-22.55,120.3,5.4,mw,0.06,0.05,3.0,,186.0,26.0,-64.0,337.0,67.0,-102.0,-1.1399999999999998e+17,-3.74e+16,1.514e+17,5.12e+16,-1.123e+17,-3.74e+16,GCMT,,slab_deep,94.2839050293,slab_deep,2000-08-23T16:15:35,5.4,4.999315537303217,5
35486,2000-08-29T18:57:14,-67.617,-27.579,135.2,5.4,mw,,,,,,,,,,,,,,,,,USGS,,slab_deep,108.057701111,slab_deep,2000-08-29T18:57:14,5.4,4.999315537303217,5
35720,2000-10-10T05:48:54,-69.681,-18.222,111.8,5.4,mw,,,,,,,,,,,,,,,,,USGS,,slab_deep,94.6222305298,slab_deep,2000-10-10T05:48:54,5.4,4.999315537303217,5
36114,2000-12-15T12:47:10,-69.736,-21.565,74.7,5.5,mw,,,,,,,,,,,,,,,,,USGS,,slab_deep,54.1949882507,slab_deep,2000-12-15T12:47:10,5.4,4.999315537303217,5
36138,2000-12-20T13:28:40,-66.355,-22.82,222.6,5.7,mw,,,3.8,,,,,,,,,,,,,,USGS,,slab_deep,204.486297607,slab_deep,2000-12-20T13:28:40,5.4,4.999315537303217,5
36453,2001-02-01T22:16:19,-68.792,-31.446,104.7,5.6,mw,,,,,,,,,,,,,,,,,USGS,,slab_deep,96.2269287109,slab_deep,2001-02-01T22:16:19,5.4,5.9986310746064335,6
36631,2001-02-24T17:58:37,-68.69,-20.183,115.9,5.7,mw,,,,,,,,,,,,,,,,,USGS,,slab_deep,98.7300643921,slab_deep,2001-02-24T17:58:37,5.4,5.9986310746064335,6
36758,2001-03-16T04:36:12,-69.37,-20.63,128.6,5.7,mw,0.03,0.02,1.1,,218.0,22.0,-44.0,350.0,75.0,-106.0,-1.881e+17,-1.081e+17,2.962e+17,6.800000000000001e+16,-3.665e+17,6.44e+16,GCMT,,slab_deep,73.7343826294,slab_deep,2001-03-16T04:36:12,5.4,5.9986310746064335,6
36840,2001-03-31T06:54:20,-68.33,-29.49,125.4,5.4,mw,0.04,0.03,1.5,,332.0,43.0,-49.0,102.0,59.0,-122.0,-1.038e+17,8.23e+16,2.15e+16,-5.689999999999999e+16,-1.54e+16,-9.2e+16,GCMT,,slab_deep,89.0372161865,slab_deep,2001-03-31T06:54:20,5.4,5.9986310746064335,6
37125,2001-04-21T18:15:52,-67.28,-28.95,140.5,5.7,mw,0.02,0.02,0.7,,156.0,44.0,-32.0,270.0,68.0,-129.0,-2.234e+17,2.0750000000000003e+17,1.59e+16,2.4500000000000003e+17,1.176e+17,-2.431e+17,GCMT,,slab_deep,103.576408386,slab_deep,2001-04-21T18:15:52,5.4,5.9986310746064335,6
37278,2001-05-08T18:41:55,-69.049,-17.495,142.4,5.4,mw,,,8.2,,,,,,,,,,,,,,USGS,,slab_deep,137.99156189,slab_deep,2001-05-08T18:41:55,5.4,5.9986310746064335,6
37323,2001-05-15T23:53:23,-66.4,-28.15,180.8,5.6,mw,0.04,0.04,1.6,,181.0,54.0,-28.0,288.0,68.0,-141.0,-1.45e+17,-1300000000000000.0,1.462e+17,1.304e+17,1.83e+16,-2.282e+17,GCMT,,slab_deep,139.614089966,slab_deep,2001-05-15T23:53:23,5.4,5.9986310746064335,6
37544,2001-06-18T19:56:58,-69.144,-24.226,86.5,5.8,mw,,,5.1,0.1,167.0,33.0,-75.0,329.0,58.0,-100.0,-4.64e+17,4.01e+16,4.2380000000000006e+17,1.545e+17,-1.752e+17,-1.844e+17,ISC-GEM,,slab_deep,75.0023117065,slab_deep,2001-06-18T19:56:58,5.4,5.9986310746064335,6
37543,2001-06-18T19:57:01,-69.63,-24.45,117.4,5.8,mw,0.02,0.02,0.9,,167.0,33.0,-75.0,329.0,58.0,-100.0,-4.64e+17,4.01e+16,4.2380000000000006e+17,1.545e+17,-1.752e+17,-1.844e+17,GCMT,,slab_deep,62.4329605103,slab_deep,2001-06-18T19:57:01,5.4,5.9986310746064335,6
37548,2001-06-19T09:32:28,-68.31,-22.95,152.6,5.9,mw,0.02,0.02,0.6,,133.0,19.0,-131.0,355.0,75.0,-77.0,-4.316e+17,1.62e+16,4.154e+17,2.42e+16,-7.973e+17,-2.409e+17,GCMT,,slab_deep,93.5182342529,slab_deep,2001-06-19T09:32:28,5.4,5.9986310746064335,6
37790,2001-06-25T22:14:16,-70.53,-17.35,91.2,5.4,mw,0.04,0.03,3.1,,163.0,10.0,-93.0,347.0,80.0,-89.0,-6.770000000000001e+16,1.92e+16,4.85e+16,3.56e+16,-1.521e+17,-9800000000000000.0,GCMT,,slab_deep,92.5416564941,slab_deep,2001-06-25T22:14:16,5.4,5.9986310746064335,6
37990,2001-06-29T18:35:51,-66.284,-19.689,267.0,5.7,mw,,,,,335.0,76.0,-90.0,155.0,14.0,-90.0,-7.83e+17,-1.71e+17,9.54e+17,5.13e+17,-1.089e+18,-4.9e+16,ISC,,slab_deep,250.689315796,slab_deep,2001-06-29T18:35:51,5.4,5.9986310746064335,6
37989,2001-06-29T18:35:56,-66.39,-19.68,287.2,6.1,mw,0.01,0.01,0.5,,199.0,22.0,-52.0,339.0,73.0,-104.0,-7.83e+17,-1.71e+17,9.54e+17,5.13e+17,-1.089e+18,-4.9e+16,GCMT,,slab_deep,243.437469482,slab_deep,2001-06-29T18:35:56,5.4,5.9986310746064335,6
38103,2001-07-05T13:53:53,-73.6,-16.07,69.1,6.5,mw,0.01,0.01,0.5,,118.0,22.0,-89.0,297.0,68.0,-91.0,-5.123e+18,4.52e+18,6.03e+17,5.108e+18,-2.579e+18,-2.802e+18,GCMT,,slab_deep,51.5061759949,slab_deep,2001-07-05T13:53:53,5.4,5.9986310746064335,6
38564,2001-08-09T03:33:50,-69.42,-18.25,129.9,5.6,mw,0.05,0.05,2.0,,122.0,21.0,-120.0,335.0,72.0,-79.0,-1.329e+17,3.57e+16,9.72e+16,8.69e+16,-1.896e+17,-1.2250000000000002e+17,GCMT,,slab_deep,104.1355896,slab_deep,2001-08-09T03:33:50,5.4,5.9986310746064335,6
39010,2001-10-12T00:40:00,-66.87,-24.52,202.4,5.4,mw,0.05,0.06,2.5,,199.0,24.0,-111.0,42.0,67.0,-81.0,-1.062e+17,1.78e+16,8.84e+16,-8.09e+16,-8.46e+16,7.58e+16,GCMT,,slab_deep,152.533920288,slab_deep,2001-10-12T00:40:00,5.4,5.9986310746064335,6
39133,2001-10-17T02:34:47,-68.96,-28.43,135.6,5.4,mw,0.04,0.04,1.5,,310.0,34.0,-119.0,163.0,60.0,-72.0,-1.159e+17,3.33e+16,8.26e+16,3000000000000000.0,7.24e+16,-6.04e+16,GCMT,,slab_deep,87.3403167725,slab_deep,2001-10-17T02:34:47,5.4,5.9986310746064335,6
39159,2001-10-20T13:26:40,-68.82,-22.26,128.0,5.4,mw,0.04,0.04,1.8,,187.0,8.0,-87.0,4.0,82.0,-90.0,-4.41e+16,-4000000000000000.0,4.81e+16,-1.12e+16,-1.54e+17,5100000000000000.0,GCMT,,slab_deep,83.8057098389,slab_deep,2001-10-20T13:26:40,5.4,5.9986310746064335,6
39723,2001-12-03T13:25:10,-69.421,-19.594,99.4,5.4,mw,,,5.3,0.61,,,,,,,,,,,,,ISC-GEM,,slab_deep,81.1610717773,slab_deep,2001-12-03T13:25:10,5.4,5.9986310746064335,6
40727,2002-02-08T08:05:02,-71.568,-34.776,69.0,5.5,mw,,,10.5,,,,,,,,,,,,,,USGS,,slab_deep,56.8737068176,slab_deep,2002-02-08T08:05:02,5.4,5.9986310746064335,6
40889,2002-02-21T08:57:49,-67.3,-31.77,134.2,5.4,mw,0.05,0.05,1.7,,131.0,33.0,-149.0,15.0,74.0,-61.0,-7.131e+16,-1.059e+16,8.19e+16,-6.245e+16,-9.371e+16,-4.49e+16,GCMT,,slab_deep,105.6197052,slab_deep,2002-02-21T08:57:49,5.4,5.9986310746064335,6
40900,2002-02-22T23:10:56,-70.12,-25.51,48.4,5.4,mw,,,,,5.0,24.0,93.0,182.0,66.0,89.0,8.291e+16,1.208e+16,-9.499e+16,-2450000000000000.0,-7.782e+16,-6889999999999999.0,USGS,,slab_deep,53.6135826111,slab_deep,2002-02-22T23:10:56,5.4,5.9986310746064335,6
40954,2002-02-26T08:32:57,-69.83,-17.97,100.4,5.4,mw,0.05,0.04,3.5,,215.0,22.0,-21.0,324.0,83.0,-110.0,-2.98e+16,-4.31e+16,7.29e+16,7.43e+16,-1.073e+17,-1.02e+16,GCMT,,slab_deep,95.3492889404,slab_deep,2002-02-26T08:32:57,5.4,5.9986310746064335,6
41092,2002-03-07T22:51:42,-66.258,-22.498,262.0,5.5,mw,,,,,,,,,,,,,,,,,USGS,,slab_deep,214.139602661,slab_deep,2002-03-07T22:51:42,5.4,5.9986310746064335,6
41210,2002-03-18T03:10:03,-69.13,-20.33,111.5,5.5,mw,0.03,0.02,1.7,,200.0,30.0,-20.0,308.0,80.0,-118.0,-7.009999999999999e+16,-6.08e+16,1.309e+17,1.65e+17,-1.0289999999999998e+17,-6.03e+16,GCMT,,slab_deep,82.5188674927,slab_deep,2002-03-18T03:10:03,5.4,5.9986310746064335,6
41340,2002-03-28T04:56:30,-68.57,-21.69,137.8,6.5,mw,0.01,0.01,0.4,,270.0,13.0,-4.0,4.0,89.0,-103.0,2.2e+16,-2.84e+17,2.63e+17,-5.06e+17,-5.701e+18,1.371e+18,GCMT,,slab_deep,92.8316421509,slab_deep,2002-03-28T04:56:30,5.4,5.9986310746064335,6
41589,2002-04-18T23:24:06,-70.391,-27.582,52.7,5.4,mw,,,,,,,,,,,,,,,,,USGS,,slab_deep,54.9469604492,slab_deep,2002-04-18T23:24:06,5.4,5.9986310746064335,6
42964,2002-08-30T21:57:30,-66.562,-23.601,184.9,5.4,mw,,,6.1,,,,,,,,,,,,,,USGS,,slab_deep,181.749710083,slab_deep,2002-08-30T21:57:30,5.4,5.9986310746064335,6
43183,2002-09-24T03:57:26,-69.12,-31.48,119.9,6.2,mw,0.02,0.01,0.6,,27.0,39.0,-94.0,212.0,51.0,-87.0,-2.633e+18,5.68e+17,2.065e+18,3.91e+17,4.63e+17,1.278e+18,GCMT,,slab_deep,99.002456665,slab_deep,2002-09-24T03:57:26,5.4,5.9986310746064335,6
43790,2002-11-19T04:14:18,-69.044,-29.763,126.8,5.8,mw,,,87.2,,,,,,,,,,,,,,CSN-improved,,slab_deep,90.0787887573,slab_deep,2002-11-19T04:14:18,5.4,5.9986310746064335,6
44295,2003-01-07T00:54:55,-70.22,-33.6,112.8,5.7,mw,0.03,0.02,1.3,,199.0,28.0,-70.0,356.0,64.0,-100.0,-3.17e+17,-1.92e+16,3.37e+17,4.58e+16,-2.52e+17,4.55e+16,GCMT,,slab_deep,92.1329345703,slab_deep,2003-01-07T00:54:55,5.4,5.9986310746064335,6
44296,2003-01-07T17:27:12,-68.673,-21.233,111.1,5.4,mw,,,,,,,,,,,,,,,,,USGS,,slab_deep,92.3639373779,slab_deep,2003-01-07T17:27:12,5.4,5.9986310746064335,6
44513,2003-01-28T07:56:24,-65.162,-30.646,168.2,5.5,mw,,,6.1,,,,,,,,,,,,,,USGS,,slab_deep,174.772293091,slab_deep,2003-01-28T07:56:24,5.4,5.9986310746064335,6
44759,2003-02-21T12:10:55,-69.542,-17.748,152.0,5.4,mw,,,,,,,,,,,,,,,,,ISC,,slab_deep,110.618286133,slab_deep,2003-02-21T12:10:55,5.4,5.9986310746064335,6
45404,2003-04-10T01:33:40,-68.566,-20.962,113.8,5.4,mw,,,,,,,,,,,,,,,,,USGS,,slab_deep,97.1940841675,slab_deep,2003-04-10T01:33:40,5.4,5.9986310746064335,6
45825,2003-05-15T03:38:22,-67.864,-24.15,111.1,5.5,mw,,,13.9,,,,,,,,,,,,,,USGS,,slab_deep,103.376701355,slab_deep,2003-05-15T03:38:22,5.4,5.9986310746064335,6
45855,2003-05-18T21:10:25,-69.18,-31.46,122.3,5.4,mw,0.03,0.02,0.8,,43.0,41.0,-82.0,213.0,49.0,-97.0,-1.32e+17,4.6e+16,8.6e+16,3599999999999999.5,2.13e+16,8.31e+16,GCMT,,slab_deep,99.4703598022,slab_deep,2003-05-18T21:10:25,5.4,5.9986310746064335,6
45957,2003-05-27T08:29:49,-68.7,-31.32,127.5,5.5,mw,0.03,0.02,0.9,,223.0,37.0,-75.0,25.0,54.0,-101.0,-2.16e+17,6.52e+16,1.51e+17,-6800000000000000.0,-7.59e+16,1.04e+17,GCMT,,slab_deep,94.483291626,slab_deep,2003-05-27T08:29:49,5.4,5.9986310746064335,6
47354,2003-07-27T11:41:31,-65.19,-20.05,350.6,6.0,mw,0.01,0.01,0.7,,126.0,12.0,-118.0,335.0,79.0,-84.0,-3.98e+17,1.65e+17,2.34e+17,4.09e+17,-9.2e+17,-2.06e+17,GCMT,,slab_deep,333.347564697,slab_deep,2003-07-27T11:41:31,5.4,5.9986310746064335,6
48066,2003-09-15T11:44:13,-68.69,-19.645,130.0,5.8,mw,,,,,,,,,,,,,,,,,ISC,,slab_deep,106.728744507,slab_deep,2003-09-15T11:44:13,5.4,5.9986310746064335,6
48091,2003-09-17T21:34:51,-68.43,-21.67,136.0,5.7,mw,0.02,0.02,0.7,,176.0,35.0,-110.0,21.0,58.0,-76.0,-3.44e+17,-4.05e+16,3.85e+17,-9.8e+16,-1.43e+17,6.879999999999999e+16,GCMT,,slab_deep,96.0568466187,slab_deep,2003-09-17T21:34:51,5.4,5.9986310746064335,6
48990,2003-11-25T04:43:44,-67.66,-23.25,175.1,5.6,mw,0.03,0.02,0.8,,249.0,50.0,34.0,135.0,65.0,134.0,1.66e+17,-2.68e+17,1.02e+17,2.52e+16,-1.86e+17,7.73e+16,GCMT,,slab_deep,115.719245911,slab_deep,2003-11-25T04:43:44,5.4,5.9986310746064335,6
49079,2003-12-02T00:18:23,-68.072,-22.154,119.9,5.5,mw,,,,,,,,,,,,,,,,,USGS,,slab_deep,107.308372498,slab_deep,2003-12-02T00:18:23,5.4,5.9986310746064335,6
49582,2004-01-15T07:52:50,-69.415,-24.925,76.1,5.5,mw,,,,,,,,,,,,,,,,,USGS,,slab_deep,72.5145797729,slab_deep,2004-01-15T07:52:50,5.4,5.9986310746064335,6
49911,2004-02-14T19:36:08,-67.308,-24.595,160.0,5.4,mw,,,0.0,,,,,,,,,,,,,,CSN-improved,,slab_deep,126.49861908,slab_deep,2004-02-14T19:36:08,5.4,5.9986310746064335,6
50270,2004-03-17T03:21:07,-65.65,-21.137,285.0,5.6,mw,,,,,38.0,85.0,-90.0,218.0,5.0,-90.0,-4.13e+17,7.75e+17,-3.62e+17,-6.5e+17,-1.22e+18,5.04e+17,ISC,,slab_deep,264.326080322,slab_deep,2004-03-17T03:21:07,5.4,5.9986310746064335,6
50269,2004-03-17T03:21:10,-65.6,-21.24,297.0,6.1,mw,0.02,0.01,1.0,,286.0,28.0,-18.0,32.0,82.0,-117.0,-4.13e+17,7.75e+17,-3.62e+17,-6.5e+17,-1.22e+18,5.04e+17,GCMT,,slab_deep,267.281646729,slab_deep,2004-03-17T03:21:10,5.4,5.9986310746064335,6
50432,2004-03-31T03:23:28,-68.02,-25.52,137.3,5.4,mw,0.02,0.01,1.3,,337.0,67.0,11.0,243.0,80.0,156.0,1.83e+16,1.1000000000000002e+17,-1.28e+17,-7.31e+16,-3700000000000000.0,-9.91e+16,GCMT,,slab_deep,98.3847885132,slab_deep,2004-03-31T03:23:28,5.4,5.9986310746064335,6
51183,2004-05-30T16:44:00,-70.83,-17.42,125.4,5.4,mw,0.02,0.01,1.3,,166.0,20.0,-56.0,310.0,73.0,-102.0,-8.03e+16,1.54e+16,6.49e+16,1.09e+17,-8.95e+16,-7.009999999999999e+16,GCMT,,slab_deep,82.070526123,slab_deep,2004-05-30T16:44:00,5.4,5.9986310746064335,6
51376,2004-06-17T01:16:05,-68.69,-21.53,124.0,5.6,mw,0.02,0.01,1.4,,230.0,50.0,-18.0,332.0,76.0,-138.0,-8.34e+16,-1.49e+17,2.32e+17,1.34e+17,-1.21e+17,8.21e+16,GCMT,,slab_deep,89.4521255493,slab_deep,2004-06-17T01:16:05,5.4,5.9986310746064335,6
51375,2004-06-17T03:15:49,-70.129,-31.706,133.0,5.7,mw,,,6.6,,,,,,,,,,,,,,CSN-improved,,slab_deep,93.6090774536,slab_deep,2004-06-17T03:15:49,5.4,5.9986310746064335,6
52712,2004-09-22T23:08:52,-69.333,-18.846,100.0,5.4,mw,,,,,,,,,,,,,,,,,ISC,,slab_deep,94.4543457031,slab_deep,2004-09-22T23:08:52,5.4,5.9986310746064335,6
52842,2004-10-02T03:01:29,-68.8,-20.23,157.1,5.4,mw,0.01,0.01,1.1,,265.0,5.0,19.0,156.0,88.0,94.0,1.1e+16,-1.45e+16,3500000000000000.5,5.91e+16,-1.3500000000000002e+17,6900000000000001.0,GCMT,,slab_deep,94.6904754639,slab_deep,2004-10-02T03:01:29,5.4,5.9986310746064335,6
53016,2004-10-15T15:05:43,-67.382,-27.891,175.4,5.4,mw,,,42.6,,,,,,,,,,,,,,CSN-improved,,slab_deep,110.413887024,slab_deep,2004-10-15T15:05:43,5.4,5.9986310746064335,6
53389,2004-11-11T09:11:48,-69.83,-17.34,154.5,5.4,mw,0.02,0.01,1.6,,189.0,39.0,-35.0,308.0,69.0,-123.0,-7.89e+16,-2e+16,9.89e+16,8.63e+16,-2.97e+16,-5.21e+16,GCMT,,slab_deep,112.780815125,slab_deep,2004-11-11T09:11:48,5.4,5.9986310746064335,6
54084,2005-01-06T13:35:22,-68.57,-21.68,145.0,5.4,mw,0.02,0.02,1.4,,108.0,36.0,172.0,204.0,85.0,54.0,1.94e+16,-7.29e+16,5.35e+16,-2e+16,-1.1499999999999998e+17,-4.74e+16,GCMT,,slab_deep,92.8316421509,slab_deep,2005-01-06T13:35:22,5.4,5.9986310746064335,6
54886,2005-03-21T04:04:54,-67.307,-24.148,200.0,5.7,mw,,,0.0,,,,,,,,,,,,,,CSN-improved,,slab_deep,128.226257324,slab_deep,2005-03-21T04:04:54,5.4,5.9986310746064335,6
55241,2005-04-16T22:41:19,-69.95,-17.77,129.6,5.8,mw,0.01,0.01,0.8,,197.0,24.0,-36.0,320.0,76.0,-110.0,-2.65e+17,-9.68e+16,3.62e+17,3.66e+17,-3.76e+17,-1.02e+17,GCMT,,slab_deep,97.3163757324,slab_deep,2005-04-16T22:41:19,5.4,5.9986310746064335,6
55665,2005-05-25T13:49:36,-66.83,-27.765,179.0,5.6,mw,,,53.5,,,,,,,,,,,,,,CSN-improved,,slab_deep,128.851577759,slab_deep,2005-05-25T13:49:36,5.4,5.9986310746064335,6
55774,2005-06-02T10:56:00,-67.046,-24.225,186.0,5.7,mw,,,,,175.0,35.0,-100.0,7.0,56.0,-83.0,-1.07e+18,-1.76e+17,1.25e+18,-1.32e+17,-7.01e+17,1.52e+17,ISC,,slab_deep,142.016616821,slab_deep,2005-06-02T10:56:00,5.4,5.9986310746064335,6
55773,2005-06-02T10:56:03,-67.21,-24.35,193.2,6.0,mw,0.01,0.01,0.6,,183.0,29.0,-95.0,9.0,61.0,-87.0,-1.07e+18,-1.76e+17,1.25e+18,-1.32e+17,-7.01e+17,1.52e+17,GCMT,,slab_deep,132.862457275,slab_deep,2005-06-02T10:56:03,5.4,5.9986310746064335,6
55927,2005-06-13T22:44:40,-69.23,-20.02,94.5,7.8,mw,0.01,0.01,0.4,,182.0,23.0,-81.0,352.0,67.0,-94.0,-3.7e+20,-2.72e+19,3.97e+20,6.15e+19,-3.63e+20,-2.36e+19,GCMT,,slab_deep,82.0689315796,slab_deep,2005-06-13T22:44:40,5.4,5.9986310746064335,6
56111,2005-06-21T05:11:22,-69.3,-20.14,120.9,5.5,mw,0.01,0.01,1.1,,158.0,23.0,-104.0,354.0,67.0,-84.0,-1.34e+17,9800000000000000.0,1.24e+17,6600000000000000.0,-1.31e+17,-3.12e+16,GCMT,,slab_deep,78.9918136597,slab_deep,2005-06-21T05:11:22,5.4,5.9986310746064335,6
56427,2005-07-11T03:35:11,-66.897,-27.924,160.7715,5.4,mw,,,,,,,,,,,,,,,,,CSN-improved,,slab_deep,125.159881592,slab_deep,2005-07-11T03:35:11,5.4,5.9986310746064335,6
56452,2005-07-13T12:06:17,-70.41,-17.95,101.5,5.7,mw,0.01,0.01,1.0,,118.0,33.0,-113.0,325.0,60.0,-75.0,-3.87e+17,2.18e+17,1.69e+17,8.76e+16,-2.16e+17,-2.42e+17,GCMT,,slab_deep,77.3455505371,slab_deep,2005-07-13T12:06:17,5.4,5.9986310746064335,6
56853,2005-08-06T07:36:32,-69.74,-17.58,149.2,5.4,mw,0.02,0.01,1.2,,190.0,30.0,-43.0,319.0,70.0,-113.0,-8.87e+16,-1.14e+16,1e+17,8.48e+16,-6.13e+16,-3.07e+16,GCMT,,slab_deep,108.013618469,slab_deep,2005-08-06T07:36:32,5.4,5.9986310746064335,6
56970,2005-08-14T02:39:42,-69.36,-19.89,129.1,5.8,mw,0.01,0.01,0.9,,165.0,17.0,-93.0,348.0,73.0,-89.0,-2.8e+17,-2.83e+16,3.08e+17,8.87e+16,-4.43e+17,-8.11e+16,GCMT,,slab_deep,79.5412826538,slab_deep,2005-08-14T02:39:42,5.4,5.9986310746064335,6
57358,2005-09-09T11:26:05,-69.397,-31.649,149.2,5.8,mw,,,10.8,,,,,,,,,,,,,,CSN-improved,,slab_deep,101.534675598,slab_deep,2005-09-09T11:26:05,5.4,5.9986310746064335,6
57357,2005-09-09T11:26:07,-69.136,-31.68,112.6,6.2,mw,,,,,,,,,,,,,,,,,USGS,,slab_deep,100.792617798,slab_deep,2005-09-09T11:26:07,5.4,5.9986310746064335,6
57807,2005-10-08T11:36:47,-69.055,-24.893,126.4055,5.6,mw,,,,,,,,,,,,,,,,,CSN-improved,,slab_deep,79.6740646362,slab_deep,2005-10-08T11:36:47,5.4,5.9986310746064335,6
57938,2005-10-17T19:23:04,-69.87,-17.98,134.0,5.7,mw,0.01,0.01,1.1,,238.0,22.0,-27.0,353.0,80.0,-110.0,-1.42e+17,-6.1e+16,2.03e+17,6.889999999999999e+16,-4.3e+17,1.3600000000000002e+17,GCMT,,slab_deep,94.138343811,slab_deep,2005-10-17T19:23:04,5.4,5.9986310746064335,6
58039,2005-10-23T04:49:15,-68.816,-22.001,122.1,5.4,mw,,,12.0,,268.0,8.0,-7.0,5.0,89.0,-98.0,-9800000000000000.0,1.07e+16,-800000000000000.0,-1.66e+16,-2.03e+17,2.85e+16,CSN-improved,,slab_deep,84.7812271118,slab_deep,2005-10-23T04:49:15,5.4,5.9986310746064335,6
58038,2005-10-23T04:49:21,-68.81,-21.85,135.1,5.5,mw,0.01,0.01,1.0,,268.0,8.0,-7.0,5.0,89.0,-98.0,-9800000000000000.0,1.07e+16,-800000000000000.0,-1.66e+16,-2.03e+17,2.85e+16,GCMT,,slab_deep,85.4209899902,slab_deep,2005-10-23T04:49:21,5.4,5.9986310746064335,6
58299,2005-11-12T02:22:48,-66.717,-24.214,181.7405,5.7,mw,,,,,,,,,,,,,,,,,CSN-improved,,slab_deep,165.160324097,slab_deep,2005-11-12T02:22:48,5.4,5.9986310746064335,6
58352,2005-11-17T19:27:00,-68.13,-22.46,155.3,6.8,mw,0.01,0.01,0.4,,126.0,26.0,-149.0,7.0,77.0,-68.0,-7.03e+18,-3.65e+18,1.07e+19,-2.36e+18,-1.56e+19,-5.79e+18,GCMT,,slab_deep,101.37260437,slab_deep,2005-11-17T19:27:00,5.4,5.9986310746064335,6
58657,2005-12-12T04:06:55,-67.118,-24.218,180.3107,5.5,mw,,,,,,,,,,,,,,,,,CSN-improved,,slab_deep,139.322631836,slab_deep,2005-12-12T04:06:55,5.4,5.9986310746064335,6
58658,2005-12-12T05:04:54,-67.378,-24.526,178.9,5.4,mw,,,13.6,,,,,,,,,,,,,,CSN-improved,,slab_deep,121.777999878,slab_deep,2005-12-12T05:04:54,5.4,5.9986310746064335,6
58752,2005-12-19T11:33:57,-67.136,-27.897,180.7,5.8,mw,,,32.7,,,,,,,,,,,,,,CSN-improved,,slab_deep,117.005577087,slab_deep,2005-12-19T11:33:57,5.4,5.9986310746064335,6
58896,2005-12-31T12:39:28,-71.549,-39.966,129.3914,5.6,mw,,,,,,,,,,,,,,,,,CSN-improved,,slab_deep,123.886680603,slab_deep,2005-12-31T12:39:28,5.4,5.9986310746064335,6
58968,2006-01-04T13:01:37,-66.34,-23.12,249.2,5.4,mw,0.03,0.02,2.6,,261.0,29.0,3.0,168.0,88.0,119.0,1.54e+16,-6.5e+16,4.95e+16,1799999999999999.8,-1.65e+17,7.19e+16,GCMT,,slab_deep,202.016342163,slab_deep,2006-01-04T13:01:37,5.4,5.9986310746064335,6
59838,2006-03-05T04:44:57,-67.399,-24.23,170.0,5.5,mw,,,0.0,,,,,,,,,,,,,,CSN-improved,,slab_deep,122.67351532,slab_deep,2006-03-05T04:44:57,5.4,5.9986310746064335,6
59923,2006-03-12T23:00:04,-67.232,-21.878,168.0,5.6,mw,,,0.0,,,,,,,,,,,,,,CSN-improved,,slab_deep,151.082885742,slab_deep,2006-03-12T23:00:04,5.4,5.9986310746064335,6
59951,2006-03-14T04:03:14,-69.55,-28.49,120.0,5.4,mw,,,0.0,,,,,,,,,,,,,,CSN-improved,,slab_deep,85.0440368652,slab_deep,2006-03-14T04:03:14,5.4,5.9986310746064335,6
60546,2006-04-22T19:27:27,-66.732,-27.972,164.0991,5.4,mw,,,,,,,,,,,,,,,,,CSN-improved,,slab_deep,129.97517395,slab_deep,2006-04-22T19:27:27,5.4,5.9986310746064335,6
61732,2006-06-25T04:15:20,-66.56,-23.233,250.0,5.4,mw,,,0.0,,,,,,,,,,,,,,CSN-improved,,slab_deep,185.192626953,slab_deep,2006-06-25T04:15:20,5.4,5.9986310746064335,6
61769,2006-06-27T02:07:32,-68.695,-22.762,115.0,5.7,mw,,,0.0,,156.0,11.0,-110.0,356.0,80.0,-86.0,-6.25e+16,-5900000000000000.0,6.840000000000001e+16,1.21e+16,-1.83e+17,-1.78e+16,CSN-improved,,slab_deep,84.4997711182,slab_deep,2006-06-27T02:07:32,5.4,5.9986310746064335,6
61772,2006-06-27T02:07:33,-68.442,-22.521,110.0,5.4,mw,,,,,156.0,11.0,-110.0,356.0,80.0,-86.0,-6.25e+16,-5900000000000000.0,6.840000000000001e+16,1.21e+16,-1.83e+17,-1.78e+16,ISC,,slab_deep,91.7281951904,slab_deep,2006-06-27T02:07:33,5.4,5.9986310746064335,6
61770,2006-06-27T02:07:37,-68.92,-22.51,133.6,5.5,mw,0.01,0.0,0.9,,156.0,11.0,-110.0,356.0,80.0,-86.0,-6.25e+16,-5900000000000000.0,6.840000000000001e+16,1.21e+16,-1.83e+17,-1.78e+16,GCMT,,slab_deep,80.4848937988,slab_deep,2006-06-27T02:07:37,5.4,5.9986310746064335,6
61771,2006-06-27T11:24:40,-68.89,-21.42,133.7,5.5,mw,0.01,0.01,0.9,,189.0,19.0,-56.0,333.0,74.0,-101.0,-1.02e+17,-200000000000000.0,1.03e+17,8.24e+16,-1.3500000000000002e+17,-1.26e+16,GCMT,,slab_deep,84.7672271729,slab_deep,2006-06-27T11:24:40,5.4,5.9986310746064335,6
61941,2006-07-08T09:13:05,-67.38,-28.69,152.5,5.5,mw,0.01,0.01,0.8,,159.0,37.0,-68.0,312.0,56.0,-106.0,-1.74e+17,5.01e+16,1.24e+17,7.31e+16,-2.7800000000000004e+16,-9.87e+16,GCMT,,slab_deep,103.940116882,slab_deep,2006-07-08T09:13:05,5.4,5.9986310746064335,6
62602,2006-08-24T09:15:57,-67.071,-24.368,200.0,5.4,mw,,,0.0,,,,,,,,,,,,,,CSN-improved,,slab_deep,141.418991089,slab_deep,2006-08-24T09:15:57,5.4,5.9986310746064335,6
62623,2006-08-25T00:44:45,-66.974,-24.364,181.0,5.9,mw,,,,,200.0,35.0,-50.0,334.0,64.0,-114.0,-6.17e+18,-1.59e+18,7.76e+18,3.93e+18,-3.37e+18,-1.91e+18,ISC,,slab_deep,147.457901001,slab_deep,2006-08-25T00:44:45,5.4,5.9986310746064335,6
62622,2006-08-25T00:44:51,-67.18,-24.44,185.8,6.6,mw,0.01,0.0,0.4,,194.0,36.0,-48.0,326.0,64.0,-115.0,-6.17e+18,-1.59e+18,7.76e+18,3.93e+18,-3.37e+18,-1.91e+18,GCMT,,slab_deep,132.400985718,slab_deep,2006-08-25T00:44:51,5.4,5.9986310746064335,6
62929,2006-09-12T13:30:59,-69.13,-29.19,113.7,5.9,mw,0.01,0.01,0.6,,309.0,27.0,-115.0,156.0,66.0,-78.0,-6.01e+17,1.4299999999999998e+17,4.58e+17,-2.07e+17,5.4900000000000006e+17,-4.61e+17,GCMT,,slab_deep,87.6047363281,slab_deep,2006-09-12T13:30:59,5.4,5.9986310746064335,6
63033,2006-09-17T09:34:13,-66.951,-31.668,136.0,5.7,mw,,,,,25.0,80.0,-60.0,132.0,31.0,-161.0,-7.6e+17,-1.4299999999999998e+17,9.03e+17,-1.01e+18,-1.77e+18,-2.03e+17,ISC,,slab_deep,109.057342529,slab_deep,2006-09-17T09:34:13,5.4,5.9986310746064335,6
63032,2006-09-17T09:34:17,-67.15,-31.9,146.1,6.2,mw,0.01,0.0,0.4,,147.0,17.0,-147.0,25.0,81.0,-76.0,-7.6e+17,-1.4299999999999998e+17,9.03e+17,-1.01e+18,-1.77e+18,-2.03e+17,GCMT,,slab_deep,112.174545288,slab_deep,2006-09-17T09:34:17,5.4,5.9986310746064335,6
63070,2006-09-19T10:51:44,-67.369,-24.153,220.0,5.4,mw,,,0.0,,,,,,,,,,,,,,CSN-improved,,slab_deep,125.560317993,slab_deep,2006-09-19T10:51:44,5.4,5.9986310746064335,6
63164,2006-09-24T21:08:43,-67.18,-31.89,151.6,5.6,mw,0.01,0.01,0.7,,122.0,34.0,-131.0,348.0,65.0,-66.0,-3e+17,1.68e+17,1.32e+17,-9.57e+16,-2.55e+17,-9.25e+16,GCMT,,slab_deep,111.259277344,slab_deep,2006-09-24T21:08:43,5.4,5.9986310746064335,6
63165,2006-09-24T21:57:02,-72.076,-35.727,44.3,5.5,mw,,,4.8,,,,,,,,,,,,,,CSN-improved,,slab_deep,53.6427497864,slab_deep,2006-09-24T21:57:02,5.4,5.9986310746064335,6
63380,2006-10-07T08:21:00,-69.27,-24.13,120.9,5.7,mw,0.01,0.01,0.8,,132.0,35.0,-101.0,326.0,55.0,-82.0,-4.64e+17,2.05e+17,2.58e+17,6.12e+16,-1.65e+17,-2.03e+17,GCMT,,slab_deep,72.3027267456,slab_deep,2006-10-07T08:21:00,5.4,5.9986310746064335,6
63617,2006-10-17T04:02:44,-68.47,-21.09,149.9,5.9,mw,0.02,0.01,1.6,,170.0,68.0,-18.0,266.0,73.0,-157.0,-2.55e+17,3.42e+17,-8.6e+16,2.7300000000000003e+17,2.41e+17,-8.53e+17,GCMT,,slab_deep,99.4537506104,slab_deep,2006-10-17T04:02:44,5.4,5.9986310746064335,6
63730,2006-10-23T21:00:50,-65.75,-21.77,287.6,5.8,mw,0.05,0.03,1.5,,117.0,8.0,-149.0,357.0,86.0,-83.0,-7.59e+16,-2.1e+16,9.69e+16,3.74e+16,-6.38e+17,-8.54e+16,GCMT,,slab_deep,254.213394165,slab_deep,2006-10-23T21:00:50,5.4,5.9986310746064335,6
63968,2006-11-07T13:25:41,-68.68,-21.85,139.6,5.6,mw,0.01,0.01,0.9,,282.0,13.0,13.0,179.0,87.0,103.0,2.67e+16,5900000000000000.0,-3.26e+16,5100000000000000.0,-2.94e+17,6.830000000000001e+16,GCMT,,slab_deep,88.0292816162,slab_deep,2006-11-07T13:25:41,5.4,5.9986310746064335,6
64079,2006-11-14T22:22:14,-68.76,-23.37,116.1,5.7,mw,0.01,0.01,0.8,,143.0,27.0,-111.0,346.0,64.0,-80.0,-3e+17,-2.72e+16,3.28e+17,5.39e+16,-2.7200000000000003e+17,-1.87e+17,GCMT,,slab_deep,82.0241546631,slab_deep,2006-11-14T22:22:14,5.4,5.9986310746064335,6
64191,2006-11-20T10:15:42,-67.717,-27.857,190.3802,5.8,mw,,,,,,,,,,,,,,,,,CSN-improved,,slab_deep,104.509460449,slab_deep,2006-11-20T10:15:42,5.4,5.9986310746064335,6
64192,2006-11-20T14:38:33,-70.18,-18.1,69.0,5.5,mw,0.01,0.01,0.9,,220.0,41.0,28.0,108.0,72.0,127.0,1.01e+17,-1.87e+17,8.58e+16,1.23e+17,-5.22e+16,-6.69e+16,GCMT,,slab_deep,80.0419082642,slab_deep,2006-11-20T14:38:33,5.4,5.9986310746064335,6
64269,2006-11-27T17:31:51,-72.07,-16.26,135.2,5.7,mw,0.01,0.01,0.9,,191.0,61.0,15.0,93.0,77.0,151.0,1.56e+16,-7.81e+16,6.26e+16,2.28e+17,-1.96e+17,-3.63e+17,GCMT,,slab_deep,89.071434021,slab_deep,2006-11-27T17:31:51,5.4,5.9986310746064335,6
64785,2007-01-04T09:27:35,-70.244,-17.356,113.7,5.4,mw,,,,,,,,,,,,,,,,,USGS,,slab_deep,100.790779114,slab_deep,2007-01-04T09:27:35,5.3,3.0006844626967832,7
65124,2007-01-28T02:46:33,-66.952,-27.99,170.0,5.5,mw,,,0.0,,,,,,,,,,,,,,CSN-improved,,slab_deep,122.222702026,slab_deep,2007-01-28T02:46:33,5.3,3.0006844626967832,7
65137,2007-01-29T21:42:20,-66.657,-27.943,165.6,5.3,mw,,,,,,,,,,,,,,,,,USGS,,slab_deep,133.810470581,slab_deep,2007-01-29T21:42:20,5.3,3.0006844626967832,7
65300,2007-02-10T06:03:05,-72.26,-43.26,162.3,5.5,mw,0.01,0.01,1.0,,207.0,6.0,117.0,360.0,84.0,87.0,2.31e+16,5.17e+16,-7.48e+16,1500000000000000.0,2.41e+17,-1.24e+16,GCMT,,slab_deep,114.43359375,slab_deep,2007-02-10T06:03:05,5.3,3.0006844626967832,7
65473,2007-02-24T13:33:05,-68.027,-21.492,126.3,5.4,mw,,,,,,,,,,,,,,,,,USGS,,slab_deep,112.013145447,slab_deep,2007-02-24T13:33:05,5.3,3.0006844626967832,7
65501,2007-02-26T17:58:27,-68.938,-20.161,100.5,5.5,mw,,,,,,,,,,,,,,,,,USGS,,slab_deep,90.6738052368,slab_deep,2007-02-26T17:58:27,5.3,3.0006844626967832,7
65705,2007-03-14T21:34:01,-68.982,-19.987,103.0,5.3,mw,,,,,,,,,,,,,,,,,USGS,,slab_deep,90.5167236328,slab_deep,2007-03-14T21:34:01,5.3,3.0006844626967832,7
66083,2007-04-05T00:15:57,-67.983,-21.467,117.0,5.3,mw,,,,,,,,,,,,,,,,,ISC,,slab_deep,114.695732117,slab_deep,2007-04-05T00:15:57,5.3,3.0006844626967832,7
66180,2007-04-09T14:16:19,-67.028,-24.481,157.7,5.3,mw,,,9.2,,,,,,,,,,,,,,USGS,,slab_deep,140.499069214,slab_deep,2007-04-09T14:16:19,5.3,3.0006844626967832,7
66337,2007-04-18T01:08:11,-66.689,-24.118,204.7,5.6,mw,,,5.2,0.1,346.0,71.0,-126.0,232.0,41.0,-31.0,-1.59e+17,-7.71e+16,2.36e+17,1.03e+17,-1.76e+17,1.18e+17,ISC-GEM,,slab_deep,166.076705933,slab_deep,2007-04-18T01:08:11,5.3,3.0006844626967832,7
66338,2007-04-18T01:08:15,-66.9,-24.2,218.1,5.6,mw,0.01,0.01,1.0,,232.0,41.0,-31.0,346.0,71.0,-126.0,-1.59e+17,-7.71e+16,2.36e+17,1.03e+17,-1.76e+17,1.18e+17,GCMT,,slab_deep,151.704742432,slab_deep,2007-04-18T01:08:15,5.3,3.0006844626967832,7
66353,2007-04-19T16:32:04,-67.586,-28.285,117.9,5.4,mw,,,62.6,,,,,,,,,,,,,,CSN-improved,,slab_deep,103.338668823,slab_deep,2007-04-19T16:32:04,5.3,3.0006844626967832,7
66518,2007-05-01T03:52:25,-68.8,-21.44,137.1,5.5,mw,0.01,0.01,1.0,,156.0,23.0,-73.0,317.0,68.0,-97.0,-1.3e+17,3.66e+16,9.32e+16,1.01e+17,-9.69e+16,-7.32e+16,GCMT,,slab_deep,87.2500991821,slab_deep,2007-05-01T03:52:25,5.3,3.0006844626967832,7
66764,2007-05-18T19:31:48,-67.281,-24.525,151.9,5.5,mw,,,0.0,,,,,,,,,,,,,,CSN-improved,,slab_deep,126.921966553,slab_deep,2007-05-18T19:31:48,5.3,3.0006844626967832,7
66814,2007-05-21T05:21:57,-69.262,-19.503,102.3,5.3,mw,,,,,,,,,,,,,,,,,USGS,,slab_deep,87.8344802856,slab_deep,2007-05-21T05:21:57,5.3,3.0006844626967832,7
66883,2007-05-25T17:47:35,-67.36,-24.33,188.5,5.9,mw,0.01,0.01,0.6,,211.0,22.0,-33.0,331.0,78.0,-109.0,-2.75e+17,-2.34e+17,5.09e+17,3.47e+17,-6.41e+17,-5.679999999999999e+16,GCMT,,slab_deep,124.90650177,slab_deep,2007-05-25T17:47:35,5.3,3.0006844626967832,7
67151,2007-06-14T10:42:02,-69.16,-23.03,113.8,5.5,mw,0.01,0.01,0.8,,168.0,20.0,-94.0,353.0,70.0,-88.0,-1.1499999999999998e+17,-5.16e+16,1.66e+17,2.04e+16,-1.68e+17,-3.3600000000000004e+16,GCMT,,slab_deep,73.1140365601,slab_deep,2007-06-14T10:42:02,5.3,3.0006844626967832,7
67448,2007-07-08T19:12:58,-68.215,-21.662,130.3,5.3,mw,,,,,,,,,,,,,,,,,USGS,,slab_deep,104.690345764,slab_deep,2007-07-08T19:12:58,5.3,3.0006844626967832,7
67627,2007-07-21T15:34:50,-66.321,-23.025,280.0,5.3,mw,,,0.0,,,,,,,,,,,,,,CSN-improved,,slab_deep,206.897293091,slab_deep,2007-07-21T15:34:50,5.3,3.0006844626967832,7
67626,2007-07-21T15:34:59,-66.0,-22.31,280.2,6.4,mw,0.01,0.0,0.3,,240.0,3.0,-24.0,353.0,89.0,-93.0,-1.59e+17,-1.64e+17,3.23e+17,6.07e+17,-5.34e+18,1.93e+17,GCMT,,slab_deep,234.877227783,slab_deep,2007-07-21T15:34:59,5.3,3.0006844626967832,7
67811,2007-08-04T17:57:06,-68.55,-22.04,150.0,5.3,mw,0.02,0.01,1.4,,120.0,34.0,-142.0,357.0,70.0,-62.0,-6.36e+16,6100000000000000.0,5.749999999999999e+16,-1.4099999999999998e+16,-7.52e+16,-5.23e+16,GCMT,,slab_deep,91.119354248,slab_deep,2007-08-04T17:57:06,5.3,3.0006844626967832,7
68054,2007-08-20T21:01:36,-66.66,-19.82,270.3,5.4,mw,0.02,0.02,1.5,,254.0,12.0,-30.0,13.0,84.0,-100.0,-2.96e+16,1.7499999999999998e+16,1.21e+16,-2.45e+16,-1.28e+17,2.49e+16,GCMT,,slab_deep,224.353683472,slab_deep,2007-08-20T21:01:36,5.3,3.0006844626967832,7
68141,2007-08-29T16:18:14,-68.81,-21.09,146.5,5.5,mw,0.01,0.01,0.6,,168.0,6.0,-70.0,328.0,85.0,-92.0,-6.750000000000001e+16,3.56e+16,3.19e+16,1.22e+17,-1.86e+17,2.09e+16,GCMT,,slab_deep,88.9080429077,slab_deep,2007-08-29T16:18:14,5.3,3.0006844626967832,7
68198,2007-09-03T09:34:14,-68.983,-18.227,140.6,5.3,mw,,,8.1,,,,,,,,,,,,,,USGS,,slab_deep,120.43019104,slab_deep,2007-09-03T09:34:14,5.3,3.0006844626967832,7
68898,2007-10-25T08:35:22,-69.06,-20.69,125.8,5.6,mw,0.01,0.01,1.0,,194.0,32.0,-32.0,312.0,73.0,-118.0,-1.5e+17,-5.530000000000001e+16,2.05e+17,2.01e+17,-1.18e+17,-8.43e+16,GCMT,,slab_deep,83.5354537964,slab_deep,2007-10-25T08:35:22,5.3,3.0006844626967832,7
68918,2007-10-27T21:54:22,-67.088,-24.26,164.3,5.3,mw,,,11.3,,,,,,,,,,,,,,USGS,,slab_deep,139.047729492,slab_deep,2007-10-27T21:54:22,5.3,3.0006844626967832,7
68974,2007-10-30T17:58:03,-68.883,-20.126,107.2,5.3,mw,,,,,,,,,,,,,,,,,USGS,,slab_deep,92.3326263428,slab_deep,2007-10-30T17:58:03,5.3,3.0006844626967832,7
69069,2007-11-07T15:06:17,-69.514,-24.185,74.5,5.4,mw,,,,,,,,,,,,,,,,,USGS,,slab_deep,65.7050552368,slab_deep,2007-11-07T15:06:17,5.3,3.0006844626967832,7
69334,2007-11-18T05:40:17,-66.48,-22.67,262.4,6.0,mw,0.01,0.01,0.5,,179.0,15.0,-80.0,349.0,75.0,-93.0,-6.74e+17,2.7e+16,6.47e+17,2.44e+17,-1.14e+18,-6.2e+16,GCMT,,slab_deep,194.099868774,slab_deep,2007-11-18T05:40:17,5.3,3.0006844626967832,7
69336,2007-11-18T07:02:42,-69.9,-19.12,98.4,5.3,mw,0.02,0.02,3.7,,246.0,44.0,-17.0,349.0,78.0,-133.0,-2.94e+16,-2.49e+16,5.43e+16,2.58e+16,-6.32e+16,5.620000000000001e+16,GCMT,,slab_deep,69.4688644409,slab_deep,2007-11-18T07:02:42,5.3,3.0006844626967832,7
69415,2007-11-20T13:10:52,-66.832,-22.736,269.9078,5.8,mw,,,,,,,,,,,,,,,,,CSN-improved,,slab_deep,168.539810181,slab_deep,2007-11-20T13:10:52,5.3,3.0006844626967832,7
69460,2007-11-21T12:55:08,-68.81,-25.02,127.3,5.8,mw,0.01,0.01,0.8,,129.0,32.0,-126.0,350.0,65.0,-70.0,-4.3e+17,1.04e+17,3.26e+17,-4.02e+16,-3.57e+17,-2.26e+17,GCMT,,slab_deep,84.1009597778,slab_deep,2007-11-21T12:55:08,5.3,3.0006844626967832,7
69532,2007-11-24T05:02:10,-69.06,-23.73,109.3,5.6,mw,0.01,0.01,1.1,,178.0,36.0,-64.0,327.0,58.0,-108.0,-2.34e+17,-3.66e+16,2.7000000000000003e+17,9.04e+16,-9.29e+16,-1.19e+17,GCMT,,slab_deep,75.9068908691,slab_deep,2007-11-24T05:02:10,5.3,3.0006844626967832,7
70088,2007-12-17T09:26:35,-71.102,-32.878,63.7767,5.4,mw,,,,,,,,,,,,,,,,,CSN-improved,,slab_deep,55.422504425,slab_deep,2007-12-17T09:26:35,5.3,3.0006844626967832,7
70169,2007-12-20T06:12:59,-70.367,-17.28,110.1,5.3,mw,,,,,,,,,,,,,,,,,USGS,,slab_deep,99.8303756714,slab_deep,2007-12-20T06:12:59,5.3,3.0006844626967832,7
70240,2007-12-25T16:20:55,-69.42,-19.64,120.0,5.8,mw,0.01,0.01,0.8,,198.0,20.0,-66.0,353.0,72.0,-98.0,-3.82e+17,-5.84e+16,4.41e+17,9.02e+16,-5.29e+17,3.61e+16,GCMT,,slab_deep,80.5390167236,slab_deep,2007-12-25T16:20:55,5.3,3.0006844626967832,7
70252,2007-12-26T23:40:59,-68.77,-22.19,121.3,5.5,mw,0.03,0.03,3.6,,135.0,45.0,-111.0,344.0,48.0,-70.0,-1.92e+17,-3300000000000000.0,1.95e+17,-1.4399999999999998e+16,-2.31e+16,-1.77e+17,GCMT,,slab_deep,85.2558441162,slab_deep,2007-12-26T23:40:59,5.3,3.0006844626967832,7
70413,2008-01-04T01:26:37,-68.72,-21.66,143.7,5.3,mw,0.02,0.01,1.5,,166.0,19.0,-125.0,23.0,75.0,-79.0,-5.04e+16,-8599999999999998.0,5.89e+16,-3.75e+16,-7.92e+16,6500000000000000.0,GCMT,,slab_deep,88.9674453735,slab_deep,2008-01-04T01:26:37,5.3,3.0006844626967832,7
70436,2008-01-05T07:29:35,-68.88,-22.87,117.3,5.7,mw,0.03,0.02,1.4,,190.0,31.0,-47.0,322.0,68.0,-113.0,-2.78e+17,-6.4e+16,3.42e+17,2.16e+17,-2e+17,-1.17e+17,GCMT,,slab_deep,79.5985183716,slab_deep,2008-01-05T07:29:35,5.3,3.0006844626967832,7
71205,2008-02-16T14:45:15,-68.77,-21.58,135.3,6.1,mw,0.01,0.01,0.5,,223.0,18.0,-54.0,6.0,76.0,-100.0,-7.86e+17,1.46e+17,6.4e+17,-4.1e+16,-1.39e+18,3.31e+17,GCMT,,slab_deep,87.8769683838,slab_deep,2008-02-16T14:45:15,5.3,3.0006844626967832,7
71256,2008-02-18T02:02:29,-66.641,-22.52,271.5,5.3,mw,,,10.8,,,,,,,,,,,,,,CSN-improved,,slab_deep,184.380340576,slab_deep,2008-02-18T02:02:29,5.3,3.0006844626967832,7
71610,2008-03-10T09:43:07,-69.74,-28.42,129.2,5.6,mw,0.01,0.01,0.8,,3.0,33.0,-75.0,165.0,58.0,-100.0,-2.38e+17,-4300000000000000.0,2.43e+17,-5.32e+16,1.07e+17,-2.59e+16,GCMT,,slab_deep,82.5510253906,slab_deep,2008-03-10T09:43:07,5.3,3.0006844626967832,7
71701,2008-03-17T01:54:32,-67.087,-28.589,130.0,5.4,mw,,,0.0,,,,,,,,,,,,,,CSN-improved,,slab_deep,110.834655762,slab_deep,2008-03-17T01:54:32,5.3,3.0006844626967832,7
71840,2008-03-24T20:39:07,-69.115,-20.108,118.0,5.7,mw,,,,,360.0,65.0,-90.0,180.0,25.0,-90.0,-1.33e+18,-1.67e+17,1.49e+18,4.1e+16,-1.58e+18,2.56e+17,ISC,,slab_deep,86.2003860474,slab_deep,2008-03-24T20:39:07,5.3,3.0006844626967832,7
71839,2008-03-24T20:39:10,-69.42,-20.31,129.2,6.2,mw,0.01,0.01,0.5,,198.0,22.0,-73.0,1.0,69.0,-97.0,-1.33e+18,-1.67e+17,1.49e+18,4.1e+16,-1.58e+18,2.56e+17,GCMT,,slab_deep,74.2103881836,slab_deep,2008-03-24T20:39:10,5.3,3.0006844626967832,7
72080,2008-04-04T11:11:36,-66.847,-23.03,228.7584,5.5,mw,,,,,,,,,,,,,,,,,CSN-improved,,slab_deep,165.625106812,slab_deep,2008-04-04T11:11:36,5.3,3.0006844626967832,7
72537,2008-04-30T16:43:24,-66.866,-27.818,150.0,5.5,mw,,,0.0,,,,,,,,,,,,,,CSN-improved,,slab_deep,128.23739624,slab_deep,2008-04-30T16:43:24,5.3,3.0006844626967832,7
72578,2008-05-02T06:01:37,-70.937,-29.621,43.9,5.3,mw,,,4.5,,,,,,,,,,,,,,CSN-improved,,slab_deep,54.7335586548,slab_deep,2008-05-02T06:01:37,5.3,3.0006844626967832,7
72644,2008-05-06T06:52:05,-69.868,-24.486,44.7,5.4,mw,,,13.0,,,,,,,,,,,,,,CSN-improved,,slab_deep,56.14037323,slab_deep,2008-05-06T06:52:05,5.3,3.0006844626967832,7
72825,2008-05-17T22:55:16,-66.545,-22.427,279.3,5.3,mw,,,23.9,,,,,,,,,,,,,,CSN-improved,,slab_deep,191.825714111,slab_deep,2008-05-17T22:55:16,5.3,3.0006844626967832,7
72912,2008-05-23T20:46:16,-68.847,-22.833,108.3488,5.5,mw,,,,,,,,,,,,,,,,,CSN-improved,,slab_deep,80.763633728,slab_deep,2008-05-23T20:46:16,5.3,3.0006844626967832,7
72973,2008-05-26T20:20:20,-66.737,-22.537,250.0,5.6,mw,,,0.0,,,,,,,,,,,,,,CSN-improved,,slab_deep,177.06578064,slab_deep,2008-05-26T20:20:20,5.3,3.0006844626967832,7
72998,2008-05-28T17:35:27,-68.717,-21.734,125.0,5.5,mw,,,14.1,,111.0,12.0,-168.0,10.0,88.0,-79.0,6500000000000000.0,-4.24e+16,3.59e+16,-1.22e+16,-1.27e+17,-1.34e+16,CSN-improved,,slab_deep,88.4924316406,slab_deep,2008-05-28T17:35:27,5.3,3.0006844626967832,7
73000,2008-05-28T17:35:32,-68.8,-21.79,142.6,5.3,mw,0.01,0.01,1.2,,111.0,12.0,-168.0,10.0,88.0,-79.0,6500000000000000.0,-4.24e+16,3.59e+16,-1.22e+16,-1.27e+17,-1.34e+16,GCMT,,slab_deep,85.6419372559,slab_deep,2008-05-28T17:35:32,5.3,3.0006844626967832,7
73179,2008-06-08T19:29:27,-66.8,-22.559,259.5,5.8,mw,,,24.9,,,,,,,,,,,,,,CSN-improved,,slab_deep,173.665374756,slab_deep,2008-06-08T19:29:27,5.3,3.0006844626967832,7
73258,2008-06-15T12:21:29,-66.417,-23.076,211.6,5.4,mw,,,,,,,,,,,,,,,,,USGS,,slab_deep,198.084365845,slab_deep,2008-06-15T12:21:29,5.3,3.0006844626967832,7
73587,2008-07-08T09:13:10,-72.0,-16.26,125.7,6.2,mw,0.01,0.01,0.6,,177.0,44.0,-23.0,284.0,74.0,-132.0,-1.08e+18,3.67e+17,7.16e+17,1.51e+18,-3.51e+17,-1.93e+18,GCMT,,slab_deep,90.8824615479,slab_deep,2008-07-08T09:13:10,5.3,3.0006844626967832,7
73588,2008-07-08T15:54:20,-66.989,-22.953,217.0144,5.6,mw,,,,,,,,,,,,,,,,,CSN-improved,,slab_deep,156.595077515,slab_deep,2008-07-08T15:54:20,5.3,3.0006844626967832,7
73693,2008-07-13T19:30:28,-67.429,-21.761,214.5673,5.5,mw,,,,,,,,,,,,,,,,,CSN-improved,,slab_deep,140.878112793,slab_deep,2008-07-13T19:30:28,5.3,3.0006844626967832,7
73711,2008-07-14T18:40:00,-66.699,-28.057,202.5,5.8,mw,,,89.4,,,,,,,,,,,,,,CSN-improved,,slab_deep,130.272323608,slab_deep,2008-07-14T18:40:00,5.3,3.0006844626967832,7
73889,2008-07-22T19:29:44,-66.947,-24.055,172.7,5.3,mw,,,7.7,,,,,,,,,,,,,,USGS,,slab_deep,149.568237305,slab_deep,2008-07-22T19:29:44,5.3,3.0006844626967832,7
73992,2008-08-01T06:18:42,-66.92,-22.49,216.9,5.3,mw,0.01,0.01,1.2,,111.0,21.0,-129.0,332.0,74.0,-76.0,-5.530000000000001e+16,2.55e+16,2.98e+16,4.85e+16,-9.02e+16,-5.92e+16,GCMT,,slab_deep,167.431274414,slab_deep,2008-08-01T06:18:42,5.3,3.0006844626967832,7
74064,2008-08-07T00:18:06,-69.181,-29.352,93.4,5.3,mw,,,3.8,,,,,,,,,,,,,,USGS,,slab_deep,88.1069869995,slab_deep,2008-08-07T00:18:06,5.3,3.0006844626967832,7
74311,2008-08-21T09:32:56,-68.788,-25.03,120.0,5.5,mw,,,0.0,,170.0,39.0,-89.0,348.0,51.0,-91.0,-9.18e+16,-1.78e+16,1.1000000000000002e+17,5500000000000000.0,-2.31e+16,-2.54e+16,CSN-improved,,slab_deep,84.2710418701,slab_deep,2008-08-21T09:32:56,5.3,3.0006844626967832,7
74312,2008-08-21T09:33:00,-69.13,-25.29,118.0,5.3,mw,0.01,0.01,1.4,,170.0,39.0,-89.0,348.0,51.0,-91.0,-9.18e+16,-1.78e+16,1.1000000000000002e+17,5500000000000000.0,-2.31e+16,-2.54e+16,GCMT,,slab_deep,79.7250213623,slab_deep,2008-08-21T09:33:00,5.3,3.0006844626967832,7
74404,2008-08-27T04:42:07,-65.681,-21.742,277.1,5.3,mw,,,,,,,,,,,,,,,,,USGS,,slab_deep,258.102416992,slab_deep,2008-08-27T04:42:07,5.3,3.0006844626967832,7
74686,2008-09-11T17:11:37,-69.46,-19.8,124.5,5.3,mw,0.01,0.02,1.5,,176.0,28.0,-80.0,345.0,62.0,-95.0,-7.73e+16,-8599999999999998.0,8.59e+16,1.7599999999999998e+16,-5.38e+16,-1.6800000000000002e+16,GCMT,,slab_deep,76.9621429443,slab_deep,2008-09-11T17:11:37,5.3,3.0006844626967832,7
74767,2008-09-15T23:36:56,-67.374,-24.14,216.0581,5.5,mw,,,,,182.0,28.0,-91.0,2.0,62.0,-90.0,-4.51e+16,-1.21e+16,5.72e+16,-1409999999999999.8,-3.4e+16,2440000000000000.0,CSN-improved,,slab_deep,125.560317993,slab_deep,2008-09-15T23:36:56,5.3,3.0006844626967832,7
74782,2008-09-16T21:56:41,-68.615,-20.389,114.8,5.4,mw,,,,,,,,,,,,,,,,,USGS,,slab_deep,100.14617157,slab_deep,2008-09-16T21:56:41,5.3,3.0006844626967832,7
75254,2008-10-06T00:18:29,-68.931,-18.398,135.1,5.4,mw,,,,,,,,,,,,,,,,,USGS,,slab_deep,119.361000061,slab_deep,2008-10-06T00:18:29,5.3,3.0006844626967832,7
75351,2008-10-12T20:55:44,-65.23,-20.3,361.5,6.2,mw,0.01,0.01,0.5,,257.0,18.0,-2.0,349.0,89.0,-108.0,-2.1e+16,-3.3e+17,3.51e+17,3.85e+17,-2.13e+18,6.17e+17,GCMT,,slab_deep,316.582824707,slab_deep,2008-10-12T20:55:44,5.3,3.0006844626967832,7
75424,2008-10-15T01:47:40,-67.017,-23.085,210.9,5.3,mw,,,40.0,,,,,,,,,,,,,,CSN-improved,,slab_deep,155.015686035,slab_deep,2008-10-15T01:47:40,5.3,3.0006844626967832,7
76202,2008-11-21T23:07:47,-69.511,-24.216,77.683,5.3,mw,,,,,,,,,,,,,,,,,CSN-improved,,slab_deep,65.7050552368,slab_deep,2008-11-21T23:07:47,5.3,3.0006844626967832,7
76416,2008-12-04T16:47:15,-68.64,-21.62,128.7,5.5,mw,0.01,0.01,1.0,,281.0,44.0,-46.0,47.0,60.0,-124.0,-1.82e+17,2.07e+17,-2.52e+16,-1.86e+16,-1.3500000000000002e+17,6.870000000000001e+16,GCMT,,slab_deep,90.5581054688,slab_deep,2008-12-04T16:47:15,5.3,3.0006844626967832,7
76792,2008-12-20T07:12:07,-67.205,-23.849,223.6,5.4,mw,,,7.5,,,,,,,,,,,,,,CSN-improved,,slab_deep,135.408538818,slab_deep,2008-12-20T07:12:07,5.3,3.0006844626967832,7
76901,2008-12-26T03:15:45,-67.385,-23.894,241.8,5.3,mw,,,8.2,,,,,,,,,,,,,,CSN-improved,,slab_deep,123.912437439,slab_deep,2008-12-26T03:15:45,5.3,3.0006844626967832,7
76955,2008-12-29T14:40:16,-68.766,-22.99,89.0283,5.3,mw,,,,,,,,,,,,,,,,,CSN-improved,,slab_deep,82.6516952515,slab_deep,2008-12-29T14:40:16,5.3,3.0006844626967832,7
77055,2009-01-04T20:53:26,-70.582,-34.462,90.1,5.5,mw,,,,,,,,,,,,,,,,,USGS,,slab_deep,90.8879089355,slab_deep,2009-01-04T20:53:26,5.3,3.0006844626967832,7
77420,2009-01-31T16:29:40,-69.54,-19.57,123.2,5.5,mw,0.01,0.01,0.9,,124.0,31.0,-148.0,6.0,75.0,-63.0,-7.87e+16,-4.95e+16,1.28e+17,-1.3700000000000002e+16,-1.44e+17,-7.24e+16,GCMT,,slab_deep,76.2419967651,slab_deep,2009-01-31T16:29:40,5.3,3.0006844626967832,7
77620,2009-02-11T20:45:32,-69.047,-20.309,104.475,5.5,mw,,,,,,,,,,,,,,,,,CSN-improved,,slab_deep,86.1332931519,slab_deep,2009-02-11T20:45:32,5.3,3.0006844626967832,7
77693,2009-02-16T02:22:55,-70.15,-29.2,117.4,5.4,mw,0.01,0.01,1.0,,323.0,46.0,-32.0,77.0,67.0,-131.0,-7.62e+16,1.1100000000000002e+17,-3.49e+16,-6.46e+16,-4.88e+16,-6.18e+16,GCMT,,slab_deep,79.4630966187,slab_deep,2009-02-16T02:22:55,5.3,3.0006844626967832,7
77707,2009-02-17T14:49:35,-65.284,-30.451,180.3,5.3,mw,,,,,,,,,,,,,,,,,USGS,,slab_deep,163.004653931,slab_deep,2009-02-17T14:49:35,5.3,3.0006844626967832,7
77764,2009-02-20T07:44:51,-66.836,-21.453,219.4869,5.5,mw,,,,,,,,,,,,,,,,,CSN-improved,,slab_deep,180.874572754,slab_deep,2009-02-20T07:44:51,5.3,3.0006844626967832,7
78136,2009-03-14T05:41:03,-70.991,-18.045,43.3,5.3,mw,,,6.1,,,,,,,,,,,,,,USGS,,slab_deep,52.2882843018,slab_deep,2009-03-14T05:41:03,5.3,3.0006844626967832,7
78163,2009-03-16T01:56:48,-66.782,-27.94,183.6355,5.8,mw,,,,,,,,,,,,,,,,,CSN-improved,,slab_deep,128.117492676,slab_deep,2009-03-16T01:56:48,5.3,3.0006844626967832,7
78338,2009-03-27T17:26:46,-69.7,-19.27,132.5,5.4,mw,0.01,0.01,1.0,,179.0,13.0,-90.0,359.0,77.0,-90.0,-6.28e+16,-1.56e+16,7.84e+16,2600000000000000.0,-1.43e+17,-1700000000000000.0,GCMT,,slab_deep,74.8628387451,slab_deep,2009-03-27T17:26:46,5.3,3.0006844626967832,7
78434,2009-04-01T05:25:29,-66.795,-22.57,282.7,5.5,mw,,,10.3,,,,,,,,,,,,,,CSN-improved,,slab_deep,173.665374756,slab_deep,2009-04-01T05:25:29,5.3,3.0006844626967832,7
78469,2009-04-03T17:54:53,-66.71,-28.09,180.4,5.7,mw,0.01,0.01,0.7,,183.0,43.0,-31.0,297.0,69.0,-129.0,-2.23e+17,-2.46e+16,2.48e+17,2.56e+17,-4.14e+16,-2.53e+17,GCMT,,slab_deep,129.45362854,slab_deep,2009-04-03T17:54:53,5.3,3.0006844626967832,7
78470,2009-04-03T18:51:52,-67.084,-24.142,196.0074,5.6,mw,,,,,,,,,,,,,,,,,CSN-improved,,slab_deep,139.601303101,slab_deep,2009-04-03T18:51:52,5.3,3.0006844626967832,7
78742,2009-04-16T17:43:31,-69.938,-19.411,70.2,5.6,mw,,,1.9,,,,,,,,,,,,,,CSN-improved,,slab_deep,62.3502922058,slab_deep,2009-04-16T17:43:31,5.3,3.0006844626967832,7
78848,2009-04-21T00:27:44,-71.611,-35.065,66.2851,5.4,mw,,,,,,,,,,,,,,,,,CSN-improved,,slab_deep,59.6846885681,slab_deep,2009-04-21T00:27:44,5.3,3.0006844626967832,7
78928,2009-04-26T08:03:40,-69.49,-32.89,141.0,5.3,mw,0.02,0.01,1.2,,145.0,49.0,169.0,242.0,82.0,42.0,2.21e+16,-9.56e+16,7.34e+16,-6.57e+16,-5.3e+16,4.41e+16,GCMT,,slab_deep,106.143608093,slab_deep,2009-04-26T08:03:40,5.3,3.0006844626967832,7
79142,2009-05-08T13:44:53,-69.882,-32.038,118.3956,5.5,mw,,,,,185.0,48.0,-121.0,47.0,50.0,-60.0,-1.1499999999999998e+17,1700000000000000.0,1.1299999999999998e+17,-3.86e+16,1.47e+16,7.029999999999999e+16,CSN-improved,,slab_deep,97.635307312,slab_deep,2009-05-08T13:44:53,5.3,3.0006844626967832,7
79143,2009-05-08T13:44:57,-69.68,-32.02,109.7,5.4,mw,0.02,0.01,1.1,,185.0,48.0,-121.0,47.0,50.0,-60.0,-1.1499999999999998e+17,1700000000000000.0,1.1299999999999998e+17,-3.86e+16,1.47e+16,7.029999999999999e+16,GCMT,,slab_deep,100.733268738,slab_deep,2009-05-08T13:44:57,5.3,3.0006844626967832,7
79215,2009-05-12T05:34:56,-66.53,-22.977,239.5874,5.7,mw,,,,,,,,,,,,,,,,,CSN-improved,,slab_deep,187.552932739,slab_deep,2009-05-12T05:34:56,5.3,3.0006844626967832,7
79359,2009-05-18T11:45:53,-66.687,-22.648,277.7,5.5,mw,,,7.7,,,,,,,,,,,,,,CSN-improved,,slab_deep,179.713302612,slab_deep,2009-05-18T11:45:53,5.3,3.0006844626967832,7
80004,2009-06-24T21:03:15,-67.259,-21.441,242.7,5.3,mw,,,12.0,,,,,,,,,,,,,,CSN-improved,,slab_deep,156.049987793,slab_deep,2009-06-24T21:03:15,5.3,3.0006844626967832,7
80145,2009-07-01T18:39:01,-69.353,-20.219,89.8044,5.5,mw,,,,,,,,,,,,,,,,,CSN-improved,,slab_deep,76.8087310791,slab_deep,2009-07-01T18:39:01,5.3,3.0006844626967832,7
80196,2009-07-03T11:29:42,-67.37,-24.098,220.688,5.4,mw,,,,,,,,,,,,,,,,,CSN-improved,,slab_deep,125.738815308,slab_deep,2009-07-03T11:29:42,5.3,3.0006844626967832,7
80328,2009-07-14T18:38:10,-67.52,-21.916,211.251,6.1,mw,,,,,280.0,8.0,-11.0,20.0,88.0,-98.0,-2.36e+16,4.28e+16,-1.92e+16,-1.45e+17,-3.96e+17,4.95e+16,CSN-improved,,slab_deep,136.622268677,slab_deep,2009-07-14T18:38:10,5.3,3.0006844626967832,7
80329,2009-07-14T18:38:15,-67.32,-21.97,196.7,5.7,mw,0.01,0.01,0.7,,280.0,8.0,-11.0,20.0,88.0,-98.0,-2.36e+16,4.28e+16,-1.92e+16,-1.45e+17,-3.96e+17,4.95e+16,GCMT,,slab_deep,147.645965576,slab_deep,2009-07-14T18:38:15,5.3,3.0006844626967832,7
80343,2009-07-15T15:21:26,-69.156,-20.424,113.8549,5.6,mw,,,,,,,,,,,,,,,,,CSN-improved,,slab_deep,82.1657333374,slab_deep,2009-07-15T15:21:26,5.3,3.0006844626967832,7
80465,2009-07-25T04:17:14,-67.283,-23.774,239.4,6.1,mw,,,6.1,,,,,,,,,,,,,,CSN-improved,,slab_deep,130.248687744,slab_deep,2009-07-25T04:17:14,5.3,3.0006844626967832,7
80518,2009-07-27T10:58:18,-67.156,-23.864,240.6618,6.1,mw,,,,,226.0,40.0,-56.0,5.0,58.0,-115.0,-1.25e+17,2.01e+16,1.05e+17,3.55e+16,-6.27e+16,5.48e+16,CSN-improved,,slab_deep,138.406173706,slab_deep,2009-07-27T10:58:18,5.3,3.0006844626967832,7
80519,2009-07-27T10:58:23,-66.93,-24.1,222.7,5.4,mw,0.02,0.01,1.3,,226.0,40.0,-56.0,5.0,58.0,-115.0,-1.25e+17,2.01e+16,1.05e+17,3.55e+16,-6.27e+16,5.48e+16,GCMT,,slab_deep,149.210372925,slab_deep,2009-07-27T10:58:23,5.3,3.0006844626967832,7
80688,2009-08-07T11:48:40,-67.503,-24.008,217.7,5.3,mw,,,13.7,,,,,,,,,,,,,,CSN-improved,,slab_deep,118.433586121,slab_deep,2009-08-07T11:48:40,5.3,3.0006844626967832,7
80745,2009-08-12T18:00:55,-66.71,-28.1,177.9,5.4,mw,0.01,0.01,0.9,,297.0,45.0,-126.0,162.0,55.0,-60.0,-1.41e+17,5.17e+16,8.92e+16,2.7300000000000004e+16,6.28e+16,-1.07e+17,GCMT,,slab_deep,129.45362854,slab_deep,2009-08-12T18:00:55,5.3,3.0006844626967832,7
80931,2009-08-25T21:35:00,-68.837,-21.177,138.0,5.4,mw,,,4.8,,,,,,,,,,,,,,CSN-improved,,slab_deep,87.0411987305,slab_deep,2009-08-25T21:35:00,5.3,3.0006844626967832,7
81138,2009-09-08T22:22:29,-68.404,-20.901,114.5,5.3,mw,,,,,,,,,,,,,,,,,USGS,,slab_deep,102.760925293,slab_deep,2009-09-08T22:22:29,5.3,3.0006844626967832,7
81246,2009-09-15T07:24:27,-67.373,-23.996,222.7324,5.5,mw,,,,,,,,,,,,,,,,,CSN-improved,,slab_deep,126.133354187,slab_deep,2009-09-15T07:24:27,5.3,3.0006844626967832,7
81247,2009-09-15T17:43:21,-66.593,-22.788,280.0,5.5,mw,,,0.0,,,,,,,,,,,,,,CSN-improved,,slab_deep,185.606155396,slab_deep,2009-09-15T17:43:21,5.3,3.0006844626967832,7
81685,2009-10-15T19:32:20,-67.33,-29.474,123.5,5.3,mw,,,,,,,,,,,,,,,,,USGS,,slab_deep,99.0216674805,slab_deep,2009-10-15T19:32:20,5.3,3.0006844626967832,7
82071,2009-11-14T19:44:28,-66.618,-22.954,209.0,5.8,mw,,,,,180.0,11.0,-79.0,350.0,79.0,-92.0,-6.61e+17,-2.67e+17,9.28e+17,3.7e+17,-2.02e+18,-1.4199999999999998e+17,ISC,,slab_deep,184.3099823,slab_deep,2009-11-14T19:44:28,5.3,3.0006844626967832,7
82070,2009-11-14T19:44:33,-66.83,-23.04,221.2,6.2,mw,0.01,0.01,0.4,,180.0,11.0,-79.0,350.0,79.0,-92.0,-6.61e+17,-2.67e+17,9.28e+17,3.7e+17,-2.02e+18,-1.4199999999999998e+17,GCMT,,slab_deep,165.625106812,slab_deep,2009-11-14T19:44:33,5.3,3.0006844626967832,7
82267,2009-11-29T17:05:34,-66.07,-22.1,272.7,5.4,mw,0.01,0.01,1.0,,67.0,12.0,164.0,173.0,87.0,78.0,2.4e+16,3400000000000000.0,-2.7400000000000004e+16,2.52e+16,-1.76e+17,-3.53e+16,GCMT,,slab_deep,230.933441162,slab_deep,2009-11-29T17:05:34,5.3,3.0006844626967832,7
82299,2009-12-02T22:57:42,-67.397,-24.165,213.3319,5.8,mw,,,,,,,,,,,,,,,,,CSN-improved,,slab_deep,122.968559265,slab_deep,2009-12-02T22:57:42,5.3,3.0006844626967832,7
82345,2009-12-06T13:46:02,-68.199,-31.783,109.6,5.3,mw,,,10.4,,,,,,,,,,,,,,USGS,,slab_deep,98.8697052002,slab_deep,2009-12-06T13:46:02,5.3,3.0006844626967832,7
82477,2009-12-16T15:46:03,-68.132,-21.438,103.2,5.3,mw,,,2.9,,,,,,,,,,,,,,USGS,,slab_deep,108.106437683,slab_deep,2009-12-16T15:46:03,5.3,3.0006844626967832,7
82636,2009-12-29T16:17:57,-67.221,-24.081,204.0299,5.3,mw,,,,,,,,,,,,,,,,,CSN-improved,,slab_deep,134.013961792,slab_deep,2009-12-29T16:17:57,5.3,3.0006844626967832,7
82660,2009-12-31T03:53:23,-66.94,-23.907,174.641,5.6,mw,,,,,,,,,,,,,,,,,CSN-improved,,slab_deep,150.687561035,slab_deep,2009-12-31T03:53:23,5.3,3.0006844626967832,7
82842,2010-01-13T03:52:24,-69.136,-20.376,84.4795,5.3,mw,,,,,,,,,,,,,,,,,CSN-improved,,slab_deep,82.1657333374,slab_deep,2010-01-13T03:52:24,5.3,3.0006844626967832,8
82885,2010-01-18T12:28:40,-68.97,-31.48,116.1,5.4,mw,0.02,0.01,1.0,,231.0,37.0,-97.0,60.0,54.0,-85.0,-1.3899999999999998e+17,9.78e+16,4.1e+16,-4.21e+16,-1.5e+16,7.08e+16,GCMT,,slab_deep,97.783416748,slab_deep,2010-01-18T12:28:40,5.3,3.0006844626967832,8
83013,2010-01-28T08:04:12,-67.23,-23.544,219.4354,6.3,mw,,,,,325.0,75.0,-100.0,179.0,18.0,-57.0,-3.31e+17,-1.94e+17,5.25e+17,4.24e+17,-5.63e+17,-1.32e+17,CSN-improved,,slab_deep,134.693649292,slab_deep,2010-01-28T08:04:12,5.3,3.0006844626967832,8
83014,2010-01-28T08:04:16,-66.96,-23.64,204.5,5.9,mw,0.01,0.01,0.6,,202.0,24.0,-35.0,325.0,76.0,-110.0,-3.31e+17,-1.94e+17,5.25e+17,4.24e+17,-5.63e+17,-1.32e+17,GCMT,,slab_deep,152.782272339,slab_deep,2010-01-28T08:04:16,5.3,3.0006844626967832,8
83056,2010-02-02T14:30:36,-66.903,-22.463,300.0,5.3,mw,,,0.0,,,,,,,,,,,,,,CSN-improved,,slab_deep,167.859420776,slab_deep,2010-02-02T14:30:36,5.3,3.0006844626967832,8
83124,2010-02-07T17:09:50,-66.6,-23.36,230.9,5.6,mw,0.01,0.01,0.8,,128.0,17.0,-137.0,356.0,79.0,-78.0,-1.1299999999999998e+17,-3.04e+16,1.44e+17,2.22e+16,-3.19e+17,-9.08e+16,GCMT,,slab_deep,180.479141235,slab_deep,2010-02-07T17:09:50,5.3,3.0006844626967832,8
83200,2010-02-12T12:03:39,-68.789,-33.622,148.4,5.8,mw,,,2.5,,69.0,57.0,-156.0,325.0,70.0,-35.0,-2.4e+17,5.7300000000000006e+17,-3.33e+17,1000000000000000.0,-3.98e+17,-2.93e+17,USGS,,slab_deep,137.963790894,slab_deep,2010-02-12T12:03:39,5.3,3.0006844626967832,8
83201,2010-02-12T12:03:43,-69.02,-33.63,173.5,5.8,mw,0.01,0.01,0.6,,69.0,57.0,-156.0,325.0,70.0,-35.0,-2.4e+17,5.7300000000000006e+17,-3.33e+17,1000000000000000.0,-3.98e+17,-2.93e+17,GCMT,,slab_deep,133.03855896,slab_deep,2010-02-12T12:03:43,5.3,3.0006844626967832,8
83333,2010-02-23T00:06:40,-67.172,-22.956,244.5127,5.3,mw,,,,,,,,,,,,,,,,,CSN-improved,,slab_deep,146.990829468,slab_deep,2010-02-23T00:06:40,5.3,3.0006844626967832,8
83477,2010-02-27T07:57:33,-72.117,-35.708,40.0,5.3,mw,,,30.0,0.36,,,,,,,,,,,,,ISC-GEM,,slab_deep,52.6766433716,slab_deep,2010-02-27T07:57:33,5.3,3.0006844626967832,8
83440,2010-02-27T15:09:49,-71.339,-33.942,44.8,5.6,mw,,,,,,,,,,,,,,,,,USGS,,slab_deep,51.2845039368,slab_deep,2010-02-27T15:09:49,5.3,3.0006844626967832,8
84560,2010-03-04T22:39:23,-68.798,-22.613,126.3,5.8,mw,,,6.4,,5.0,75.0,-90.0,185.0,15.0,-90.0,-2.3e+18,-8.32e+17,3.13e+18,-1.79e+17,-2.55e+18,-6.35e+17,CSN-improved,,slab_deep,82.6256942749,slab_deep,2010-03-04T22:39:23,5.3,3.0006844626967832,8
84558,2010-03-04T22:39:29,-68.69,-22.36,118.7,6.3,mw,0.01,0.01,0.5,,155.0,26.0,-115.0,2.0,67.0,-78.0,-2.3e+18,-8.32e+17,3.13e+18,-1.79e+17,-2.55e+18,-6.35e+17,GCMT,,slab_deep,85.9323348999,slab_deep,2010-03-04T22:39:29,5.3,3.0006844626967832,8
86392,2010-03-22T01:00:47,-69.71,-16.35,217.6,5.3,mw,0.01,0.01,1.2,,235.0,27.0,-23.0,345.0,80.0,-115.0,-3.4200000000000004e+16,-3.3900000000000004e+16,6.810000000000001e+16,2.59e+16,-9.82e+16,3.17e+16,GCMT,,slab_deep,166.933944702,slab_deep,2010-03-22T01:00:47,5.3,3.0006844626967832,8
86577,2010-03-25T18:39:26,-69.486,-20.345,122.9,5.3,mw,,,7.7,,,,,,,,,,,,,,CSN-improved,,slab_deep,70.0615463257,slab_deep,2010-03-25T18:39:26,5.3,3.0006844626967832,8
87347,2010-04-05T22:37:01,-69.32,-20.07,124.5,5.8,mw,0.01,0.01,0.7,,183.0,15.0,-58.0,330.0,77.0,-98.0,-2.54e+17,-4600000000000000.0,2.59e+17,2.79e+17,-4.53e+17,-6.46e+16,GCMT,,slab_deep,79.8664245605,slab_deep,2010-04-05T22:37:01,5.3,3.0006844626967832,8
87472,2010-04-07T09:18:01,-69.306,-20.014,110.9,5.4,mw,,,4.6,,,,,,,,,,,,,,CSN-improved,,slab_deep,80.3300704956,slab_deep,2010-04-07T09:18:01,5.3,3.0006844626967832,8
87521,2010-04-08T18:04:36,-69.99,-29.111,112.5,5.5,mw,,,13.9,,,,,,,,,,,,,,CSN-improved,,slab_deep,81.7249145508,slab_deep,2010-04-08T18:04:36,5.3,3.0006844626967832,8
87578,2010-04-09T22:23:05,-68.36,-28.81,131.4,5.8,mw,0.01,0.01,0.6,,314.0,47.0,-117.0,170.0,49.0,-64.0,-4.57e+17,5.41e+16,4.03e+17,1.25e+17,8.65e+16,-2.58e+17,GCMT,,slab_deep,89.9595031738,slab_deep,2010-04-09T22:23:05,5.3,3.0006844626967832,8
88664,2010-05-04T16:12:55,-68.251,-21.886,91.9,5.3,mw,,,4.7,,219.0,24.0,-46.0,353.0,73.0,-108.0,-7.019999999999999e+16,-7900000000000000.0,7.82e+16,2.5e+16,-9.92e+16,2.7e+16,USGS,,slab_deep,101.254592896,slab_deep,2010-05-04T16:12:55,5.3,3.0006844626967832,8
88666,2010-05-04T16:13:01,-68.66,-22.11,134.9,5.3,mw,0.01,0.01,1.2,,219.0,24.0,-46.0,353.0,73.0,-108.0,-7.019999999999999e+16,-7900000000000000.0,7.82e+16,2.5e+16,-9.92e+16,2.7e+16,GCMT,,slab_deep,88.2273254395,slab_deep,2010-05-04T16:13:01,5.3,3.0006844626967832,8
89654,2010-05-30T02:27:44,-71.722,-34.796,46.9,5.3,mw,,,1.7,,,,,,,,,,,,,,CSN-improved,,slab_deep,50.5527381897,slab_deep,2010-05-30T02:27:44,5.3,3.0006844626967832,8
90208,2010-06-16T09:19:07,-71.191,-36.228,133.3413,5.7,mw,,,,,,,,,,,,,,,,,CSN-improved,,slab_deep,95.799987793,slab_deep,2010-06-16T09:19:07,5.3,3.0006844626967832,8
90448,2010-06-24T22:04:40,-69.279,-19.01,129.0,5.3,mw,,,5.4,,,,,,,,,,,,,,CSN-improved,,slab_deep,93.6876525879,slab_deep,2010-06-24T22:04:40,5.3,3.0006844626967832,8
90502,2010-06-26T19:01:21,-69.63,-19.03,122.9,5.4,mw,0.01,0.01,1.1,,154.0,27.0,-101.0,347.0,64.0,-84.0,-1.1200000000000002e+17,-1.5e+16,1.27e+17,1.99e+16,-9.69e+16,-5.39e+16,GCMT,,slab_deep,80.0967788696,slab_deep,2010-06-26T19:01:21,5.3,3.0006844626967832,8
90576,2010-06-28T09:32:24,-66.99,-22.974,249.9052,5.7,mw,,,,,,,,,,,,,,,,,CSN-improved,,slab_deep,156.595077515,slab_deep,2010-06-28T09:32:24,5.3,3.0006844626967832,8
90735,2010-07-04T18:34:03,-67.504,-23.863,243.0,5.4,mw,,,23.5,,,,,,,,,,,,,,CSN-improved,,slab_deep,119.004333496,slab_deep,2010-07-04T18:34:03,5.3,3.0006844626967832,8
90796,2010-07-06T13:54:02,-72.119,-35.651,49.6453,5.5,mw,,,,,,,,,,,,,,,,,CSN-improved,,slab_deep,51.697933197,slab_deep,2010-07-06T13:54:02,5.3,3.0006844626967832,8
90952,2010-07-12T00:11:21,-68.216,-22.146,115.0,6.3,mw,,,,,167.0,40.0,-73.0,325.0,52.0,-104.0,-2.48e+18,2.32e+17,2.2400000000000005e+18,6.63e+17,-3.15e+17,-1.11e+18,USGS,,slab_deep,101.523391724,slab_deep,2010-07-12T00:11:21,5.3,3.0006844626967832,8
90953,2010-07-12T00:11:26,-68.61,-22.4,134.7,6.2,mw,0.01,0.01,0.5,,167.0,40.0,-73.0,325.0,52.0,-104.0,-2.48e+18,2.32e+17,2.2400000000000005e+18,6.63e+17,-3.15e+17,-1.11e+18,GCMT,,slab_deep,88.2460021973,slab_deep,2010-07-12T00:11:26,5.3,3.0006844626967832,8
91094,2010-07-17T06:07:43,-69.989,-24.748,49.5,5.5,mw,,,5.2,0.1,29.0,24.0,130.0,165.0,72.0,74.0,1.19e+17,3.01e+16,-1.5e+17,5.639999999999999e+16,-1.59e+17,-1.78e+16,ISC-GEM,,slab_deep,52.5949058533,slab_deep,2010-07-17T06:07:43,5.3,3.0006844626967832,8
91197,2010-07-21T14:56:08,-69.433,-23.651,85.3884,5.3,mw,,,,,,,,,,,,,,,,,CSN-improved,,slab_deep,65.1813278198,slab_deep,2010-07-21T14:56:08,5.3,3.0006844626967832,8
91312,2010-07-26T17:31:30,-67.046,-24.109,188.0,5.3,mw,,,,,186.0,21.0,-71.0,346.0,70.0,-97.0,-1.46e+17,-1.63e+16,1.62e+17,5.21e+16,-1.78e+17,-1.47e+16,ISC,,slab_deep,142.925888062,slab_deep,2010-07-26T17:31:30,5.3,3.0006844626967832,8
91310,2010-07-26T17:31:31,-67.51,-24.049,201.9,6.1,mw,,,17.6,,186.0,21.0,-71.0,346.0,70.0,-97.0,-1.46e+17,-1.63e+16,1.62e+17,5.21e+16,-1.78e+17,-1.47e+16,CSN-improved,,slab_deep,118.280548096,slab_deep,2010-07-26T17:31:31,5.3,3.0006844626967832,8
91311,2010-07-26T17:31:34,-67.28,-24.26,202.2,5.5,mw,0.01,0.01,1.3,,186.0,21.0,-71.0,346.0,70.0,-97.0,-1.46e+17,-1.63e+16,1.62e+17,5.21e+16,-1.78e+17,-1.47e+16,GCMT,,slab_deep,127.852737427,slab_deep,2010-07-26T17:31:34,5.3,3.0006844626967832,8
92090,2010-08-21T14:54:57,-67.345,-27.544,142.1,5.5,mw,,,,,,,,,,,,,,,,,USGS,,slab_deep,114.055030823,slab_deep,2010-08-21T14:54:57,5.3,3.0006844626967832,8
92114,2010-08-22T08:06:33,-67.269,-21.135,152.5,5.5,mw,,,5.5,,,,,,,,,,,,,,USGS,,slab_deep,160.296112061,slab_deep,2010-08-22T08:06:33,5.3,3.0006844626967832,8
92186,2010-08-25T12:02:37,-69.184,-22.704,76.9,5.5,mw,,,,,,,,,,,,,,,,,USGS,,slab_deep,72.077545166,slab_deep,2010-08-25T12:02:37,5.3,3.0006844626967832,8
92556,2010-09-08T14:47:26,-69.813,-18.249,121.1,5.3,mw,,,4.2,,,,,,,,,,,,,,CSN-improved,,slab_deep,90.1329040527,slab_deep,2010-09-08T14:47:26,5.3,3.0006844626967832,8
92798,2010-09-16T00:00:22,-65.605,-30.927,173.4,5.3,mw,,,8.0,,,,,,,,,,,,,,USGS,,slab_deep,148.097763062,slab_deep,2010-09-16T00:00:22,5.3,3.0006844626967832,8
92817,2010-09-17T03:25:30,-67.441,-21.804,205.8657,5.4,mw,,,,,277.0,8.0,-12.0,18.0,88.0,-98.0,-1.15e+16,1.92e+16,-7640000000000000.0,-2.55e+16,-8.78e+16,5740000000000000.0,CSN-improved,,slab_deep,140.391342163,slab_deep,2010-09-17T03:25:30,5.3,3.0006844626967832,8
93047,2010-09-25T10:54:55,-68.829,-20.543,105.3,5.3,mw,,,,,,,,,,,,,,,,,USGS,,slab_deep,90.5610198975,slab_deep,2010-09-25T10:54:55,5.3,3.0006844626967832,8
93646,2010-10-17T14:40:14,-69.491,-32.083,111.0,5.4,mw,,,,,,,,,,,,,,,,,ISC,,slab_deep,102.661231995,slab_deep,2010-10-17T14:40:14,5.3,3.0006844626967832,8
93764,2010-10-22T19:31:41,-68.79,-21.07,142.6,5.8,mw,0.01,0.01,0.6,,89.0,20.0,-141.0,322.0,78.0,-74.0,-3.37e+17,3.2e+17,1.65e+16,2.52e+17,-5.12e+17,-2.4e+16,GCMT,,slab_deep,89.1543121338,slab_deep,2010-10-22T19:31:41,5.3,3.0006844626967832,8
93892,2010-10-27T20:09:02,-69.742,-19.123,85.2172,5.8,mw,,,,,,,,,,,,,,,,,CSN-improved,,slab_deep,75.4162521362,slab_deep,2010-10-27T20:09:02,5.3,3.0006844626967832,8
94095,2010-11-02T10:38:25,-71.86,-36.421,84.3185,5.7,mw,,,,,,,,,,,,,,,,,CSN-improved,,slab_deep,74.0392074585,slab_deep,2010-11-02T10:38:25,5.3,3.0006844626967832,8
94274,2010-11-09T16:02:09,-67.332,-24.065,200.177,5.6,mw,,,,,,,,,,,,,,,,,CSN-improved,,slab_deep,125.928970337,slab_deep,2010-11-09T16:02:09,5.3,3.0006844626967832,8
95458,2010-12-16T19:36:22,-67.72,-21.225,210.0861,5.5,mw,,,,,,,,,,,,,,,,,CSN-improved,,slab_deep,132.102279663,slab_deep,2010-12-16T19:36:22,5.3,3.0006844626967832,8
95710,2010-12-24T23:10:57,-66.908,-22.874,256.4,5.5,mw,,,6.3,,,,,,,,,,,,,,CSN-improved,,slab_deep,164.22845459,slab_deep,2010-12-24T23:10:57,5.3,3.0006844626967832,8
96143,2011-01-04T22:59:09,-69.788,-29.175,128.0,5.8,mw,,,13.0,,7.0,35.0,127.0,144.0,62.0,67.0,8.95e+16,-1100000000000000.0,-8.84e+16,5.77e+16,-3.23e+16,2.07e+16,CSN-improved,,slab_deep,84.8350296021,slab_deep,2011-01-04T22:59:09,5.3,3.0006844626967832,8
96144,2011-01-04T22:59:10,-69.486,-29.039,110.0,5.3,mw,,,,,7.0,35.0,127.0,144.0,62.0,67.0,8.95e+16,-1100000000000000.0,-8.84e+16,5.77e+16,-3.23e+16,2.07e+16,USGS,,slab_deep,86.3689041138,slab_deep,2011-01-04T22:59:10,5.3,3.0006844626967832,8
96145,2011-01-04T22:59:14,-69.91,-29.28,130.2,5.3,mw,0.02,0.01,1.1,,7.0,35.0,127.0,144.0,62.0,67.0,8.95e+16,-1100000000000000.0,-8.84e+16,5.77e+16,-3.23e+16,2.07e+16,GCMT,,slab_deep,84.1884460449,slab_deep,2011-01-04T22:59:14,5.3,3.0006844626967832,8
96214,2011-01-07T04:55:57,-65.337,-21.784,290.4,5.5,mw,,,4.4,,,,,,,,,,,,,,USGS,,slab_deep,286.651367188,slab_deep,2011-01-07T04:55:57,5.3,3.0006844626967832,8
96245,2011-01-08T10:22:05,-68.973,-31.509,103.0,5.4,mw,,,,,,,,,,,,,,,,,ISC,,slab_deep,97.783416748,slab_deep,2011-01-08T10:22:05,5.3,3.0006844626967832,8
96568,2011-01-18T21:30:47,-69.37,-19.166,98.2084,5.8,mw,,,,,,,,,,,,,,,,,CSN-improved,,slab_deep,89.4279098511,slab_deep,2011-01-18T21:30:47,5.3,3.0006844626967832,8
96632,2011-01-20T11:02:55,-68.898,-19.607,113.8,5.6,mw,,,6.5,,,,,,,,,,,,,,USGS,,slab_deep,99.2436904907,slab_deep,2011-01-20T11:02:55,5.3,3.0006844626967832,8
96775,2011-01-25T18:31:59,-70.239,-33.13,91.0,5.3,mw,,,6.3,,,,,,,,,,,,,,USGS,,slab_deep,87.6053848267,slab_deep,2011-01-25T18:31:59,5.3,3.0006844626967832,8
96943,2011-02-01T23:38:47,-68.77,-20.784,108.8,5.3,mw,,,13.0,,,,,,,,,,,,,,USGS,,slab_deep,91.9755859375,slab_deep,2011-02-01T23:38:47,5.3,3.0006844626967832,8
97145,2011-02-08T13:03:34,-69.96,-27.82,109.3,5.4,mw,0.01,0.01,1.2,,296.0,47.0,-169.0,199.0,82.0,-44.0,-3.11e+16,-6.19e+16,9.3e+16,3.6e+16,8.85e+16,-7.21e+16,GCMT,,slab_deep,74.9842453003,slab_deep,2011-02-08T13:03:34,5.3,3.0006844626967832,8
97378,2011-02-14T21:56:45,-69.208,-20.039,100.7017,6.0,mw,,,,,244.0,57.0,-28.0,350.0,67.0,-144.0,-3.33e+16,-2.01e+16,5.34e+16,4.47e+16,-3.4e+16,5.29e+16,CSN-improved,,slab_deep,83.3110046387,slab_deep,2011-02-14T21:56:45,5.3,3.0006844626967832,8
97415,2011-02-15T10:05:40,-68.634,-21.979,133.579,5.4,mw,,,,,,,,,,,,,,,,,CSN-improved,,slab_deep,88.6662826538,slab_deep,2011-02-15T10:05:40,5.3,3.0006844626967832,8
97577,2011-02-20T22:25:51,-66.917,-27.93,182.9605,5.4,mw,,,,,,,,,,,,,,,,,CSN-improved,,slab_deep,124.537979126,slab_deep,2011-02-20T22:25:51,5.3,3.0006844626967832,8
97773,2011-02-27T11:45:59,-69.082,-20.261,108.1,5.3,mw,,,,,,,,,,,,,,,,,USGS,,slab_deep,84.9131164551,slab_deep,2011-02-27T11:45:59,5.3,3.0006844626967832,8
97810,2011-02-28T20:45:42,-69.234,-20.453,101.1088,5.5,mw,,,,,201.0,15.0,-61.0,351.0,77.0,-97.0,-3.97e+16,-1.1e+16,5.07e+16,1.58e+16,-8.99e+16,3400000000000000.0,CSN-improved,,slab_deep,78.4821929932,slab_deep,2011-02-28T20:45:42,5.3,3.0006844626967832,8
97811,2011-02-28T20:45:45,-69.44,-20.52,125.6,5.3,mw,0.01,0.01,1.3,,201.0,15.0,-61.0,351.0,77.0,-97.0,-3.97e+16,-1.1e+16,5.07e+16,1.58e+16,-8.99e+16,3400000000000000.0,GCMT,,slab_deep,70.9229125977,slab_deep,2011-02-28T20:45:45,5.3,3.0006844626967832,8
98002,2011-03-06T12:31:57,-69.44,-18.309,112.4,6.1,mw,,,2.4,,355.0,85.0,-100.0,239.0,11.0,-27.0,-1.44e+18,-5.8e+17,2.02e+18,1.3e+18,-2.12e+18,9.8e+16,CSN-improved,,slab_deep,101.270797729,slab_deep,2011-03-06T12:31:57,5.3,3.0006844626967832,8
98001,2011-03-06T12:32:02,-69.73,-18.28,126.3,6.3,mw,0.01,0.01,0.5,,210.0,26.0,-37.0,335.0,75.0,-111.0,-1.44e+18,-5.8e+17,2.02e+18,1.3e+18,-2.12e+18,9.8e+16,GCMT,,slab_deep,90.7800445557,slab_deep,2011-03-06T12:32:02,5.3,3.0006844626967832,8
98382,2011-03-18T16:59:52,-67.427,-24.121,170.0,5.7,mw,,,0.0,,,,,,,,,,,,,,CSN-improved,,slab_deep,120.595451355,slab_deep,2011-03-18T16:59:52,5.3,3.0006844626967832,8
98383,2011-03-18T18:38:07,-70.832,-32.116,76.1,5.3,mw,,,7.0,,,,,,,,,,,,,,USGS,,slab_deep,67.3279342651,slab_deep,2011-03-18T18:38:07,5.3,3.0006844626967832,8
98415,2011-03-19T08:35:03,-68.83,-22.0,131.2,5.3,mw,0.01,0.01,1.2,,173.0,28.0,-85.0,347.0,62.0,-93.0,-8.53e+16,-9200000000000000.0,9.46e+16,1.61e+16,-5.96e+16,-2.03e+16,GCMT,,slab_deep,83.4885101318,slab_deep,2011-03-19T08:35:03,5.3,3.0006844626967832,8
98443,2011-03-20T01:33:09,-67.179,-23.958,216.8339,5.5,mw,,,,,,,,,,,,,,,,,CSN-improved,,slab_deep,134.803634644,slab_deep,2011-03-20T01:33:09,5.3,3.0006844626967832,8
98807,2011-03-31T04:07:40,-67.301,-23.858,246.6,5.5,mw,,,17.0,,,,,,,,,,,,,,CSN-improved,,slab_deep,129.630325317,slab_deep,2011-03-31T04:07:40,5.3,3.0006844626967832,8
98887,2011-04-02T10:59:39,-69.328,-19.681,101.2447,5.6,mw,,,,,10.0,80.0,-90.0,190.0,10.0,-90.0,-3.32e+17,-5.95e+16,3.91e+17,1.59e+17,-6.27e+17,2.04e+17,CSN-improved,,slab_deep,81.7404022217,slab_deep,2011-04-02T10:59:39,5.3,3.0006844626967832,8
98886,2011-04-02T10:59:42,-69.51,-19.75,117.8,5.9,mw,0.01,0.01,0.6,,230.0,24.0,-35.0,352.0,76.0,-110.0,-3.32e+17,-5.95e+16,3.91e+17,1.59e+17,-6.27e+17,2.04e+17,GCMT,,slab_deep,75.6575775146,slab_deep,2011-04-02T10:59:42,5.3,3.0006844626967832,8
99245,2011-04-11T07:55:11,-67.371,-23.693,245.8,5.6,mw,,,10.9,,,,,,,,,,,,,,CSN-improved,,slab_deep,127.768074036,slab_deep,2011-04-11T07:55:11,5.3,3.0006844626967832,8
101072,2011-05-30T10:48:10,-67.468,-24.231,188.9008,5.3,mw,,,,,,,,,,,,,,,,,CSN-improved,,slab_deep,120.193855286,slab_deep,2011-05-30T10:48:10,5.3,3.0006844626967832,8
101071,2011-05-30T17:28:47,-67.152,-19.876,251.5753,5.6,mw,,,,,,,,,,,,,,,,,CSN-improved,,slab_deep,192.54498291,slab_deep,2011-05-30T17:28:47,5.3,3.0006844626967832,8
101463,2011-06-08T03:06:22,-70.004,-17.534,146.5,6.1,mw,,,2.6,,330.0,88.0,-120.0,237.0,30.0,-4.0,-4.03e+17,-3.18e+17,7.22e+17,5.6200000000000006e+17,-5.4500000000000006e+17,-1.24e+17,CSN-improved,,slab_deep,101.552047729,slab_deep,2011-06-08T03:06:22,5.3,3.0006844626967832,8
101464,2011-06-08T03:06:24,-69.84,-17.37,150.4,5.9,mw,0.01,0.01,0.6,,208.0,32.0,-27.0,321.0,76.0,-119.0,-4.03e+17,-3.18e+17,7.22e+17,5.6200000000000006e+17,-5.4500000000000006e+17,-1.24e+17,GCMT,,slab_deep,112.780815125,slab_deep,2011-06-08T03:06:24,5.3,3.0006844626967832,8
101840,2011-06-20T16:35:59,-68.58,-21.901,123.6541,6.3,mw,,,,,190.0,85.0,105.0,298.0,16.0,19.0,-3e+17,-3.55e+17,6.55e+17,-2e+16,-7.58e+18,1.5e+18,CSN-improved,,slab_deep,90.4597244263,slab_deep,2011-06-20T16:35:59,5.3,3.0006844626967832,8
101839,2011-06-20T16:36:06,-68.63,-21.89,131.4,6.5,mw,0.0,0.0,0.5,,261.0,11.0,-9.0,360.0,88.0,-101.0,-3e+17,-3.55e+17,6.55e+17,-2e+16,-7.58e+18,1.5e+18,GCMT,,slab_deep,89.1192016602,slab_deep,2011-06-20T16:36:06,5.3,3.0006844626967832,8
101903,2011-06-22T13:57:36,-66.82,-28.24,174.4,5.3,mw,0.02,0.01,1.6,,196.0,44.0,17.0,94.0,78.0,133.0,3.11e+16,-3.65e+16,5400000000000000.0,7.89e+16,-3.27e+16,-7.44e+16,GCMT,,slab_deep,123.665473938,slab_deep,2011-06-22T13:57:36,5.3,3.0006844626967832,8
101957,2011-06-24T18:12:44,-69.442,-29.036,87.1,5.3,mw,,,4.6,,,,,,,,,,,,,,USGS,,slab_deep,86.5648345947,slab_deep,2011-06-24T18:12:44,5.3,3.0006844626967832,8
102576,2011-07-09T19:27:41,-67.436,-28.759,98.9,5.4,mw,,,6.3,,,,,,,,,,,,,,USGS,,slab_deep,102.658782959,slab_deep,2011-07-09T19:27:41,5.3,3.0006844626967832,8
102772,2011-07-14T01:47:03,-66.875,-22.587,310.4,5.6,mw,,,12.2,,,,,,,,,,,,,,CSN-improved,,slab_deep,166.556793213,slab_deep,2011-07-14T01:47:03,5.3,3.0006844626967832,8
102773,2011-07-14T18:57:36,-69.26,-18.609,110.0,5.4,mw,,,,,,,,,,,,,,,,,USGS,,slab_deep,102.725906372,slab_deep,2011-07-14T18:57:36,5.3,3.0006844626967832,8
102813,2011-07-15T14:55:38,-68.89,-21.2,111.9,5.4,mw,0.02,0.02,2.7,,334.0,42.0,-99.0,166.0,49.0,-82.0,-1.42e+17,1.3e+16,1.29e+17,7000000000000000.0,2.3e+16,-5e+16,GCMT,,slab_deep,85.6465454102,slab_deep,2011-07-15T14:55:38,5.3,3.0006844626967832,8
102814,2011-07-15T18:32:56,-67.338,-24.061,225.5357,5.3,mw,,,,,,,,,,,,,,,,,CSN-improved,,slab_deep,125.928970337,slab_deep,2011-07-15T18:32:56,5.3,3.0006844626967832,8
103085,2011-07-23T02:56:55,-70.05,-29.41,127.3,5.5,mw,0.01,0.01,0.7,,189.0,40.0,68.0,36.0,53.0,107.0,1.75e+17,-1.6e+16,-1.59e+17,5.6e+16,2e+16,-7.1e+16,GCMT,,slab_deep,82.5703353882,slab_deep,2011-07-23T02:56:55,5.3,3.0006844626967832,8
103339,2011-07-31T17:36:34,-66.74,-28.12,181.2,5.4,mw,0.01,0.01,1.4,,188.0,47.0,-25.0,296.0,72.0,-134.0,-7.4e+16,-3e+16,1.04e+17,1.02e+17,-1.6e+16,-1.03e+17,GCMT,,slab_deep,127.681694031,slab_deep,2011-07-31T17:36:34,5.3,3.0006844626967832,8
103483,2011-08-03T14:23:25,-67.077,-24.136,200.0,5.5,mw,,,0.0,,,,,,,,,,,,,,CSN-improved,,slab_deep,139.601303101,slab_deep,2011-08-03T14:23:25,5.3,3.0006844626967832,8
104341,2011-08-27T09:23:41,-71.17,-31.623,52.4,5.3,mw,,,6.0,,,,,,,,,,,,,,USGS,,slab_deep,54.4001159668,slab_deep,2011-08-27T09:23:41,5.3,3.0006844626967832,8
104842,2011-09-09T02:33:58,-68.93,-22.57,122.9,5.4,mw,0.01,0.01,1.4,,209.0,50.0,-40.0,328.0,60.0,-132.0,-9.5e+16,-5.4e+16,1.49e+17,6.7e+16,-2.2e+16,-7000000000000000.0,GCMT,,slab_deep,79.0946502686,slab_deep,2011-09-09T02:33:58,5.3,3.0006844626967832,8
105072,2011-09-14T14:52:46,-69.429,-17.437,147.2,5.3,mw,,,6.8,,,,,,,,,,,,,,USGS,,slab_deep,123.336547852,slab_deep,2011-09-14T14:52:46,5.3,3.0006844626967832,8
105253,2011-09-18T07:55:31,-67.636,-23.914,250.2,5.3,mw,,,16.6,,,,,,,,,,,,,,CSN-improved,,slab_deep,111.765510559,slab_deep,2011-09-18T07:55:31,5.3,3.0006844626967832,8
106107,2011-10-18T08:26:30,-67.275,-23.398,208.1862,5.3,mw,,,,,,,,,,,,,,,,,CSN-improved,,slab_deep,133.110839844,slab_deep,2011-10-18T08:26:30,5.3,3.0006844626967832,8
106406,2011-11-01T22:28:49,-67.507,-24.138,222.8191,5.3,mw,,,,,,,,,,,,,,,,,CSN-improved,,slab_deep,118.016563416,slab_deep,2011-11-01T22:28:49,5.3,3.0006844626967832,8
106438,2011-11-03T11:40:09,-69.132,-24.044,80.1,5.4,mw,,,11.2,,178.0,42.0,-53.0,312.0,58.0,-118.0,-6.42e+16,-1.66e+16,8.09e+16,2.09e+16,-2.09e+16,-6.92e+16,CSN-improved,,slab_deep,74.3532409668,slab_deep,2011-11-03T11:40:09,5.3,3.0006844626967832,8
106439,2011-11-03T11:40:12,-69.22,-24.08,113.1,5.3,mw,0.02,0.01,2.0,,178.0,42.0,-53.0,312.0,58.0,-118.0,-6.42e+16,-1.66e+16,8.09e+16,2.09e+16,-2.09e+16,-6.92e+16,GCMT,,slab_deep,73.3410110474,slab_deep,2011-11-03T11:40:12,5.3,3.0006844626967832,8
106851,2011-11-22T02:18:07,-71.904,-16.541,97.3,5.4,mw,,,8.3,,,,,,,,,,,,,,USGS,,slab_deep,84.1118621826,slab_deep,2011-11-22T02:18:07,5.3,3.0006844626967832,8
107899,2011-12-28T11:43:44,-70.25,-27.782,67.0,5.3,mw,,,,,,,,,,,,,,,,,USGS,,slab_deep,63.7050209045,slab_deep,2011-12-28T11:43:44,5.3,3.0006844626967832,8
108143,2012-01-05T18:46:03,-68.787,-26.035,87.9,5.3,mw,,,7.4,,,,,,,,,,,,,,USGS,,slab_deep,88.0730667114,slab_deep,2012-01-05T18:46:03,5.3,3.0006844626967832,8
109006,2012-01-28T08:51:43,-66.6,-21.53,251.6,5.3,mw,0.02,0.01,1.5,,111.0,36.0,-125.0,332.0,62.0,-67.0,-8.72e+16,4.96e+16,3.76e+16,9600000000000000.0,-5.96e+16,-6.15e+16,GCMT,,slab_deep,195.616210938,slab_deep,2012-01-28T08:51:43,5.3,3.0006844626967832,8
109588,2012-02-15T05:53:58,-67.393,-22.51,233.4254,5.5,mw,,,,,,,,,,,,,,,,,CSN-improved,,slab_deep,136.691390991,slab_deep,2012-02-15T05:53:58,5.3,3.0006844626967832,8
109918,2012-02-26T08:08:52,-69.538,-18.857,100.2618,5.6,mw,,,,,,,,,,,,,,,,,CSN-improved,,slab_deep,87.258895874,slab_deep,2012-02-26T08:08:52,5.3,3.0006844626967832,8
110277,2012-03-10T02:26:57,-69.2,-19.703,100.6917,5.3,mw,,,,,179.0,19.0,-91.0,1.0,71.0,-89.0,-3.85e+16,-5160000000000000.0,4.37e+16,-660000000000000.0,-5.32e+16,-100000000000000.0,CSN-improved,,slab_deep,87.0296554565,slab_deep,2012-03-10T02:26:57,5.3,3.0006844626967832,8
110342,2012-03-12T19:37:36,-71.664,-34.969,70.0,5.3,mw,,,,,,,,,,,,,,,,,USGS,,slab_deep,55.5641670227,slab_deep,2012-03-12T19:37:36,5.3,3.0006844626967832,8
110651,2012-03-24T14:39:29,-71.095,-16.244,235.2,5.5,mw,,,7.5,,,,,,,,,,,,,,CSN-improved,,slab_deep,124.97895813,slab_deep,2012-03-24T14:39:29,5.3,3.0006844626967832,8
111232,2012-04-11T06:54:38,-66.833,-22.82,214.3,5.3,mw,,,20.3,,,,,,,,,,,,,,CSN-improved,,slab_deep,168.0753479,slab_deep,2012-04-11T06:54:38,5.3,3.0006844626967832,8
111288,2012-04-13T20:28:32,-67.183,-21.311,276.6,5.5,mw,,,11.7,,,,,,,,,,,,,,CSN-improved,,slab_deep,161.144546509,slab_deep,2012-04-13T20:28:32,5.3,3.0006844626967832,8
112218,2012-05-14T10:00:39,-69.758,-17.752,105.0,6.3,mw,,,6.2,0.1,316.0,82.0,-111.0,206.0,22.0,-22.0,-8.56e+17,-7.98e+17,1.65e+18,1.85e+18,-1.92e+18,-7.6e+17,ISC-GEM,,slab_deep,103.761268616,slab_deep,2012-05-14T10:00:39,5.3,3.0006844626967832,8
112219,2012-05-14T10:00:43,-69.94,-18.0,119.2,6.3,mw,0.01,0.0,0.4,,203.0,25.0,-25.0,315.0,80.0,-113.0,-8.56e+17,-7.98e+17,1.65e+18,1.85e+18,-1.92e+18,-7.6e+17,GCMT,,slab_deep,90.8660888672,slab_deep,2012-05-14T10:00:43,5.3,3.0006844626967832,8
112472,2012-05-23T01:04:36,-71.07,-16.98,110.0,5.3,mw,,,,,,,,,,,,,,,,,USGS,,slab_deep,93.3988571167,slab_deep,2012-05-23T01:04:36,5.3,3.0006844626967832,8
112504,2012-05-24T19:18:55,-70.84,-37.11,162.6,5.4,mw,0.01,0.01,0.8,,123.0,17.0,-146.0,360.0,81.0,-76.0,-2.8e+16,1000000000000000.0,2.7e+16,-5000000000000000.0,-1.65e+17,-5.7e+16,GCMT,,slab_deep,121.898239136,slab_deep,2012-05-24T19:18:55,5.3,3.0006844626967832,8
112857,2012-06-07T17:06:48,-66.308,-22.435,250.0,5.3,mw,,,0.0,,,,,,,,,,,,,,CSN-improved,,slab_deep,210.44960022,slab_deep,2012-06-07T17:06:48,5.3,3.0006844626967832,8
112988,2012-06-11T23:37:37,-69.78,-17.824,94.4,5.3,mw,,,5.2,,,,,,,,,,,,,,USGS,,slab_deep,100.783126831,slab_deep,2012-06-11T23:37:37,5.3,3.0006844626967832,8
113376,2012-06-24T10:25:56,-67.173,-22.595,216.7437,5.8,mw,,,,,125.0,24.0,-118.0,335.0,69.0,-78.0,-1.03e+17,4.31e+16,6.02e+16,3.76e+16,-1.08e+17,-5.570000000000001e+16,CSN-improved,,slab_deep,150.586837769,slab_deep,2012-06-24T10:25:56,5.3,3.0006844626967832,8
113377,2012-06-24T10:26:00,-66.94,-22.52,219.8,5.4,mw,0.01,0.01,1.0,,125.0,24.0,-118.0,335.0,69.0,-78.0,-1.03e+17,4.31e+16,6.02e+16,3.76e+16,-1.08e+17,-5.570000000000001e+16,GCMT,,slab_deep,164.171737671,slab_deep,2012-06-24T10:26:00,5.3,3.0006844626967832,8
115769,2012-09-21T12:17:29,-69.53,-19.72,124.7,5.4,mw,0.01,0.01,0.9,,184.0,5.0,-66.0,339.0,85.0,-92.0,-2.02e+16,-3700000000000000.0,2.39e+16,4.74e+16,-1.24e+17,-5500000000000000.0,GCMT,,slab_deep,74.3460845947,slab_deep,2012-09-21T12:17:29,5.3,3.0006844626967832,8
116053,2012-09-29T17:49:03,-69.86,-17.64,145.8,5.3,mw,0.01,0.01,1.4,,252.0,40.0,-3.0,344.0,88.0,-130.0,-3700000000000000.0,-3.4300000000000004e+16,3.8e+16,3.57e+16,-7.87e+16,6.25e+16,GCMT,,slab_deep,103.289756775,slab_deep,2012-09-29T17:49:03,5.3,3.0006844626967832,8
116324,2012-10-08T01:50:26,-68.498,-21.808,116.8539,5.7,mw,,,,,0.0,65.0,-80.0,157.0,27.0,-110.0,-4.52e+17,-8.33e+16,5.35e+17,-8.7e+16,-2.36e+17,-7.54e+16,CSN-improved,,slab_deep,93.7580566406,slab_deep,2012-10-08T01:50:26,5.3,3.0006844626967832,8
116323,2012-10-08T01:50:29,-68.46,-21.83,131.2,5.8,mw,0.01,0.01,0.6,,158.0,35.0,-114.0,7.0,59.0,-74.0,-4.52e+17,-8.33e+16,5.35e+17,-8.7e+16,-2.36e+17,-7.54e+16,GCMT,,slab_deep,94.9799194336,slab_deep,2012-10-08T01:50:29,5.3,3.0006844626967832,8
116436,2012-10-11T17:22:15,-70.57,-32.86,107.2,5.6,mw,0.01,0.01,1.1,,170.0,84.0,-174.0,80.0,84.0,-6.0,5000000000000000.0,-1.51e+17,1.46e+17,-2.1e+16,2.6e+16,1.93e+17,GCMT,,slab_deep,77.5816116333,slab_deep,2012-10-11T17:22:15,5.3,3.0006844626967832,8
117364,2012-11-04T06:37:38,-72.18,-16.07,134.4,5.5,mw,0.01,0.01,0.9,,94.0,51.0,-174.0,360.0,85.0,-39.0,-4.55e+16,-5600000000000000.0,5.11e+16,3.27e+16,-1.23e+17,-1.63e+17,GCMT,,slab_deep,89.1451263428,slab_deep,2012-11-04T06:37:38,5.3,3.0006844626967832,8
118586,2012-12-06T18:58:56,-69.252,-17.889,132.8,5.3,mw,,,,,,,,,,,,,,,,,USGS,,slab_deep,118.037025452,slab_deep,2012-12-06T18:58:56,5.3,3.0006844626967832,8
118917,2012-12-16T20:39:24,-69.387,-19.796,112.6,5.3,mw,,,,,,,,,,,,,,,,,USGS,,slab_deep,78.7971343994,slab_deep,2012-12-16T20:39:24,5.3,3.0006844626967832,8
119470,2013-01-01T03:51:13,-69.664,-20.823,60.5157,5.1,mw,,,,,,,,,,,,,,,,,CSN-improved,,slab_deep,61.1144714355,slab_deep,2013-01-01T03:51:13,,,-1
119516,2013-01-02T02:24:23,-71.607,-34.816,45.5,4.9,mw,,,3.3,,,,,,,,,,,,,,CSN-improved,,slab_deep,54.7410202026,slab_deep,2013-01-02T02:24:23,,,-1
119521,2013-01-02T09:10:23,-67.389,-24.201,201.7451,4.1,mw,,,,,,,,,,,,,,,,,CSN-improved,,slab_deep,122.817893982,slab_deep,2013-01-02T09:10:23,,,-1
119644,2013-01-05T16:58:14,-69.951,-20.295,61.0115,4.0,mw,,,,,,,,,,,,,,,,,CSN-improved,,slab_deep,51.9220161438,slab_deep,2013-01-05T16:58:14,,,-1
119691,2013-01-06T10:41:34,-69.473,-19.349,99.0,4.0,mw,,,2.8,,,,,,,,,,,,,,CSN-improved,,slab_deep,82.7553787231,slab_deep,2013-01-06T10:41:34,,,-1
119684,2013-01-06T11:48:00,-66.923,-24.306,169.8,4.6,mw,,,5.3,,,,,,,,,,,,,,USGS,,slab_deep,150.956420898,slab_deep,2013-01-06T11:48:00,,,-1
119688,2013-01-06T11:48:01,-67.085,-24.283,181.0,4.1,mw,,,,,,,,,,,,,,,,,ISC,,slab_deep,138.774353027,slab_deep,2013-01-06T11:48:01,,,-1
119687,2013-01-06T11:48:03,-67.402,-24.173,217.6192,4.3,mw,,,,,,,,,,,,,,,,,CSN-improved,,slab_deep,122.968559265,slab_deep,2013-01-06T11:48:03,,,-1
119681,2013-01-06T18:17:31,-66.106,-22.863,245.7,5.4,mw,,,4.5,,,,,,,,,,,,,,USGS,,slab_deep,224.73197937,slab_deep,2013-01-06T18:17:31,,,-1
119689,2013-01-06T18:17:32,-66.281,-22.912,254.0,4.1,mw,,,,,,,,,,,,,,,,,ISC,,slab_deep,207.714508057,slab_deep,2013-01-06T18:17:32,,,-1
119683,2013-01-06T18:17:33,-66.324,-22.836,262.5,4.9,mw,,,5.3,,,,,,,,,,,,,,CSN-improved,,slab_deep,208.094055176,slab_deep,2013-01-06T18:17:33,,,-1
119732,2013-01-07T10:19:33,-67.143,-27.981,151.2029,4.5,mw,,,,,,,,,,,,,,,,,CSN-improved,,slab_deep,116.05317688,slab_deep,2013-01-07T10:19:33,,,-1
119775,2013-01-08T13:38:23,-67.636,-24.073,210.1,4.2,mw,,,8.5,,,,,,,,,,,,,,CSN-improved,,slab_deep,111.384307861,slab_deep,2013-01-08T13:38:23,,,-1
119801,2013-01-09T11:21:23,-69.46,-24.41,96.4,4.8,mw,0.04,0.03,6.3,,164.0,40.0,-44.0,291.0,64.0,-121.0,,,,,,,GCMT,,slab_deep,68.1310424805,slab_deep,2013-01-09T11:21:23,,,-1
119802,2013-01-09T18:38:44,-69.72,-18.105,109.2376,4.7,mw,,,,,215.0,25.0,-34.0,336.0,76.0,-111.0,-1.41e+16,-1.02e+16,2.43e+16,1.27e+16,-2.7e+16,1140000000000000.0,CSN-improved,,slab_deep,96.8236236572,slab_deep,2013-01-09T18:38:44,,,-1
119800,2013-01-09T18:38:48,-69.78,-18.22,135.6,5.0,mw,0.03,0.03,4.3,,215.0,25.0,-34.0,336.0,76.0,-111.0,-1.41e+16,-1.02e+16,2.43e+16,1.27e+16,-2.7e+16,1140000000000000.0,GCMT,,slab_deep,91.2229919434,slab_deep,2013-01-09T18:38:48,,,-1
119862,2013-01-11T04:18:44,-68.216,-19.244,218.9,4.3,mw,,,5.2,,,,,,,,,,,,,,CSN-improved,,slab_deep,142.572402954,slab_deep,2013-01-11T04:18:44,,,-1
119864,2013-01-11T08:31:30,-68.398,-31.681,143.6321,4.0,mw,,,,,,,,,,,,,,,,,CSN-improved,,slab_deep,97.1904220581,slab_deep,2013-01-11T08:31:30,,,-1
119863,2013-01-11T23:42:03,-67.491,-28.475,131.0,4.2,mw,,,,,,,,,,,,,,,,,ISC,,slab_deep,103.720993042,slab_deep,2013-01-11T23:42:03,,,-1
119913,2013-01-12T03:53:31,-68.337,-21.621,118.0,4.1,mw,,,,,,,,,,,,,,,,,ISC,,slab_deep,99.5788040161,slab_deep,2013-01-12T03:53:31,,,-1
119908,2013-01-12T07:41:02,-68.14,-31.908,117.0,4.5,mw,,,,,,,,,,,,,,,,,ISC,,slab_deep,100.855072021,slab_deep,2013-01-12T07:41:02,,,-1
119911,2013-01-12T08:55:03,-68.042,-31.719,242.5,4.3,mw,,,,,,,,,,,,,,,,,CSN-improved,,slab_deep,97.8027801514,slab_deep,2013-01-12T08:55:03,,,-1
119942,2013-01-13T21:23:27,-69.321,-20.135,89.356,5.5,mw,,,,,219.0,18.0,-39.0,346.0,79.0,-105.0,-4.6e+16,-8000000000000000.0,5.4e+16,3.3e+16,-1.01e+17,1.6e+16,CSN-improved,,slab_deep,78.9918136597,slab_deep,2013-01-13T21:23:27,,,-1
119943,2013-01-13T21:23:30,-69.52,-20.24,111.4,5.3,mw,0.01,0.01,1.2,,217.0,19.0,-39.0,345.0,78.0,-105.0,-4.6e+16,-8000000000000000.0,5.4e+16,3.3e+16,-1.01e+17,1.6e+16,GCMT,,slab_deep,70.8366928101,slab_deep,2013-01-13T21:23:30,,,-1
119997,2013-01-14T14:16:28,-69.438,-24.406,83.1,4.0,mw,,,9.3,,,,,,,,,,,,,,CSN-improved,,slab_deep,68.1310424805,slab_deep,2013-01-14T14:16:28,,,-1
120041,2013-01-15T05:22:25,-70.04,-32.96,98.0,4.5,mw,,,8.6,,,,,,,,,,,,,,CSN-improved,,slab_deep,92.68334198,slab_deep,2013-01-15T05:22:25,,,-1
120121,2013-01-17T04:54:58,-69.611,-28.626,127.7,4.8,mw,,,5.0,,,,,,,,,,,,,,CSN-improved,,slab_deep,84.9002075195,slab_deep,2013-01-17T04:54:58,,,-1
120126,2013-01-17T13:37:09,-67.455,-24.266,190.8722,4.1,mw,,,,,,,,,,,,,,,,,CSN-improved,,slab_deep,120.193855286,slab_deep,2013-01-17T13:37:09,,,-1
120124,2013-01-17T14:13:57,-70.257,-32.166,115.8068,4.2,mw,,,,,,,,,,,,,,,,,CSN-improved,,slab_deep,88.8800125122,slab_deep,2013-01-17T14:13:57,,,-1
120162,2013-01-18T22:39:57,-68.513,-24.818,104.0,4.2,mw,,,,,,,,,,,,,,,,,ISC,,slab_deep,88.0838012695,slab_deep,2013-01-18T22:39:57,,,-1
120165,2013-01-18T22:40:05,-68.805,-24.207,125.0,4.0,mw,,,0.0,,,,,,,,,,,,,,CSN-improved,,slab_deep,81.7277679443,slab_deep,2013-01-18T22:40:05,,,-1
120211,2013-01-19T03:50:47,-71.172,-30.979,65.7,4.0,mw,,,3.4,,,,,,,,,,,,,,CSN-improved,,slab_deep,53.4995613098,slab_deep,2013-01-19T03:50:47,,,-1
120205,2013-01-19T04:53:17,-67.093,-23.587,235.8,4.4,mw,,,12.8,,,,,,,,,,,,,,CSN-improved,,slab_deep,143.465133667,slab_deep,2013-01-19T04:53:17,,,-1
120204,2013-01-19T19:20:43,-69.357,-23.475,102.1,4.8,mw,,,,,,,,,,,,,,,,,USGS,,slab_deep,67.8276748657,slab_deep,2013-01-19T19:20:43,,,-1
120206,2013-01-19T19:20:43,-69.258,-23.55,91.9273,4.4,mw,,,,,,,,,,,,,,,,,CSN-improved,,slab_deep,70.7075119019,slab_deep,2013-01-19T19:20:43,,,-1
120209,2013-01-19T23:41:54,-68.681,-22.454,112.0,4.1,mw,,,,,,,,,,,,,,,,,ISC,,slab_deep,85.5546112061,slab_deep,2013-01-19T23:41:54,,,-1
120245,2013-01-20T12:01:07,-69.348,-31.763,104.4,4.7,mw,,,5.4,,,,,,,,,,,,,,USGS,,slab_deep,101.870773315,slab_deep,2013-01-20T12:01:07,,,-1
120246,2013-01-20T12:01:08,-69.454,-31.705,112.0,4.4,mw,,,,,,,,,,,,,,,,,ISC,,slab_deep,101.776664734,slab_deep,2013-01-20T12:01:08,,,-1
120248,2013-01-20T12:01:08,-69.589,-31.724,125.7459,4.2,mw,,,,,,,,,,,,,,,,,CSN-improved,,slab_deep,101.489250183,slab_deep,2013-01-20T12:01:08,,,-1
120288,2013-01-21T05:43:15,-67.052,-23.867,253.0,4.3,mw,,,6.5,,,,,,,,,,,,,,CSN-improved,,slab_deep,144.609802246,slab_deep,2013-01-21T05:43:15,,,-1
120285,2013-01-21T17:03:39,-68.59,-21.208,131.9,4.8,mw,,,,,,,,,,,,,,,,,USGS,,slab_deep,94.091835022,slab_deep,2013-01-21T17:03:39,,,-1
120290,2013-01-21T17:03:40,-68.531,-21.195,131.3048,4.2,mw,,,,,,,,,,,,,,,,,CSN-improved,,slab_deep,95.5943832397,slab_deep,2013-01-21T17:03:40,,,-1
120291,2013-01-21T23:39:24,-69.152,-19.896,95.7322,4.2,mw,,,,,,,,,,,,,,,,,CSN-improved,,slab_deep,86.4915161133,slab_deep,2013-01-21T23:39:24,,,-1
120325,2013-01-22T10:24:24,-69.007,-25.381,96.3642,4.6,mw,,,,,,,,,,,,,,,,,CSN-improved,,slab_deep,82.6638641357,slab_deep,2013-01-22T10:24:24,,,-1
120326,2013-01-22T17:07:17,-69.353,-20.088,84.2,4.5,mw,,,,,,,,,,,,,,,,,USGS,,slab_deep,77.6509780884,slab_deep,2013-01-22T17:07:17,,,-1
120328,2013-01-22T17:07:17,-69.287,-20.037,92.7,4.2,mw,,,2.8,,,,,,,,,,,,,,CSN-improved,,slab_deep,79.8664245605,slab_deep,2013-01-22T17:07:17,,,-1
120329,2013-01-22T22:15:50,-68.26,-22.729,129.5,4.2,mw,,,4.8,,,,,,,,,,,,,,CSN-improved,,slab_deep,96.110496521,slab_deep,2013-01-22T22:15:50,,,-1
120364,2013-01-23T14:53:31,-70.324,-17.812,109.1,4.1,mw,,,6.4,,,,,,,,,,,,,,CSN-improved,,slab_deep,84.9986724854,slab_deep,2013-01-23T14:53:31,,,-1
120363,2013-01-23T14:53:32,-69.966,-17.87,116.2,4.9,mw,,,9.4,,,,,,,,,,,,,,USGS,,slab_deep,94.6487045288,slab_deep,2013-01-23T14:53:32,,,-1
120394,2013-01-24T22:56:23,-67.989,-24.461,163.2,4.8,mw,,,9.4,,,,,,,,,,,,,,USGS,,slab_deep,98.5092773438,slab_deep,2013-01-24T22:56:23,,,-1
120396,2013-01-24T22:56:25,-67.936,-24.354,139.6284,4.0,mw,,,,,,,,,,,,,,,,,CSN-improved,,slab_deep,99.9986495972,slab_deep,2013-01-24T22:56:25,,,-1
120423,2013-01-25T10:28:17,-67.039,-23.22,224.989,4.2,mw,,,,,,,,,,,,,,,,,CSN-improved,,slab_deep,150.677124023,slab_deep,2013-01-25T10:28:17,,,-1
120614,2013-01-30T20:15:44,-70.578,-28.298,43.3,6.7,mw,,,2.1,,175.0,65.0,90.0,355.0,25.0,90.0,1.35e+19,6.5e+17,-1.42e+19,2.33e+18,-1.09e+19,-3.94e+18,CSN-improved,,slab_deep,53.7066345215,slab_deep,2013-01-30T20:15:44,,,-1
120622,2013-01-30T20:40:40,-70.615,-28.093,55.4,4.7,mw,,,4.9,,,,,,,,,,,,,,CSN-improved,,slab_deep,51.0368614197,slab_deep,2013-01-30T20:40:40,,,-1
120660,2013-01-31T02:45:02,-67.516,-28.503,132.7802,4.9,mw,,,,,,,,,,,,,,,,,CSN-improved,,slab_deep,103.720993042,slab_deep,2013-01-31T02:45:02,,,-1
120664,2013-01-31T02:47:22,-67.797,-23.301,110.2,4.6,mw,,,6.7,,,,,,,,,,,,,,USGS,,slab_deep,108.506034851,slab_deep,2013-01-31T02:47:22,,,-1
120713,2013-02-01T05:35:35,-70.589,-28.153,49.2,4.1,mw,,,7.0,,,,,,,,,,,,,,CSN-improved,,slab_deep,51.6859550476,slab_deep,2013-02-01T05:35:35,,,-1
120709,2013-02-01T17:21:23,-66.864,-24.097,172.9,5.1,mw,,,6.5,,,,,,,,,,,,,,USGS,,slab_deep,155.763641357,slab_deep,2013-02-01T17:21:23,,,-1
120711,2013-02-01T17:21:24,-67.044,-24.078,181.0,4.7,mw,,,,,,,,,,,,,,,,,ISC,,slab_deep,142.925888062,slab_deep,2013-02-01T17:21:24,,,-1
120710,2013-02-01T17:21:26,-67.305,-23.987,212.9402,4.9,mw,,,,,,,,,,,,,,,,,CSN-improved,,slab_deep,128.856918335,slab_deep,2013-02-01T17:21:26,,,-1
120744,2013-02-02T01:58:32,-69.927,-32.555,105.4,4.7,mw,,,,,,,,,,,,,,,,,USGS,,slab_deep,95.1887893677,slab_deep,2013-02-02T01:58:32,,,-1
120749,2013-02-02T01:58:32,-69.862,-32.549,88.305,4.1,mw,,,,,,,,,,,,,,,,,CSN-improved,,slab_deep,97.4246520996,slab_deep,2013-02-02T01:58:32,,,-1
120820,2013-02-04T01:39:50,-70.21,-32.699,104.4006,4.1,mw,,,,,,,,,,,,,,,,,CSN-improved,,slab_deep,88.5764312744,slab_deep,2013-02-04T01:39:50,,,-1
120819,2013-02-04T09:03:34,-67.97,-22.563,155.0,4.1,mw,,,,,,,,,,,,,,,,,ISC,,slab_deep,108.419471741,slab_deep,2013-02-04T09:03:34,,,-1
120850,2013-02-05T17:30:50,-69.165,-22.683,97.2,5.1,mw,,,,,,,,,,,,,,,,,USGS,,slab_deep,73.4975891113,slab_deep,2013-02-05T17:30:50,,,-1
120853,2013-02-05T17:30:51,-69.112,-22.695,95.4749,4.5,mw,,,,,,,,,,,,,,,,,CSN-improved,,slab_deep,74.8684005737,slab_deep,2013-02-05T17:30:51,,,-1
120851,2013-02-05T20:15:09,-66.747,-23.747,195.4,5.1,mw,,,12.0,,,,,,,,,,,,,,USGS,,slab_deep,165.679214478,slab_deep,2013-02-05T20:15:09,,,-1
120854,2013-02-05T20:15:11,-66.881,-23.671,207.0,4.4,mw,,,,,,,,,,,,,,,,,ISC,,slab_deep,156.155075073,slab_deep,2013-02-05T20:15:11,,,-1
120852,2013-02-05T20:15:12,-67.428,-23.509,243.9,4.9,mw,,,8.7,,,,,,,,,,,,,,CSN-improved,,slab_deep,123.789466858,slab_deep,2013-02-05T20:15:12,,,-1
120857,2013-02-05T23:09:54,-67.414,-28.709,136.0,4.1,mw,,,,,,,,,,,,,,,,,ISC,,slab_deep,103.940116882,slab_deep,2013-02-05T23:09:54,,,-1
120894,2013-02-06T00:32:29,-67.785,-24.424,106.9,4.8,mw,,,4.0,,,,,,,,,,,,,,USGS,,slab_deep,105.042999268,slab_deep,2013-02-06T00:32:29,,,-1
120897,2013-02-06T00:32:32,-68.277,-24.264,134.0,4.2,mw,,,8.9,,,,,,,,,,,,,,CSN-improved,,slab_deep,90.9473342896,slab_deep,2013-02-06T00:32:32,,,-1
120898,2013-02-06T02:09:31,-66.977,-19.44,274.4,4.0,mw,,,7.6,,,,,,,,,,,,,,CSN-improved,,slab_deep,212.455429077,slab_deep,2013-02-06T02:09:31,,,-1
120895,2013-02-06T09:14:53,-67.001,-24.14,201.5,4.8,mw,,,19.9,,,,,,,,,,,,,,USGS,,slab_deep,145.703765869,slab_deep,2013-02-06T09:14:53,,,-1
120896,2013-02-06T09:14:55,-67.218,-24.08,211.5842,4.5,mw,,,,,,,,,,,,,,,,,CSN-improved,,slab_deep,134.013961792,slab_deep,2013-02-06T09:14:55,,,-1
120927,2013-02-07T15:37:27,-67.363,-21.134,178.3,4.7,mw,,,13.9,,,,,,,,,,,,,,USGS,,slab_deep,154.114776611,slab_deep,2013-02-07T15:37:27,,,-1
120930,2013-02-07T15:37:29,-67.788,-21.027,206.4,4.0,mw,,,8.5,,,,,,,,,,,,,,CSN-improved,,slab_deep,129.023757935,slab_deep,2013-02-07T15:37:29,,,-1
120931,2013-02-07T15:57:56,-69.389,-31.33,128.7766,4.0,mw,,,,,,,,,,,,,,,,,CSN-improved,,slab_deep,100.27381897,slab_deep,2013-02-07T15:57:56,,,-1
120928,2013-02-07T19:31:16,-69.199,-28.066,102.0,4.1,mw,,,,,,,,,,,,,,,,,ISC,,slab_deep,87.0445556641,slab_deep,2013-02-07T19:31:16,,,-1
120966,2013-02-08T07:44:02,-68.906,-23.19,91.4518,4.3,mw,,,,,,,,,,,,,,,,,CSN-improved,,slab_deep,79.0188751221,slab_deep,2013-02-08T07:44:02,,,-1
121033,2013-02-10T07:08:30,-70.136,-27.0,61.3,4.9,mw,,,4.1,,,,,,,,,,,,,,USGS,,slab_deep,61.7108879089,slab_deep,2013-02-10T07:08:30,,,-1
121037,2013-02-10T23:23:57,-68.568,-31.229,104.0,4.1,mw,,,,,,,,,,,,,,,,,ISC,,slab_deep,93.4679946899,slab_deep,2013-02-10T23:23:57,,,-1
121039,2013-02-10T23:23:57,-68.938,-31.275,166.4684,4.0,mw,,,,,,,,,,,,,,,,,CSN-improved,,slab_deep,96.0762557983,slab_deep,2013-02-10T23:23:57,,,-1
121082,2013-02-11T07:33:11,-67.544,-23.962,206.7016,4.3,mw,,,,,,,,,,,,,,,,,CSN-improved,,slab_deep,116.187324524,slab_deep,2013-02-11T07:33:11,,,-1
121120,2013-02-12T17:11:38,-67.339,-24.073,239.5,4.1,mw,,,7.7,,,,,,,,,,,,,,CSN-improved,,slab_deep,125.928970337,slab_deep,2013-02-12T17:11:38,,,-1
121116,2013-02-12T21:47:29,-67.37,-31.552,155.7099,4.2,mw,,,,,,,,,,,,,,,,,CSN-improved,,slab_deep,100.821472168,slab_deep,2013-02-12T21:47:29,,,-1
121117,2013-02-12T22:55:11,-67.329,-23.671,222.5,4.2,mw,,,7.0,,,,,,,,,,,,,,CSN-improved,,slab_deep,128.119659424,slab_deep,2013-02-12T22:55:11,,,-1
121175,2013-02-14T02:46:49,-66.374,-23.062,242.0,4.2,mw,,,,,,,,,,,,,,,,,ISC,,slab_deep,202.467498779,slab_deep,2013-02-14T02:46:49,,,-1
121176,2013-02-14T06:43:38,-66.65,-24.025,248.0,4.2,mw,,,,,,,,,,,,,,,,,USGS,,slab_deep,170.568588257,slab_deep,2013-02-14T06:43:38,,,-1
121179,2013-02-14T06:43:42,-67.148,-24.036,216.6549,4.2,mw,,,,,,,,,,,,,,,,,CSN-improved,,slab_deep,137.186569214,slab_deep,2013-02-14T06:43:42,,,-1
121172,2013-02-14T08:40:15,-68.334,-25.092,100.0,4.5,mw,,,6.5,,,,,,,,,,,,,,USGS,,slab_deep,91.1251983643,slab_deep,2013-02-14T08:40:15,,,-1
121177,2013-02-14T08:40:16,-68.431,-25.032,106.0,4.2,mw,,,,,,,,,,,,,,,,,ISC,,slab_deep,89.3951187134,slab_deep,2013-02-14T08:40:16,,,-1
121171,2013-02-14T08:40:17,-68.422,-24.982,106.4742,4.7,mw,,,,,,,,,,,,,,,,,CSN-improved,,slab_deep,90.1107559204,slab_deep,2013-02-14T08:40:17,,,-1
121174,2013-02-14T09:49:39,-68.337,-22.627,110.0,4.3,mw,,,,,,,,,,,,,,,,,ISC,,slab_deep,93.7368545532,slab_deep,2013-02-14T09:49:39,,,-1
121173,2013-02-14T09:49:40,-68.502,-22.628,124.163,4.5,mw,,,,,,,,,,,,,,,,,CSN-improved,,slab_deep,89.7060470581,slab_deep,2013-02-14T09:49:40,,,-1
121207,2013-02-15T20:27:56,-68.683,-21.398,137.0,4.2,mw,,,,,,,,,,,,,,,,,ISC,,slab_deep,90.1937637329,slab_deep,2013-02-15T20:27:56,,,-1
121242,2013-02-16T04:13:59,-69.348,-19.612,96.7719,4.5,mw,,,,,,,,,,,,,,,,,CSN-improved,,slab_deep,82.9635848999,slab_deep,2013-02-16T04:13:59,,,-1
121243,2013-02-16T04:13:59,-69.366,-19.601,100.0,4.2,mw,,,,,,,,,,,,,,,,,ISC,,slab_deep,82.9635848999,slab_deep,2013-02-16T04:13:59,,,-1
121244,2013-02-16T04:43:39,-68.761,-31.483,108.0,4.1,mw,,,,,,,,,,,,,,,,,ISC,,slab_deep,96.3110809326,slab_deep,2013-02-16T04:43:39,,,-1
121276,2013-02-17T11:54:03,-66.856,-23.182,213.0,4.1,mw,,,,,,,,,,,,,,,,,ISC,,slab_deep,164.084014893,slab_deep,2013-02-17T11:54:03,,,-1
121273,2013-02-17T11:54:04,-67.078,-23.188,230.2074,4.5,mw,,,,,,,,,,,,,,,,,CSN-improved,,slab_deep,147.455947876,slab_deep,2013-02-17T11:54:04,,,-1
121305,2013-02-18T22:27:50,-69.873,-16.741,150.0,4.1,mw,,,,,,,,,,,,,,,,,ISC,,slab_deep,138.660934448,slab_deep,2013-02-18T22:27:50,,,-1
121337,2013-02-19T07:44:29,-66.569,-23.985,195.0,4.1,mw,,,,,,,,,,,,,,,,,ISC,,slab_deep,177.898025513,slab_deep,2013-02-19T07:44:29,,,-1
121339,2013-02-19T19:07:49,-68.356,-31.116,98.6689,4.1,mw,,,,,,,,,,,,,,,,,CSN-improved,,slab_deep,92.3228759766,slab_deep,2013-02-19T19:07:49,,,-1
121357,2013-02-20T02:23:43,-68.462,-21.591,140.7,5.1,mw,,,,,,,,,,,,,,,,,USGS,,slab_deep,96.3363952637,slab_deep,2013-02-20T02:23:43,,,-1
121361,2013-02-20T02:23:44,-68.338,-21.587,126.9712,4.5,mw,,,,,,,,,,,,,,,,,CSN-improved,,slab_deep,99.5788040161,slab_deep,2013-02-20T02:23:44,,,-1
121359,2013-02-20T11:18:55,-66.64,-27.86,192.2,5.1,mw,0.03,0.02,2.7,,91.0,80.0,-172.0,360.0,82.0,-11.0,-3.74e+16,1.74e+16,2e+16,1430000000000000.0,-4490000000000000.0,-6.51e+16,GCMT,,slab_deep,135.455413818,slab_deep,2013-02-20T11:18:55,,,-1
121356,2013-02-20T11:18:56,-66.662,-27.851,162.5351,5.3,mw,,,,,91.0,80.0,-172.0,360.0,82.0,-11.0,-3.74e+16,1.74e+16,2e+16,1430000000000000.0,-4490000000000000.0,-6.51e+16,CSN-improved,,slab_deep,135.455413818,slab_deep,2013-02-20T11:18:56,,,-1
121362,2013-02-20T21:01:29,-69.191,-19.949,89.7813,4.0,mw,,,,,,,,,,,,,,,,,CSN-improved,,slab_deep,84.2719497681,slab_deep,2013-02-20T21:01:29,,,-1
121382,2013-02-21T01:15:54,-67.15,-23.956,187.2357,4.0,mw,,,,,,,,,,,,,,,,,CSN-improved,,slab_deep,137.765808105,slab_deep,2013-02-21T01:15:54,,,-1
121379,2013-02-21T12:05:25,-68.055,-23.38,162.6,4.2,mw,,,8.9,,,,,,,,,,,,,,CSN-improved,,slab_deep,98.607208252,slab_deep,2013-02-21T12:05:25,,,-1
121378,2013-02-21T16:41:50,-68.408,-22.048,101.3,4.6,mw,,,6.3,,,,,,,,,,,,,,USGS,,slab_deep,95.4528808594,slab_deep,2013-02-21T16:41:50,,,-1
121380,2013-02-21T16:41:52,-68.716,-21.995,116.8,4.1,mw,,,4.1,,,,,,,,,,,,,,CSN-improved,,slab_deep,87.3609390259,slab_deep,2013-02-21T16:41:52,,,-1
121418,2013-02-22T07:41:44,-68.57,-21.77,153.9,5.0,mw,0.03,0.03,3.3,,219.0,28.0,-15.0,322.0,83.0,-117.0,-5520000000000000.0,-2.13e+16,2.69e+16,1.52e+16,-3.42e+16,-9460000000000000.0,GCMT,,slab_deep,92.5770187378,slab_deep,2013-02-22T07:41:44,,,-1
121446,2013-02-23T10:49:40,-71.842,-16.173,114.0,4.3,mw,,,,,,,,,,,,,,,,,ISC,,slab_deep,99.3575134277,slab_deep,2013-02-23T10:49:40,,,-1
121443,2013-02-23T18:27:30,-69.384,-17.645,160.0,4.7,mw,,,,,,,,,,,,,,,,,ISC,,slab_deep,118.974113464,slab_deep,2013-02-23T18:27:30,,,-1
121440,2013-02-23T18:27:31,-69.327,-17.709,168.8,5.1,mw,,,,,,,,,,,,,,,,,USGS,,slab_deep,119.452819824,slab_deep,2013-02-23T18:27:31,,,-1
121448,2013-02-23T18:27:31,-69.698,-17.774,169.0,4.3,mw,,,3.1,,,,,,,,,,,,,,CSN-improved,,slab_deep,105.430381775,slab_deep,2013-02-23T18:27:31,,,-1
121447,2013-02-23T20:08:27,-71.69,-16.029,100.0,4.3,mw,,,,,,,,,,,,,,,,,ISC,,slab_deep,107.931129456,slab_deep,2013-02-23T20:08:27,,,-1
121442,2013-02-23T22:00:44,-70.02,-19.949,52.7,4.8,mw,,,,,,,,,,,,,,,,,USGS,,slab_deep,53.0795974731,slab_deep,2013-02-23T22:00:44,,,-1
121445,2013-02-23T22:00:45,-70.036,-19.954,53.1203,4.5,mw,,,,,,,,,,,,,,,,,CSN-improved,,slab_deep,50.977684021,slab_deep,2013-02-23T22:00:45,,,-1
121484,2013-02-24T09:22:09,-67.146,-24.207,188.4,4.2,mw,,,26.5,,,,,,,,,,,,,,USGS,,slab_deep,136.397613525,slab_deep,2013-02-24T09:22:09,,,-1
121485,2013-02-24T09:22:10,-67.37,-24.159,215.1567,4.2,mw,,,,,,,,,,,,,,,,,CSN-improved,,slab_deep,125.560317993,slab_deep,2013-02-24T09:22:10,,,-1
121482,2013-02-24T14:38:37,-70.197,-19.124,85.9,4.7,mw,,,,,,,,,,,,,,,,,USGS,,slab_deep,57.1098594666,slab_deep,2013-02-24T14:38:37,,,-1
121488,2013-02-24T14:38:38,-70.106,-19.072,87.0922,4.0,mw,,,,,,,,,,,,,,,,,CSN-improved,,slab_deep,62.2101860046,slab_deep,2013-02-24T14:38:38,,,-1
121479,2013-02-24T16:40:22,-68.477,-31.243,93.5,5.1,mw,,,4.1,,,,,,,,,,,,,,USGS,,slab_deep,93.3092727661,slab_deep,2013-02-24T16:40:22,,,-1
121483,2013-02-24T16:40:23,-68.661,-31.238,107.0,4.4,mw,,,,,,,,,,,,,,,,,ISC,,slab_deep,93.9039611816,slab_deep,2013-02-24T16:40:23,,,-1
121481,2013-02-24T16:43:39,-67.068,-24.156,182.0,4.9,mw,,,,,207.0,29.0,-51.0,344.0,68.0,-109.0,-2.5e+16,-1.26e+16,3.76e+16,9040000000000000.0,-2.76e+16,2020000000000000.0,ISC,,slab_deep,142.618347168,slab_deep,2013-02-24T16:43:39,,,-1
121478,2013-02-24T16:43:41,-67.104,-24.189,161.407,5.2,mw,,,,,207.0,29.0,-51.0,344.0,68.0,-109.0,-2.5e+16,-1.26e+16,3.76e+16,9040000000000000.0,-2.76e+16,2020000000000000.0,CSN-improved,,slab_deep,139.322631836,slab_deep,2013-02-24T16:43:41,,,-1
121480,2013-02-24T16:43:44,-67.09,-24.25,191.3,5.0,mw,0.03,0.02,3.2,,207.0,29.0,-51.0,344.0,68.0,-109.0,-2.5e+16,-1.26e+16,3.76e+16,9040000000000000.0,-2.76e+16,2020000000000000.0,GCMT,,slab_deep,139.047729492,slab_deep,2013-02-24T16:43:44,,,-1
121522,2013-02-25T07:47:42,-67.167,-22.795,261.6,4.2,mw,,,11.5,,,,,,,,,,,,,,CSN-improved,,slab_deep,148.575515747,slab_deep,2013-02-25T07:47:42,,,-1
121523,2013-02-25T13:52:40,-67.462,-23.913,204.9604,4.2,mw,,,,,,,,,,,,,,,,,CSN-improved,,slab_deep,121.311424255,slab_deep,2013-02-25T13:52:40,,,-1
121542,2013-02-26T03:14:45,-70.405,-27.619,118.0,4.5,mw,,,6.2,,,,,,,,,,,,,,CSN-improved,,slab_deep,54.9469604492,slab_deep,2013-02-26T03:14:45,,,-1
121543,2013-02-26T04:04:29,-67.488,-21.265,189.0,4.1,mw,,,,,,,,,,,,,,,,,ISC,,slab_deep,143.62890625,slab_deep,2013-02-26T04:04:29,,,-1
121572,2013-02-27T01:08:44,-70.177,-18.986,46.8528,4.1,mw,,,,,,,,,,,,,,,,,CSN-improved,,slab_deep,59.0575561523,slab_deep,2013-02-27T01:08:44,,,-1
121571,2013-02-27T15:00:04,-66.465,-22.234,292.2,4.7,mw,,,22.7,,,,,,,,,,,,,,CSN-improved,,slab_deep,200.276321411,slab_deep,2013-02-27T15:00:04,,,-1
121595,2013-02-28T03:53:56,-72.121,-16.432,120.6,4.6,mw,,,7.6,,,,,,,,,,,,,,USGS,,slab_deep,80.6251296997,slab_deep,2013-02-28T03:53:56,,,-1
121598,2013-02-28T03:53:56,-71.899,-16.356,150.0,4.1,mw,,,,,,,,,,,,,,,,,ISC,,slab_deep,91.3837585449,slab_deep,2013-02-28T03:53:56,,,-1
121596,2013-02-28T10:16:13,-70.269,-32.995,91.2,4.6,mw,,,,,,,,,,,,,,,,,USGS,,slab_deep,87.2271957397,slab_deep,2013-02-28T10:16:13,,,-1
121597,2013-02-28T10:16:14,-70.28,-33.036,95.6774,4.2,mw,,,,,,,,,,,,,,,,,CSN-improved,,slab_deep,85.8503112793,slab_deep,2013-02-28T10:16:14,,,-1
121621,2013-03-01T05:27:14,-71.851,-35.437,48.0,4.0,mw,,,,,,,,,,,,,,,,,ISC,,slab_deep,57.4567222595,slab_deep,2013-03-01T05:27:14,,,-1
121619,2013-03-01T15:39:02,-70.666,-28.272,49.9,4.3,mw,,,3.1,,,,,,,,,,,,,,CSN-improved,,slab_deep,50.6941604614,slab_deep,2013-03-01T15:39:02,,,-1
121659,2013-03-02T00:30:21,-68.972,-21.342,114.0,4.2,mw,,,4.3,,,,,,,,,,,,,,CSN-improved,,slab_deep,83.5938186646,slab_deep,2013-03-02T00:30:21,,,-1
121656,2013-03-02T11:39:03,-67.102,-24.227,154.2,4.6,mw,,,4.7,,,,,,,,,,,,,,USGS,,slab_deep,139.047729492,slab_deep,2013-03-02T11:39:03,,,-1
121658,2013-03-02T11:39:05,-67.26,-24.184,173.0,4.2,mw,,,,,,,,,,,,,,,,,ISC,,slab_deep,130.753890991,slab_deep,2013-03-02T11:39:05,,,-1
121655,2013-03-02T11:39:06,-67.426,-24.145,190.429,4.8,mw,,,,,,,,,,,,,,,,,CSN-improved,,slab_deep,120.453155518,slab_deep,2013-03-02T11:39:06,,,-1
121652,2013-03-02T12:56:34,-67.458,-19.99,293.6,5.3,mw,,,7.1,,,,,,,,,,,,,,CSN-improved,,slab_deep,171.513504028,slab_deep,2013-03-02T12:56:34,,,-1
121662,2013-03-02T19:14:08,-70.486,-28.202,49.2,4.0,mw,,,93.5,,,,,,,,,,,,,,CSN-improved,,slab_deep,56.9758491516,slab_deep,2013-03-02T19:14:08,,,-1
121663,2013-03-02T21:36:06,-67.269,-21.31,279.1,4.0,mw,,,10.1,,,,,,,,,,,,,,CSN-improved,,slab_deep,158.064804077,slab_deep,2013-03-02T21:36:06,,,-1
121700,2013-03-03T17:40:34,-71.961,-16.74,64.3,4.1,mw,,,28.6,,,,,,,,,,,,,,USGS,,slab_deep,74.0845184326,slab_deep,2013-03-03T17:40:34,,,-1
121736,2013-03-04T17:19:33,-66.701,-23.961,184.8,5.0,mw,,,4.3,,,,,,,,,,,,,,USGS,,slab_deep,167.432220459,slab_deep,2013-03-04T17:19:33,,,-1
121737,2013-03-04T17:19:34,-66.909,-23.95,200.0,4.7,mw,,,,,,,,,,,,,,,,,ISC,,slab_deep,153.606719971,slab_deep,2013-03-04T17:19:34,,,-1
121738,2013-03-04T17:19:36,-67.249,-23.923,226.6435,4.5,mw,,,,,,,,,,,,,,,,,CSN-improved,,slab_deep,132.188400269,slab_deep,2013-03-04T17:19:36,,,-1
121766,2013-03-05T16:03:18,-71.245,-16.1,175.5,4.2,mw,,,16.6,,,,,,,,,,,,,,CSN-improved,,slab_deep,124.936203003,slab_deep,2013-03-05T16:03:18,,,-1
121767,2013-03-05T20:54:18,-67.124,-23.943,216.3974,4.0,mw,,,,,,,,,,,,,,,,,CSN-improved,,slab_deep,140.798278809,slab_deep,2013-03-05T20:54:18,,,-1
121804,2013-03-06T19:13:33,-67.319,-23.976,218.3491,4.1,mw,,,,,,,,,,,,,,,,,CSN-improved,,slab_deep,128.856918335,slab_deep,2013-03-06T19:13:33,,,-1
121800,2013-03-06T20:42:34,-67.848,-24.417,115.7,5.0,mw,,,5.4,,,,,,,,,,,,,,USGS,,slab_deep,103.273391724,slab_deep,2013-03-06T20:42:34,,,-1
121802,2013-03-06T20:42:37,-68.104,-24.29,127.9757,4.2,mw,,,,,,,,,,,,,,,,,CSN-improved,,slab_deep,95.6882858276,slab_deep,2013-03-06T20:42:37,,,-1
121886,2013-03-08T00:59:32,-66.619,-21.914,334.0,4.0,mw,,,7.3,,,,,,,,,,,,,,CSN-improved,,slab_deep,192.273498535,slab_deep,2013-03-08T00:59:32,,,-1
121885,2013-03-08T01:12:09,-69.294,-20.35,84.5172,4.1,mw,,,,,,,,,,,,,,,,,CSN-improved,,slab_deep,77.4356384277,slab_deep,2013-03-08T01:12:09,,,-1
121883,2013-03-08T14:38:00,-68.819,-21.961,124.1,4.2,mw,,,8.4,,,,,,,,,,,,,,CSN-improved,,slab_deep,84.9902877808,slab_deep,2013-03-08T14:38:00,,,-1
121884,2013-03-08T19:43:47,-68.303,-22.957,144.0,4.1,mw,,,,,,,,,,,,,,,,,ISC,,slab_deep,93.5182342529,slab_deep,2013-03-08T19:43:47,,,-1
121933,2013-03-09T01:17:51,-68.845,-21.885,104.8,4.9,mw,,,,,,,,,,,,,,,,,USGS,,slab_deep,83.9018096924,slab_deep,2013-03-09T01:17:51,,,-1
121936,2013-03-09T01:17:52,-68.847,-21.885,105.0,4.4,mw,,,3.5,,,,,,,,,,,,,,CSN-improved,,slab_deep,83.9018096924,slab_deep,2013-03-09T01:17:52,,,-1
121938,2013-03-09T01:49:48,-67.081,-23.916,193.0,4.1,mw,,,,,,,,,,,,,,,,,ISC,,slab_deep,141.128234863,slab_deep,2013-03-09T01:49:48,,,-1
121937,2013-03-09T01:49:49,-67.441,-23.898,225.9671,4.2,mw,,,,,,,,,,,,,,,,,CSN-improved,,slab_deep,121.311424255,slab_deep,2013-03-09T01:49:49,,,-1
121935,2013-03-09T05:47:52,-65.95,-21.804,267.8,4.6,mw,,,9.5,,,,,,,,,,,,,,USGS,,slab_deep,238.939666748,slab_deep,2013-03-09T05:47:52,,,-1
121934,2013-03-09T05:47:54,-66.949,-21.835,339.4,4.8,mw,,,9.9,,,,,,,,,,,,,,CSN-improved,,slab_deep,169.969863892,slab_deep,2013-03-09T05:47:54,,,-1
121990,2013-03-10T02:55:02,-67.123,-31.602,116.1,4.9,mw,,,3.7,,,,,,,,,,,,,,USGS,,slab_deep,105.222396851,slab_deep,2013-03-10T02:55:02,,,-1
121991,2013-03-10T02:55:03,-67.254,-31.615,129.0,4.6,mw,,,,,,,,,,,,,,,,,ISC,,slab_deep,103.008522034,slab_deep,2013-03-10T02:55:03,,,-1
121993,2013-03-10T02:55:13,-68.127,-31.856,119.1,4.1,mw,,,72.4,,,,,,,,,,,,,,CSN-improved,,slab_deep,99.9078216553,slab_deep,2013-03-10T02:55:13,,,-1
121989,2013-03-10T23:59:17,-68.851,-18.833,106.3,5.1,mw,,,4.0,,,,,,,,,,,,,,USGS,,slab_deep,114.573974609,slab_deep,2013-03-10T23:59:17,,,-1
121992,2013-03-10T23:59:18,-69.13,-18.918,110.9425,4.5,mw,,,,,,,,,,,,,,,,,CSN-improved,,slab_deep,100.990608215,slab_deep,2013-03-10T23:59:18,,,-1
122044,2013-03-11T00:42:50,-70.395,-31.858,111.1012,4.4,mw,,,,,,,,,,,,,,,,,CSN-improved,,slab_deep,85.7154998779,slab_deep,2013-03-11T00:42:50,,,-1
122045,2013-03-11T00:42:50,-70.381,-31.8,117.0,4.2,mw,,,,,,,,,,,,,,,,,ISC,,slab_deep,85.9421310425,slab_deep,2013-03-11T00:42:50,,,-1
122041,2013-03-11T01:37:11,-71.103,-30.411,69.3,5.0,mw,,,,,,,,,,,,,,,,,USGS,,slab_deep,53.160572052,slab_deep,2013-03-11T01:37:11,,,-1
122047,2013-03-11T09:34:39,-67.25,-23.669,249.7,4.2,mw,,,6.1,,,,,,,,,,,,,,CSN-improved,,slab_deep,133.869918823,slab_deep,2013-03-11T09:34:39,,,-1
122046,2013-03-11T17:54:40,-66.391,-20.083,248.0,4.2,mw,,,,,,,,,,,,,,,,,ISC,,slab_deep,231.963760376,slab_deep,2013-03-11T17:54:40,,,-1
122077,2013-03-12T03:32:42,-67.585,-24.165,207.4,4.2,mw,,,9.9,,,,,,,,,,,,,,CSN-improved,,slab_deep,113.390441895,slab_deep,2013-03-12T03:32:42,,,-1
122078,2013-03-12T07:13:38,-68.668,-23.0,122.0,4.0,mw,,,,,,,,,,,,,,,,,ISC,,slab_deep,84.8473052979,slab_deep,2013-03-12T07:13:38,,,-1
122163,2013-03-15T02:26:11,-67.155,-24.157,187.0,4.1,mw,,,,,,,,,,,,,,,,,ISC,,slab_deep,136.65296936,slab_deep,2013-03-15T02:26:11,,,-1
122158,2013-03-15T02:26:13,-67.276,-24.138,191.7015,4.4,mw,,,,,,,,,,,,,,,,,CSN-improved,,slab_deep,128.226257324,slab_deep,2013-03-15T02:26:13,,,-1
122161,2013-03-15T06:31:07,-68.917,-21.436,117.4035,4.3,mw,,,,,,,,,,,,,,,,,CSN-improved,,slab_deep,84.5465545654,slab_deep,2013-03-15T06:31:07,,,-1
122156,2013-03-15T10:32:24,-68.897,-31.265,114.0,4.8,mw,,,,,,,,,,,,,,,,,USGS,,slab_deep,95.6420898438,slab_deep,2013-03-15T10:32:24,,,-1
122162,2013-03-15T10:32:24,-68.85,-31.218,105.4175,4.2,mw,,,,,,,,,,,,,,,,,CSN-improved,,slab_deep,94.9519271851,slab_deep,2013-03-15T10:32:24,,,-1
122159,2013-03-15T16:03:50,-67.448,-23.957,229.3,4.4,mw,,,7.6,,,,,,,,,,,,,,CSN-improved,,slab_deep,121.105690002,slab_deep,2013-03-15T16:03:50,,,-1
122194,2013-03-16T02:41:35,-66.811,-24.22,170.0,4.5,mw,,,7.5,,,,,,,,,,,,,,USGS,,slab_deep,158.301773071,slab_deep,2013-03-16T02:41:35,,,-1
122198,2013-03-16T02:41:37,-66.981,-24.157,187.0,4.1,mw,,,,,,,,,,,,,,,,,ISC,,slab_deep,145.703765869,slab_deep,2013-03-16T02:41:37,,,-1
122193,2013-03-16T02:41:39,-67.491,-23.941,233.8,4.8,mw,,,7.6,,,,,,,,,,,,,,CSN-improved,,slab_deep,118.603889465,slab_deep,2013-03-16T02:41:39,,,-1
122197,2013-03-16T10:04:01,-67.474,-24.188,195.2414,4.2,mw,,,,,,,,,,,,,,,,,CSN-improved,,slab_deep,120.320266724,slab_deep,2013-03-16T10:04:01,,,-1
122227,2013-03-17T01:31:21,-68.927,-20.366,108.0,4.0,mw,,,,,,,,,,,,,,,,,ISC,,slab_deep,88.9247665405,slab_deep,2013-03-17T01:31:21,,,-1
122224,2013-03-17T07:54:52,-69.707,-19.371,83.0,4.3,mw,,,,,,,,,,,,,,,,,ISC,,slab_deep,73.2949905396,slab_deep,2013-03-17T07:54:52,,,-1
122225,2013-03-17T07:54:52,-69.7,-19.415,80.4,4.1,mw,,,2.2,,,,,,,,,,,,,,CSN-improved,,slab_deep,72.5398330688,slab_deep,2013-03-17T07:54:52,,,-1
122226,2013-03-17T16:16:40,-69.061,-31.004,130.0,4.1,mw,,,35.5,,,,,,,,,,,,,,CSN-improved,,slab_deep,95.7330932617,slab_deep,2013-03-17T16:16:40,,,-1
122262,2013-03-18T01:53:09,-68.672,-22.696,104.7587,4.1,mw,,,,,,,,,,,,,,,,,CSN-improved,,slab_deep,85.8415527344,slab_deep,2013-03-18T01:53:09,,,-1
122258,2013-03-18T07:53:02,-67.578,-24.191,203.554,4.3,mw,,,,,,,,,,,,,,,,,CSN-improved,,slab_deep,113.303840637,slab_deep,2013-03-18T07:53:02,,,-1
122260,2013-03-18T12:55:32,-67.072,-23.903,226.7239,4.2,mw,,,,,,,,,,,,,,,,,CSN-improved,,slab_deep,144.247695923,slab_deep,2013-03-18T12:55:32,,,-1
122251,2013-03-18T16:16:35,-72.253,-16.512,83.9,5.1,mw,,,6.9,,,,,,,,,,,,,,USGS,,slab_deep,73.469833374,slab_deep,2013-03-18T16:16:35,,,-1
122255,2013-03-18T16:16:36,-72.365,-16.725,70.0,4.6,mw,,,0.0,,,,,,,,,,,,,,CSN-improved,,slab_deep,59.703125,slab_deep,2013-03-18T16:16:36,,,-1
122259,2013-03-18T17:40:22,-68.418,-21.322,123.0,4.2,mw,,,,,,,,,,,,,,,,,ISC,,slab_deep,99.7833709717,slab_deep,2013-03-18T17:40:22,,,-1
122329,2013-03-20T19:25:03,-66.75,-27.945,149.0,5.1,mw,,,4.2,,,,,,,,,,,,,,USGS,,slab_deep,129.97517395,slab_deep,2013-03-20T19:25:03,,,-1
122330,2013-03-20T19:25:04,-66.887,-27.925,158.0,4.8,mw,,,,,,,,,,,,,,,,,ISC,,slab_deep,124.537979126,slab_deep,2013-03-20T19:25:04,,,-1
122404,2013-03-22T21:29:38,-67.062,-24.135,195.0,4.0,mw,,,,,,,,,,,,,,,,,ISC,,slab_deep,142.618347168,slab_deep,2013-03-22T21:29:38,,,-1
122406,2013-03-22T21:29:39,-67.221,-24.089,209.2426,4.0,mw,,,,,,,,,,,,,,,,,CSN-improved,,slab_deep,134.013961792,slab_deep,2013-03-22T21:29:39,,,-1
122436,2013-03-23T02:13:26,-67.891,-31.104,90.9077,4.3,mw,,,,,,,,,,,,,,,,,CSN-improved,,slab_deep,92.7687683105,slab_deep,2013-03-23T02:13:26,,,-1
122441,2013-03-23T05:52:03,-67.045,-23.342,218.0668,4.1,mw,,,,,,,,,,,,,,,,,CSN-improved,,slab_deep,149.096817017,slab_deep,2013-03-23T05:52:03,,,-1
122442,2013-03-23T20:03:01,-66.904,-23.783,230.8036,4.0,mw,,,,,,,,,,,,,,,,,CSN-improved,,slab_deep,154.831222534,slab_deep,2013-03-23T20:03:01,,,-1
122477,2013-03-24T23:13:20,-69.369,-28.494,107.5,4.0,mw,,,5.8,,,,,,,,,,,,,,CSN-improved,,slab_deep,86.2090682983,slab_deep,2013-03-24T23:13:20,,,-1
122512,2013-03-25T16:18:13,-68.641,-22.119,119.1,4.8,mw,,,5.2,,320.0,61.0,-149.0,214.0,63.0,-33.0,-1.53e+16,-1.95e+16,3.48e+16,1.72e+16,1550000000000000.0,-2600000000000000.0,CSN-improved,,slab_deep,88.2273254395,slab_deep,2013-03-25T16:18:13,,,-1
122511,2013-03-25T16:18:18,-68.43,-22.28,138.0,5.0,mw,0.03,0.03,4.6,,320.0,61.0,-149.0,214.0,63.0,-33.0,-1.53e+16,-1.95e+16,3.48e+16,1.72e+16,1550000000000000.0,-2600000000000000.0,GCMT,,slab_deep,92.7110137939,slab_deep,2013-03-25T16:18:18,,,-1
122515,2013-03-25T20:55:25,-68.932,-20.29,115.0,4.2,mw,,,3.4,,,,,,,,,,,,,,CSN-improved,,slab_deep,89.3307952881,slab_deep,2013-03-25T20:55:25,,,-1
122543,2013-03-26T03:39:21,-69.322,-19.548,92.0002,4.2,mw,,,,,,,,,,,,,,,,,CSN-improved,,slab_deep,85.3910446167,slab_deep,2013-03-26T03:39:21,,,-1
122544,2013-03-26T09:12:45,-66.668,-22.466,282.1,4.2,mw,,,9.9,,,,,,,,,,,,,,CSN-improved,,slab_deep,184.749343872,slab_deep,2013-03-26T09:12:45,,,-1
122542,2013-03-26T10:00:56,-69.034,-23.243,90.4352,4.5,mw,,,,,,,,,,,,,,,,,CSN-improved,,slab_deep,75.549697876,slab_deep,2013-03-26T10:00:56,,,-1
122574,2013-03-27T23:40:25,-70.156,-25.787,82.9,4.2,mw,,,7.9,,,,,,,,,,,,,,CSN-improved,,slab_deep,53.2365226746,slab_deep,2013-03-27T23:40:25,,,-1
122573,2013-03-27T23:40:27,-70.016,-25.882,58.2,4.6,mw,,,5.6,,,,,,,,,,,,,,USGS,,slab_deep,59.7799949646,slab_deep,2013-03-27T23:40:27,,,-1
122619,2013-03-28T02:35:51,-68.734,-21.334,119.0,4.3,mw,,,,,,,,,,,,,,,,,ISC,,slab_deep,89.0764541626,slab_deep,2013-03-28T02:35:51,,,-1
122617,2013-03-28T07:48:53,-69.187,-20.039,95.0,4.4,mw,,,4.1,,,,,,,,,,,,,,CSN-improved,,slab_deep,83.3110046387,slab_deep,2013-03-28T07:48:53,,,-1
122618,2013-03-28T09:31:50,-69.997,-29.139,125.0,4.4,mw,,,22.1,,,,,,,,,,,,,,CSN-improved,,slab_deep,81.9972991943,slab_deep,2013-03-28T09:31:50,,,-1
122620,2013-03-28T09:31:50,-70.003,-29.138,125.3,4.2,mw,,,,,,,,,,,,,,,,,USGS,,slab_deep,81.9972991943,slab_deep,2013-03-28T09:31:50,,,-1
122653,2013-03-29T03:45:59,-69.287,-29.306,89.9,5.0,mw,,,2.5,,,,,,,,,,,,,,USGS,,slab_deep,87.7676391602,slab_deep,2013-03-29T03:45:59,,,-1
122656,2013-03-29T03:46:00,-69.929,-29.297,133.4,4.6,mw,,,6.6,,,,,,,,,,,,,,CSN-improved,,slab_deep,83.5377578735,slab_deep,2013-03-29T03:46:00,,,-1
122658,2013-03-29T06:23:13,-68.52,-21.328,134.0,4.3,mw,,,,,,,,,,,,,,,,,ISC,,slab_deep,96.2346115112,slab_deep,2013-03-29T06:23:13,,,-1
122662,2013-03-29T06:23:13,-68.608,-21.32,128.2,4.0,mw,,,4.2,,,,,,,,,,,,,,CSN-improved,,slab_deep,93.5297317505,slab_deep,2013-03-29T06:23:13,,,-1
122654,2013-03-29T17:48:46,-68.662,-20.412,138.0,4.7,mw,,,,,,,,,,,,,,,,,USGS,,slab_deep,98.3528823853,slab_deep,2013-03-29T17:48:46,,,-1
122660,2013-03-29T17:48:47,-68.725,-20.338,126.7618,4.2,mw,,,,,,,,,,,,,,,,,CSN-improved,,slab_deep,95.40259552,slab_deep,2013-03-29T17:48:47,,,-1
122652,2013-03-29T19:44:30,-68.238,-31.803,105.4,5.1,mw,,,9.3,,,,,,,,,,,,,,USGS,,slab_deep,98.7530670166,slab_deep,2013-03-29T19:44:30,,,-1
122655,2013-03-29T20:36:36,-67.325,-24.321,195.8,4.6,mw,,,22.2,,,,,,,,,,,,,,USGS,,slab_deep,127.671737671,slab_deep,2013-03-29T20:36:36,,,-1
122657,2013-03-29T20:36:39,-67.445,-24.219,182.7497,4.4,mw,,,,,,,,,,,,,,,,,CSN-improved,,slab_deep,120.320266724,slab_deep,2013-03-29T20:36:39,,,-1
122685,2013-03-30T07:49:46,-67.028,-21.539,246.8399,4.1,mw,,,,,,,,,,,,,,,,,CSN-improved,,slab_deep,167.073028564,slab_deep,2013-03-30T07:49:46,,,-1
122713,2013-03-31T01:43:38,-69.025,-20.572,95.1579,4.6,mw,,,,,,,,,,,,,,,,,CSN-improved,,slab_deep,85.9497833252,slab_deep,2013-03-31T01:43:38,,,-1
122714,2013-03-31T05:40:13,-69.215,-20.608,108.3394,4.4,mw,,,,,,,,,,,,,,,,,CSN-improved,,slab_deep,79.2543106079,slab_deep,2013-03-31T05:40:13,,,-1
122711,2013-03-31T21:56:43,-66.903,-24.049,178.3,4.8,mw,,,5.0,,,,,,,,,,,,,,USGS,,slab_deep,152.832580566,slab_deep,2013-03-31T21:56:43,,,-1
122712,2013-03-31T21:56:46,-67.513,-23.821,221.2,4.7,mw,,,6.5,,,,,,,,,,,,,,CSN-improved,,slab_deep,119.237724304,slab_deep,2013-03-31T21:56:46,,,-1
122740,2013-04-01T08:42:15,-66.555,-22.612,281.4364,4.3,mw,,,,,,,,,,,,,,,,,CSN-improved,,slab_deep,190.787017822,slab_deep,2013-04-01T08:42:15,,,-1
122739,2013-04-01T09:00:08,-68.067,-20.371,161.0372,4.4,mw,,,,,,,,,,,,,,,,,CSN-improved,,slab_deep,126.181175232,slab_deep,2013-04-01T09:00:08,,,-1
122737,2013-04-01T18:16:33,-69.085,-20.018,98.8,4.8,mw,,,,,,,,,,,,,,,,,USGS,,slab_deep,87.156211853,slab_deep,2013-04-01T18:16:33,,,-1
122738,2013-04-01T18:16:34,-69.095,-20.016,104.4,4.5,mw,,,2.1,,,,,,,,,,,,,,CSN-improved,,slab_deep,87.156211853,slab_deep,2013-04-01T18:16:34,,,-1
122768,2013-04-02T00:43:53,-71.971,-16.005,150.4,4.6,mw,,,13.5,,,,,,,,,,,,,,USGS,,slab_deep,99.1504745483,slab_deep,2013-04-02T00:43:53,,,-1
122796,2013-04-03T06:15:28,-68.712,-20.005,118.7,5.0,mw,,,7.3,,,,,,,,,,,,,,USGS,,slab_deep,101.275444031,slab_deep,2013-04-03T06:15:28,,,-1
122801,2013-04-03T06:15:29,-68.836,-19.986,112.7304,4.4,mw,,,,,,,,,,,,,,,,,CSN-improved,,slab_deep,95.6962051392,slab_deep,2013-04-03T06:15:29,,,-1
122802,2013-04-03T06:55:10,-67.225,-24.017,228.7488,4.2,mw,,,,,,,,,,,,,,,,,CSN-improved,,slab_deep,131.655273438,slab_deep,2013-04-03T06:55:10,,,-1
122798,2013-04-03T15:30:51,-68.555,-23.633,102.7922,4.5,mw,,,,,,,,,,,,,,,,,CSN-improved,,slab_deep,85.7418518066,slab_deep,2013-04-03T15:30:51,,,-1
122797,2013-04-03T21:09:27,-69.724,-18.447,112.3,4.9,mw,,,,,,,,,,,,,,,,,USGS,,slab_deep,89.440284729,slab_deep,2013-04-03T21:09:27,,,-1
122799,2013-04-03T21:09:28,-69.637,-18.393,103.7786,4.5,mw,,,,,,,,,,,,,,,,,CSN-improved,,slab_deep,92.1906280518,slab_deep,2013-04-03T21:09:28,,,-1
122839,2013-04-04T02:20:37,-67.115,-23.867,221.0208,5.4,mw,,,,,,,,,,,,,,,,,CSN-improved,,slab_deep,141.473800659,slab_deep,2013-04-04T02:20:37,,,-1
122845,2013-04-04T12:12:23,-68.572,-22.027,119.0,4.0,mw,,,4.6,,,,,,,,,,,,,,CSN-improved,,slab_deep,91.119354248,slab_deep,2013-04-04T12:12:23,,,-1
122869,2013-04-05T16:53:43,-68.566,-23.48,108.0,4.4,mw,,,,,,,,,,,,,,,,,ISC,,slab_deep,85.8676300049,slab_deep,2013-04-05T16:53:43,,,-1
122871,2013-04-05T16:53:44,-68.658,-23.496,110.9,4.0,mw,,,5.4,,,,,,,,,,,,,,CSN-improved,,slab_deep,83.8810272217,slab_deep,2013-04-05T16:53:44,,,-1
122872,2013-04-05T20:01:31,-68.693,-29.119,73.3396,4.0,mw,,,,,,,,,,,,,,,,,CSN-improved,,slab_deep,87.8780136108,slab_deep,2013-04-05T20:01:31,,,-1
122902,2013-04-06T08:35:32,-69.002,-20.478,100.538,4.1,mw,,,,,,,,,,,,,,,,,CSN-improved,,slab_deep,86.2719573975,slab_deep,2013-04-06T08:35:32,,,-1
122901,2013-04-06T12:28:21,-66.328,-21.785,262.0,4.1,mw,,,,,,,,,,,,,,,,,ISC,,slab_deep,210.109054565,slab_deep,2013-04-06T12:28:21,,,-1
122898,2013-04-06T12:28:23,-66.601,-21.895,269.8332,4.3,mw,,,,,,,,,,,,,,,,,CSN-improved,,slab_deep,192.273498535,slab_deep,2013-04-06T12:28:23,,,-1
122897,2013-04-06T23:33:35,-68.253,-23.258,132.0,4.3,mw,,,,,,,,,,,,,,,,,ISC,,slab_deep,93.4250717163,slab_deep,2013-04-06T23:33:35,,,-1
122931,2013-04-07T20:33:17,-71.094,-37.099,155.5,4.2,mw,,,12.1,,,,,,,,,,,,,,CSN-improved,,slab_deep,110.902816772,slab_deep,2013-04-07T20:33:17,,,-1
122932,2013-04-07T23:28:31,-68.618,-21.864,124.9,4.2,mw,,,4.3,,,,,,,,,,,,,,CSN-improved,,slab_deep,90.6973648071,slab_deep,2013-04-07T23:28:31,,,-1
122930,2013-04-07T23:32:38,-68.624,-29.38,206.3444,4.5,mw,,,,,,,,,,,,,,,,,CSN-improved,,slab_deep,88.475402832,slab_deep,2013-04-07T23:32:38,,,-1
122928,2013-04-07T23:32:39,-68.093,-29.451,108.0,5.0,mw,,,,,,,,,,,,,,,,,USGS,,slab_deep,90.2949142456,slab_deep,2013-04-07T23:32:39,,,-1
122966,2013-04-08T18:12:50,-67.331,-24.02,189.3609,4.2,mw,,,,,,,,,,,,,,,,,CSN-improved,,slab_deep,126.133354187,slab_deep,2013-04-08T18:12:50,,,-1
122967,2013-04-08T18:51:34,-70.27,-28.9,138.8,4.2,mw,,,18.4,,,,,,,,,,,,,,CSN-improved,,slab_deep,74.6410140991,slab_deep,2013-04-08T18:51:34,,,-1
122962,2013-04-08T18:51:35,-69.686,-28.99,106.3,4.9,mw,,,4.0,,,,,,,,,,,,,,USGS,,slab_deep,84.990234375,slab_deep,2013-04-08T18:51:35,,,-1
122964,2013-04-08T18:51:36,-69.955,-28.965,129.0,4.5,mw,,,,,,,,,,,,,,,,,ISC,,slab_deep,81.7579803467,slab_deep,2013-04-08T18:51:36,,,-1
123025,2013-04-10T08:51:54,-69.186,-19.262,116.0,4.1,mw,,,,,,,,,,,,,,,,,ISC,,slab_deep,93.2779541016,slab_deep,2013-04-10T08:51:54,,,-1
123050,2013-04-11T09:04:37,-67.391,-24.043,192.8774,4.6,mw,,,,,,,,,,,,,,,,,CSN-improved,,slab_deep,123.300254822,slab_deep,2013-04-11T09:04:37,,,-1
123054,2013-04-11T17:35:24,-67.436,-23.959,196.5,4.0,mw,,,11.1,,,,,,,,,,,,,,CSN-improved,,slab_deep,121.105690002,slab_deep,2013-04-11T17:35:24,,,-1
123053,2013-04-11T20:48:47,-71.175,-30.812,56.0,4.4,mw,,,4.0,,,,,,,,,,,,,,CSN-improved,,slab_deep,50.2608566284,slab_deep,2013-04-11T20:48:47,,,-1
123110,2013-04-13T14:48:01,-69.011,-29.087,99.0604,4.7,mw,,,,,,,,,,,,,,,,,CSN-improved,,slab_deep,87.4680938721,slab_deep,2013-04-13T14:48:01,,,-1
123111,2013-04-13T14:48:01,-69.031,-28.97,110.0,4.4,mw,,,,,,,,,,,,,,,,,ISC,,slab_deep,87.1538848877,slab_deep,2013-04-13T14:48:01,,,-1
123158,2013-04-15T17:59:30,-67.349,-24.047,200.6706,4.7,mw,,,,,,,,,,,,,,,,,CSN-improved,,slab_deep,125.928970337,slab_deep,2013-04-15T17:59:30,,,-1
123188,2013-04-16T06:20:34,-69.075,-22.811,113.2,4.2,mw,,,3.3,,,,,,,,,,,,,,CSN-improved,,slab_deep,76.0142822266,slab_deep,2013-04-16T06:20:34,,,-1
123190,2013-04-16T12:09:48,-71.208,-36.402,148.3,4.0,mw,,,7.4,,,,,,,,,,,,,,CSN-improved,,slab_deep,97.7304840088,slab_deep,2013-04-16T12:09:48,,,-1
123187,2013-04-16T15:49:53,-67.176,-24.22,173.0,4.2,mw,,,,,,,,,,,,,,,,,ISC,,slab_deep,133.541183472,slab_deep,2013-04-16T15:49:53,,,-1
123185,2013-04-16T15:49:55,-67.419,-24.23,194.4,4.6,mw,,,13.9,,,,,,,,,,,,,,CSN-improved,,slab_deep,122.67351532,slab_deep,2013-04-16T15:49:55,,,-1
123182,2013-04-16T18:12:13,-66.981,-24.106,188.3,5.0,mw,,,12.2,,,,,,,,,,,,,,USGS,,slab_deep,146.034179688,slab_deep,2013-04-16T18:12:13,,,-1
123186,2013-04-16T18:12:16,-67.34,-23.991,207.6281,4.4,mw,,,,,,,,,,,,,,,,,CSN-improved,,slab_deep,126.133354187,slab_deep,2013-04-16T18:12:16,,,-1
123222,2013-04-17T06:25:43,-66.467,-27.939,176.0,4.1,mw,,,,,,,,,,,,,,,,,ISC,,slab_deep,141.906799316,slab_deep,2013-04-17T06:25:43,,,-1
123261,2013-04-18T02:45:33,-70.77,-34.087,82.3916,4.0,mw,,,,,,,,,,,,,,,,,CSN-improved,,slab_deep,78.9886169434,slab_deep,2013-04-18T02:45:33,,,-1
123259,2013-04-18T04:42:48,-67.389,-24.352,185.7144,4.2,mw,,,,,,,,,,,,,,,,,CSN-improved,,slab_deep,122.391777039,slab_deep,2013-04-18T04:42:48,,,-1
123258,2013-04-18T22:38:43,-68.519,-21.791,122.3727,4.3,mw,,,,,,,,,,,,,,,,,CSN-improved,,slab_deep,93.7580566406,slab_deep,2013-04-18T22:38:43,,,-1
123297,2013-04-19T06:28:18,-70.035,-30.514,135.4832,4.0,mw,,,,,,,,,,,,,,,,,CSN-improved,,slab_deep,90.8143844604,slab_deep,2013-04-19T06:28:18,,,-1
123338,2013-04-20T08:09:07,-71.729,-34.955,53.3502,4.2,mw,,,,,,,,,,,,,,,,,CSN-improved,,slab_deep,51.4015350342,slab_deep,2013-04-20T08:09:07,,,-1
123336,2013-04-20T18:52:38,-66.867,-23.364,227.3951,4.4,mw,,,,,,,,,,,,,,,,,CSN-improved,,slab_deep,162.535964966,slab_deep,2013-04-20T18:52:38,,,-1
123339,2013-04-20T19:14:36,-68.561,-29.566,119.9533,4.2,mw,,,,,,,,,,,,,,,,,CSN-improved,,slab_deep,88.7979125977,slab_deep,2013-04-20T19:14:36,,,-1
123367,2013-04-21T15:08:33,-68.16,-22.949,124.0,4.2,mw,,,,,,,,,,,,,,,,,ISC,,slab_deep,97.9907989502,slab_deep,2013-04-21T15:08:33,,,-1
123391,2013-04-22T13:40:35,-68.581,-21.127,137.0,4.1,mw,,,,,,,,,,,,,,,,,ISC,,slab_deep,94.3806304932,slab_deep,2013-04-22T13:40:35,,,-1
123392,2013-04-22T19:41:37,-68.659,-22.475,124.0,4.0,mw,,,,,,,,,,,,,,,,,ISC,,slab_deep,86.5926132202,slab_deep,2013-04-22T19:41:37,,,-1
123417,2013-04-23T06:20:22,-66.591,-23.472,198.3,4.9,mw,,,7.1,,,,,,,,,,,,,,USGS,,slab_deep,179.488327026,slab_deep,2013-04-23T06:20:22,,,-1
123418,2013-04-23T19:37:52,-68.952,-20.684,96.0,4.8,mw,,,6.6,,,,,,,,,,,,,,USGS,,slab_deep,86.5883789062,slab_deep,2013-04-23T19:37:52,,,-1
123419,2013-04-23T19:37:53,-68.96,-20.714,90.5221,4.3,mw,,,,,,,,,,,,,,,,,CSN-improved,,slab_deep,86.5883789062,slab_deep,2013-04-23T19:37:53,,,-1
123454,2013-04-24T08:58:12,-72.442,-36.545,84.3,4.6,mw,,,18.3,,,,,,,,,,,,,,USGS,,slab_deep,52.815826416,slab_deep,2013-04-24T08:58:12,,,-1
123455,2013-04-24T08:58:13,-71.925,-36.631,61.4,4.6,mw,,,2.3,,,,,,,,,,,,,,CSN-improved,,slab_deep,73.4329452515,slab_deep,2013-04-24T08:58:13,,,-1
123456,2013-04-24T12:05:26,-68.462,-21.676,126.0,4.1,mw,,,,,,,,,,,,,,,,,ISC,,slab_deep,95.7817153931,slab_deep,2013-04-24T12:05:26,,,-1
123493,2013-04-25T03:51:58,-68.172,-23.054,141.083,4.5,mw,,,,,,,,,,,,,,,,,CSN-improved,,slab_deep,97.3674163818,slab_deep,2013-04-25T03:51:58,,,-1
123492,2013-04-25T08:52:03,-67.012,-24.157,179.0,4.8,mw,,,,,,,,,,,,,,,,,ISC,,slab_deep,145.703765869,slab_deep,2013-04-25T08:52:03,,,-1
123490,2013-04-25T08:52:05,-67.29,-24.11,211.674,5.5,mw,,,,,,,,,,,,,,,,,CSN-improved,,slab_deep,128.424407959,slab_deep,2013-04-25T08:52:05,,,-1
123534,2013-04-26T01:13:36,-68.548,-21.634,142.8,4.7,mw,,,,,,,,,,,,,,,,,USGS,,slab_deep,93.0898361206,slab_deep,2013-04-26T01:13:36,,,-1
123536,2013-04-26T01:13:36,-68.396,-21.54,130.155,4.2,mw,,,,,,,,,,,,,,,,,CSN-improved,,slab_deep,98.2166824341,slab_deep,2013-04-26T01:13:36,,,-1
123538,2013-04-26T03:06:02,-70.384,-34.655,112.836,4.0,mw,,,,,,,,,,,,,,,,,CSN-improved,,slab_deep,103.016311646,slab_deep,2013-04-26T03:06:02,,,-1
123533,2013-04-26T12:14:09,-69.09,-20.072,101.2,4.9,mw,,,,,,,,,,,,,,,,,USGS,,slab_deep,86.6681976318,slab_deep,2013-04-26T12:14:09,,,-1
123535,2013-04-26T12:14:10,-69.079,-20.07,101.4887,4.6,mw,,,,,,,,,,,,,,,,,CSN-improved,,slab_deep,86.6681976318,slab_deep,2013-04-26T12:14:10,,,-1
123577,2013-04-27T12:44:02,-67.216,-24.061,191.0,4.4,mw,,,,,,,,,,,,,,,,,ISC,,slab_deep,134.264099121,slab_deep,2013-04-27T12:44:02,,,-1
123575,2013-04-27T12:44:05,-67.377,-24.015,195.6131,4.7,mw,,,,,,,,,,,,,,,,,CSN-improved,,slab_deep,123.486671448,slab_deep,2013-04-27T12:44:05,,,-1
123578,2013-04-27T13:33:23,-70.865,-18.257,46.5504,4.0,mw,,,,,,,,,,,,,,,,,CSN-improved,,slab_deep,51.5707931519,slab_deep,2013-04-27T13:33:23,,,-1
123576,2013-04-27T21:51:32,-69.474,-18.385,122.6,4.6,mw,,,5.8,,,,,,,,,,,,,,CSN-improved,,slab_deep,99.2469558716,slab_deep,2013-04-27T21:51:32,,,-1
123574,2013-04-27T21:51:36,-69.37,-18.43,146.3,4.9,mw,0.03,0.02,6.1,,208.0,22.0,-22.0,319.0,82.0,-111.0,,,,,,,GCMT,,slab_deep,101.899978638,slab_deep,2013-04-27T21:51:36,,,-1
123618,2013-04-28T03:51:12,-67.789,-24.1,233.8,4.2,mw,,,8.8,,,,,,,,,,,,,,CSN-improved,,slab_deep,105.244140625,slab_deep,2013-04-28T03:51:12,,,-1
123617,2013-04-28T08:05:01,-68.011,-21.533,143.0,4.2,mw,,,,,,,,,,,,,,,,,ISC,,slab_deep,113.872238159,slab_deep,2013-04-28T08:05:01,,,-1
123616,2013-04-28T17:25:26,-68.576,-21.257,129.5,4.9,mw,,,,,,,,,,,,,,,,,USGS,,slab_deep,93.8084182739,slab_deep,2013-04-28T17:25:26,,,-1
123620,2013-04-28T17:25:27,-68.482,-21.266,120.044,4.2,mw,,,,,,,,,,,,,,,,,CSN-improved,,slab_deep,96.8393936157,slab_deep,2013-04-28T17:25:27,,,-1
123661,2013-04-29T11:44:18,-69.408,-31.558,110.0,4.6,mw,,,,,,,,,,,,,,,,,USGS,,slab_deep,101.126792908,slab_deep,2013-04-29T11:44:18,,,-1
123663,2013-04-29T11:44:18,-69.588,-31.561,139.5956,4.1,mw,,,,,,,,,,,,,,,,,CSN-improved,,slab_deep,101.244239807,slab_deep,2013-04-29T11:44:18,,,-1
123685,2013-04-30T03:57:05,-70.346,-28.609,97.7409,5.1,mw,,,,,,,,,,,,,,,,,CSN-improved,,slab_deep,68.2482452393,slab_deep,2013-04-30T03:57:05,,,-1
123691,2013-04-30T06:46:10,-68.566,-21.942,121.2354,4.2,mw,,,,,,,,,,,,,,,,,CSN-improved,,slab_deep,91.5927581787,slab_deep,2013-04-30T06:46:10,,,-1
123686,2013-04-30T10:57:08,-70.68,-33.493,84.36,5.0,mw,,,,,,,,,,,,,,,,,CSN-improved,,slab_deep,74.2627182007,slab_deep,2013-04-30T10:57:08,,,-1
123688,2013-04-30T18:29:07,-69.221,-22.87,86.8,4.5,mw,,,,,,,,,,,,,,,,,USGS,,slab_deep,71.8997497559,slab_deep,2013-04-30T18:29:07,,,-1
123692,2013-04-30T18:29:08,-69.186,-22.879,85.1166,4.2,mw,,,,,,,,,,,,,,,,,CSN-improved,,slab_deep,71.8535766602,slab_deep,2013-04-30T18:29:08,,,-1
123687,2013-04-30T21:01:41,-67.579,-20.907,159.5,4.8,mw,,,6.6,,,,,,,,,,,,,,USGS,,slab_deep,142.774246216,slab_deep,2013-04-30T21:01:41,,,-1
123690,2013-04-30T21:01:43,-67.86,-20.936,172.1132,4.3,mw,,,,,,,,,,,,,,,,,CSN-improved,,slab_deep,127.59740448,slab_deep,2013-04-30T21:01:43,,,-1
123724,2013-05-01T07:00:24,-69.714,-32.393,131.0,4.9,mw,,,5.7,,,,,,,,,,,,,,CSN-improved,,slab_deep,100.417411804,slab_deep,2013-05-01T07:00:24,,,-1
123723,2013-05-01T07:00:25,-69.373,-32.447,121.8,5.3,mw,,,2.7,,,,,,,,,,,,,,USGS,,slab_deep,105.519119263,slab_deep,2013-05-01T07:00:25,,,-1
123728,2013-05-01T10:19:49,-69.228,-22.745,97.3,4.0,mw,,,3.6,,,,,,,,,,,,,,CSN-improved,,slab_deep,70.5484771729,slab_deep,2013-05-01T10:19:49,,,-1
123726,2013-05-01T19:24:00,-68.205,-22.69,110.0,4.2,mw,,,,,,,,,,,,,,,,,ISC,,slab_deep,97.9977416992,slab_deep,2013-05-01T19:24:00,,,-1
123725,2013-05-01T19:24:02,-68.549,-22.579,130.0,4.5,mw,,,,,,,,,,,,,,,,,USGS,,slab_deep,88.6631240845,slab_deep,2013-05-01T19:24:02,,,-1
123753,2013-05-02T09:37:27,-69.73,-16.632,192.0,4.4,mw,,,,,,,,,,,,,,,,,ISC,,slab_deep,147.388793945,slab_deep,2013-05-02T09:37:27,,,-1
123756,2013-05-02T09:37:28,-69.972,-16.782,210.8,4.2,mw,,,4.4,,,,,,,,,,,,,,CSN-improved,,slab_deep,132.863891602,slab_deep,2013-05-02T09:37:28,,,-1
123750,2013-05-02T14:05:14,-69.419,-17.3,162.3,5.0,mw,,,5.8,,,,,,,,,,,,,,USGS,,slab_deep,130.477798462,slab_deep,2013-05-02T14:05:14,,,-1
123758,2013-05-02T14:05:16,-69.536,-17.413,156.2,4.1,mw,,,5.2,,,,,,,,,,,,,,CSN-improved,,slab_deep,121.333000183,slab_deep,2013-05-02T14:05:16,,,-1
123751,2013-05-02T18:36:35,-69.303,-29.188,80.2,4.8,mw,,,10.0,,,,,,,,,,,,,,USGS,,slab_deep,87.4023742676,slab_deep,2013-05-02T18:36:35,,,-1
123754,2013-05-02T18:36:37,-69.615,-29.15,104.0,4.3,mw,,,,,,,,,,,,,,,,,ISC,,slab_deep,86.1822891235,slab_deep,2013-05-02T18:36:37,,,-1
123752,2013-05-02T19:49:51,-69.696,-16.88,178.8,4.8,mw,,,7.7,,,,,,,,,,,,,,USGS,,slab_deep,136.245498657,slab_deep,2013-05-02T19:49:51,,,-1
123757,2013-05-02T19:49:54,-69.771,-17.072,193.7,4.2,mw,,,5.2,,,,,,,,,,,,,,CSN-improved,,slab_deep,127.736808777,slab_deep,2013-05-02T19:49:54,,,-1
123820,2013-05-04T03:24:18,-66.783,-27.874,140.8,4.6,mw,,,3.5,,,,,,,,,,,,,,USGS,,slab_deep,129.499588013,slab_deep,2013-05-04T03:24:18,,,-1
123821,2013-05-04T08:46:56,-68.978,-21.292,110.2,4.5,mw,,,,,,,,,,,,,,,,,USGS,,slab_deep,82.3754653931,slab_deep,2013-05-04T08:46:56,,,-1
123823,2013-05-04T08:46:56,-68.973,-21.278,111.7947,4.2,mw,,,,,,,,,,,,,,,,,CSN-improved,,slab_deep,83.8067398071,slab_deep,2013-05-04T08:46:56,,,-1
123853,2013-05-05T15:22:08,-67.408,-23.011,249.5,4.8,mw,,,,,,,,,,,,,,,,,USGS,,slab_deep,131.470413208,slab_deep,2013-05-05T15:22:08,,,-1
123856,2013-05-05T15:22:08,-67.069,-23.117,227.7844,4.2,mw,,,,,,,,,,,,,,,,,CSN-improved,,slab_deep,151.748703003,slab_deep,2013-05-05T15:22:08,,,-1
123891,2013-05-06T01:49:45,-67.198,-27.258,121.8,4.9,mw,,,4.9,,,,,,,,,,,,,,USGS,,slab_deep,119.833427429,slab_deep,2013-05-06T01:49:45,,,-1
123893,2013-05-06T01:49:46,-67.382,-27.361,141.9209,4.2,mw,,,,,,,,,,,,,,,,,CSN-improved,,slab_deep,113.778709412,slab_deep,2013-05-06T01:49:46,,,-1
123892,2013-05-06T02:03:31,-70.884,-30.056,73.7,4.3,mw,,,2.8,,,,,,,,,,,,,,CSN-improved,,slab_deep,60.3145370483,slab_deep,2013-05-06T02:03:31,,,-1
123894,2013-05-06T03:01:19,-68.621,-31.34,108.0,4.1,mw,,,,,,,,,,,,,,,,,ISC,,slab_deep,94.2947158813,slab_deep,2013-05-06T03:01:19,,,-1
123895,2013-05-06T11:09:56,-69.013,-21.095,112.3748,4.1,mw,,,,,,,,,,,,,,,,,CSN-improved,,slab_deep,83.2027587891,slab_deep,2013-05-06T11:09:56,,,-1
123896,2013-05-06T18:28:08,-67.135,-23.886,233.0575,4.0,mw,,,,,,,,,,,,,,,,,CSN-improved,,slab_deep,138.077545166,slab_deep,2013-05-06T18:28:08,,,-1
123953,2013-05-08T08:07:56,-68.703,-21.849,110.6748,4.1,mw,,,,,,,,,,,,,,,,,CSN-improved,,slab_deep,88.0292816162,slab_deep,2013-05-08T08:07:56,,,-1
123985,2013-05-09T10:37:35,-68.242,-20.246,184.6,4.2,mw,,,4.2,,,,,,,,,,,,,,CSN-improved,,slab_deep,117.38104248,slab_deep,2013-05-09T10:37:35,,,-1
124059,2013-05-11T00:53:29,-68.814,-21.795,103.9,4.3,mw,,,2.9,,,,,,,,,,,,,,CSN-improved,,slab_deep,85.6419372559,slab_deep,2013-05-11T00:53:29,,,-1
124060,2013-05-11T01:14:24,-67.401,-24.06,214.9207,4.3,mw,,,,,,,,,,,,,,,,,CSN-improved,,slab_deep,123.300254822,slab_deep,2013-05-11T01:14:24,,,-1
124057,2013-05-11T02:19:13,-72.393,-16.046,108.0,4.8,mw,,,,,,,,,,,,,,,,,ISC,,slab_deep,82.9061203003,slab_deep,2013-05-11T02:19:13,,,-1
124083,2013-05-12T00:37:56,-66.634,-22.268,313.2,4.8,mw,,,12.3,,,,,,,,,,,,,,CSN-improved,,slab_deep,186.199295044,slab_deep,2013-05-12T00:37:56,,,-1
124084,2013-05-12T12:02:20,-69.334,-23.516,86.8,4.7,mw,,,,,,,,,,,,,,,,,USGS,,slab_deep,67.8276748657,slab_deep,2013-05-12T12:02:20,,,-1
124085,2013-05-12T12:02:20,-69.276,-23.548,85.0,4.4,mw,,,,,,,,,,,,,,,,,ISC,,slab_deep,69.3431396484,slab_deep,2013-05-12T12:02:20,,,-1
124088,2013-05-12T12:02:20,-69.296,-23.52,84.6794,4.1,mw,,,,,,,,,,,,,,,,,CSN-improved,,slab_deep,69.2559509277,slab_deep,2013-05-12T12:02:20,,,-1
124081,2013-05-12T12:51:57,-68.79,-21.04,143.1,5.3,mw,0.01,0.01,1.4,,164.0,6.0,-95.0,349.0,84.0,-89.0,-2.71e+16,1.6e+16,1.12e+16,1.8e+16,-9.44e+16,0.0,GCMT,,slab_deep,89.1543121338,slab_deep,2013-05-12T12:51:57,,,-1
124086,2013-05-12T21:56:27,-69.675,-29.834,112.4,4.2,mw,,,14.8,,,,,,,,,,,,,,USGS,,slab_deep,89.2422027588,slab_deep,2013-05-12T21:56:27,,,-1
124087,2013-05-12T21:56:27,-70.304,-29.832,149.4135,4.2,mw,,,,,,,,,,,,,,,,,CSN-improved,,slab_deep,80.3162994385,slab_deep,2013-05-12T21:56:27,,,-1
124121,2013-05-13T06:18:31,-71.503,-34.493,47.6,4.2,mw,,,4.6,,,,,,,,,,,,,,CSN-improved,,slab_deep,53.4443588257,slab_deep,2013-05-13T06:18:31,,,-1
124118,2013-05-13T07:07:10,-67.198,-28.671,134.5,4.6,mw,,,8.8,,,,,,,,,,,,,,USGS,,slab_deep,108.186164856,slab_deep,2013-05-13T07:07:10,,,-1
124120,2013-05-13T07:07:10,-67.269,-28.674,140.0,4.2,mw,,,,,,,,,,,,,,,,,ISC,,slab_deep,107.190467834,slab_deep,2013-05-13T07:07:10,,,-1
124152,2013-05-14T09:00:53,-69.842,-17.09,176.0,4.1,mw,,,4.8,,,,,,,,,,,,,,CSN-improved,,slab_deep,122.291152954,slab_deep,2013-05-14T09:00:53,,,-1
124149,2013-05-14T09:18:33,-66.577,-27.898,166.9,4.9,mw,,,15.0,,,,,,,,,,,,,,USGS,,slab_deep,136.658981323,slab_deep,2013-05-14T09:18:33,,,-1
124150,2013-05-14T09:18:34,-66.693,-27.834,171.0,4.3,mw,,,,,,,,,,,,,,,,,ISC,,slab_deep,133.426544189,slab_deep,2013-05-14T09:18:34,,,-1
124153,2013-05-14T09:18:36,-66.709,-27.745,150.0,4.0,mw,,,11.0,,,,,,,,,,,,,,CSN-improved,,slab_deep,134.928726196,slab_deep,2013-05-14T09:18:36,,,-1
124202,2013-05-16T06:05:23,-67.701,-22.181,184.6597,4.3,mw,,,,,,,,,,,,,,,,,CSN-improved,,slab_deep,123.189506531,slab_deep,2013-05-16T06:05:23,,,-1
124203,2013-05-16T18:46:51,-68.438,-22.089,114.0,4.1,mw,,,,,,,,,,,,,,,,,ISC,,slab_deep,93.7032699585,slab_deep,2013-05-16T18:46:51,,,-1
124226,2013-05-17T06:56:57,-69.201,-19.192,120.1,4.8,mw,,,,,,,,,,,,,,,,,USGS,,slab_deep,94.063041687,slab_deep,2013-05-17T06:56:57,,,-1
124228,2013-05-17T06:56:59,-69.11,-19.165,109.3197,4.2,mw,,,,,,,,,,,,,,,,,CSN-improved,,slab_deep,98.6026687622,slab_deep,2013-05-17T06:56:59,,,-1
124229,2013-05-17T09:34:39,-69.17,-20.916,107.6569,4.1,mw,,,,,,,,,,,,,,,,,CSN-improved,,slab_deep,79.4052505493,slab_deep,2013-05-17T09:34:39,,,-1
124231,2013-05-17T10:43:12,-68.784,-21.295,114.2,4.0,mw,,,3.3,,,,,,,,,,,,,,CSN-improved,,slab_deep,87.9530487061,slab_deep,2013-05-17T10:43:12,,,-1
124227,2013-05-17T14:11:22,-67.977,-21.827,107.1,4.6,mw,,,7.3,,,,,,,,,,,,,,USGS,,slab_deep,111.591201782,slab_deep,2013-05-17T14:11:22,,,-1
124230,2013-05-17T14:11:25,-68.387,-21.733,130.0,4.1,mw,,,4.9,,,,,,,,,,,,,,CSN-improved,,slab_deep,97.0668563843,slab_deep,2013-05-17T14:11:25,,,-1
124306,2013-05-19T03:37:10,-70.906,-36.838,122.4,4.1,mw,,,13.9,,,,,,,,,,,,,,CSN-improved,,slab_deep,115.995002747,slab_deep,2013-05-19T03:37:10,,,-1
124304,2013-05-19T05:10:24,-68.365,-21.517,137.7791,4.3,mw,,,,,,,,,,,,,,,,,CSN-improved,,slab_deep,100.197128296,slab_deep,2013-05-19T05:10:24,,,-1
124302,2013-05-19T05:37:49,-70.92,-17.34,106.0,5.1,mw,,,,,,,,,,,,,,,,,USGS,,slab_deep,82.6271286011,slab_deep,2013-05-19T05:37:49,,,-1
124303,2013-05-19T05:37:51,-70.488,-17.242,115.4,4.6,mw,,,7.3,,,,,,,,,,,,,,CSN-improved,,slab_deep,97.6946487427,slab_deep,2013-05-19T05:37:51,,,-1
124305,2013-05-19T10:33:55,-68.583,-22.563,107.0,4.1,mw,,,,,,,,,,,,,,,,,ISC,,slab_deep,87.6270751953,slab_deep,2013-05-19T10:33:55,,,-1
124348,2013-05-20T17:42:31,-69.79,-16.4,198.0,4.2,mw,,,,,,,,,,,,,,,,,ISC,,slab_deep,160.321609497,slab_deep,2013-05-20T17:42:31,,,-1
124347,2013-05-20T17:42:34,-70.079,-16.628,222.8,4.6,mw,,,5.6,,,,,,,,,,,,,,CSN-improved,,slab_deep,136.097091675,slab_deep,2013-05-20T17:42:34,,,-1
124387,2013-05-21T04:04:49,-67.585,-22.101,198.3563,4.6,mw,,,,,,,,,,,,,,,,,CSN-improved,,slab_deep,129.330764771,slab_deep,2013-05-21T04:04:49,,,-1
124386,2013-05-21T04:28:59,-68.935,-31.516,110.0,4.6,mw,,,,,,,,,,,,,,,,,USGS,,slab_deep,97.783416748,slab_deep,2013-05-21T04:28:59,,,-1
124388,2013-05-21T04:28:59,-68.91,-31.481,115.0,4.3,mw,,,,,,,,,,,,,,,,,ISC,,slab_deep,97.3870391846,slab_deep,2013-05-21T04:28:59,,,-1
124389,2013-05-21T09:39:28,-69.185,-20.166,93.9538,4.1,mw,,,,,,,,,,,,,,,,,CSN-improved,,slab_deep,82.4253921509,slab_deep,2013-05-21T09:39:28,,,-1
124385,2013-05-21T23:10:47,-69.563,-20.582,86.7856,4.9,mw,,,,,,,,,,,,,,,,,CSN-improved,,slab_deep,66.3723068237,slab_deep,2013-05-21T23:10:47,,,-1
124424,2013-05-22T10:55:11,-66.854,-23.955,205.0,4.1,mw,,,,,,,,,,,,,,,,,ISC,,slab_deep,156.972106934,slab_deep,2013-05-22T10:55:11,,,-1
124422,2013-05-22T10:55:13,-67.385,-23.939,247.8,4.7,mw,,,,,,,,,,,,,,,,,USGS,,slab_deep,123.690032959,slab_deep,2013-05-22T10:55:13,,,-1
124423,2013-05-22T10:55:13,-67.243,-23.947,245.2,4.4,mw,,,12.4,,,,,,,,,,,,,,CSN-improved,,slab_deep,131.91317749,slab_deep,2013-05-22T10:55:13,,,-1
124426,2013-05-22T20:39:11,-70.774,-32.561,66.6,4.0,mw,,,6.0,,,,,,,,,,,,,,CSN-improved,,slab_deep,70.3142089844,slab_deep,2013-05-22T20:39:11,,,-1
124451,2013-05-23T00:14:11,-69.492,-18.378,145.0,5.2,mw,,,,,,,,,,,,,,,,,USGS,,slab_deep,97.4607620239,slab_deep,2013-05-23T00:14:11,,,-1
124453,2013-05-23T00:14:12,-69.309,-18.268,127.0361,4.9,mw,,,,,,,,,,,,,,,,,CSN-improved,,slab_deep,107.896850586,slab_deep,2013-05-23T00:14:12,,,-1
124454,2013-05-23T09:46:58,-68.47,-21.439,124.0,4.1,mw,,,,,,,,,,,,,,,,,ISC,,slab_deep,97.2044754028,slab_deep,2013-05-23T09:46:58,,,-1
124489,2013-05-24T10:13:08,-68.9,-21.083,110.8756,4.0,mw,,,,,,,,,,,,,,,,,CSN-improved,,slab_deep,86.0908355713,slab_deep,2013-05-24T10:13:08,,,-1
124486,2013-05-24T18:50:30,-69.423,-30.735,100.5,4.7,mw,,,9.1,,,,,,,,,,,,,,CSN-improved,,slab_deep,96.9736251831,slab_deep,2013-05-24T18:50:30,,,-1
124523,2013-05-25T01:04:28,-69.762,-16.802,165.0,5.0,mw,,,9.2,,,,,,,,,,,,,,CSN-improved,,slab_deep,139.438690186,slab_deep,2013-05-25T01:04:28,,,-1
124550,2013-05-26T11:40:34,-66.313,-22.275,290.0,4.4,mw,,,13.2,,,,,,,,,,,,,,CSN-improved,,slab_deep,211.330566406,slab_deep,2013-05-26T11:40:34,,,-1
124553,2013-05-26T20:25:53,-66.762,-21.382,237.0,4.1,mw,,,,,,,,,,,,,,,,,ISC,,slab_deep,187.838012695,slab_deep,2013-05-26T20:25:53,,,-1
124551,2013-05-26T20:25:54,-67.047,-21.328,263.7,4.3,mw,,,8.2,,,,,,,,,,,,,,CSN-improved,,slab_deep,169.729492188,slab_deep,2013-05-26T20:25:54,,,-1
124593,2013-05-27T04:08:34,-68.779,-22.941,93.4863,4.0,mw,,,,,,,,,,,,,,,,,CSN-improved,,slab_deep,81.66355896,slab_deep,2013-05-27T04:08:34,,,-1
124592,2013-05-27T05:09:55,-68.426,-21.797,118.0,4.1,mw,,,,,,,,,,,,,,,,,ISC,,slab_deep,95.2435455322,slab_deep,2013-05-27T05:09:55,,,-1
124586,2013-05-27T05:21:06,-71.363,-36.088,109.842,5.0,mw,,,,,,,,,,,,,,,,,CSN-improved,,slab_deep,88.3025894165,slab_deep,2013-05-27T05:21:06,,,-1
124588,2013-05-27T22:27:43,-66.74,-23.685,219.0,4.8,mw,,,,,,,,,,,,,,,,,USGS,,slab_deep,166.142364502,slab_deep,2013-05-27T22:27:43,,,-1
124590,2013-05-27T22:27:43,-66.777,-23.759,200.0,4.4,mw,,,,,,,,,,,,,,,,,ISC,,slab_deep,162.150039673,slab_deep,2013-05-27T22:27:43,,,-1
124589,2013-05-27T22:43:19,-68.723,-22.14,119.9,4.6,mw,,,,,,,,,,,,,,,,,USGS,,slab_deep,86.7268676758,slab_deep,2013-05-27T22:43:19,,,-1
124636,2013-05-29T07:41:38,-69.038,-26.09,120.1,4.2,mw,,,6.0,,,,,,,,,,,,,,CSN-improved,,slab_deep,85.1740036011,slab_deep,2013-05-29T07:41:38,,,-1
124638,2013-05-29T10:48:57,-69.846,-25.057,51.3828,4.0,mw,,,,,,,,,,,,,,,,,CSN-improved,,slab_deep,59.8257865906,slab_deep,2013-05-29T10:48:57,,,-1
124639,2013-05-29T23:44:55,-69.203,-20.912,112.8,4.0,mw,,,4.2,,,,,,,,,,,,,,CSN-improved,,slab_deep,77.7557373047,slab_deep,2013-05-29T23:44:55,,,-1
124671,2013-05-31T01:26:42,-67.527,-23.22,257.1,4.0,mw,,,8.3,,,,,,,,,,,,,,CSN-improved,,slab_deep,121.202232361,slab_deep,2013-05-31T01:26:42,,,-1
124670,2013-05-31T12:13:10,-66.536,-22.45,281.5,4.2,mw,,,13.0,,,,,,,,,,,,,,CSN-improved,,slab_deep,191.825714111,slab_deep,2013-05-31T12:13:10,,,-1
124722,2013-06-02T20:11:12,-68.536,-30.723,149.6959,4.1,mw,,,,,,,,,,,,,,,,,CSN-improved,,slab_deep,91.3974456787,slab_deep,2013-06-02T20:11:12,,,-1
124751,2013-06-03T22:56:42,-67.623,-20.897,180.0747,4.0,mw,,,,,,,,,,,,,,,,,CSN-improved,,slab_deep,142.774246216,slab_deep,2013-06-03T22:56:42,,,-1
124786,2013-06-04T01:47:02,-67.668,-21.096,177.2042,4.0,mw,,,,,,,,,,,,,,,,,CSN-improved,,slab_deep,136.844039917,slab_deep,2013-06-04T01:47:02,,,-1
124787,2013-06-04T05:31:31,-69.825,-18.265,94.3068,4.0,mw,,,,,,,,,,,,,,,,,CSN-improved,,slab_deep,90.1329040527,slab_deep,2013-06-04T05:31:31,,,-1
124784,2013-06-04T10:33:02,-69.699,-17.776,151.3,4.2,mw,,,4.2,,,,,,,,,,,,,,CSN-improved,,slab_deep,104.095939636,slab_deep,2013-06-04T10:33:02,,,-1
124781,2013-06-04T16:17:23,-66.926,-24.327,163.8,4.8,mw,,,3.6,,,,,,,,,,,,,,USGS,,slab_deep,147.457901001,slab_deep,2013-06-04T16:17:23,,,-1
124783,2013-06-04T16:17:24,-67.184,-24.302,178.0,4.5,mw,,,,,,,,,,,,,,,,,ISC,,slab_deep,133.08807373,slab_deep,2013-06-04T16:17:24,,,-1
124780,2013-06-04T16:17:26,-67.416,-24.23,209.2554,5.0,mw,,,,,,,,,,,,,,,,,CSN-improved,,slab_deep,122.67351532,slab_deep,2013-06-04T16:17:26,,,-1
124816,2013-06-05T02:02:07,-70.007,-33.864,115.8,4.0,mw,,,5.1,,,,,,,,,,,,,,CSN-improved,,slab_deep,101.980461121,slab_deep,2013-06-05T02:02:07,,,-1
124813,2013-06-05T16:26:01,-71.304,-39.371,139.7,4.6,mw,,,7.1,,,,,,,,,,,,,,CSN-improved,,slab_deep,127.100860596,slab_deep,2013-06-05T16:26:01,,,-1
124851,2013-06-06T00:20:51,-68.468,-21.805,130.0,4.1,mw,,,,,,,,,,,,,,,,,ISC,,slab_deep,95.2435455322,slab_deep,2013-06-06T00:20:51,,,-1
124842,2013-06-06T01:45:13,-67.136,-24.285,176.1,5.1,mw,,,28.4,,,,,,,,,,,,,,USGS,,slab_deep,135.897644043,slab_deep,2013-06-06T01:45:13,,,-1
124854,2013-06-06T01:45:14,-67.233,-24.241,174.0,4.0,mw,,,,,,,,,,,,,,,,,ISC,,slab_deep,130.548568726,slab_deep,2013-06-06T01:45:14,,,-1
124849,2013-06-06T01:45:16,-67.687,-24.139,214.9146,4.5,mw,,,,,,,,,,,,,,,,,CSN-improved,,slab_deep,109.111114502,slab_deep,2013-06-06T01:45:16,,,-1
124848,2013-06-06T17:34:15,-69.05,-20.006,102.9417,4.7,mw,,,,,,,,,,,,,,,,,CSN-improved,,slab_deep,88.833732605,slab_deep,2013-06-06T17:34:15,,,-1
124843,2013-06-06T17:42:15,-69.428,-34.928,151.7,5.0,mw,,,8.9,,,,,,,,,,,,,,USGS,,slab_deep,148.799377441,slab_deep,2013-06-06T17:42:15,,,-1
124853,2013-06-06T17:42:16,-69.634,-34.972,176.2,4.1,mw,,,10.7,,,,,,,,,,,,,,CSN-improved,,slab_deep,140.706451416,slab_deep,2013-06-06T17:42:16,,,-1
124846,2013-06-06T17:42:17,-69.466,-34.813,173.0,4.7,mw,,,,,,,,,,,,,,,,,ISC,,slab_deep,144.897857666,slab_deep,2013-06-06T17:42:17,,,-1
124870,2013-06-07T20:29:13,-67.286,-24.225,184.2867,4.2,mw,,,,,,,,,,,,,,,,,CSN-improved,,slab_deep,127.852737427,slab_deep,2013-06-07T20:29:13,,,-1
124871,2013-06-07T22:35:12,-69.839,-17.644,148.0,4.1,mw,,,,,,,,,,,,,,,,,ISC,,slab_deep,103.289756775,slab_deep,2013-06-07T22:35:12,,,-1
124906,2013-06-08T11:55:40,-68.437,-21.539,121.8111,4.5,mw,,,,,,,,,,,,,,,,,CSN-improved,,slab_deep,96.6206436157,slab_deep,2013-06-08T11:55:40,,,-1
124905,2013-06-08T12:25:10,-66.86,-22.62,215.3,5.6,mw,0.01,0.01,0.9,,142.0,20.0,-109.0,341.0,71.0,-83.0,-1.16e+17,-8.7e+16,2.03e+17,1.16e+17,-1.69e+17,4e+16,GCMT,,slab_deep,169.879379272,slab_deep,2013-06-08T12:25:10,,,-1
124934,2013-06-09T00:37:11,-68.861,-22.783,121.0,4.3,mw,,,,,,,,,,,,,,,,,ISC,,slab_deep,80.885383606,slab_deep,2013-06-09T00:37:11,,,-1
124936,2013-06-09T00:37:11,-68.822,-22.85,113.0471,4.0,mw,,,,,,,,,,,,,,,,,CSN-improved,,slab_deep,81.9111022949,slab_deep,2013-06-09T00:37:11,,,-1
124935,2013-06-09T20:14:53,-68.27,-23.617,134.0,4.1,mw,,,,,,,,,,,,,,,,,ISC,,slab_deep,92.2930755615,slab_deep,2013-06-09T20:14:53,,,-1
124932,2013-06-09T20:14:54,-68.368,-23.54,139.0,4.4,mw,,,,,,,,,,,,,,,,,USGS,,slab_deep,90.0322799683,slab_deep,2013-06-09T20:14:54,,,-1
124962,2013-06-10T02:29:46,-71.582,-35.562,114.4,4.8,mw,,,,,,,,,,,,,,,,,USGS,,slab_deep,69.6360549927,slab_deep,2013-06-10T02:29:46,,,-1
124966,2013-06-10T02:29:46,-71.365,-35.636,98.3193,4.2,mw,,,,,,,,,,,,,,,,,CSN-improved,,slab_deep,81.4761276245,slab_deep,2013-06-10T02:29:46,,,-1
124963,2013-06-10T02:29:47,-71.463,-35.524,100.0,4.5,mw,,,,,,,,,,,,,,,,,ISC,,slab_deep,74.8193740845,slab_deep,2013-06-10T02:29:47,,,-1
124964,2013-06-10T07:22:42,-67.516,-24.354,195.7,4.5,mw,,,43.9,,,,,,,,,,,,,,USGS,,slab_deep,117.579444885,slab_deep,2013-06-10T07:22:42,,,-1
124967,2013-06-10T07:22:43,-67.617,-24.246,209.4703,4.2,mw,,,,,,,,,,,,,,,,,CSN-improved,,slab_deep,113.224082947,slab_deep,2013-06-10T07:22:43,,,-1
124965,2013-06-10T17:09:54,-66.981,-23.102,236.1792,4.5,mw,,,,,,,,,,,,,,,,,CSN-improved,,slab_deep,155.015686035,slab_deep,2013-06-10T17:09:54,,,-1
125003,2013-06-11T00:45:33,-68.644,-21.318,132.8,4.8,mw,,,,,,,,,,,,,,,,,USGS,,slab_deep,92.0973129272,slab_deep,2013-06-11T00:45:33,,,-1
125006,2013-06-11T00:45:34,-68.528,-21.323,121.237,4.2,mw,,,,,,,,,,,,,,,,,CSN-improved,,slab_deep,95.0053863525,slab_deep,2013-06-11T00:45:34,,,-1
125004,2013-06-11T04:19:24,-67.061,-23.876,227.767,4.6,mw,,,,,,,,,,,,,,,,,CSN-improved,,slab_deep,144.247695923,slab_deep,2013-06-11T04:19:24,,,-1
125002,2013-06-11T09:37:13,-68.42,-22.01,138.6,5.4,mw,0.01,0.01,1.1,,232.0,38.0,-28.0,344.0,73.0,-125.0,-6.26e+16,-2.7900000000000004e+16,9.05e+16,5.500000000000001e+16,-8.22e+16,4.83e+16,GCMT,,slab_deep,95.7157897949,slab_deep,2013-06-11T09:37:13,,,-1
125009,2013-06-11T14:33:02,-70.257,-32.756,97.5577,4.1,mw,,,,,,,,,,,,,,,,,CSN-improved,,slab_deep,87.1170043945,slab_deep,2013-06-11T14:33:02,,,-1
125044,2013-06-12T09:09:10,-67.416,-23.632,192.6063,4.2,mw,,,,,,,,,,,,,,,,,CSN-improved,,slab_deep,125.359283447,slab_deep,2013-06-12T09:09:10,,,-1
125041,2013-06-12T18:22:03,-69.6,-18.421,136.0,4.6,mw,,,,,,,,,,,,,,,,,USGS,,slab_deep,93.9376907349,slab_deep,2013-06-12T18:22:03,,,-1
125043,2013-06-12T18:22:04,-69.487,-18.324,126.9893,4.3,mw,,,,,,,,,,,,,,,,,CSN-improved,,slab_deep,99.4802398682,slab_deep,2013-06-12T18:22:04,,,-1
125075,2013-06-13T10:41:38,-70.7,-32.274,80.0206,5.0,mw,,,,,,,,,,,,,,,,,CSN-improved,,slab_deep,73.0303192139,slab_deep,2013-06-13T10:41:38,,,-1
125077,2013-06-13T11:27:57,-66.799,-23.385,185.9,4.4,mw,,,6.4,,,,,,,,,,,,,,USGS,,slab_deep,165.519454956,slab_deep,2013-06-13T11:27:57,,,-1
125076,2013-06-13T11:27:59,-67.123,-23.284,229.1063,4.8,mw,,,,,,,,,,,,,,,,,CSN-improved,,slab_deep,146.394851685,slab_deep,2013-06-13T11:27:59,,,-1
125079,2013-06-13T22:01:17,-68.746,-24.602,109.3217,4.4,mw,,,,,,,,,,,,,,,,,CSN-improved,,slab_deep,83.6120986938,slab_deep,2013-06-13T22:01:17,,,-1
125166,2013-06-16T06:27:18,-67.415,-20.868,206.6564,4.0,mw,,,,,,,,,,,,,,,,,CSN-improved,,slab_deep,155.978729248,slab_deep,2013-06-16T06:27:18,,,-1
125207,2013-06-18T03:07:35,-67.548,-28.917,133.1,4.1,mw,,,5.1,,,,,,,,,,,,,,CSN-improved,,slab_deep,99.8735656738,slab_deep,2013-06-18T03:07:35,,,-1
125201,2013-06-18T14:10:37,-69.215,-20.002,107.1,4.9,mw,,,,,,,,,,,,,,,,,USGS,,slab_deep,83.7817687988,slab_deep,2013-06-18T14:10:37,,,-1
125206,2013-06-18T14:10:38,-69.151,-19.998,104.6765,4.3,mw,,,,,,,,,,,,,,,,,CSN-improved,,slab_deep,85.4750289917,slab_deep,2013-06-18T14:10:38,,,-1
125203,2013-06-18T14:35:13,-66.779,-22.799,209.6,4.8,mw,,,8.8,,,,,,,,,,,,,,USGS,,slab_deep,171.485076904,slab_deep,2013-06-18T14:35:13,,,-1
125205,2013-06-18T14:35:14,-66.853,-22.746,213.0,4.5,mw,,,,,,,,,,,,,,,,,ISC,,slab_deep,168.539810181,slab_deep,2013-06-18T14:35:14,,,-1
125202,2013-06-18T14:35:15,-67.072,-22.753,230.1135,4.9,mw,,,,,,,,,,,,,,,,,CSN-improved,,slab_deep,155.394866943,slab_deep,2013-06-18T14:35:15,,,-1
125238,2013-06-19T21:29:13,-70.2,-32.74,114.8,5.2,mw,0.02,0.01,1.1,,190.0,45.0,-111.0,39.0,48.0,-70.0,-8.12e+16,2800000000000000.0,7.84e+16,-1.82e+16,3100000000000000.0,4.25e+16,GCMT,,slab_deep,88.5316467285,slab_deep,2013-06-19T21:29:13,,,-1
125273,2013-06-20T09:55:29,-67.33,-24.188,206.4974,4.2,mw,,,,,,,,,,,,,,,,,CSN-improved,,slab_deep,125.390724182,slab_deep,2013-06-20T09:55:29,,,-1
125272,2013-06-20T12:15:46,-68.552,-21.233,128.2,4.6,mw,,,,,,,,,,,,,,,,,USGS,,slab_deep,95.2970352173,slab_deep,2013-06-20T12:15:46,,,-1
125274,2013-06-20T12:15:46,-68.514,-21.208,133.5798,4.2,mw,,,,,,,,,,,,,,,,,CSN-improved,,slab_deep,97.1515731812,slab_deep,2013-06-20T12:15:46,,,-1
125276,2013-06-20T15:29:37,-69.737,-20.514,90.9,4.0,mw,,,4.3,,,,,,,,,,,,,,CSN-improved,,slab_deep,58.8216896057,slab_deep,2013-06-20T15:29:37,,,-1
125277,2013-06-20T15:31:50,-68.689,-21.36,118.9798,4.0,mw,,,,,,,,,,,,,,,,,CSN-improved,,slab_deep,90.444694519,slab_deep,2013-06-20T15:31:50,,,-1
125295,2013-06-21T19:16:24,-67.308,-24.068,228.1,4.1,mw,,,8.8,,,,,,,,,,,,,,CSN-improved,,slab_deep,128.633789062,slab_deep,2013-06-21T19:16:24,,,-1
125320,2013-06-22T04:19:15,-69.688,-16.814,164.0,4.3,mw,,,,,,,,,,,,,,,,,ISC,,slab_deep,141.156402588,slab_deep,2013-06-22T04:19:15,,,-1
125319,2013-06-22T04:19:18,-69.938,-17.12,182.4,4.6,mw,,,4.5,,,,,,,,,,,,,,CSN-improved,,slab_deep,119.098342896,slab_deep,2013-06-22T04:19:18,,,-1
125318,2013-06-22T11:55:06,-66.942,-21.465,234.8,4.8,mw,,,15.0,,,,,,,,,,,,,,USGS,,slab_deep,174.593673706,slab_deep,2013-06-22T11:55:06,,,-1
125322,2013-06-22T11:55:07,-67.172,-21.476,252.1,4.2,mw,,,7.5,,,,,,,,,,,,,,CSN-improved,,slab_deep,161.526184082,slab_deep,2013-06-22T11:55:07,,,-1
125339,2013-06-23T05:52:45,-69.007,-21.079,111.9942,4.0,mw,,,,,,,,,,,,,,,,,CSN-improved,,slab_deep,83.2027587891,slab_deep,2013-06-23T05:52:45,,,-1
125340,2013-06-23T10:48:12,-68.733,-21.133,119.174,4.0,mw,,,,,,,,,,,,,,,,,CSN-improved,,slab_deep,90.062789917,slab_deep,2013-06-23T10:48:12,,,-1
125338,2013-06-23T22:21:27,-67.382,-23.676,267.1,4.5,mw,,,9.9,,,,,,,,,,,,,,USGS,,slab_deep,125.022422791,slab_deep,2013-06-23T22:21:27,,,-1
125337,2013-06-23T22:21:28,-67.303,-23.636,242.4,4.7,mw,,,8.1,,,,,,,,,,,,,,CSN-improved,,slab_deep,130.957458496,slab_deep,2013-06-23T22:21:28,,,-1
125363,2013-06-24T19:04:46,-67.578,-24.196,222.7,4.4,mw,,,7.1,,,,,,,,,,,,,,CSN-improved,,slab_deep,113.303840637,slab_deep,2013-06-24T19:04:46,,,-1
125459,2013-06-27T14:03:43,-69.007,-20.423,101.5,5.1,mw,,,,,,,,,,,,,,,,,USGS,,slab_deep,86.9666595459,slab_deep,2013-06-27T14:03:43,,,-1
125466,2013-06-27T14:03:43,-68.923,-20.413,104.443,4.3,mw,,,,,,,,,,,,,,,,,CSN-improved,,slab_deep,90.1114501953,slab_deep,2013-06-27T14:03:43,,,-1
125462,2013-06-27T19:29:27,-66.991,-19.435,372.1,4.8,mw,,,8.2,,,,,,,,,,,,,,CSN-improved,,slab_deep,212.455429077,slab_deep,2013-06-27T19:29:27,,,-1
125463,2013-06-27T19:29:28,-66.171,-19.23,296.0,4.7,mw,,,,,,,,,,,,,,,,,ISC,,slab_deep,278.686981201,slab_deep,2013-06-27T19:29:28,,,-1
125464,2013-06-27T21:14:38,-67.352,-24.085,220.8771,4.6,mw,,,,,,,,,,,,,,,,,CSN-improved,,slab_deep,125.738815308,slab_deep,2013-06-27T21:14:38,,,-1
125494,2013-06-28T15:38:12,-68.682,-21.503,142.8,4.5,mw,,,7.0,,,,,,,,,,,,,,USGS,,slab_deep,89.6975097656,slab_deep,2013-06-28T15:38:12,,,-1
125496,2013-06-28T15:38:13,-68.545,-21.469,121.9542,4.1,mw,,,,,,,,,,,,,,,,,CSN-improved,,slab_deep,94.1597747803,slab_deep,2013-06-28T15:38:13,,,-1
125520,2013-06-29T08:21:36,-69.126,-31.931,105.4,4.9,mw,,,2.5,,,,,,,,,,,,,,USGS,,slab_deep,102.768119812,slab_deep,2013-06-29T08:21:36,,,-1
125523,2013-06-29T08:21:37,-69.354,-31.897,133.9035,4.1,mw,,,,,,,,,,,,,,,,,CSN-improved,,slab_deep,102.578178406,slab_deep,2013-06-29T08:21:37,,,-1
125545,2013-06-30T15:07:33,-67.84,-20.772,168.0,4.1,mw,,,,,,,,,,,,,,,,,ISC,,slab_deep,130.509765625,slab_deep,2013-06-30T15:07:33,,,-1
125569,2013-07-01T12:10:06,-70.67,-17.276,122.2,4.8,mw,,,7.2,,,,,,,,,,,,,,USGS,,slab_deep,91.7285995483,slab_deep,2013-07-01T12:10:06,,,-1
125570,2013-07-01T12:10:08,-70.452,-17.46,129.6,4.5,mw,,,4.9,,,,,,,,,,,,,,CSN-improved,,slab_deep,91.6974334717,slab_deep,2013-07-01T12:10:08,,,-1
125603,2013-07-02T09:39:07,-66.857,-27.883,172.4576,4.5,mw,,,,,,,,,,,,,,,,,CSN-improved,,slab_deep,126.962760925,slab_deep,2013-07-02T09:39:07,,,-1
125604,2013-07-02T16:40:48,-68.213,-23.563,127.4,4.2,mw,,,5.9,,,,,,,,,,,,,,CSN-improved,,slab_deep,93.6864624023,slab_deep,2013-07-02T16:40:48,,,-1
125602,2013-07-02T20:04:55,-66.815,-24.009,217.1,5.4,mw,,,4.2,,186.0,32.0,-81.0,356.0,58.0,-95.0,-2.96e+17,3.2e+16,2.64e+17,2.8000000000000004e+16,-1.33e+17,7000000000000001.0,CSN-improved,,slab_deep,159.976547241,slab_deep,2013-07-02T20:04:55,,,-1
125601,2013-07-02T20:05:01,-66.73,-23.98,225.8,5.7,mw,0.01,0.01,0.8,,206.0,33.0,-67.0,360.0,60.0,-104.0,-2.96e+17,3.2e+16,2.64e+17,2.8000000000000004e+16,-1.33e+17,7000000000000001.0,GCMT,,slab_deep,163.449417114,slab_deep,2013-07-02T20:05:01,,,-1
125633,2013-07-03T03:03:43,-67.239,-21.318,232.0,4.2,mw,,,13.7,,,,,,,,,,,,,,CSN-improved,,slab_deep,158.064804077,slab_deep,2013-07-03T03:03:43,,,-1
125660,2013-07-04T17:38:02,-66.703,-22.37,280.8,4.5,mw,,,10.5,,,,,,,,,,,,,,CSN-improved,,slab_deep,182.036773682,slab_deep,2013-07-04T17:38:02,,,-1
125686,2013-07-05T00:41:28,-68.546,-22.508,114.9288,4.6,mw,,,,,,,,,,,,,,,,,CSN-improved,,slab_deep,89.0944976807,slab_deep,2013-07-05T00:41:28,,,-1
125691,2013-07-05T01:29:15,-69.01,-23.03,94.8,4.0,mw,,,3.2,,,,,,,,,,,,,,CSN-improved,,slab_deep,76.8933486938,slab_deep,2013-07-05T01:29:15,,,-1
125692,2013-07-05T07:58:37,-72.698,-37.607,49.3,4.0,mw,,,418.3,,,,,,,,,,,,,,CSN-improved,,slab_deep,50.732219696,slab_deep,2013-07-05T07:58:37,,,-1
125688,2013-07-05T19:22:30,-67.492,-21.351,194.3637,4.2,mw,,,,,,,,,,,,,,,,,CSN-improved,,slab_deep,142.356140137,slab_deep,2013-07-05T19:22:30,,,-1
125708,2013-07-06T07:05:42,-67.111,-23.471,247.4,5.3,mw,,,9.5,,,,,,,,,,,,,,CSN-improved,,slab_deep,144.86882019,slab_deep,2013-07-06T07:05:42,,,-1
125709,2013-07-06T19:40:28,-69.515,-18.852,103.1,5.1,mw,,,3.4,,261.0,41.0,9.0,164.0,84.0,130.0,4830000000000000.0,-1.71e+16,1.23e+16,-2819999999999999.5,-3.2e+16,1.92e+16,CSN-improved,,slab_deep,89.0598678589,slab_deep,2013-07-06T19:40:28,,,-1
125710,2013-07-06T19:40:34,-69.62,-18.88,130.8,5.0,mw,0.03,0.02,4.5,,261.0,41.0,9.0,164.0,84.0,130.0,4830000000000000.0,-1.71e+16,1.23e+16,-2819999999999999.5,-3.2e+16,1.92e+16,GCMT,,slab_deep,84.558380127,slab_deep,2013-07-06T19:40:34,,,-1
125743,2013-07-07T06:17:57,-67.545,-24.429,151.7974,4.0,mw,,,,,,,,,,,,,,,,,CSN-improved,,slab_deep,115.100265503,slab_deep,2013-07-07T06:17:57,,,-1
125740,2013-07-07T14:39:21,-66.93,-27.823,156.7033,4.7,mw,,,,,,,,,,,,,,,,,CSN-improved,,slab_deep,124.541290283,slab_deep,2013-07-07T14:39:21,,,-1
125738,2013-07-07T15:00:23,-66.939,-23.021,236.4,5.0,mw,,,23.6,,,,,,,,,,,,,,USGS,,slab_deep,159.377441406,slab_deep,2013-07-07T15:00:23,,,-1
125742,2013-07-07T15:00:24,-66.87,-22.982,211.8182,4.1,mw,,,,,,,,,,,,,,,,,CSN-improved,,slab_deep,166.1300354,slab_deep,2013-07-07T15:00:24,,,-1
125764,2013-07-08T00:55:56,-67.164,-24.166,191.0,4.0,mw,,,,,,,,,,,,,,,,,ISC,,slab_deep,136.65296936,slab_deep,2013-07-08T00:55:56,,,-1
125761,2013-07-08T00:55:58,-67.384,-24.074,204.0196,4.2,mw,,,,,,,,,,,,,,,,,CSN-improved,,slab_deep,123.300254822,slab_deep,2013-07-08T00:55:58,,,-1
125758,2013-07-08T05:13:21,-69.179,-20.702,106.4,4.8,mw,,,,,,,,,,,,,,,,,USGS,,slab_deep,78.7080993652,slab_deep,2013-07-08T05:13:21,,,-1
125763,2013-07-08T05:13:22,-69.123,-20.72,106.0313,4.1,mw,,,,,,,,,,,,,,,,,CSN-improved,,slab_deep,81.9663009644,slab_deep,2013-07-08T05:13:22,,,-1
125794,2013-07-09T20:51:51,-69.39,-19.21,131.7,5.1,mw,0.02,0.02,2.6,,221.0,33.0,-44.0,350.0,68.0,-115.0,-4.97e+16,-1.26e+16,6.23e+16,1.14e+16,-9900000000000000.0,1.85e+16,GCMT,,slab_deep,86.8392562866,slab_deep,2013-07-09T20:51:51,,,-1
125825,2013-07-10T14:32:16,-69.68,-19.39,131.0,5.6,mw,0.01,0.01,1.1,,194.0,11.0,-66.0,350.0,80.0,-94.0,-1.03e+17,-2.5e+16,1.29e+17,6.9e+16,-3.44e+17,7.1e+16,GCMT,,slab_deep,72.5398330688,slab_deep,2013-07-10T14:32:16,,,-1
125826,2013-07-10T18:19:42,-68.618,-21.703,122.9,5.1,mw,,,,,,,,,,,,,,,,,USGS,,slab_deep,91.430480957,slab_deep,2013-07-10T18:19:42,,,-1
125828,2013-07-10T18:19:43,-68.555,-21.693,114.294,4.5,mw,,,,,,,,,,,,,,,,,CSN-improved,,slab_deep,92.8316421509,slab_deep,2013-07-10T18:19:43,,,-1
125831,2013-07-10T22:39:09,-67.362,-23.852,205.5991,4.0,mw,,,,,,,,,,,,,,,,,CSN-improved,,slab_deep,126.853874207,slab_deep,2013-07-10T22:39:09,,,-1
125849,2013-07-11T12:35:00,-69.631,-23.445,82.9,4.7,mw,,,,,,,,,,,,,,,,,USGS,,slab_deep,58.0652389526,slab_deep,2013-07-11T12:35:00,,,-1
125853,2013-07-11T12:35:01,-69.655,-23.409,82.0,4.2,mw,,,4.7,,,,,,,,,,,,,,CSN-improved,,slab_deep,57.9294662476,slab_deep,2013-07-11T12:35:01,,,-1
125848,2013-07-11T13:38:31,-66.798,-23.892,204.0,4.8,mw,,,6.3,,,,,,,,,,,,,,USGS,,slab_deep,160.827362061,slab_deep,2013-07-11T13:38:31,,,-1
125850,2013-07-11T13:38:33,-67.321,-23.664,241.0,4.7,mw,,,8.8,,,,,,,,,,,,,,CSN-improved,,slab_deep,130.957458496,slab_deep,2013-07-11T13:38:33,,,-1
125852,2013-07-11T20:05:26,-68.863,-24.117,112.0,4.2,mw,,,,,,,,,,,,,,,,,ISC,,slab_deep,80.6036453247,slab_deep,2013-07-11T20:05:26,,,-1
125886,2013-07-12T05:53:23,-67.136,-19.427,213.6,4.8,mw,,,8.5,,,,,,,,,,,,,,USGS,,slab_deep,203.569061279,slab_deep,2013-07-12T05:53:23,,,-1
125891,2013-07-12T14:04:07,-69.842,-21.305,56.9431,4.0,mw,,,,,,,,,,,,,,,,,CSN-improved,,slab_deep,50.6049194336,slab_deep,2013-07-12T14:04:07,,,-1
125888,2013-07-12T15:27:59,-68.863,-20.438,109.2249,4.8,mw,,,,,,,,,,,,,,,,,CSN-improved,,slab_deep,91.2977523804,slab_deep,2013-07-12T15:27:59,,,-1
125885,2013-07-12T20:32:37,-70.791,-16.8,109.2,5.4,mw,,,6.2,,,,,,,,,,,,,,USGS,,slab_deep,109.336700439,slab_deep,2013-07-12T20:32:37,,,-1
125887,2013-07-12T20:32:39,-70.694,-16.982,126.0,4.8,mw,,,,,,,,,,,,,,,,,ISC,,slab_deep,102.886817932,slab_deep,2013-07-12T20:32:39,,,-1
125889,2013-07-12T20:32:41,-70.686,-17.025,110.0,4.5,mw,,,72.1,,,,,,,,,,,,,,CSN-improved,,slab_deep,102.886817932,slab_deep,2013-07-12T20:32:41,,,-1
125913,2013-07-13T06:08:33,-69.605,-18.447,140.4,5.0,mw,,,6.9,,,,,,,,,,,,,,USGS,,slab_deep,92.9473495483,slab_deep,2013-07-13T06:08:33,,,-1
125917,2013-07-13T06:08:35,-69.397,-18.441,116.7153,4.2,mw,,,,,,,,,,,,,,,,,CSN-improved,,slab_deep,100.066680908,slab_deep,2013-07-13T06:08:35,,,-1
125914,2013-07-13T12:39:29,-67.658,-27.684,143.6534,4.7,mw,,,,,,,,,,,,,,,,,CSN-improved,,slab_deep,106.447769165,slab_deep,2013-07-13T12:39:29,,,-1
125918,2013-07-13T13:55:49,-69.361,-19.543,95.9416,4.2,mw,,,,,,,,,,,,,,,,,CSN-improved,,slab_deep,83.6061401367,slab_deep,2013-07-13T13:55:49,,,-1
125977,2013-07-15T01:35:41,-69.345,-19.184,113.7,4.1,mw,,,2.6,,,,,,,,,,,,,,CSN-improved,,slab_deep,88.6400527954,slab_deep,2013-07-15T01:35:41,,,-1
125976,2013-07-15T23:19:29,-67.258,-23.842,210.9,4.3,mw,,,13.5,,,,,,,,,,,,,,CSN-improved,,slab_deep,132.48260498,slab_deep,2013-07-15T23:19:29,,,-1
126011,2013-07-16T06:05:30,-67.396,-21.083,197.2962,4.2,mw,,,,,,,,,,,,,,,,,CSN-improved,,slab_deep,151.80569458,slab_deep,2013-07-16T06:05:30,,,-1
126006,2013-07-16T13:31:42,-69.463,-29.478,97.5,4.8,mw,,,10.9,,,,,,,,,,,,,,USGS,,slab_deep,88.3288574219,slab_deep,2013-07-16T13:31:42,,,-1
126008,2013-07-16T13:31:43,-69.855,-29.451,112.4,4.5,mw,,,4.9,,,,,,,,,,,,,,CSN-improved,,slab_deep,85.5123138428,slab_deep,2013-07-16T13:31:43,,,-1
126010,2013-07-16T13:31:43,-69.815,-29.423,117.0,4.2,mw,,,,,,,,,,,,,,,,,ISC,,slab_deep,85.753616333,slab_deep,2013-07-16T13:31:43,,,-1
126045,2013-07-17T07:02:11,-67.628,-24.001,215.6,4.1,mw,,,6.9,,,,,,,,,,,,,,CSN-improved,,slab_deep,111.49395752,slab_deep,2013-07-17T07:02:11,,,-1
126044,2013-07-17T23:27:53,-67.431,-24.033,213.6598,4.2,mw,,,,,,,,,,,,,,,,,CSN-improved,,slab_deep,120.749938965,slab_deep,2013-07-17T23:27:53,,,-1
126110,2013-07-19T15:19:05,-68.677,-22.21,110.8047,4.1,mw,,,,,,,,,,,,,,,,,CSN-improved,,slab_deep,86.5230255127,slab_deep,2013-07-19T15:19:05,,,-1
126140,2013-07-20T09:16:36,-68.959,-19.967,118.1,4.5,mw,,,,,,,,,,,,,,,,,USGS,,slab_deep,92.7741165161,slab_deep,2013-07-20T09:16:36,,,-1
126142,2013-07-20T09:16:36,-68.942,-19.962,117.4516,4.1,mw,,,,,,,,,,,,,,,,,CSN-improved,,slab_deep,92.7741165161,slab_deep,2013-07-20T09:16:36,,,-1
126175,2013-07-21T04:26:55,-67.082,-23.234,229.5534,4.3,mw,,,,,,,,,,,,,,,,,CSN-improved,,slab_deep,146.92237854,slab_deep,2013-07-21T04:26:55,,,-1
126178,2013-07-21T12:07:30,-67.227,-24.173,182.0,4.1,mw,,,,,,,,,,,,,,,,,ISC,,slab_deep,130.964569092,slab_deep,2013-07-21T12:07:30,,,-1
126172,2013-07-21T12:07:32,-67.677,-24.114,203.8,5.0,mw,,,,,,,,,,,,,,,,,USGS,,slab_deep,109.18183136,slab_deep,2013-07-21T12:07:32,,,-1
126177,2013-07-21T12:07:33,-67.581,-24.08,208.7849,4.2,mw,,,,,,,,,,,,,,,,,CSN-improved,,slab_deep,113.486663818,slab_deep,2013-07-21T12:07:33,,,-1
126179,2013-07-21T12:36:30,-69.612,-18.262,124.189,4.0,mw,,,,,,,,,,,,,,,,,CSN-improved,,slab_deep,97.0031433105,slab_deep,2013-07-21T12:36:30,,,-1
126174,2013-07-21T14:51:23,-69.146,-20.466,100.2052,4.5,mw,,,,,,,,,,,,,,,,,CSN-improved,,slab_deep,81.8283233643,slab_deep,2013-07-21T14:51:23,,,-1
126173,2013-07-21T20:20:06,-67.872,-23.888,148.4,4.7,mw,,,6.8,,,,,,,,,,,,,,USGS,,slab_deep,103.7003479,slab_deep,2013-07-21T20:20:06,,,-1
126176,2013-07-21T20:20:08,-68.214,-23.797,164.2,4.3,mw,,,7.0,,,,,,,,,,,,,,CSN-improved,,slab_deep,93.2107315063,slab_deep,2013-07-21T20:20:08,,,-1
126213,2013-07-22T05:05:46,-72.33,-16.898,49.0,4.0,mw,,,,,,,,,,,,,,,,,ISC,,slab_deep,53.1926612854,slab_deep,2013-07-22T05:05:46,,,-1
126240,2013-07-23T05:11:20,-69.302,-19.745,96.6,4.9,mw,,,,,,,,,,,,,,,,,USGS,,slab_deep,82.9368591309,slab_deep,2013-07-23T05:11:20,,,-1
126247,2013-07-23T05:11:20,-69.283,-19.729,96.4191,4.2,mw,,,,,,,,,,,,,,,,,CSN-improved,,slab_deep,82.9368591309,slab_deep,2013-07-23T05:11:20,,,-1
126244,2013-07-23T07:10:46,-67.951,-24.516,163.9,4.7,mw,,,16.3,,,,,,,,,,,,,,USGS,,slab_deep,100.005821228,slab_deep,2013-07-23T07:10:46,,,-1
126248,2013-07-23T10:12:12,-69.271,-19.73,96.6176,4.0,mw,,,,,,,,,,,,,,,,,CSN-improved,,slab_deep,84.6933670044,slab_deep,2013-07-23T10:12:12,,,-1
126249,2013-07-23T16:44:45,-66.994,-23.493,238.5587,4.0,mw,,,,,,,,,,,,,,,,,CSN-improved,,slab_deep,150.866989136,slab_deep,2013-07-23T16:44:45,,,-1
126277,2013-07-24T02:09:25,-68.023,-21.347,194.6,4.7,mw,,,6.5,,,,,,,,,,,,,,USGS,,slab_deep,115.566856384,slab_deep,2013-07-24T02:09:25,,,-1
126312,2013-07-25T07:26:15,-68.822,-20.394,108.1775,4.0,mw,,,,,,,,,,,,,,,,,CSN-improved,,slab_deep,93.3017425537,slab_deep,2013-07-25T07:26:15,,,-1
126313,2013-07-25T14:39:39,-69.426,-24.891,88.329,4.0,mw,,,,,,,,,,,,,,,,,CSN-improved,,slab_deep,70.948677063,slab_deep,2013-07-25T14:39:39,,,-1
126350,2013-07-26T02:39:00,-69.115,-23.004,102.8588,4.0,mw,,,,,,,,,,,,,,,,,CSN-improved,,slab_deep,74.4620437622,slab_deep,2013-07-26T02:39:00,,,-1
126388,2013-07-27T00:27:00,-71.821,-35.839,83.7,4.0,mw,,,4.8,,,,,,,,,,,,,,CSN-improved,,slab_deep,67.2261962891,slab_deep,2013-07-27T00:27:00,,,-1
126387,2013-07-27T08:49:38,-69.653,-17.606,144.0,4.0,mw,,,,,,,,,,,,,,,,,ISC,,slab_deep,111.397689819,slab_deep,2013-07-27T08:49:38,,,-1
126418,2013-07-28T17:29:22,-68.579,-23.026,142.6,4.7,mw,,,,,,,,,,,,,,,,,USGS,,slab_deep,85.800567627,slab_deep,2013-07-28T17:29:22,,,-1
126421,2013-07-28T17:29:22,-68.387,-23.071,131.6091,4.3,mw,,,,,,,,,,,,,,,,,CSN-improved,,slab_deep,90.4322967529,slab_deep,2013-07-28T17:29:22,,,-1
126425,2013-07-28T19:52:04,-68.738,-23.174,94.7704,4.1,mw,,,,,,,,,,,,,,,,,CSN-improved,,slab_deep,82.3247833252,slab_deep,2013-07-28T19:52:04,,,-1
126426,2013-07-28T21:23:53,-67.846,-22.106,225.9,4.0,mw,,,8.9,,,,,,,,,,,,,,CSN-improved,,slab_deep,116.589736938,slab_deep,2013-07-28T21:23:53,,,-1
126448,2013-07-29T20:56:16,-67.389,-24.083,218.9182,4.2,mw,,,,,,,,,,,,,,,,,CSN-improved,,slab_deep,123.128417969,slab_deep,2013-07-29T20:56:16,,,-1
126449,2013-07-29T23:00:34,-69.086,-20.383,97.1579,4.2,mw,,,,,,,,,,,,,,,,,CSN-improved,,slab_deep,83.7886810303,slab_deep,2013-07-29T23:00:34,,,-1
126481,2013-07-30T11:31:36,-67.026,-23.37,198.3402,4.2,mw,,,,,,,,,,,,,,,,,CSN-improved,,slab_deep,149.096817017,slab_deep,2013-07-30T11:31:36,,,-1
126515,2013-07-31T05:22:38,-67.035,-23.168,232.0585,4.2,mw,,,,,,,,,,,,,,,,,CSN-improved,,slab_deep,151.212432861,slab_deep,2013-07-31T05:22:38,,,-1
126514,2013-07-31T05:35:57,-67.701,-20.595,172.2,4.6,mw,,,9.9,,,,,,,,,,,,,,USGS,,slab_deep,141.966720581,slab_deep,2013-07-31T05:35:57,,,-1
126516,2013-07-31T05:35:58,-67.76,-20.535,168.6606,4.2,mw,,,,,,,,,,,,,,,,,CSN-improved,,slab_deep,139.874969482,slab_deep,2013-07-31T05:35:58,,,-1
126584,2013-08-02T03:21:03,-69.792,-17.855,142.0,4.6,mw,,,4.1,,,,,,,,,,,,,,CSN-improved,,slab_deep,99.484954834,slab_deep,2013-08-02T03:21:03,,,-1
126591,2013-08-02T04:44:04,-68.759,-23.252,93.5364,4.1,mw,,,,,,,,,,,,,,,,,CSN-improved,,slab_deep,82.1534805298,slab_deep,2013-08-02T04:44:04,,,-1
126592,2013-08-02T05:11:30,-67.44,-22.006,198.7297,4.0,mw,,,,,,,,,,,,,,,,,CSN-improved,,slab_deep,138.520797729,slab_deep,2013-08-02T05:11:30,,,-1
126583,2013-08-02T06:35:54,-67.261,-21.338,191.33,4.7,mw,,,6.7,0.082,,,,,,,,,,,,,USGS,,slab_deep,157.369750977,slab_deep,2013-08-02T06:35:54,,,-1
126590,2013-08-02T06:35:55,-67.613,-21.292,219.2,4.3,mw,,,7.8,,,,,,,,,,,,,,CSN-improved,,slab_deep,137.165054321,slab_deep,2013-08-02T06:35:55,,,-1
126580,2013-08-02T06:47:03,-67.168,-20.586,185.05,5.2,mw,,,5.6,0.037,,,,,,,,,,,,,USGS,,slab_deep,176.645828247,slab_deep,2013-08-02T06:47:03,,,-1
126582,2013-08-02T06:47:04,-67.31,-20.586,193.0,4.8,mw,,,,,,,,,,,,,,,,,ISC,,slab_deep,167.182235718,slab_deep,2013-08-02T06:47:04,,,-1
126587,2013-08-02T06:47:05,-67.796,-20.581,226.1,4.5,mw,,,5.7,,,,,,,,,,,,,,CSN-improved,,slab_deep,135.942611694,slab_deep,2013-08-02T06:47:05,,,-1
126593,2013-08-02T14:48:45,-67.086,-23.434,220.5472,4.0,mw,,,,,,,,,,,,,,,,,CSN-improved,,slab_deep,144.86882019,slab_deep,2013-08-02T14:48:45,,,-1
126620,2013-08-03T21:59:08,-67.501,-22.086,204.6337,4.1,mw,,,,,,,,,,,,,,,,,CSN-improved,,slab_deep,134.805404663,slab_deep,2013-08-03T21:59:08,,,-1
126691,2013-08-05T06:42:58,-67.289,-23.895,201.6,4.3,mw,,,10.9,,,,,,,,,,,,,,CSN-improved,,slab_deep,129.35333252,slab_deep,2013-08-05T06:42:58,,,-1
126683,2013-08-05T07:29:39,-69.348,-19.672,96.2,5.0,mw,,,3.7,0.091,,,,,,,,,,,,,USGS,,slab_deep,82.3416137695,slab_deep,2013-08-05T07:29:39,,,-1
126688,2013-08-05T07:29:40,-69.345,-19.681,94.5433,4.4,mw,,,,,,,,,,,,,,,,,CSN-improved,,slab_deep,81.7404022217,slab_deep,2013-08-05T07:29:40,,,-1
126727,2013-08-06T00:08:32,-67.275,-24.181,183.5364,4.2,mw,,,,,,,,,,,,,,,,,CSN-improved,,slab_deep,130.753890991,slab_deep,2013-08-06T00:08:32,,,-1
126725,2013-08-06T09:07:29,-68.601,-28.91,109.0,4.7,mw,,,,,,,,,,,,,,,,,ISC,,slab_deep,88.1880950928,slab_deep,2013-08-06T09:07:29,,,-1
126724,2013-08-06T09:07:30,-68.52,-28.954,107.77,4.9,mw,,,4.9,0.048,,,,,,,,,,,,,USGS,,slab_deep,88.6294784546,slab_deep,2013-08-06T09:07:30,,,-1
126728,2013-08-06T13:21:39,-69.925,-19.883,52.3,4.2,mw,,,3.9,,,,,,,,,,,,,,CSN-improved,,slab_deep,55.7269821167,slab_deep,2013-08-06T13:21:39,,,-1
126726,2013-08-06T23:10:52,-67.637,-24.03,220.6602,4.3,mw,,,,,,,,,,,,,,,,,CSN-improved,,slab_deep,111.384307861,slab_deep,2013-08-06T23:10:52,,,-1
126758,2013-08-07T06:26:29,-68.615,-23.9,90.2817,4.0,mw,,,,,,,,,,,,,,,,,CSN-improved,,slab_deep,84.8428878784,slab_deep,2013-08-07T06:26:29,,,-1
126748,2013-08-07T07:18:39,-68.642,-22.342,125.1,4.9,mw,,,6.0,0.205,,,,,,,,,,,,,USGS,,slab_deep,87.1852416992,slab_deep,2013-08-07T07:18:39,,,-1
126755,2013-08-07T07:18:39,-68.554,-22.389,122.5102,4.2,mw,,,,,,,,,,,,,,,,,CSN-improved,,slab_deep,89.5329437256,slab_deep,2013-08-07T07:18:39,,,-1
126753,2013-08-07T08:19:57,-69.181,-19.653,107.6,4.4,mw,,,3.1,,,,,,,,,,,,,,CSN-improved,,slab_deep,87.6442337036,slab_deep,2013-08-07T08:19:57,,,-1
126754,2013-08-07T17:23:56,-69.601,-19.369,86.1,4.3,mw,,,3.1,,,,,,,,,,,,,,CSN-improved,,slab_deep,77.1653289795,slab_deep,2013-08-07T17:23:56,,,-1
126749,2013-08-07T23:15:47,-66.785,-23.985,199.43,4.9,mw,,,3.7,0.073,,,,,,,,,,,,,USGS,,slab_deep,159.976547241,slab_deep,2013-08-07T23:15:47,,,-1
126752,2013-08-07T23:15:48,-66.91,-23.997,205.0,4.6,mw,,,,,,,,,,,,,,,,,ISC,,slab_deep,153.216339111,slab_deep,2013-08-07T23:15:48,,,-1
126750,2013-08-07T23:15:50,-67.025,-23.933,203.1709,4.8,mw,,,,,,,,,,,,,,,,,CSN-improved,,slab_deep,143.899795532,slab_deep,2013-08-07T23:15:50,,,-1
126781,2013-08-08T15:21:46,-71.019,-17.685,52.0,4.8,mw,,,,,,,,,,,,,,,,,ISC,,slab_deep,65.2121353149,slab_deep,2013-08-08T15:21:46,,,-1
126799,2013-08-09T15:35:11,-66.373,-21.49,217.07,4.5,mw,,,7.2,0.198,,,,,,,,,,,,,USGS,,slab_deep,212.495132446,slab_deep,2013-08-09T15:35:11,,,-1
126798,2013-08-09T15:35:13,-67.037,-21.419,252.0,4.8,mw,,,6.6,,,,,,,,,,,,,,CSN-improved,,slab_deep,169.030731201,slab_deep,2013-08-09T15:35:13,,,-1
126821,2013-08-10T14:45:16,-69.993,-19.156,61.7878,4.4,mw,,,,,,,,,,,,,,,,,CSN-improved,,slab_deep,64.4813766479,slab_deep,2013-08-10T14:45:16,,,-1
126822,2013-08-10T14:45:16,-70.016,-19.151,61.0,4.2,mw,,,,,,,,,,,,,,,,,ISC,,slab_deep,64.4813766479,slab_deep,2013-08-10T14:45:16,,,-1
126837,2013-08-11T15:28:43,-68.97,-23.032,99.9533,4.9,mw,,,,,,,,,,,,,,,,,CSN-improved,,slab_deep,78.0723876953,slab_deep,2013-08-11T15:28:43,,,-1
126857,2013-08-12T00:04:26,-67.622,-21.452,189.5573,4.2,mw,,,,,,,,,,,,,,,,,CSN-improved,,slab_deep,135.450164795,slab_deep,2013-08-12T00:04:26,,,-1
126882,2013-08-13T09:53:30,-68.755,-27.995,87.34,4.8,mw,,,5.4,0.07,,,,,,,,,,,,,USGS,,slab_deep,89.2212905884,slab_deep,2013-08-13T09:53:30,,,-1
126885,2013-08-13T09:53:31,-69.228,-27.981,129.3,4.4,mw,,,11.3,,,,,,,,,,,,,,CSN-improved,,slab_deep,86.8483657837,slab_deep,2013-08-13T09:53:31,,,-1
126886,2013-08-13T09:53:34,-67.481,-21.467,262.2,4.0,mw,,,8.2,,,,,,,,,,,,,,CSN-improved,,slab_deep,141.170791626,slab_deep,2013-08-13T09:53:34,,,-1
126899,2013-08-14T14:04:58,-67.326,-21.879,180.16,5.0,mw,,,8.0,0.387,,,,,,,,,,,,,USGS,,slab_deep,145.196777344,slab_deep,2013-08-14T14:04:58,,,-1
126901,2013-08-14T14:04:58,-67.423,-21.875,188.0,4.1,mw,,,,,,,,,,,,,,,,,ISC,,slab_deep,142.303024292,slab_deep,2013-08-14T14:04:58,,,-1
126900,2013-08-14T14:04:59,-67.621,-21.833,198.1133,4.4,mw,,,,,,,,,,,,,,,,,CSN-improved,,slab_deep,131.547973633,slab_deep,2013-08-14T14:04:59,,,-1
126902,2013-08-14T16:38:53,-70.949,-16.089,150.0,4.0,mw,,,,,,,,,,,,,,,,,ISC,,slab_deep,136.780410767,slab_deep,2013-08-14T16:38:53,,,-1
126964,2013-08-16T00:56:56,-69.029,-22.527,85.5494,4.0,mw,,,,,,,,,,,,,,,,,CSN-improved,,slab_deep,76.5048599243,slab_deep,2013-08-16T00:56:56,,,-1
126959,2013-08-16T05:22:52,-69.403,-19.2,104.8,5.0,mw,,,4.2,0.182,,,,,,,,,,,,,USGS,,slab_deep,86.8392562866,slab_deep,2013-08-16T05:22:52,,,-1
126963,2013-08-16T05:22:53,-69.373,-19.197,99.9965,4.2,mw,,,,,,,,,,,,,,,,,CSN-improved,,slab_deep,88.6400527954,slab_deep,2013-08-16T05:22:53,,,-1
126996,2013-08-17T06:43:28,-68.669,-24.648,117.4,4.2,mw,,,7.7,,,,,,,,,,,,,,CSN-improved,,slab_deep,85.3453216553,slab_deep,2013-08-17T06:43:28,,,-1
126992,2013-08-17T18:11:14,-68.745,-21.197,126.1,4.8,mw,,,5.2,0.203,,,,,,,,,,,,,USGS,,slab_deep,89.8126220703,slab_deep,2013-08-17T18:11:14,,,-1
126994,2013-08-17T18:11:15,-68.689,-21.197,123.2932,4.5,mw,,,,,,,,,,,,,,,,,CSN-improved,,slab_deep,91.2115936279,slab_deep,2013-08-17T18:11:15,,,-1
126993,2013-08-17T20:03:13,-66.3,-22.987,243.0,4.7,mw,,,,,,,,,,,,,,,,,ISC,,slab_deep,206.897293091,slab_deep,2013-08-17T20:03:13,,,-1
126991,2013-08-17T20:03:14,-66.863,-22.901,279.2,5.4,mw,,,8.1,,,,,,,,,,,,,,CSN-improved,,slab_deep,167.119247437,slab_deep,2013-08-17T20:03:14,,,-1
126997,2013-08-17T23:59:53,-67.361,-24.187,217.2346,4.2,mw,,,,,,,,,,,,,,,,,CSN-improved,,slab_deep,125.390724182,slab_deep,2013-08-17T23:59:53,,,-1
127019,2013-08-18T22:46:23,-67.49,-22.298,190.0,4.8,mw,,,,,,,,,,,,,,,,,ISC,,slab_deep,132.975204468,slab_deep,2013-08-18T22:46:23,,,-1
127054,2013-08-19T09:46:36,-70.913,-33.471,73.0484,4.2,mw,,,,,,,,,,,,,,,,,CSN-improved,,slab_deep,65.887260437,slab_deep,2013-08-19T09:46:36,,,-1
127050,2013-08-19T16:33:35,-66.84,-24.183,188.46,4.8,mw,,,3.7,0.073,,,,,,,,,,,,,USGS,,slab_deep,154.96987915,slab_deep,2013-08-19T16:33:35,,,-1
127048,2013-08-19T16:33:36,-67.56,-24.111,242.1,5.5,mw,,,13.2,,,,,,,,,,,,,,CSN-improved,,slab_deep,115.771911621,slab_deep,2013-08-19T16:33:36,,,-1
127049,2013-08-19T19:39:50,-68.85,-21.53,139.3,5.4,mw,0.01,0.01,0.8,,238.0,25.0,-33.0,358.0,77.0,-111.0,-6.34e+16,3800000000000000.0,5.96e+16,1.99e+16,-1.25e+17,4.97e+16,GCMT,,slab_deep,85.450668335,slab_deep,2013-08-19T19:39:50,,,-1
127068,2013-08-20T04:56:42,-69.6,-29.061,115.0,4.9,mw,,,6.6,0.163,,,,,,,,,,,,,USGS,,slab_deep,85.8593139648,slab_deep,2013-08-20T04:56:42,,,-1
127069,2013-08-20T04:56:42,-69.626,-29.026,108.6,4.1,mw,,,6.4,,,,,,,,,,,,,,CSN-improved,,slab_deep,85.5351715088,slab_deep,2013-08-20T04:56:42,,,-1
127098,2013-08-21T02:43:30,-72.331,-16.104,103.0,4.2,mw,,,,,,,,,,,,,,,,,ISC,,slab_deep,83.1484909058,slab_deep,2013-08-21T02:43:30,,,-1
127096,2013-08-21T02:43:31,-72.402,-16.219,139.65,4.8,mw,,,7.7,0.378,,,,,,,,,,,,,USGS,,slab_deep,78.8214645386,slab_deep,2013-08-21T02:43:31,,,-1
127145,2013-08-23T08:34:09,-68.9,-22.33,119.9,5.8,mw,0.01,0.01,0.7,,224.0,28.0,-44.0,355.0,71.0,-110.0,-3.5e+17,-1.3e+16,3.63e+17,1.03e+17,-4.1500000000000006e+17,1.07e+17,GCMT,,slab_deep,80.9378433228,slab_deep,2013-08-23T08:34:09,,,-1
127195,2013-08-25T11:57:04,-67.536,-23.97,235.9,4.2,mw,,,11.2,,,,,,,,,,,,,,CSN-improved,,slab_deep,116.187324524,slab_deep,2013-08-25T11:57:04,,,-1
127196,2013-08-25T18:47:15,-67.437,-23.87,250.9,4.2,mw,,,11.2,,,,,,,,,,,,,,CSN-improved,,slab_deep,121.538215637,slab_deep,2013-08-25T18:47:15,,,-1
127197,2013-08-25T19:40:14,-68.735,-21.974,116.1432,4.1,mw,,,,,,,,,,,,,,,,,CSN-improved,,slab_deep,86.2829055786,slab_deep,2013-08-25T19:40:14,,,-1
127219,2013-08-26T12:34:00,-67.503,-24.138,189.8699,4.1,mw,,,,,,,,,,,,,,,,,CSN-improved,,slab_deep,118.016563416,slab_deep,2013-08-26T12:34:00,,,-1
127246,2013-08-27T18:54:27,-66.901,-22.988,309.9,4.4,mw,,,12.6,,,,,,,,,,,,,,CSN-improved,,slab_deep,162.729873657,slab_deep,2013-08-27T18:54:27,,,-1
127268,2013-08-28T05:36:25,-67.073,-23.344,223.9123,4.2,mw,,,,,,,,,,,,,,,,,CSN-improved,,slab_deep,149.096817017,slab_deep,2013-08-28T05:36:25,,,-1
127266,2013-08-28T05:46:49,-66.217,-22.671,234.7664,4.6,mw,,,,,,,,,,,,,,,,,CSN-improved,,slab_deep,217.470901489,slab_deep,2013-08-28T05:46:49,,,-1
127263,2013-08-28T17:56:29,-68.957,-20.747,111.39,5.1,mw,,,5.6,0.55,,,,,,,,,,,,,USGS,,slab_deep,86.3153305054,slab_deep,2013-08-28T17:56:29,,,-1
127270,2013-08-28T17:56:29,-68.958,-20.731,113.0,4.1,mw,,,,,,,,,,,,,,,,,ISC,,slab_deep,86.3153305054,slab_deep,2013-08-28T17:56:29,,,-1
127264,2013-08-28T18:30:34,-67.399,-22.205,194.86,5.0,mw,,,8.3,0.132,,,,,,,,,,,,,USGS,,slab_deep,139.53326416,slab_deep,2013-08-28T18:30:34,,,-1
127265,2013-08-28T18:30:35,-67.589,-22.132,194.7708,4.7,mw,,,,,,,,,,,,,,,,,CSN-improved,,slab_deep,128.886688232,slab_deep,2013-08-28T18:30:35,,,-1
127271,2013-08-28T20:37:27,-69.776,-17.862,139.1,4.1,mw,,,2.9,,,,,,,,,,,,,,CSN-improved,,slab_deep,99.484954834,slab_deep,2013-08-28T20:37:27,,,-1
127269,2013-08-28T21:01:48,-67.282,-24.113,215.2886,4.2,mw,,,,,,,,,,,,,,,,,CSN-improved,,slab_deep,128.424407959,slab_deep,2013-08-28T21:01:48,,,-1
127291,2013-08-29T19:30:23,-68.526,-23.156,144.3,4.7,mw,,,5.7,0.266,,,,,,,,,,,,,USGS,,slab_deep,86.6016159058,slab_deep,2013-08-29T19:30:23,,,-1
127292,2013-08-29T19:30:23,-68.337,-23.211,132.16,4.4,mw,,,,,,,,,,,,,,,,,CSN-improved,,slab_deep,91.0561447144,slab_deep,2013-08-29T19:30:23,,,-1
127314,2013-08-30T10:48:13,-70.575,-34.529,96.903,5.1,mw,,,,,338.0,45.0,-18.0,81.0,77.0,-133.0,-8050000000000000.0,1.02e+16,-2120000000000000.0,-2.15e+16,-1.92e+16,-1.91e+16,CSN-improved,,slab_deep,94.8344955444,slab_deep,2013-08-30T10:48:13,,,-1
127315,2013-08-30T10:48:17,-70.74,-34.57,112.1,5.0,mw,0.03,0.01,3.1,,338.0,45.0,-18.0,81.0,77.0,-133.0,-8050000000000000.0,1.02e+16,-2120000000000000.0,-2.15e+16,-1.92e+16,-1.91e+16,GCMT,,slab_deep,86.6404190063,slab_deep,2013-08-30T10:48:17,,,-1
127334,2013-08-31T01:25:55,-69.398,-17.776,160.0,4.0,mw,,,,,,,,,,,,,,,,,ISC,,slab_deep,114.77154541,slab_deep,2013-08-31T01:25:55,,,-1
127332,2013-08-31T02:32:16,-69.573,-31.545,132.5467,4.8,mw,,,,,,,,,,,,,,,,,CSN-improved,,slab_deep,101.327041626,slab_deep,2013-08-31T02:32:16,,,-1
127333,2013-08-31T04:55:14,-68.32,-19.07,235.5,4.3,mw,,,5.1,,,,,,,,,,,,,,CSN-improved,,slab_deep,140.701980591,slab_deep,2013-08-31T04:55:14,,,-1
127335,2013-08-31T11:36:51,-68.667,-21.915,119.0446,4.0,mw,,,,,,,,,,,,,,,,,CSN-improved,,slab_deep,89.1192016602,slab_deep,2013-08-31T11:36:51,,,-1
127362,2013-09-01T05:57:32,-67.301,-23.718,239.8,4.0,mw,,,6.2,,,,,,,,,,,,,,CSN-improved,,slab_deep,130.591629028,slab_deep,2013-09-01T05:57:32,,,-1
127388,2013-09-02T02:31:00,-67.286,-28.729,134.0,4.1,mw,,,,,,,,,,,,,,,,,ISC,,slab_deep,105.316596985,slab_deep,2013-09-02T02:31:00,,,-1
127391,2013-09-02T08:30:09,-71.067,-32.885,66.8061,4.0,mw,,,,,,,,,,,,,,,,,CSN-improved,,slab_deep,57.6118392944,slab_deep,2013-09-02T08:30:09,,,-1
127390,2013-09-02T10:29:50,-67.276,-24.275,180.0,4.0,mw,,,,,,,,,,,,,,,,,ISC,,slab_deep,127.852737427,slab_deep,2013-09-02T10:29:50,,,-1
127385,2013-09-02T15:01:07,-69.25,-20.182,97.6,5.1,mw,,,4.1,0.054,,,,,,,,,,,,,USGS,,slab_deep,80.3117218018,slab_deep,2013-09-02T15:01:07,,,-1
127387,2013-09-02T15:01:08,-69.249,-20.2,95.5226,4.7,mw,,,,,,,,,,,,,,,,,CSN-improved,,slab_deep,80.3117218018,slab_deep,2013-09-02T15:01:08,,,-1
127393,2013-09-02T20:17:42,-68.969,-21.096,110.1487,4.0,mw,,,,,,,,,,,,,,,,,CSN-improved,,slab_deep,84.6606140137,slab_deep,2013-09-02T20:17:42,,,-1
127427,2013-09-03T16:10:54,-67.57,-23.926,214.5,4.7,mw,,,9.3,0.307,,,,,,,,,,,,,USGS,,slab_deep,116.187324524,slab_deep,2013-09-03T16:10:54,,,-1
127429,2013-09-03T16:10:54,-67.325,-24.095,192.9364,4.3,mw,,,,,,,,,,,,,,,,,CSN-improved,,slab_deep,128.424407959,slab_deep,2013-09-03T16:10:54,,,-1
127426,2013-09-03T17:48:10,-68.957,-19.303,124.69,5.0,mw,,,4.2,0.164,,,,,,,,,,,,,USGS,,slab_deep,102.006744385,slab_deep,2013-09-03T17:48:10,,,-1
127431,2013-09-03T17:48:11,-69.062,-19.289,123.7,4.0,mw,,,3.4,,,,,,,,,,,,,,CSN-improved,,slab_deep,98.0762176514,slab_deep,2013-09-03T17:48:11,,,-1
127458,2013-09-04T04:12:40,-69.817,-21.469,76.5185,4.5,mw,,,,,,,,,,,,,,,,,CSN-improved,,slab_deep,52.3223075867,slab_deep,2013-09-04T04:12:40,,,-1
127460,2013-09-04T04:45:41,-67.501,-22.056,195.945,4.2,mw,,,,,,,,,,,,,,,,,CSN-improved,,slab_deep,135.257507324,slab_deep,2013-09-04T04:45:41,,,-1
127461,2013-09-04T20:22:10,-67.297,-23.865,231.898,4.0,mw,,,,,,,,,,,,,,,,,CSN-improved,,slab_deep,129.630325317,slab_deep,2013-09-04T20:22:10,,,-1
127500,2013-09-05T07:22:41,-68.214,-21.522,114.0,4.2,mw,,,,,,,,,,,,,,,,,ISC,,slab_deep,105.721298218,slab_deep,2013-09-05T07:22:41,,,-1
127503,2013-09-05T07:22:42,-68.479,-21.581,120.6,4.0,mw,,,4.5,,,,,,,,,,,,,,CSN-improved,,slab_deep,94.8156204224,slab_deep,2013-09-05T07:22:42,,,-1
127498,2013-09-05T15:03:15,-68.885,-21.088,130.0,4.4,mw,,,,,,,,,,,,,,,,,ISC,,slab_deep,86.0908355713,slab_deep,2013-09-05T15:03:15,,,-1
127496,2013-09-05T15:03:16,-68.962,-21.029,124.4,5.0,mw,,,4.9,0.192,,,,,,,,,,,,,USGS,,slab_deep,84.8786697388,slab_deep,2013-09-05T15:03:16,,,-1
127501,2013-09-05T15:03:16,-68.821,-21.05,114.8858,4.2,mw,,,,,,,,,,,,,,,,,CSN-improved,,slab_deep,89.1543121338,slab_deep,2013-09-05T15:03:16,,,-1
127529,2013-09-06T00:09:02,-67.183,-24.181,187.0,4.7,mw,,,,,,,,,,,,,,,,,ISC,,slab_deep,133.541183472,slab_deep,2013-09-06T00:09:02,,,-1
127531,2013-09-06T00:09:04,-67.532,-24.029,204.4,4.0,mw,,,7.0,,,,,,,,,,,,,,CSN-improved,,slab_deep,115.894729614,slab_deep,2013-09-06T00:09:04,,,-1
127530,2013-09-06T08:59:04,-66.387,-22.007,281.9,4.1,mw,,,9.8,,,,,,,,,,,,,,CSN-improved,,slab_deep,205.321548462,slab_deep,2013-09-06T08:59:04,,,-1
127569,2013-09-07T19:13:31,-69.299,-19.617,100.1,5.2,mw,,,2.3,,,,,,,,,,,,,,CSN-improved,,slab_deep,84.7464294434,slab_deep,2013-09-07T19:13:31,,,-1
127570,2013-09-07T19:13:36,-69.28,-19.66,100.4,4.8,mw,0.04,0.02,6.7,,112.0,9.0,-110.0,311.0,82.0,-87.0,,,,,,,GCMT,,slab_deep,84.1224136353,slab_deep,2013-09-07T19:13:36,,,-1
127611,2013-09-08T08:11:31,-68.741,-21.656,111.1805,4.0,mw,,,,,,,,,,,,,,,,,CSN-improved,,slab_deep,87.6412658691,slab_deep,2013-09-08T08:11:31,,,-1
127608,2013-09-08T17:45:50,-66.795,-22.606,267.5,4.4,mw,,,8.4,,,,,,,,,,,,,,CSN-improved,,slab_deep,173.24621582,slab_deep,2013-09-08T17:45:50,,,-1
127607,2013-09-08T22:38:48,-66.149,-22.472,269.0,4.8,mw,,,8.0,0.239,,,,,,,,,,,,,USGS,,slab_deep,222.351455688,slab_deep,2013-09-08T22:38:48,,,-1
127609,2013-09-08T22:38:49,-66.21,-22.559,258.0,4.2,mw,,,,,,,,,,,,,,,,,ISC,,slab_deep,217.932800293,slab_deep,2013-09-08T22:38:49,,,-1
127606,2013-09-08T22:38:51,-66.502,-22.558,276.0079,4.9,mw,,,,,,,,,,,,,,,,,CSN-improved,,slab_deep,194.787796021,slab_deep,2013-09-08T22:38:51,,,-1
127664,2013-09-09T07:10:20,-67.366,-24.175,187.1746,4.0,mw,,,,,,,,,,,,,,,,,CSN-improved,,slab_deep,125.390724182,slab_deep,2013-09-09T07:10:20,,,-1
127666,2013-09-09T15:11:15,-71.071,-34.944,99.0183,4.0,mw,,,,,,,,,,,,,,,,,CSN-improved,,slab_deep,81.4092407227,slab_deep,2013-09-09T15:11:15,,,-1
127663,2013-09-09T17:34:24,-69.271,-19.61,97.5879,4.1,mw,,,,,,,,,,,,,,,,,CSN-improved,,slab_deep,86.5160064697,slab_deep,2013-09-09T17:34:24,,,-1
127661,2013-09-09T18:03:55,-70.639,-28.833,106.1,4.6,mw,,,4.0,,,,,,,,,,,,,,CSN-improved,,slab_deep,59.3014793396,slab_deep,2013-09-09T18:03:55,,,-1
127701,2013-09-10T00:58:52,-72.475,-37.181,49.4,4.6,mw,,,3.5,,,,,,,,,,,,,,CSN-improved,,slab_deep,58.2699012756,slab_deep,2013-09-10T00:58:52,,,-1
127704,2013-09-10T01:37:52,-69.365,-19.314,100.8,4.1,mw,,,2.5,,,,,,,,,,,,,,CSN-improved,,slab_deep,87.1123580933,slab_deep,2013-09-10T01:37:52,,,-1
127699,2013-09-10T04:31:28,-68.165,-23.105,172.8,4.9,mw,,,6.4,0.222,,,,,,,,,,,,,USGS,,slab_deep,97.0704879761,slab_deep,2013-09-10T04:31:28,,,-1
127705,2013-09-10T04:31:29,-67.916,-23.171,149.6846,4.1,mw,,,,,,,,,,,,,,,,,CSN-improved,,slab_deep,105.534835815,slab_deep,2013-09-10T04:31:29,,,-1
127733,2013-09-11T19:18:19,-67.185,-28.088,124.28,5.2,mw,,,7.9,0.111,,,,,,,,,,,,,USGS,,slab_deep,113.716804504,slab_deep,2013-09-11T19:18:19,,,-1
127734,2013-09-11T19:18:21,-67.405,-28.01,150.0,4.8,mw,,,,,,,,,,,,,,,,,ISC,,slab_deep,109.652252197,slab_deep,2013-09-11T19:18:21,,,-1
127753,2013-09-12T06:24:49,-69.086,-20.88,103.4105,4.0,mw,,,,,,,,,,,,,,,,,CSN-improved,,slab_deep,81.0049438477,slab_deep,2013-09-12T06:24:49,,,-1
127754,2013-09-12T10:31:24,-68.071,-20.412,166.0733,4.0,mw,,,,,,,,,,,,,,,,,CSN-improved,,slab_deep,125.259109497,slab_deep,2013-09-12T10:31:24,,,-1
127751,2013-09-12T22:51:23,-67.54,-28.36,128.92,4.6,mw,,,6.7,0.132,,,,,,,,,,,,,USGS,,slab_deep,103.913581848,slab_deep,2013-09-12T22:51:23,,,-1
127774,2013-09-13T10:56:08,-71.208,-32.307,69.4,4.7,mw,,,7.0,0.308,,,,,,,,,,,,,USGS,,slab_deep,51.1709022522,slab_deep,2013-09-13T10:56:08,,,-1
127778,2013-09-13T13:14:07,-66.947,-23.983,232.0,4.1,mw,,,,,,,,,,,,,,,,,ISC,,slab_deep,149.932632446,slab_deep,2013-09-13T13:14:07,,,-1
127775,2013-09-13T13:14:08,-67.208,-24.003,268.1,4.6,mw,,,9.1,0.159,,,,,,,,,,,,,USGS,,slab_deep,134.526611328,slab_deep,2013-09-13T13:14:08,,,-1
127777,2013-09-13T13:14:12,-67.218,-23.978,219.5019,4.3,mw,,,,,,,,,,,,,,,,,CSN-improved,,slab_deep,134.526611328,slab_deep,2013-09-13T13:14:12,,,-1
127804,2013-09-14T12:37:08,-67.398,-27.935,136.0,5.1,mw,,,4.9,0.062,,,,,,,,,,,,,USGS,,slab_deep,110.035964966,slab_deep,2013-09-14T12:37:08,,,-1
127806,2013-09-14T12:37:09,-67.354,-27.91,135.0,4.8,mw,,,,,,,,,,,,,,,,,ISC,,slab_deep,111.611999512,slab_deep,2013-09-14T12:37:09,,,-1
127808,2013-09-14T16:30:08,-69.33,-27.486,117.9,4.2,mw,,,7.1,,,,,,,,,,,,,,CSN-improved,,slab_deep,86.2463378906,slab_deep,2013-09-14T16:30:08,,,-1
127835,2013-09-15T06:04:35,-69.862,-33.169,114.6911,4.3,mw,,,,,,,,,,,,,,,,,CSN-improved,,slab_deep,98.8279495239,slab_deep,2013-09-15T06:04:35,,,-1
127865,2013-09-16T02:47:07,-68.909,-20.497,109.1942,4.0,mw,,,,,,,,,,,,,,,,,CSN-improved,,slab_deep,89.3679885864,slab_deep,2013-09-16T02:47:07,,,-1
127863,2013-09-16T09:01:21,-69.645,-24.445,82.4145,4.5,mw,,,,,,,,,,,,,,,,,CSN-improved,,slab_deep,62.4329605103,slab_deep,2013-09-16T09:01:21,,,-1
127866,2013-09-16T16:23:59,-68.576,-21.793,122.6164,4.0,mw,,,,,,,,,,,,,,,,,CSN-improved,,slab_deep,90.9383773804,slab_deep,2013-09-16T16:23:59,,,-1
127860,2013-09-16T23:12:38,-67.226,-24.536,138.34,5.0,mw,,,6.7,0.146,,,,,,,,,,,,,USGS,,slab_deep,129.28225708,slab_deep,2013-09-16T23:12:38,,,-1
127862,2013-09-16T23:12:39,-67.679,-24.459,191.3083,4.7,mw,,,,,,,,,,,,,,,,,CSN-improved,,slab_deep,108.796356201,slab_deep,2013-09-16T23:12:39,,,-1
127893,2013-09-17T07:12:04,-65.854,-22.314,251.0,4.8,mw,,,,,,,,,,,,,,,,,ISC,,slab_deep,247.486968994,slab_deep,2013-09-17T07:12:04,,,-1
127892,2013-09-17T07:12:07,-66.495,-22.283,303.4,5.7,mw,,,8.5,,,,,,,,,,,,,,CSN-improved,,slab_deep,196.378448486,slab_deep,2013-09-17T07:12:07,,,-1
127912,2013-09-18T22:43:40,-69.25,-23.68,78.0,4.4,mw,,,,,,,,,,,,,,,,,ISC,,slab_deep,70.9952316284,slab_deep,2013-09-18T22:43:40,,,-1
127951,2013-09-19T16:43:18,-69.628,-24.23,74.9037,4.0,mw,,,,,,,,,,,,,,,,,CSN-improved,,slab_deep,61.2988929749,slab_deep,2013-09-19T16:43:18,,,-1
127950,2013-09-19T17:27:29,-69.408,-31.354,136.9526,4.2,mw,,,,,,,,,,,,,,,,,CSN-improved,,slab_deep,100.27381897,slab_deep,2013-09-19T17:27:29,,,-1
127947,2013-09-19T20:17:52,-68.767,-22.36,103.0,4.9,mw,,,,,,,,,,,,,,,,,ISC,,slab_deep,84.6892623901,slab_deep,2013-09-19T20:17:52,,,-1
127948,2013-09-19T20:17:53,-68.852,-22.383,105.2846,4.6,mw,,,,,,,,,,,,,,,,,CSN-improved,,slab_deep,82.0357055664,slab_deep,2013-09-19T20:17:53,,,-1
127990,2013-09-20T00:10:10,-66.611,-22.68,298.6,4.3,mw,,,30.0,,,,,,,,,,,,,,CSN-improved,,slab_deep,186.41394043,slab_deep,2013-09-20T00:10:10,,,-1
127989,2013-09-20T10:00:50,-68.673,-21.157,138.0,4.3,mw,,,,,,,,,,,,,,,,,ISC,,slab_deep,92.9092178345,slab_deep,2013-09-20T10:00:50,,,-1
127987,2013-09-20T10:00:51,-68.559,-21.161,119.7,4.6,mw,,,3.3,0.2,,,,,,,,,,,,,USGS,,slab_deep,95.898109436,slab_deep,2013-09-20T10:00:51,,,-1
127993,2013-09-20T10:00:51,-68.59,-21.131,126.3874,4.0,mw,,,,,,,,,,,,,,,,,CSN-improved,,slab_deep,94.3806304932,slab_deep,2013-09-20T10:00:51,,,-1
128026,2013-09-21T07:11:16,-66.943,-22.888,265.5,4.2,mw,,,20.4,,,,,,,,,,,,,,CSN-improved,,slab_deep,160.40057373,slab_deep,2013-09-21T07:11:16,,,-1
128025,2013-09-21T07:16:05,-68.984,-18.662,136.2081,4.7,mw,,,,,,,,,,,,,,,,,CSN-improved,,slab_deep,111.835716248,slab_deep,2013-09-21T07:16:05,,,-1
128023,2013-09-21T07:16:12,-68.88,-18.77,167.1,4.9,mw,0.04,0.03,6.1,,241.0,65.0,-28.0,343.0,65.0,-152.0,,,,,,,GCMT,,slab_deep,114.264175415,slab_deep,2013-09-21T07:16:12,,,-1
128027,2013-09-21T07:34:00,-67.112,-23.773,237.4,4.2,mw,,,7.9,,,,,,,,,,,,,,CSN-improved,,slab_deep,142.216171265,slab_deep,2013-09-21T07:34:00,,,-1
128022,2013-09-21T18:38:51,-66.84,-24.057,187.3367,5.0,mw,,,,,,,,,,,,,,,,,CSN-improved,,slab_deep,156.162536621,slab_deep,2013-09-21T18:38:51,,,-1
128024,2013-09-21T18:38:52,-66.839,-24.148,186.2,4.8,mw,,,6.0,0.114,,,,,,,,,,,,,USGS,,slab_deep,155.366592407,slab_deep,2013-09-21T18:38:52,,,-1
128050,2013-09-22T18:26:41,-66.64,-22.989,256.7667,4.2,mw,,,,,,,,,,,,,,,,,CSN-improved,,slab_deep,180.212097168,slab_deep,2013-09-22T18:26:41,,,-1
128068,2013-09-23T02:54:13,-73.05,-16.14,65.0,4.9,mw,,,8.5,0.543,,,,,,,,,,,,,USGS,,slab_deep,62.6252555847,slab_deep,2013-09-23T02:54:13,,,-1
128093,2013-09-24T19:51:03,-69.024,-20.612,104.26,4.5,mw,,,4.8,0.37,,,,,,,,,,,,,USGS,,slab_deep,85.6432647705,slab_deep,2013-09-24T19:51:03,,,-1
128095,2013-09-24T19:51:04,-69.047,-20.566,97.1191,4.1,mw,,,,,,,,,,,,,,,,,CSN-improved,,slab_deep,84.3932113647,slab_deep,2013-09-24T19:51:04,,,-1
128117,2013-09-25T08:10:55,-68.833,-21.276,127.1,4.6,mw,,,5.9,0.306,,,,,,,,,,,,,USGS,,slab_deep,86.5856552124,slab_deep,2013-09-25T08:10:55,,,-1
128120,2013-09-25T08:10:56,-68.73,-21.275,117.6319,4.2,mw,,,,,,,,,,,,,,,,,CSN-improved,,slab_deep,89.565246582,slab_deep,2013-09-25T08:10:56,,,-1
128116,2013-09-25T13:14:46,-68.3,-22.57,149.4,5.3,mw,0.01,0.01,1.0,,142.0,20.0,-118.0,351.0,72.0,-80.0,-6.919999999999999e+16,6900000000000001.0,6.24e+16,9200000000000000.0,-9.54e+16,-2.99e+16,GCMT,,slab_deep,95.775177002,slab_deep,2013-09-25T13:14:46,,,-1
128119,2013-09-25T16:42:49,-67.362,-24.097,221.4753,4.3,mw,,,,,,,,,,,,,,,,,CSN-improved,,slab_deep,125.738815308,slab_deep,2013-09-25T16:42:49,,,-1
128118,2013-09-25T23:59:48,-67.54,-24.083,169.239,4.4,mw,,,,,,,,,,,,,,,,,CSN-improved,,slab_deep,115.771911621,slab_deep,2013-09-25T23:59:48,,,-1
128152,2013-09-26T18:42:46,-69.286,-20.595,89.4,4.2,mw,,,3.0,,,,,,,,,,,,,,CSN-improved,,slab_deep,75.8149719238,slab_deep,2013-09-26T18:42:46,,,-1
128158,2013-09-26T23:16:14,-67.082,-23.91,244.1,4.0,mw,,,9.6,,,,,,,,,,,,,,CSN-improved,,slab_deep,141.128234863,slab_deep,2013-09-26T23:16:14,,,-1
128184,2013-09-27T02:34:48,-67.416,-23.94,197.9124,4.0,mw,,,,,,,,,,,,,,,,,CSN-improved,,slab_deep,123.690032959,slab_deep,2013-09-27T02:34:48,,,-1
128183,2013-09-27T15:11:59,-66.521,-21.366,216.08,4.9,mw,,,7.2,0.121,,,,,,,,,,,,,USGS,,slab_deep,204.315032959,slab_deep,2013-09-27T15:11:59,,,-1
128182,2013-09-27T15:12:00,-67.126,-21.376,250.6,5.1,mw,,,10.2,,,,,,,,,,,,,,CSN-improved,,slab_deep,162.835174561,slab_deep,2013-09-27T15:12:00,,,-1
128220,2013-09-28T03:36:30,-68.571,-32.244,135.0,4.1,mw,,,,,,,,,,,,,,,,,ISC,,slab_deep,107.047935486,slab_deep,2013-09-28T03:36:30,,,-1
128213,2013-09-28T03:36:31,-68.633,-32.285,130.0,4.5,mw,,,8.8,0.301,,,,,,,,,,,,,USGS,,slab_deep,107.790481567,slab_deep,2013-09-28T03:36:31,,,-1
128212,2013-09-28T15:17:54,-66.363,-22.835,274.41,4.7,mw,,,13.5,0.217,,,,,,,,,,,,,USGS,,slab_deep,204.117172241,slab_deep,2013-09-28T15:17:54,,,-1
128217,2013-09-28T15:17:55,-66.746,-22.656,276.0,4.3,mw,,,17.7,,,,,,,,,,,,,,CSN-improved,,slab_deep,176.242797852,slab_deep,2013-09-28T15:17:55,,,-1
128215,2013-09-28T15:48:28,-71.667,-34.96,52.7,4.5,mw,,,3.5,0.198,,,,,,,,,,,,,USGS,,slab_deep,55.5641670227,slab_deep,2013-09-28T15:48:28,,,-1
128219,2013-09-28T15:48:29,-71.667,-34.96,52.7,4.2,mw,,,4.0,,,,,,,,,,,,,,CSN-improved,,slab_deep,55.5641670227,slab_deep,2013-09-28T15:48:29,,,-1
128216,2013-09-28T17:11:30,-69.84,-32.805,108.0,4.5,mw,,,8.3,0.197,,,,,,,,,,,,,USGS,,slab_deep,97.5038986206,slab_deep,2013-09-28T17:11:30,,,-1
128221,2013-09-28T17:11:30,-69.884,-32.709,104.5664,4.1,mw,,,,,,,,,,,,,,,,,CSN-improved,,slab_deep,96.2373733521,slab_deep,2013-09-28T17:11:30,,,-1
128222,2013-09-28T20:39:32,-67.418,-24.12,219.6916,4.0,mw,,,,,,,,,,,,,,,,,CSN-improved,,slab_deep,123.128417969,slab_deep,2013-09-28T20:39:32,,,-1
128251,2013-09-29T04:01:37,-68.616,-21.729,120.671,4.2,mw,,,,,,,,,,,,,,,,,CSN-improved,,slab_deep,91.182762146,slab_deep,2013-09-29T04:01:37,,,-1
128248,2013-09-29T11:26:00,-68.85,-25.003,107.86,4.7,mw,,,4.0,0.142,,,,,,,,,,,,,USGS,,slab_deep,83.3544921875,slab_deep,2013-09-29T11:26:00,,,-1
128250,2013-09-29T11:26:00,-69.056,-25.033,119.8,4.4,mw,,,6.1,,,,,,,,,,,,,,CSN-improved,,slab_deep,80.338104248,slab_deep,2013-09-29T11:26:00,,,-1
128247,2013-09-29T12:09:18,-71.338,-35.64,103.8,4.8,mw,,,3.4,,,,,,,,,,,,,,CSN-improved,,slab_deep,81.4761276245,slab_deep,2013-09-29T12:09:18,,,-1
128254,2013-09-29T19:52:29,-68.761,-23.69,81.9107,4.0,mw,,,,,,,,,,,,,,,,,CSN-improved,,slab_deep,81.924659729,slab_deep,2013-09-29T19:52:29,,,-1
128249,2013-09-29T21:14:29,-69.43,-20.725,121.18,4.4,mw,,,5.1,0.298,,,,,,,,,,,,,USGS,,slab_deep,69.435256958,slab_deep,2013-09-29T21:14:29,,,-1
128252,2013-09-29T21:14:29,-69.249,-20.71,108.4,4.1,mw,,,3.5,,,,,,,,,,,,,,CSN-improved,,slab_deep,77.0093612671,slab_deep,2013-09-29T21:14:29,,,-1
128336,2013-10-01T02:51:29,-68.94,-24.821,108.1643,4.0,mw,,,,,,,,,,,,,,,,,CSN-improved,,slab_deep,81.0019683838,slab_deep,2013-10-01T02:51:29,,,-1
128330,2013-10-01T04:12:22,-69.347,-18.348,120.6183,4.9,mw,,,,,,,,,,,,,,,,,CSN-improved,,slab_deep,103.910385132,slab_deep,2013-10-01T04:12:22,,,-1
128338,2013-10-01T11:58:55,-68.818,-20.732,104.0833,4.0,mw,,,,,,,,,,,,,,,,,CSN-improved,,slab_deep,90.781829834,slab_deep,2013-10-01T11:58:55,,,-1
128365,2013-10-02T03:01:33,-67.205,-24.311,193.0,4.5,mw,,,8.2,0.261,,,,,,,,,,,,,USGS,,slab_deep,133.08807373,slab_deep,2013-10-02T03:01:33,,,-1
128366,2013-10-02T03:01:36,-67.613,-24.055,213.0,4.2,mw,,,7.5,,,,,,,,,,,,,,CSN-improved,,slab_deep,113.59513855,slab_deep,2013-10-02T03:01:36,,,-1
128367,2013-10-02T14:46:34,-69.0,-23.549,87.2456,4.0,mw,,,,,,,,,,,,,,,,,CSN-improved,,slab_deep,76.7658462524,slab_deep,2013-10-02T14:46:34,,,-1
128400,2013-10-03T13:25:12,-66.746,-24.153,208.66,4.9,mw,,,7.8,0.128,,,,,,,,,,,,,USGS,,slab_deep,162.139419556,slab_deep,2013-10-03T13:25:12,,,-1
128402,2013-10-03T13:25:13,-66.816,-24.12,207.0,4.5,mw,,,,,,,,,,,,,,,,,ISC,,slab_deep,159.138580322,slab_deep,2013-10-03T13:25:13,,,-1
128401,2013-10-03T13:25:15,-67.377,-24.047,245.9,4.8,mw,,,11.7,,,,,,,,,,,,,,CSN-improved,,slab_deep,123.300254822,slab_deep,2013-10-03T13:25:15,,,-1
128432,2013-10-04T07:38:18,-69.873,-26.701,81.6,4.3,mw,,,7.4,0.364,,,,,,,,,,,,,USGS,,slab_deep,71.3630218506,slab_deep,2013-10-04T07:38:18,,,-1
128430,2013-10-04T09:47:14,-70.349,-33.604,117.9,4.8,mw,,,4.8,0.071,,,,,,,,,,,,,USGS,,slab_deep,87.3519439697,slab_deep,2013-10-04T09:47:14,,,-1
128431,2013-10-04T09:47:14,-70.273,-33.593,105.6687,4.4,mw,,,,,,,,,,,,,,,,,CSN-improved,,slab_deep,90.5562896729,slab_deep,2013-10-04T09:47:14,,,-1
128436,2013-10-04T19:24:11,-70.159,-16.583,220.5,4.0,mw,,,7.8,,,,,,,,,,,,,,CSN-improved,,slab_deep,137.316925049,slab_deep,2013-10-04T19:24:11,,,-1
128504,2013-10-06T03:06:23,-68.842,-22.672,102.3,4.8,mw,,,5.1,0.178,,,,,,,,,,,,,USGS,,slab_deep,81.2823104858,slab_deep,2013-10-06T03:06:23,,,-1
128506,2013-10-06T03:06:24,-68.849,-22.721,104.2734,4.4,mw,,,,,,,,,,,,,,,,,CSN-improved,,slab_deep,81.145072937,slab_deep,2013-10-06T03:06:24,,,-1
128503,2013-10-06T12:48:08,-69.977,-16.18,181.75,4.9,mw,,,5.2,0.042,,,,,,,,,,,,,USGS,,slab_deep,165.750534058,slab_deep,2013-10-06T12:48:08,,,-1
128505,2013-10-06T12:48:09,-70.071,-16.249,200.0,4.7,mw,,,,,,,,,,,,,,,,,ISC,,slab_deep,160.952911377,slab_deep,2013-10-06T12:48:09,,,-1
128507,2013-10-06T16:03:36,-66.812,-22.406,286.8,4.0,mw,,,12.5,,,,,,,,,,,,,,CSN-improved,,slab_deep,174.887359619,slab_deep,2013-10-06T16:03:36,,,-1
128557,2013-10-07T09:27:03,-67.534,-27.655,137.0,4.0,mw,,,,,,,,,,,,,,,,,ISC,,slab_deep,108.782852173,slab_deep,2013-10-07T09:27:03,,,-1
128599,2013-10-08T01:24:21,-69.348,-20.228,83.0831,4.0,mw,,,,,,,,,,,,,,,,,CSN-improved,,slab_deep,76.4109725952,slab_deep,2013-10-08T01:24:21,,,-1
128597,2013-10-08T01:57:10,-67.256,-24.316,174.0,4.3,mw,,,,,,,,,,,,,,,,,ISC,,slab_deep,130.34588623,slab_deep,2013-10-08T01:57:10,,,-1
128598,2013-10-08T04:56:17,-68.451,-29.137,105.03,4.1,mw,,,24.5,,,,,,,,,,,,,,USGS,,slab_deep,88.7137069702,slab_deep,2013-10-08T04:56:17,,,-1
128624,2013-10-09T02:19:31,-67.256,-24.249,205.3,5.0,mw,,,16.6,0.385,,,,,,,,,,,,,USGS,,slab_deep,130.548568726,slab_deep,2013-10-09T02:19:31,,,-1
128627,2013-10-09T02:19:32,-67.203,-24.239,178.0,4.8,mw,,,,,,,,,,,,,,,,,ISC,,slab_deep,133.313461304,slab_deep,2013-10-09T02:19:32,,,-1
128629,2013-10-09T02:19:34,-67.641,-24.128,218.972,4.4,mw,,,,,,,,,,,,,,,,,CSN-improved,,slab_deep,111.206222534,slab_deep,2013-10-09T02:19:34,,,-1
128625,2013-10-09T17:03:56,-67.2,-22.14,184.3,5.0,mw,0.03,0.02,3.2,,168.0,47.0,-157.0,62.0,73.0,-45.0,-1.51e+16,-1.15e+16,2.65e+16,-3.04e+16,300000000000000.0,1.96e+16,GCMT,,slab_deep,151.727920532,slab_deep,2013-10-09T17:03:56,,,-1
128628,2013-10-09T20:57:14,-67.338,-21.439,259.5,4.5,mw,,,10.6,,,,,,,,,,,,,,CSN-improved,,slab_deep,150.015548706,slab_deep,2013-10-09T20:57:14,,,-1
128665,2013-10-10T03:32:29,-67.1,-20.84,242.9,5.0,mw,0.05,0.03,3.5,,319.0,51.0,-51.0,87.0,53.0,-128.0,-3.12e+16,2.81e+16,3050000000000000.0,-1e+16,-2.1e+16,-1.31e+16,GCMT,,slab_deep,174.850128174,slab_deep,2013-10-10T03:32:29,,,-1
128671,2013-10-10T19:59:31,-67.398,-24.055,210.1788,4.1,mw,,,,,,,,,,,,,,,,,CSN-improved,,slab_deep,123.300254822,slab_deep,2013-10-10T19:59:31,,,-1
128666,2013-10-10T21:23:33,-71.284,-35.769,110.4,4.9,mw,,,6.4,0.204,,,,,,,,,,,,,USGS,,slab_deep,85.0543289185,slab_deep,2013-10-10T21:23:33,,,-1
128667,2013-10-10T21:23:34,-71.331,-35.746,110.6368,4.5,mw,,,,,,,,,,,,,,,,,CSN-improved,,slab_deep,83.1103668213,slab_deep,2013-10-10T21:23:34,,,-1
128672,2013-10-10T21:23:34,-71.241,-35.76,106.0,4.0,mw,,,,,,,,,,,,,,,,,ISC,,slab_deep,87.001411438,slab_deep,2013-10-10T21:23:34,,,-1
128702,2013-10-11T01:54:49,-68.953,-21.082,113.0,4.3,mw,,,,,,,,,,,,,,,,,ISC,,slab_deep,84.6606140137,slab_deep,2013-10-11T01:54:49,,,-1
128698,2013-10-11T03:32:03,-69.137,-19.979,94.2686,5.1,mw,,,,,,,,,,,,,,,,,CSN-improved,,slab_deep,85.4750289917,slab_deep,2013-10-11T03:32:03,,,-1
128705,2013-10-11T14:16:48,-72.249,-36.887,58.1,4.1,mw,,,2.9,,,,,,,,,,,,,,CSN-improved,,slab_deep,64.0788040161,slab_deep,2013-10-11T14:16:48,,,-1
128701,2013-10-11T14:26:15,-67.289,-27.707,128.33,4.6,mw,,,9.2,0.265,,,,,,,,,,,,,USGS,,slab_deep,114.397666931,slab_deep,2013-10-11T14:26:15,,,-1
128703,2013-10-11T14:26:16,-67.437,-27.649,152.0,4.3,mw,,,,,,,,,,,,,,,,,ISC,,slab_deep,110.987861633,slab_deep,2013-10-11T14:26:16,,,-1
128704,2013-10-11T20:24:08,-67.112,-23.821,237.4,4.2,mw,,,10.1,,,,,,,,,,,,,,CSN-improved,,slab_deep,141.836166382,slab_deep,2013-10-11T20:24:08,,,-1
128732,2013-10-12T13:05:27,-67.325,-23.715,247.1,4.2,mw,,,7.3,,,,,,,,,,,,,,CSN-improved,,slab_deep,130.591629028,slab_deep,2013-10-12T13:05:27,,,-1
128764,2013-10-13T01:06:46,-66.69,-20.45,254.2,5.0,mw,0.03,0.02,3.7,,285.0,25.0,15.0,181.0,84.0,114.0,9420000000000000.0,-2680000000000000.0,-6730000000000000.0,-5200000000000000.0,-3.81e+16,1.71e+16,GCMT,,slab_deep,206.595947266,slab_deep,2013-10-13T01:06:46,,,-1
128766,2013-10-13T19:37:44,-67.359,-24.102,205.1,4.1,mw,,,15.3,,,,,,,,,,,,,,CSN-improved,,slab_deep,125.738815308,slab_deep,2013-10-13T19:37:44,,,-1
128812,2013-10-14T09:14:32,-69.612,-16.615,207.0,4.3,mw,,,,,,,,,,,,,,,,,ISC,,slab_deep,155.414321899,slab_deep,2013-10-14T09:14:32,,,-1
128842,2013-10-15T00:45:11,-66.997,-24.133,196.0,4.0,mw,,,,,,,,,,,,,,,,,ISC,,slab_deep,145.703765869,slab_deep,2013-10-15T00:45:11,,,-1
128863,2013-10-16T16:28:38,-68.308,-21.127,130.22,4.8,mw,,,9.0,0.203,,,,,,,,,,,,,USGS,,slab_deep,104.469993591,slab_deep,2013-10-16T16:28:38,,,-1
128866,2013-10-16T16:28:39,-68.428,-21.093,132.8817,4.2,mw,,,,,,,,,,,,,,,,,CSN-improved,,slab_deep,99.4537506104,slab_deep,2013-10-16T16:28:39,,,-1
128901,2013-10-17T08:45:13,-67.643,-24.0,206.1,4.0,mw,,,7.5,,,,,,,,,,,,,,CSN-improved,,slab_deep,111.49395752,slab_deep,2013-10-17T08:45:13,,,-1
128899,2013-10-17T16:08:35,-68.861,-20.839,93.8084,4.1,mw,,,,,,,,,,,,,,,,,CSN-improved,,slab_deep,88.7386550903,slab_deep,2013-10-17T16:08:35,,,-1
129007,2013-10-20T19:02:39,-67.114,-21.365,223.5,4.2,mw,,,19.3,,,,,,,,,,,,,,CSN-improved,,slab_deep,166.621902466,slab_deep,2013-10-20T19:02:39,,,-1
129006,2013-10-20T20:49:01,-66.353,-22.993,249.0,4.2,mw,,,,,,,,,,,,,,,,,ISC,,slab_deep,202.904373169,slab_deep,2013-10-20T20:49:01,,,-1
129004,2013-10-20T20:49:03,-66.968,-22.937,282.4,4.7,mw,,,8.8,,,,,,,,,,,,,,CSN-improved,,slab_deep,159.892288208,slab_deep,2013-10-20T20:49:03,,,-1
129005,2013-10-20T21:51:32,-70.183,-18.59,58.2,4.6,mw,,,6.9,0.216,,,,,,,,,,,,,USGS,,slab_deep,67.7415618896,slab_deep,2013-10-20T21:51:32,,,-1
129008,2013-10-20T21:51:33,-70.242,-18.57,68.089,4.0,mw,,,,,,,,,,,,,,,,,CSN-improved,,slab_deep,66.957824707,slab_deep,2013-10-20T21:51:33,,,-1
129037,2013-10-21T00:12:32,-66.415,-22.973,243.0,4.1,mw,,,,,,,,,,,,,,,,,ISC,,slab_deep,199.402114868,slab_deep,2013-10-21T00:12:32,,,-1
129033,2013-10-21T00:12:33,-66.446,-22.939,253.13,4.7,mw,,,7.9,0.239,,,,,,,,,,,,,USGS,,slab_deep,195.541702271,slab_deep,2013-10-21T00:12:33,,,-1
129036,2013-10-21T00:12:34,-66.62,-22.994,255.5066,4.2,mw,,,,,,,,,,,,,,,,,CSN-improved,,slab_deep,183.856460571,slab_deep,2013-10-21T00:12:34,,,-1
129034,2013-10-21T00:47:08,-69.228,-17.552,179.04,4.5,mw,,,9.1,,,,,,,,,,,,,,USGS,,slab_deep,127.924766541,slab_deep,2013-10-21T00:47:08,,,-1
129038,2013-10-21T00:47:10,-69.366,-17.562,160.0,4.1,mw,,,,,,,,,,,,,,,,,ISC,,slab_deep,123.93712616,slab_deep,2013-10-21T00:47:10,,,-1
129073,2013-10-22T14:18:45,-71.612,-16.115,173.6,4.2,mw,,,19.3,,,,,,,,,,,,,,CSN-improved,,slab_deep,110.672988892,slab_deep,2013-10-22T14:18:45,,,-1
129075,2013-10-22T18:04:24,-67.889,-20.756,228.2,4.1,mw,,,6.7,,,,,,,,,,,,,,CSN-improved,,slab_deep,127.712654114,slab_deep,2013-10-22T18:04:24,,,-1
129074,2013-10-22T21:05:01,-70.763,-34.578,90.2702,4.2,mw,,,,,,,,,,,,,,,,,CSN-improved,,slab_deep,87.5749664307,slab_deep,2013-10-22T21:05:01,,,-1
129112,2013-10-23T04:03:07,-71.984,-16.503,120.57,4.8,mw,,,9.4,0.379,,,,,,,,,,,,,USGS,,slab_deep,82.3782653809,slab_deep,2013-10-23T04:03:07,,,-1
129114,2013-10-23T04:03:11,-71.883,-16.833,137.3,4.3,mw,,,13.2,,,,,,,,,,,,,,CSN-improved,,slab_deep,71.5696640015,slab_deep,2013-10-23T04:03:11,,,-1
129113,2013-10-23T09:32:38,-68.89,-20.699,100.0,4.5,mw,,,4.1,,,,,,,,,,,,,,CSN-improved,,slab_deep,88.0895233154,slab_deep,2013-10-23T09:32:38,,,-1
129152,2013-10-24T02:16:02,-69.013,-20.275,105.0,4.2,mw,,,,,,,,,,,,,,,,,ISC,,slab_deep,88.1457443237,slab_deep,2013-10-24T02:16:02,,,-1
129156,2013-10-24T02:16:03,-69.026,-20.261,101.9178,4.0,mw,,,,,,,,,,,,,,,,,CSN-improved,,slab_deep,86.5341110229,slab_deep,2013-10-24T02:16:03,,,-1
129148,2013-10-24T02:19:42,-67.326,-27.531,119.88,4.8,mw,,,6.0,0.115,,,,,,,,,,,,,USGS,,slab_deep,114.055030823,slab_deep,2013-10-24T02:19:42,,,-1
129155,2013-10-24T06:25:00,-67.713,-21.298,223.6,4.1,mw,,,9.4,,,,,,,,,,,,,,CSN-improved,,slab_deep,131.523864746,slab_deep,2013-10-24T06:25:00,,,-1
129150,2013-10-24T16:08:12,-68.826,-27.462,110.84,4.5,mw,,,11.7,0.302,,,,,,,,,,,,,USGS,,slab_deep,90.6089782715,slab_deep,2013-10-24T16:08:12,,,-1
129153,2013-10-24T16:08:16,-68.898,-27.788,76.9067,4.2,mw,,,,,,,,,,,,,,,,,CSN-improved,,slab_deep,89.0362319946,slab_deep,2013-10-24T16:08:16,,,-1
129149,2013-10-24T17:05:27,-66.909,-24.039,208.92,4.8,mw,,,12.1,0.381,,,,,,,,,,,,,USGS,,slab_deep,152.832580566,slab_deep,2013-10-24T17:05:27,,,-1
129154,2013-10-24T17:05:29,-67.317,-23.726,241.6,4.2,mw,,,5.4,,,,,,,,,,,,,,CSN-improved,,slab_deep,130.248687744,slab_deep,2013-10-24T17:05:29,,,-1
129157,2013-10-24T20:51:52,-70.146,-32.831,95.8,4.0,mw,,,6.3,,,,,,,,,,,,,,CSN-improved,,slab_deep,89.8914337158,slab_deep,2013-10-24T20:51:52,,,-1
129275,2013-10-27T06:35:07,-68.057,-22.366,195.9,4.0,mw,,,9.7,,,,,,,,,,,,,,CSN-improved,,slab_deep,105.86907196,slab_deep,2013-10-27T06:35:07,,,-1
129300,2013-10-28T05:36:07,-69.638,-16.928,192.14,5.1,mw,,,8.2,0.195,,,,,,,,,,,,,USGS,,slab_deep,135.655990601,slab_deep,2013-10-28T05:36:07,,,-1
129303,2013-10-28T05:36:07,-69.792,-16.93,183.0,4.4,mw,,,,,,,,,,,,,,,,,ISC,,slab_deep,130.498977661,slab_deep,2013-10-28T05:36:07,,,-1
129302,2013-10-28T15:44:56,-67.495,-27.538,141.64,4.7,mw,,,7.3,0.532,,,,,,,,,,,,,USGS,,slab_deep,110.457862854,slab_deep,2013-10-28T15:44:56,,,-1
129367,2013-10-30T02:48:30,-72.073,-36.328,169.4179,4.7,mw,,,,,,,,,,,,,,,,,CSN-improved,,slab_deep,65.60496521,slab_deep,2013-10-30T02:48:30,,,-1
129369,2013-10-30T11:51:18,-68.976,-22.548,89.4,4.6,mw,,,5.6,0.128,,,,,,,,,,,,,USGS,,slab_deep,77.8170700073,slab_deep,2013-10-30T11:51:18,,,-1
129379,2013-10-30T11:51:19,-68.981,-22.542,89.9,4.2,mw,,,4.1,,,,,,,,,,,,,,CSN-improved,,slab_deep,77.8170700073,slab_deep,2013-10-30T11:51:19,,,-1
129364,2013-10-30T16:46:42,-69.205,-28.364,95.2,4.8,mw,,,6.6,0.31,,,,,,,,,,,,,USGS,,slab_deep,86.7639923096,slab_deep,2013-10-30T16:46:42,,,-1
129380,2013-10-30T16:46:44,-69.452,-28.328,109.6688,4.2,mw,,,,,,,,,,,,,,,,,CSN-improved,,slab_deep,85.6140213013,slab_deep,2013-10-30T16:46:44,,,-1
129423,2013-10-31T05:13:59,-67.185,-24.138,238.81,4.7,mw,,,9.7,0.08,,,,,,,,,,,,,USGS,,slab_deep,133.77381897,slab_deep,2013-10-31T05:13:59,,,-1
129427,2013-10-31T05:14:03,-67.151,-24.076,183.0038,4.3,mw,,,,,,,,,,,,,,,,,CSN-improved,,slab_deep,136.915161133,slab_deep,2013-10-31T05:14:03,,,-1
129506,2013-11-02T06:32:41,-69.767,-17.213,156.4,4.9,mw,,,3.0,0.163,,,,,,,,,,,,,USGS,,slab_deep,121.607002258,slab_deep,2013-11-02T06:32:41,,,-1
129515,2013-11-02T06:32:43,-69.779,-17.354,165.6,4.0,mw,,,3.6,,,,,,,,,,,,,,CSN-improved,,slab_deep,114.412490845,slab_deep,2013-11-02T06:32:43,,,-1
129509,2013-11-02T07:57:19,-72.004,-39.29,93.0,4.2,mw,,,4.5,,,,,,,,,,,,,,CSN-improved,,slab_deep,97.9535980225,slab_deep,2013-11-02T07:57:19,,,-1
129507,2013-11-02T18:44:44,-68.005,-24.376,137.18,4.7,mw,,,10.5,0.217,,,,,,,,,,,,,USGS,,slab_deep,98.4975280762,slab_deep,2013-11-02T18:44:44,,,-1
129508,2013-11-02T18:44:44,-68.024,-24.389,138.0,4.3,mw,,,,,,,,,,,,,,,,,ISC,,slab_deep,98.4975280762,slab_deep,2013-11-02T18:44:44,,,-1
129512,2013-11-02T18:44:45,-68.029,-24.317,140.4493,4.1,mw,,,,,,,,,,,,,,,,,CSN-improved,,slab_deep,97.041267395,slab_deep,2013-11-02T18:44:45,,,-1
129514,2013-11-02T20:32:22,-69.567,-22.688,47.0,4.0,mw,,,,,,,,,,,,,,,,,ISC,,slab_deep,60.6402893066,slab_deep,2013-11-02T20:32:22,,,-1
129562,2013-11-03T01:44:02,-66.69,-24.042,187.04,4.9,mw,,,2.1,0.124,,,,,,,,,,,,,USGS,,slab_deep,166.529693604,slab_deep,2013-11-03T01:44:02,,,-1
129563,2013-11-03T01:44:03,-66.829,-24.065,206.0,4.4,mw,,,,,,,,,,,,,,,,,ISC,,slab_deep,156.162536621,slab_deep,2013-11-03T01:44:03,,,-1
129561,2013-11-03T01:44:05,-67.177,-23.964,230.6051,5.0,mw,,,,,,,,,,,,,,,,,CSN-improved,,slab_deep,134.803634644,slab_deep,2013-11-03T01:44:05,,,-1
129567,2013-11-03T12:43:45,-68.37,-21.424,136.0,4.1,mw,,,,,,,,,,,,,,,,,ISC,,slab_deep,100.842056274,slab_deep,2013-11-03T12:43:45,,,-1
129566,2013-11-03T16:58:45,-67.413,-23.874,220.0,4.2,mw,,,11.3,,,,,,,,,,,,,,CSN-improved,,slab_deep,124.155639648,slab_deep,2013-11-03T16:58:45,,,-1
129564,2013-11-03T21:27:16,-71.017,-17.038,82.11,4.4,mw,,,26.3,0.365,,,,,,,,,,,,,USGS,,slab_deep,92.6147994995,slab_deep,2013-11-03T21:27:16,,,-1
129609,2013-11-04T07:58:26,-66.296,-22.968,258.22,4.8,mw,,,10.0,0.19,,,,,,,,,,,,,USGS,,slab_deep,207.315292358,slab_deep,2013-11-04T07:58:26,,,-1
129610,2013-11-04T21:52:22,-67.591,-28.504,133.0,4.7,mw,,,6.0,0.266,,,,,,,,,,,,,USGS,,slab_deep,101.922912598,slab_deep,2013-11-04T21:52:22,,,-1
129611,2013-11-04T21:52:22,-67.655,-28.471,130.0,4.3,mw,,,,,,,,,,,,,,,,,ISC,,slab_deep,101.395896912,slab_deep,2013-11-04T21:52:22,,,-1
129650,2013-11-05T10:06:36,-69.042,-18.049,152.0,4.8,mw,,,,,,,,,,,,,,,,,ISC,,slab_deep,122.852516174,slab_deep,2013-11-05T10:06:36,,,-1
129648,2013-11-05T10:06:37,-69.005,-18.038,154.27,5.1,mw,,,5.3,0.055,,,,,,,,,,,,,USGS,,slab_deep,125.128265381,slab_deep,2013-11-05T10:06:37,,,-1
129652,2013-11-05T10:06:37,-69.248,-18.114,153.2,4.3,mw,,,4.8,,,,,,,,,,,,,,CSN-improved,,slab_deep,113.192825317,slab_deep,2013-11-05T10:06:37,,,-1
129684,2013-11-06T04:29:40,-66.875,-24.102,212.64,4.6,mw,,,7.8,0.167,,,,,,,,,,,,,USGS,,slab_deep,152.453826904,slab_deep,2013-11-06T04:29:40,,,-1
129685,2013-11-06T04:29:43,-67.528,-24.007,239.9,4.5,mw,,,12.1,,,,,,,,,,,,,,CSN-improved,,slab_deep,116.032424927,slab_deep,2013-11-06T04:29:43,,,-1
129683,2013-11-06T09:25:55,-69.072,-22.432,86.8,4.7,mw,,,4.7,0.265,,,,,,,,,,,,,USGS,,slab_deep,76.7395782471,slab_deep,2013-11-06T09:25:55,,,-1
129687,2013-11-06T09:25:56,-69.072,-22.454,87.8968,4.2,mw,,,,,,,,,,,,,,,,,CSN-improved,,slab_deep,76.7395782471,slab_deep,2013-11-06T09:25:56,,,-1
129688,2013-11-06T23:32:00,-68.611,-21.758,130.0,4.1,mw,,,,,,,,,,,,,,,,,ISC,,slab_deep,91.182762146,slab_deep,2013-11-06T23:32:00,,,-1
129686,2013-11-06T23:32:01,-68.578,-21.693,124.2096,4.4,mw,,,,,,,,,,,,,,,,,CSN-improved,,slab_deep,91.430480957,slab_deep,2013-11-06T23:32:01,,,-1
129724,2013-11-07T09:09:56,-69.882,-31.951,138.0734,4.0,mw,,,,,,,,,,,,,,,,,CSN-improved,,slab_deep,97.9600067139,slab_deep,2013-11-07T09:09:56,,,-1
129725,2013-11-07T10:21:05,-66.941,-21.479,245.59,4.0,mw,,,,,,,,,,,,,,,,,CSN-improved,,slab_deep,173.941055298,slab_deep,2013-11-07T10:21:05,,,-1
129772,2013-11-08T14:35:45,-68.571,-22.344,131.05,4.6,mw,,,6.2,0.237,,,,,,,,,,,,,USGS,,slab_deep,89.7544250488,slab_deep,2013-11-08T14:35:45,,,-1
129779,2013-11-08T14:35:47,-68.559,-22.258,114.1573,4.1,mw,,,,,,,,,,,,,,,,,CSN-improved,,slab_deep,90.2019424438,slab_deep,2013-11-08T14:35:47,,,-1
129771,2013-11-08T19:51:18,-69.424,-31.649,115.31,4.8,mw,,,5.6,0.19,,,,,,,,,,,,,USGS,,slab_deep,101.534675598,slab_deep,2013-11-08T19:51:18,,,-1
129775,2013-11-08T19:51:18,-69.466,-31.64,114.0,4.3,mw,,,,,,,,,,,,,,,,,ISC,,slab_deep,101.609695435,slab_deep,2013-11-08T19:51:18,,,-1
129780,2013-11-08T19:51:18,-69.692,-31.651,145.0495,4.1,mw,,,,,,,,,,,,,,,,,CSN-improved,,slab_deep,100.888130188,slab_deep,2013-11-08T19:51:18,,,-1
129777,2013-11-08T19:59:11,-67.35,-24.167,186.5867,4.3,mw,,,,,,,,,,,,,,,,,CSN-improved,,slab_deep,125.560317993,slab_deep,2013-11-08T19:59:11,,,-1
129811,2013-11-09T13:26:10,-68.563,-22.011,112.7455,4.6,mw,,,,,183.0,37.0,-65.0,333.0,57.0,-108.0,-3.63e+16,-4290000000000000.0,4.06e+16,1.27e+16,-1.16e+16,-1.05e+16,CSN-improved,,slab_deep,91.3546447754,slab_deep,2013-11-09T13:26:10,,,-1
129809,2013-11-09T13:26:16,-68.48,-21.93,135.9,5.0,mw,0.03,0.02,2.8,,183.0,37.0,-65.0,333.0,57.0,-108.0,-3.63e+16,-4290000000000000.0,4.06e+16,1.27e+16,-1.16e+16,-1.05e+16,GCMT,,slab_deep,93.0020751953,slab_deep,2013-11-09T13:26:16,,,-1
129859,2013-11-10T06:16:10,-69.188,-17.565,152.0,4.0,mw,,,,,,,,,,,,,,,,,ISC,,slab_deep,129.98260498,slab_deep,2013-11-10T06:16:10,,,-1
129856,2013-11-10T07:39:58,-70.045,-19.894,55.0,4.5,mw,,,3.9,,,,,,,,,,,,,,CSN-improved,,slab_deep,51.5144805908,slab_deep,2013-11-10T07:39:58,,,-1
129959,2013-11-12T12:59:53,-69.55,-27.787,113.2,4.1,mw,,,9.8,,,,,,,,,,,,,,CSN-improved,,slab_deep,83.9809799194,slab_deep,2013-11-12T12:59:53,,,-1
129998,2013-11-13T11:01:30,-68.614,-22.872,97.0,4.8,mw,,,4.4,0.309,,,,,,,,,,,,,USGS,,slab_deep,86.4677963257,slab_deep,2013-11-13T11:01:30,,,-1
130001,2013-11-13T11:01:30,-68.601,-22.9,95.7875,4.3,mw,,,,,,,,,,,,,,,,,CSN-improved,,slab_deep,86.2905807495,slab_deep,2013-11-13T11:01:30,,,-1
130040,2013-11-14T07:41:52,-68.792,-21.155,116.8,4.6,mw,,,4.8,0.141,,,,,,,,,,,,,USGS,,slab_deep,88.6656723022,slab_deep,2013-11-14T07:41:52,,,-1
130044,2013-11-14T07:41:53,-68.749,-21.158,118.4,4.2,mw,,,3.6,,,,,,,,,,,,,,CSN-improved,,slab_deep,90.062789917,slab_deep,2013-11-14T07:41:53,,,-1
130128,2013-11-16T17:59:49,-65.412,-30.923,179.7,4.8,mw,,,6.4,0.105,,,,,,,,,,,,,USGS,,slab_deep,159.902954102,slab_deep,2013-11-16T17:59:49,,,-1
130129,2013-11-16T17:59:50,-65.568,-30.894,190.0,4.5,mw,,,,,,,,,,,,,,,,,ISC,,slab_deep,150.464675903,slab_deep,2013-11-16T17:59:50,,,-1
130130,2013-11-16T21:23:09,-67.178,-24.015,235.9434,4.4,mw,,,,,,,,,,,,,,,,,CSN-improved,,slab_deep,134.526611328,slab_deep,2013-11-16T21:23:09,,,-1
130168,2013-11-17T11:17:20,-68.832,-22.184,105.7,4.0,mw,,,4.2,,,,,,,,,,,,,,CSN-improved,,slab_deep,82.7213516235,slab_deep,2013-11-17T11:17:20,,,-1
130165,2013-11-17T16:47:29,-66.918,-21.54,230.35,4.8,mw,,,11.8,0.538,,,,,,,,,,,,,USGS,,slab_deep,176.453704834,slab_deep,2013-11-17T16:47:29,,,-1
130205,2013-11-18T00:13:36,-67.214,-23.868,236.574,4.2,mw,,,,,,,,,,,,,,,,,CSN-improved,,slab_deep,135.408538818,slab_deep,2013-11-18T00:13:36,,,-1
130204,2013-11-18T09:52:05,-66.737,-24.027,190.89,4.8,mw,,,9.2,0.539,,,,,,,,,,,,,USGS,,slab_deep,163.013168335,slab_deep,2013-11-18T09:52:05,,,-1
130203,2013-11-18T16:01:17,-68.666,-21.101,137.6,5.1,mw,,,6.6,0.551,,,,,,,,,,,,,USGS,,slab_deep,93.1892929077,slab_deep,2013-11-18T16:01:17,,,-1
130206,2013-11-18T20:24:08,-70.941,-36.148,209.7,4.1,mw,,,6.1,,,,,,,,,,,,,,CSN-improved,,slab_deep,104.326667786,slab_deep,2013-11-18T20:24:08,,,-1
130265,2013-11-19T09:42:09,-67.266,-23.428,252.7,4.1,mw,,,10.0,,,,,,,,,,,,,,CSN-improved,,slab_deep,135.597946167,slab_deep,2013-11-19T09:42:09,,,-1
130261,2013-11-19T12:34:20,-66.349,-22.679,245.11,4.8,mw,,,11.4,0.19,,,,,,,,,,,,,USGS,,slab_deep,205.170898438,slab_deep,2013-11-19T12:34:20,,,-1
130262,2013-11-19T12:34:22,-66.615,-22.67,271.9555,4.4,mw,,,,,,,,,,,,,,,,,CSN-improved,,slab_deep,186.801528931,slab_deep,2013-11-19T12:34:22,,,-1
130263,2013-11-19T18:09:37,-67.267,-23.746,248.3,4.2,mw,,,7.1,,,,,,,,,,,,,,CSN-improved,,slab_deep,133.132843018,slab_deep,2013-11-19T18:09:37,,,-1
130297,2013-11-20T10:03:54,-67.651,-21.981,207.5,4.0,mw,,,7.0,,,,,,,,,,,,,,CSN-improved,,slab_deep,127.536148071,slab_deep,2013-11-20T10:03:54,,,-1
130295,2013-11-20T21:07:15,-69.196,-27.749,113.3733,4.2,mw,,,,,,,,,,,,,,,,,CSN-improved,,slab_deep,87.4488372803,slab_deep,2013-11-20T21:07:15,,,-1
130330,2013-11-21T00:13:21,-67.083,-24.277,151.58,4.9,mw,,,3.2,0.243,,,,,,,,,,,,,USGS,,slab_deep,138.774353027,slab_deep,2013-11-21T00:13:21,,,-1
130335,2013-11-21T00:13:23,-67.524,-24.216,202.0115,4.5,mw,,,,,,,,,,,,,,,,,CSN-improved,,slab_deep,117.900260925,slab_deep,2013-11-21T00:13:23,,,-1
130336,2013-11-21T06:48:12,-72.097,-16.693,195.8,4.4,mw,,,16.6,,,,,,,,,,,,,,CSN-improved,,slab_deep,70.737953186,slab_deep,2013-11-21T06:48:12,,,-1
130332,2013-11-21T06:48:17,-72.035,-16.799,108.34,4.8,mw,,,11.8,0.269,,,,,,,,,,,,,USGS,,slab_deep,68.2718582153,slab_deep,2013-11-21T06:48:17,,,-1
130331,2013-11-21T07:50:12,-66.694,-23.953,202.92,4.9,mw,,,6.4,0.116,,,,,,,,,,,,,USGS,,slab_deep,167.432220459,slab_deep,2013-11-21T07:50:12,,,-1
130380,2013-11-22T03:33:36,-66.631,-23.937,156.18,4.6,mw,,,9.7,0.374,,,,,,,,,,,,,USGS,,slab_deep,171.03187561,slab_deep,2013-11-22T03:33:36,,,-1
130381,2013-11-22T03:33:37,-67.059,-23.888,207.0,4.1,mw,,,,,,,,,,,,,,,,,ISC,,slab_deep,144.247695923,slab_deep,2013-11-22T03:33:37,,,-1
130378,2013-11-22T06:59:01,-69.741,-31.629,107.72,4.8,mw,,,4.3,0.092,,,,,,,,,,,,,USGS,,slab_deep,100.487037659,slab_deep,2013-11-22T06:59:01,,,-1
130384,2013-11-22T11:49:15,-67.153,-23.853,222.537,4.0,mw,,,,,,,,,,,,,,,,,CSN-improved,,slab_deep,138.406173706,slab_deep,2013-11-22T11:49:15,,,-1
130379,2013-11-22T14:49:55,-66.687,-24.013,231.87,4.8,mw,,,16.1,0.268,,,,,,,,,,,,,USGS,,slab_deep,166.981048584,slab_deep,2013-11-22T14:49:55,,,-1
130493,2013-11-24T01:22:20,-67.399,-23.882,236.7,4.0,mw,,,12.3,,,,,,,,,,,,,,CSN-improved,,slab_deep,123.912437439,slab_deep,2013-11-24T01:22:20,,,-1
130486,2013-11-24T16:58:44,-69.032,-23.76,88.98,5.0,mw,,,6.2,0.243,,,,,,,,,,,,,USGS,,slab_deep,75.9068908691,slab_deep,2013-11-24T16:58:44,,,-1
130490,2013-11-24T16:58:44,-69.132,-23.793,87.0,4.4,mw,,,,,,,,,,,,,,,,,ISC,,slab_deep,73.7107467651,slab_deep,2013-11-24T16:58:44,,,-1
130492,2013-11-24T16:58:45,-69.163,-23.822,83.0,4.1,mw,,,8.3,,,,,,,,,,,,,,CSN-improved,,slab_deep,73.7107467651,slab_deep,2013-11-24T16:58:45,,,-1
130487,2013-11-24T23:50:54,-67.009,-24.13,195.0,4.5,mw,,,5.5,0.175,,,,,,,,,,,,,USGS,,slab_deep,145.703765869,slab_deep,2013-11-24T23:50:54,,,-1
130491,2013-11-24T23:50:55,-66.969,-24.135,191.0,4.1,mw,,,,,,,,,,,,,,,,,ISC,,slab_deep,148.857269287,slab_deep,2013-11-24T23:50:55,,,-1
130537,2013-11-25T03:04:45,-67.351,-21.851,211.4736,4.0,mw,,,,,,,,,,,,,,,,,CSN-improved,,slab_deep,145.678497314,slab_deep,2013-11-25T03:04:45,,,-1
130533,2013-11-25T14:11:16,-68.945,-22.09,101.84,4.9,mw,,,7.7,0.271,,,,,,,,,,,,,USGS,,slab_deep,80.4814300537,slab_deep,2013-11-25T14:11:16,,,-1
130534,2013-11-25T15:57:47,-67.39,-21.347,170.58,4.8,mw,,,7.2,0.24,,,,,,,,,,,,,USGS,,slab_deep,148.28112793,slab_deep,2013-11-25T15:57:47,,,-1
130536,2013-11-25T15:57:48,-67.991,-21.244,210.1,4.1,mw,,,6.0,,,,,,,,,,,,,,CSN-improved,,slab_deep,116.495262146,slab_deep,2013-11-25T15:57:48,,,-1
130634,2013-11-27T16:21:50,-69.412,-16.852,191.0,4.6,mw,,,,,,,,,,,,,,,,,ISC,,slab_deep,149.522476196,slab_deep,2013-11-27T16:21:50,,,-1
130633,2013-11-27T16:21:51,-69.341,-16.784,194.41,5.0,mw,,,6.7,0.192,,,,,,,,,,,,,USGS,,slab_deep,153.879348755,slab_deep,2013-11-27T16:21:51,,,-1
130636,2013-11-27T16:21:53,-68.449,-17.251,180.0,4.0,mw,,,6.0,,,,,,,,,,,,,,CSN-improved,,slab_deep,176.091629028,slab_deep,2013-11-27T16:21:53,,,-1
130632,2013-11-27T20:30:50,-69.706,-18.532,80.6,5.2,mw,,,5.6,0.197,,,,,,,,,,,,,USGS,,slab_deep,87.4621887207,slab_deep,2013-11-27T20:30:50,,,-1
130635,2013-11-27T20:30:51,-69.737,-18.578,76.3594,4.4,mw,,,,,,,,,,,,,,,,,CSN-improved,,slab_deep,84.6930084229,slab_deep,2013-11-27T20:30:51,,,-1
130680,2013-11-28T06:06:54,-68.394,-23.224,144.3,4.5,mw,,,6.2,0.198,,,,,,,,,,,,,USGS,,slab_deep,89.8455734253,slab_deep,2013-11-28T06:06:54,,,-1
130739,2013-11-29T17:38:18,-69.064,-20.861,109.7,4.4,mw,,,6.4,0.259,,,,,,,,,,,,,USGS,,slab_deep,82.7889175415,slab_deep,2013-11-29T17:38:18,,,-1
130746,2013-11-29T17:38:19,-69.038,-20.868,108.6368,4.2,mw,,,,,,,,,,,,,,,,,CSN-improved,,slab_deep,82.7889175415,slab_deep,2013-11-29T17:38:19,,,-1
130812,2013-11-30T06:10:22,-66.662,-23.364,196.75,4.8,mw,,,6.2,0.062,,,,,,,,,,,,,USGS,,slab_deep,176.794616699,slab_deep,2013-11-30T06:10:22,,,-1
130814,2013-11-30T06:10:23,-66.764,-23.362,210.0,4.5,mw,,,,,,,,,,,,,,,,,ISC,,slab_deep,169.567657471,slab_deep,2013-11-30T06:10:23,,,-1
130813,2013-11-30T06:10:25,-66.944,-23.334,211.2952,4.8,mw,,,,,,,,,,,,,,,,,CSN-improved,,slab_deep,155.708740234,slab_deep,2013-11-30T06:10:25,,,-1
130870,2013-12-01T05:10:07,-67.058,-24.319,167.14,4.8,mw,,,6.1,0.079,,,,,,,,,,,,,USGS,,slab_deep,141.718276978,slab_deep,2013-12-01T05:10:07,,,-1
130873,2013-12-01T05:10:09,-67.483,-24.204,207.6929,4.4,mw,,,,,,,,,,,,,,,,,CSN-improved,,slab_deep,117.900260925,slab_deep,2013-12-01T05:10:09,,,-1
130869,2013-12-01T07:17:15,-66.65,-27.777,143.88,5.0,mw,,,4.1,0.05,,,,,,,,,,,,,USGS,,slab_deep,136.260848999,slab_deep,2013-12-01T07:17:15,,,-1
130871,2013-12-01T07:17:17,-66.821,-27.784,164.0,4.8,mw,,,,,,,,,,,,,,,,,ISC,,slab_deep,130.169448853,slab_deep,2013-12-01T07:17:17,,,-1
130872,2013-12-01T20:19:15,-67.978,-17.575,236.47,4.8,mw,,,7.7,0.241,,,,,,,,,,,,,USGS,,slab_deep,194.93132019,slab_deep,2013-12-01T20:19:15,,,-1
130874,2013-12-01T20:19:16,-68.014,-17.617,224.0,4.3,mw,,,,,,,,,,,,,,,,,ISC,,slab_deep,193.478973389,slab_deep,2013-12-01T20:19:16,,,-1
130915,2013-12-02T02:05:17,-67.18,-23.817,244.3,4.2,mw,,,10.5,,,,,,,,,,,,,,CSN-improved,,slab_deep,135.73928833,slab_deep,2013-12-02T02:05:17,,,-1
130913,2013-12-02T10:12:28,-69.88,-29.471,81.4953,4.5,mw,,,,,,,,,,,,,,,,,CSN-improved,,slab_deep,84.9559249878,slab_deep,2013-12-02T10:12:28,,,-1
130917,2013-12-02T11:36:48,-66.726,-23.113,214.4941,4.1,mw,,,,,,,,,,,,,,,,,CSN-improved,,slab_deep,172.091278076,slab_deep,2013-12-02T11:36:48,,,-1
130909,2013-12-02T14:53:33,-66.617,-24.096,187.2,4.9,mw,,,7.3,0.181,,,,,,,,,,,,,USGS,,slab_deep,173.248931885,slab_deep,2013-12-02T14:53:33,,,-1
130916,2013-12-02T14:53:35,-66.814,-24.068,202.0,4.1,mw,,,,,,,,,,,,,,,,,ISC,,slab_deep,159.556686401,slab_deep,2013-12-02T14:53:35,,,-1
130912,2013-12-02T14:53:36,-67.316,-23.884,245.2,4.8,mw,,,6.6,,,,,,,,,,,,,,CSN-improved,,slab_deep,129.35333252,slab_deep,2013-12-02T14:53:36,,,-1
130918,2013-12-02T18:42:04,-69.485,-28.298,97.4881,4.1,mw,,,,,,,,,,,,,,,,,CSN-improved,,slab_deep,85.2011795044,slab_deep,2013-12-02T18:42:04,,,-1
130914,2013-12-02T21:41:40,-66.496,-21.398,236.16,4.4,mw,,,8.2,0.365,,,,,,,,,,,,,USGS,,slab_deep,203.738021851,slab_deep,2013-12-02T21:41:40,,,-1
130910,2013-12-02T21:41:42,-66.78,-21.375,252.5705,4.9,mw,,,,,,,,,,,,,,,,,CSN-improved,,slab_deep,185.363327026,slab_deep,2013-12-02T21:41:42,,,-1
130961,2013-12-03T08:19:19,-67.609,-19.748,198.83,4.5,mw,,,5.9,0.185,,,,,,,,,,,,,USGS,,slab_deep,168.423126221,slab_deep,2013-12-03T08:19:19,,,-1
130962,2013-12-03T08:19:19,-67.696,-19.735,207.0,4.2,mw,,,,,,,,,,,,,,,,,ISC,,slab_deep,162.03288269,slab_deep,2013-12-03T08:19:19,,,-1
130992,2013-12-04T00:13:09,-69.084,-25.465,112.8307,4.3,mw,,,,,,,,,,,,,,,,,CSN-improved,,slab_deep,81.2958526611,slab_deep,2013-12-04T00:13:09,,,-1
130990,2013-12-04T05:39:34,-69.298,-24.574,69.6,5.4,mw,,,4.7,,323.0,58.0,-78.0,122.0,34.0,-108.0,-6.202e+16,3.39e+16,2.812e+16,1.208e+16,-2.836e+16,-3.557e+16,CSN-improved,,slab_deep,72.7937850952,slab_deep,2013-12-04T05:39:34,,,-1
130991,2013-12-04T05:39:37,-69.39,-24.57,110.2,5.2,mw,0.01,0.01,1.2,,139.0,33.0,-105.0,337.0,58.0,-80.0,-6.202e+16,3.39e+16,2.812e+16,1.208e+16,-2.836e+16,-3.557e+16,GCMT,,slab_deep,70.2714920044,slab_deep,2013-12-04T05:39:37,,,-1
130995,2013-12-04T17:11:42,-67.31,-21.519,264.3,4.0,mw,,,9.3,,,,,,,,,,,,,,CSN-improved,,slab_deep,152.405593872,slab_deep,2013-12-04T17:11:42,,,-1
130993,2013-12-04T17:24:44,-68.896,-22.653,105.4,4.1,mw,,,4.2,,,,,,,,,,,,,,CSN-improved,,slab_deep,80.0751876831,slab_deep,2013-12-04T17:24:44,,,-1
131030,2013-12-05T23:15:28,-70.637,-36.573,135.49,4.6,mw,,,9.2,0.199,,,,,,,,,,,,,USGS,,slab_deep,124.118484497,slab_deep,2013-12-05T23:15:28,,,-1
131032,2013-12-05T23:15:28,-71.031,-36.555,158.2,4.2,mw,,,7.0,,,,,,,,,,,,,,CSN-improved,,slab_deep,105.426109314,slab_deep,2013-12-05T23:15:28,,,-1
131075,2013-12-06T06:54:55,-71.271,-35.184,115.7,4.3,mw,,,3.9,,,,,,,,,,,,,,CSN-improved,,slab_deep,77.5656967163,slab_deep,2013-12-06T06:54:55,,,-1
131065,2013-12-06T06:54:56,-71.012,-35.267,93.56,4.8,mw,,,3.3,0.108,,,,,,,,,,,,,USGS,,slab_deep,89.0208892822,slab_deep,2013-12-06T06:54:56,,,-1
131066,2013-12-06T09:50:07,-68.956,-31.577,114.0,4.8,mw,,,,,,,,,,,,,,,,,ISC,,slab_deep,98.6275863647,slab_deep,2013-12-06T09:50:07,,,-1
131069,2013-12-06T09:50:08,-69.064,-31.604,87.8862,4.5,mw,,,,,,,,,,,,,,,,,CSN-improved,,slab_deep,99.3643951416,slab_deep,2013-12-06T09:50:08,,,-1
131077,2013-12-06T20:11:54,-69.162,-26.012,113.6,4.2,mw,,,6.0,,,,,,,,,,,,,,CSN-improved,,slab_deep,83.1714859009,slab_deep,2013-12-06T20:11:54,,,-1
131063,2013-12-06T22:30:50,-69.745,-16.533,190.49,5.0,mw,,,5.4,0.122,,,,,,,,,,,,,USGS,,slab_deep,153.058883667,slab_deep,2013-12-06T22:30:50,,,-1
131118,2013-12-07T19:57:00,-67.695,-24.211,219.3427,4.1,mw,,,,,,,,,,,,,,,,,CSN-improved,,slab_deep,109.049858093,slab_deep,2013-12-07T19:57:00,,,-1
131117,2013-12-07T23:14:52,-68.072,-21.055,155.3243,4.6,mw,,,,,,,,,,,,,,,,,CSN-improved,,slab_deep,116.135780334,slab_deep,2013-12-07T23:14:52,,,-1
131158,2013-12-08T05:40:48,-68.517,-23.129,108.0,4.1,mw,,,,,,,,,,,,,,,,,ISC,,slab_deep,87.7104034424,slab_deep,2013-12-08T05:40:48,,,-1
131151,2013-12-08T14:01:24,-66.956,-28.6,127.82,5.1,mw,,,6.2,0.175,,,,,,,,,,,,,USGS,,slab_deep,114.305541992,slab_deep,2013-12-08T14:01:24,,,-1
131153,2013-12-08T14:01:25,-67.074,-28.598,140.0,4.7,mw,,,,,,,,,,,,,,,,,ISC,,slab_deep,111.955955505,slab_deep,2013-12-08T14:01:25,,,-1
131150,2013-12-08T17:01:59,-70.09,-19.597,76.6,5.2,mw,,,4.5,0.098,,,,,,,,,,,,,USGS,,slab_deep,53.1101989746,slab_deep,2013-12-08T17:01:59,,,-1
131155,2013-12-08T17:02:00,-70.094,-19.589,77.9451,4.7,mw,,,,,,,,,,,,,,,,,CSN-improved,,slab_deep,53.1101989746,slab_deep,2013-12-08T17:02:00,,,-1
131188,2013-12-09T13:20:47,-67.194,-24.034,186.66,5.0,mw,,,10.5,0.274,,,,,,,,,,,,,USGS,,slab_deep,134.264099121,slab_deep,2013-12-09T13:20:47,,,-1
131187,2013-12-09T16:28:53,-69.532,-18.31,126.3,5.2,mw,,,6.2,0.139,,,,,,,,,,,,,USGS,,slab_deep,97.7129821777,slab_deep,2013-12-09T16:28:53,,,-1
131233,2013-12-10T00:51:31,-69.29,-31.39,117.3,5.1,mw,0.02,0.01,1.4,,202.0,45.0,-117.0,57.0,51.0,-66.0,-4.87e+16,1.88e+16,2.9900000000000004e+16,-1.55e+16,6380000000000000.0,3.04e+16,GCMT,,slab_deep,99.919921875,slab_deep,2013-12-10T00:51:31,,,-1
131234,2013-12-10T14:06:30,-66.54,-22.636,265.5586,4.4,mw,,,,,,,,,,,,,,,,,CSN-improved,,slab_deep,190.423248291,slab_deep,2013-12-10T14:06:30,,,-1
131277,2013-12-11T05:00:48,-66.073,-22.565,267.93,4.8,mw,,,15.8,0.202,,,,,,,,,,,,,USGS,,slab_deep,230.410369873,slab_deep,2013-12-11T05:00:48,,,-1
131281,2013-12-11T05:00:49,-66.584,-22.486,325.8,4.2,mw,,,13.4,,,,,,,,,,,,,,CSN-improved,,slab_deep,187.908584595,slab_deep,2013-12-11T05:00:49,,,-1
131285,2013-12-11T08:27:24,-66.93,-21.606,218.5852,4.0,mw,,,,,,,,,,,,,,,,,CSN-improved,,slab_deep,172.703186035,slab_deep,2013-12-11T08:27:24,,,-1
131318,2013-12-12T16:35:47,-66.599,-23.139,210.77,4.8,mw,,,6.9,0.075,,,,,,,,,,,,,USGS,,slab_deep,182.442596436,slab_deep,2013-12-12T16:35:47,,,-1
131319,2013-12-12T16:35:48,-66.926,-23.123,242.4947,4.8,mw,,,,,,,,,,,,,,,,,CSN-improved,,slab_deep,158.332824707,slab_deep,2013-12-12T16:35:48,,,-1
131355,2013-12-13T09:47:56,-69.491,-17.926,140.2,4.8,mw,,,5.9,0.12,,,,,,,,,,,,,USGS,,slab_deep,107.261947632,slab_deep,2013-12-13T09:47:56,,,-1
131356,2013-12-13T09:47:57,-69.385,-17.891,135.7666,4.0,mw,,,,,,,,,,,,,,,,,CSN-improved,,slab_deep,112.177307129,slab_deep,2013-12-13T09:47:57,,,-1
131401,2013-12-15T14:27:42,-66.994,-24.085,183.65,4.8,mw,,,5.2,0.169,,,,,,,,,,,,,USGS,,slab_deep,146.034179688,slab_deep,2013-12-15T14:27:42,,,-1
131405,2013-12-15T14:27:43,-67.123,-24.076,207.0,4.4,mw,,,,,,,,,,,,,,,,,ISC,,slab_deep,139.886032104,slab_deep,2013-12-15T14:27:43,,,-1
131406,2013-12-15T14:27:45,-67.313,-24.06,205.915,4.3,mw,,,,,,,,,,,,,,,,,CSN-improved,,slab_deep,128.633789062,slab_deep,2013-12-15T14:27:45,,,-1
131402,2013-12-15T15:18:10,-69.499,-18.784,134.48,4.8,mw,,,7.1,0.311,,,,,,,,,,,,,USGS,,slab_deep,89.9461975098,slab_deep,2013-12-15T15:18:10,,,-1
131403,2013-12-15T22:07:31,-68.689,-21.721,128.0,4.8,mw,,,4.1,0.189,,,,,,,,,,,,,USGS,,slab_deep,88.7285919189,slab_deep,2013-12-15T22:07:31,,,-1
131408,2013-12-15T22:07:31,-68.574,-21.716,116.679,4.0,mw,,,,,,,,,,,,,,,,,CSN-improved,,slab_deep,92.8316421509,slab_deep,2013-12-15T22:07:31,,,-1
131424,2013-12-16T19:29:54,-69.351,-17.6,155.0,4.8,mw,,,,,,,,,,,,,,,,,ISC,,slab_deep,122.395317078,slab_deep,2013-12-16T19:29:54,,,-1
131425,2013-12-16T19:29:55,-69.569,-17.821,169.8,4.5,mw,,,5.3,,,,,,,,,,,,,,CSN-improved,,slab_deep,109.274757385,slab_deep,2013-12-16T19:29:55,,,-1
131456,2013-12-17T03:22:20,-68.896,-21.206,112.0,4.1,mw,,,,,,,,,,,,,,,,,ISC,,slab_deep,85.6465454102,slab_deep,2013-12-17T03:22:20,,,-1
131455,2013-12-17T05:56:15,-70.179,-17.364,130.0,4.2,mw,,,6.9,,,,,,,,,,,,,,CSN-improved,,slab_deep,102.202934265,slab_deep,2013-12-17T05:56:15,,,-1
131556,2013-12-20T11:43:12,-66.97,-24.16,204.0,4.7,mw,,,8.7,0.266,,,,,,,,,,,,,USGS,,slab_deep,148.857269287,slab_deep,2013-12-20T11:43:12,,,-1
131559,2013-12-20T11:43:14,-67.455,-23.927,235.8,4.3,mw,,,9.0,,,,,,,,,,,,,,CSN-improved,,slab_deep,121.105690002,slab_deep,2013-12-20T11:43:14,,,-1
131558,2013-12-20T18:10:04,-68.795,-21.721,120.0,4.5,mw,,,1.9,0.261,,,,,,,,,,,,,USGS,,slab_deep,86.0927734375,slab_deep,2013-12-20T18:10:04,,,-1
131561,2013-12-20T18:10:05,-68.768,-21.722,120.0393,4.2,mw,,,,,,,,,,,,,,,,,CSN-improved,,slab_deep,87.407585144,slab_deep,2013-12-20T18:10:05,,,-1
131555,2013-12-20T21:13:49,-66.617,-24.085,189.03,4.8,mw,,,7.3,0.179,,,,,,,,,,,,,USGS,,slab_deep,173.248931885,slab_deep,2013-12-20T21:13:49,,,-1
131560,2013-12-20T21:13:52,-67.187,-23.949,238.9421,4.3,mw,,,,,,,,,,,,,,,,,CSN-improved,,slab_deep,134.803634644,slab_deep,2013-12-20T21:13:52,,,-1
131594,2013-12-21T17:16:41,-67.646,-23.907,216.7,4.0,mw,,,9.7,,,,,,,,,,,,,,CSN-improved,,slab_deep,111.765510559,slab_deep,2013-12-21T17:16:41,,,-1
131589,2013-12-21T19:42:17,-66.962,-28.764,153.0,5.2,mw,,,4.7,0.063,,,,,,,,,,,,,USGS,,slab_deep,112.309593201,slab_deep,2013-12-21T19:42:17,,,-1
131590,2013-12-21T19:42:18,-66.975,-28.746,150.0,4.9,mw,,,,,,,,,,,,,,,,,ISC,,slab_deep,111.22505188,slab_deep,2013-12-21T19:42:18,,,-1
131633,2013-12-22T01:53:29,-70.653,-32.925,91.0,4.7,mw,,,,,,,,,,,,,,,,,ISC,,slab_deep,74.001121521,slab_deep,2013-12-22T01:53:29,,,-1
131632,2013-12-22T01:53:30,-70.621,-32.872,95.3,5.0,mw,,,3.2,,,,,,,,,,,,,,CSN-improved,,slab_deep,75.8069000244,slab_deep,2013-12-22T01:53:30,,,-1
131636,2013-12-22T02:37:53,-70.139,-19.048,64.7284,4.0,mw,,,,,,,,,,,,,,,,,CSN-improved,,slab_deep,60.1413726807,slab_deep,2013-12-22T02:37:53,,,-1
131634,2013-12-22T23:09:02,-69.4,-17.535,155.42,4.5,mw,,,7.4,0.213,,,,,,,,,,,,,USGS,,slab_deep,122.005012512,slab_deep,2013-12-22T23:09:02,,,-1
131635,2013-12-22T23:09:02,-69.469,-17.502,159.0,4.2,mw,,,,,,,,,,,,,,,,,ISC,,slab_deep,121.698669434,slab_deep,2013-12-22T23:09:02,,,-1
131699,2013-12-23T02:31:13,-68.896,-24.568,104.0,4.0,mw,,,,,,,,,,,,,,,,,ISC,,slab_deep,80.9527282715,slab_deep,2013-12-23T02:31:13,,,-1
131697,2013-12-23T08:59:06,-65.991,-22.516,244.35,4.7,mw,,,16.5,0.307,,,,,,,,,,,,,USGS,,slab_deep,234.782989502,slab_deep,2013-12-23T08:59:06,,,-1
131698,2013-12-23T08:59:08,-66.667,-22.28,292.9,4.2,mw,,,14.6,,,,,,,,,,,,,,CSN-improved,,slab_deep,185.83706665,slab_deep,2013-12-23T08:59:08,,,-1
131732,2013-12-24T07:35:54,-68.118,-20.056,164.82,4.6,mw,,,8.7,0.175,,,,,,,,,,,,,USGS,,slab_deep,129.53163147,slab_deep,2013-12-24T07:35:54,,,-1
131733,2013-12-24T07:35:54,-68.058,-20.031,166.0,4.3,mw,,,,,,,,,,,,,,,,,ISC,,slab_deep,132.458526611,slab_deep,2013-12-24T07:35:54,,,-1
131763,2013-12-25T16:00:51,-68.684,-23.802,101.5,4.9,mw,,,5.7,0.383,,,,,,,,,,,,,USGS,,slab_deep,82.9245376587,slab_deep,2013-12-25T16:00:51,,,-1
131765,2013-12-25T16:00:53,-68.813,-23.691,102.2213,4.1,mw,,,,,,,,,,,,,,,,,CSN-improved,,slab_deep,80.9673080444,slab_deep,2013-12-25T16:00:53,,,-1
131764,2013-12-25T21:10:43,-71.673,-38.046,148.6,4.5,mw,,,7.0,0.185,,,,,,,,,,,,,USGS,,slab_deep,99.4989471436,slab_deep,2013-12-25T21:10:43,,,-1
131767,2013-12-25T21:10:43,-71.623,-38.097,146.0463,4.0,mw,,,,,,,,,,,,,,,,,CSN-improved,,slab_deep,101.813285828,slab_deep,2013-12-25T21:10:43,,,-1
131783,2013-12-26T15:07:27,-68.671,-20.997,123.4,4.0,mw,,,5.6,,,,,,,,,,,,,,CSN-improved,,slab_deep,93.7688446045,slab_deep,2013-12-26T15:07:27,,,-1
131806,2013-12-27T15:56:33,-68.186,-23.542,149.9,4.7,mw,,,5.4,0.2,,,,,,,,,,,,,USGS,,slab_deep,93.6864624023,slab_deep,2013-12-27T15:56:33,,,-1
131808,2013-12-27T15:56:34,-68.186,-23.542,149.9,4.2,mw,,,6.6,,,,,,,,,,,,,,CSN-improved,,slab_deep,93.6864624023,slab_deep,2013-12-27T15:56:34,,,-1
131811,2013-12-27T20:13:10,-68.556,-21.169,131.4,4.0,mw,,,6.0,,,,,,,,,,,,,,CSN-improved,,slab_deep,95.898109436,slab_deep,2013-12-27T20:13:10,,,-1
131809,2013-12-27T22:38:58,-71.285,-33.901,60.9937,4.2,mw,,,,,,,,,,,,,,,,,CSN-improved,,slab_deep,52.8092956543,slab_deep,2013-12-27T22:38:58,,,-1
131832,2013-12-28T02:39:07,-68.654,-21.884,131.0,4.5,mw,,,5.0,0.522,,,,,,,,,,,,,USGS,,slab_deep,89.1192016602,slab_deep,2013-12-28T02:39:07,,,-1
131834,2013-12-28T02:39:07,-68.531,-21.918,124.4565,4.1,mw,,,,,,,,,,,,,,,,,CSN-improved,,slab_deep,91.8339004517,slab_deep,2013-12-28T02:39:07,,,-1
131833,2013-12-28T15:10:11,-67.114,-23.455,222.005,4.5,mw,,,,,,,,,,,,,,,,,CSN-improved,,slab_deep,144.86882019,slab_deep,2013-12-28T15:10:11,,,-1
131850,2013-12-29T15:08:34,-70.06,-33.951,108.6,5.0,mw,,,2.9,0.125,,,,,,,,,,,,,USGS,,slab_deep,101.972213745,slab_deep,2013-12-29T15:08:34,,,-1
131852,2013-12-29T15:08:34,-70.329,-33.985,101.3,4.2,mw,,,3.5,,,,,,,,,,,,,,CSN-improved,,slab_deep,92.4050216675,slab_deep,2013-12-29T15:08:34,,,-1
131851,2013-12-29T17:39:29,-68.397,-21.265,123.72,5.0,mw,,,7.0,0.141,,,,,,,,,,,,,USGS,,slab_deep,100.118759155,slab_deep,2013-12-29T17:39:29,,,-1
131853,2013-12-29T17:39:29,-68.621,-21.247,133.2,4.2,mw,,,5.3,,,,,,,,,,,,,,CSN-improved,,slab_deep,93.8084182739,slab_deep,2013-12-29T17:39:29,,,-1
131888,2013-12-30T06:38:23,-68.446,-21.842,125.0,4.1,mw,,,,,,,,,,,,,,,,,ISC,,slab_deep,94.9799194336,slab_deep,2013-12-30T06:38:23,,,-1
131885,2013-12-30T18:49:35,-66.997,-24.237,159.91,4.8,mw,,,11.9,0.537,,,,,,,,,,,,,USGS,,slab_deep,145.053405762,slab_deep,2013-12-30T18:49:35,,,-1
131886,2013-12-30T18:49:38,-67.453,-24.043,211.2,4.2,mw,,,6.2,,,,,,,,,,,,,,CSN-improved,,slab_deep,120.749938965,slab_deep,2013-12-30T18:49:38,,,-1
131887,2013-12-30T20:37:03,-69.134,-19.796,97.418,4.2,mw,,,,,,,,,,,,,,,,,CSN-improved,,slab_deep,87.5913085938,slab_deep,2013-12-30T20:37:03,,,-1
131929,2013-12-31T03:18:11,-67.966,-22.168,221.4,4.0,mw,,,10.8,,,,,,,,,,,,,,CSN-improved,,slab_deep,111.586868286,slab_deep,2013-12-31T03:18:11,,,-1
131928,2013-12-31T11:21:24,-67.817,-21.149,146.52,4.6,mw,,,7.9,0.372,,,,,,,,,,,,,USGS,,slab_deep,127.785194397,slab_deep,2013-12-31T11:21:24,,,-1
132791,2014-01-29T10:01:55,-69.64,-18.65,135.5,5.7,mw,0.01,0.01,0.8,,252.0,31.0,-14.0,355.0,83.0,-120.0,-1.025e+17,2.45e+16,7.81e+16,-1.79e+16,-2.487e+17,1.134e+17,GCMT,,slab_deep,87.3233566284,slab_deep,2014-01-29T10:01:55,5.3,1.998631074606434,9
133225,2014-02-10T11:00:17,-68.81,-22.38,123.8,5.3,mw,0.01,0.01,1.7,,250.0,41.0,-19.0,355.0,77.0,-130.0,-3.701e+16,-1.14e+16,4.841e+16,9530000000000000.0,-5.976e+16,4.608e+16,GCMT,,slab_deep,83.2752304077,slab_deep,2014-02-10T11:00:17,5.3,1.998631074606434,9
133286,2014-02-12T11:43:11,-68.724,-22.348,98.7,5.7,mw,,,3.1,,334.0,60.0,-115.0,198.0,39.0,-53.0,-2.755e+17,-7.73e+16,3.528e+17,1.271e+17,-1.179e+17,-3.94e+16,CSN-improved,,slab_deep,85.9323348999,slab_deep,2014-02-12T11:43:11,5.3,1.998631074606434,9
133285,2014-02-12T11:43:19,-68.71,-22.2,131.0,5.8,mw,0.04,0.03,5.7,,190.0,41.0,-57.0,329.0,57.0,-115.0,-2.755e+17,-7.73e+16,3.528e+17,1.271e+17,-1.179e+17,-3.94e+16,GCMT,,slab_deep,86.5230255127,slab_deep,2014-02-12T11:43:19,5.3,1.998631074606434,9
133287,2014-02-12T13:35:24,-71.617,-34.748,44.88,5.6,mw,,,3.9,0.035,,,,,,,,,,,,,USGS,,slab_deep,53.7833442688,slab_deep,2014-02-12T13:35:24,5.3,1.998631074606434,9
133621,2014-02-23T23:40:03,-68.706,-23.84,99.9746,5.3,mw,,,,,,,,,,,,,,,,,CSN-improved,,slab_deep,82.9653930664,slab_deep,2014-02-23T23:40:03,5.3,1.998631074606434,9
134816,2014-03-25T14:38:25,-70.458,-17.527,85.07,5.5,mw,,,4.8,0.069,,,,,,,,,,,,,USGS,,slab_deep,88.2691574097,slab_deep,2014-03-25T14:38:25,5.3,1.998631074606434,9
135082,2014-03-31T12:53:11,-69.27,-19.54,129.9,5.6,mw,0.01,0.01,0.8,,275.0,48.0,-36.0,31.0,64.0,-132.0,-2.077e+17,1.562e+17,5.15e+16,6900000000000000.0,-1.891e+17,5.01e+16,GCMT,,slab_deep,87.1651153564,slab_deep,2014-03-31T12:53:11,5.3,1.998631074606434,9
135322,2014-04-03T06:16:08,-69.266,-18.957,101.93,5.3,mw,,,3.9,0.037,,,,,,,,,,,,,USGS,,slab_deep,96.3636856079,slab_deep,2014-04-03T06:16:08,5.3,1.998631074606434,9
135490,2014-04-04T09:52:14,-70.54,-31.45,116.4,5.4,mw,0.01,0.01,1.0,,167.0,66.0,169.0,262.0,80.0,24.0,2500000000000000.0,-7.01e+16,6.76e+16,-5.05e+16,-9500000000000000.0,1.14e+17,GCMT,,slab_deep,81.6082763672,slab_deep,2014-04-04T09:52:14,5.3,1.998631074606434,9
136874,2014-05-05T13:38:30,-67.904,-20.26,156.08,5.3,mw,,,5.0,0.036,,,,,,,,,,,,,USGS,,slab_deep,136.942016602,slab_deep,2014-05-05T13:38:30,5.3,1.998631074606434,9
136986,2014-05-08T11:03:08,-66.915,-23.928,209.54,5.3,mw,,,,,,,,,,,,,,,,,CSN-improved,,slab_deep,153.606719971,slab_deep,2014-05-08T11:03:08,5.3,1.998631074606434,9
137107,2014-05-14T03:38:24,-66.921,-22.79,245.313,5.8,mw,,,,,179.0,88.0,81.0,74.0,9.0,165.0,7300000000000000.0,4.88e+16,-5.61e+16,-1900000000000000.0,-3.521e+17,-5.4e+16,CSN-improved,,slab_deep,164.711791992,slab_deep,2014-05-14T03:38:24,5.3,1.998631074606434,9
137108,2014-05-14T03:38:26,-66.63,-22.78,239.0,5.6,mw,0.01,0.01,0.8,,298.0,7.0,29.0,180.0,87.0,96.0,7300000000000000.0,4.88e+16,-5.61e+16,-1900000000000000.0,-3.521e+17,-5.4e+16,GCMT,,slab_deep,182.000747681,slab_deep,2014-05-14T03:38:26,5.3,1.998631074606434,9
137162,2014-05-16T17:08:37,-68.82,-23.51,131.3,5.5,mw,0.01,0.01,0.6,,123.0,41.0,-124.0,345.0,56.0,-64.0,-1.576e+17,8.21e+16,7.56e+16,5500000000000000.0,-9.92e+16,-1.258e+17,GCMT,,slab_deep,80.9206390381,slab_deep,2014-05-16T17:08:37,5.3,1.998631074606434,9
137194,2014-05-17T00:14:11,-67.528,-24.007,226.6,5.3,mw,,,6.7,,,,,,,,,,,,,,CSN-improved,,slab_deep,116.032424927,slab_deep,2014-05-17T00:14:11,5.3,1.998631074606434,9
138276,2014-07-13T07:18:28,-70.81,-30.98,105.7,5.4,mw,0.01,0.01,1.0,,290.0,7.0,32.0,168.0,86.0,96.0,7.75e+16,-6610000000000000.0,-7.089e+16,4.137e+16,-9.368e+16,1.054e+16,GCMT,,slab_deep,70.3618469238,slab_deep,2014-07-13T07:18:28,5.3,1.998631074606434,9
138439,2014-07-23T21:39:09,-68.74,-20.238,122.0,5.5,mw,,,3.1,,329.0,65.0,-122.0,206.0,40.0,-40.0,-2.174e+17,-1.144e+17,3.318e+17,1.407e+17,-1.324e+17,-2.81e+16,CSN-improved,,slab_deep,96.4017181396,slab_deep,2014-07-23T21:39:09,5.3,1.998631074606434,9
138438,2014-07-23T21:39:11,-68.77,-20.29,136.3,5.6,mw,0.01,0.01,0.8,,212.0,36.0,-30.0,327.0,73.0,-122.0,-2.174e+17,-1.144e+17,3.318e+17,1.407e+17,-1.324e+17,-2.81e+16,GCMT,,slab_deep,95.8895874023,slab_deep,2014-07-23T21:39:11,5.3,1.998631074606434,9
138560,2014-07-31T18:09:17,-71.43,-16.68,114.0,5.4,mw,,,4.1,0.031,,,,,,,,,,,,,USGS,,slab_deep,94.0773239136,slab_deep,2014-07-31T18:09:17,5.3,1.998631074606434,9
138582,2014-08-01T14:48:24,-66.909,-23.162,217.4696,5.4,mw,,,,,,,,,,,,,,,,,CSN-improved,,slab_deep,161.17855835,slab_deep,2014-08-01T14:48:24,5.3,1.998631074606434,9
138921,2014-08-23T04:45:38,-69.23,-20.13,124.8,5.6,mw,0.01,0.01,0.9,,304.0,6.0,45.0,168.0,86.0,94.0,1.67e+16,-3.4e+16,1.72e+16,6.9e+16,-2.744e+17,1.58e+16,GCMT,,slab_deep,80.7248764038,slab_deep,2014-08-23T04:45:38,5.3,1.998631074606434,9
138980,2014-08-25T14:31:40,-73.13,-16.2,90.5,5.5,mw,0.01,0.01,0.9,,134.0,34.0,133.0,266.0,66.0,66.0,1.999e+17,-1.884e+17,-1.14e+16,-1.411e+17,-4.92e+16,7.67e+16,GCMT,,slab_deep,58.0002098083,slab_deep,2014-08-25T14:31:40,5.3,1.998631074606434,9
139446,2014-09-24T11:16:13,-66.589,-23.785,205.0,6.0,mw,,,,,7.0,61.0,-78.0,164.0,31.0,-109.0,-1.798e+18,-2.68e+17,2.066e+18,-3.07e+17,-1.191e+18,-1.57e+17,ISC,,slab_deep,176.099594116,slab_deep,2014-09-24T11:16:13,5.3,1.998631074606434,9
139445,2014-09-24T11:16:19,-66.72,-23.78,227.6,6.2,mw,0.0,0.0,0.3,,177.0,31.0,-97.0,5.0,59.0,-86.0,-1.798e+18,-2.68e+17,2.066e+18,-3.07e+17,-1.191e+18,-1.57e+17,GCMT,,slab_deep,168.798171997,slab_deep,2014-09-24T11:16:19,5.3,1.998631074606434,9
139618,2014-10-07T05:09:14,-69.63,-19.6,122.3,5.4,mw,0.01,0.01,0.9,,137.0,23.0,-126.0,355.0,71.0,-76.0,-8.89e+16,1.95e+16,6.94e+16,8300000000000000.0,-1.224e+17,-2.28e+16,GCMT,,slab_deep,71.7131271362,slab_deep,2014-10-07T05:09:14,5.3,1.998631074606434,9
140178,2014-11-10T11:39:06,-68.8,-21.63,118.1,5.5,mw,0.01,0.01,1.1,,259.0,43.0,-26.0,8.0,73.0,-130.0,-1.123e+17,-100000000000000.0,1.124e+17,2.75e+16,-2.174e+17,1.685e+17,GCMT,,slab_deep,86.3216781616,slab_deep,2014-11-10T11:39:06,5.3,1.998631074606434,9
141131,2015-01-10T17:55:06,-68.69,-21.57,132.4,5.4,mw,0.01,0.01,0.7,,117.0,35.0,-122.0,334.0,61.0,-70.0,-1.6e+17,1.023e+17,5.77e+16,1.16e+16,-1.064e+17,-8.98e+16,GCMT,,slab_deep,89.4521255493,slab_deep,2015-01-10T17:55:06,5.3,1.998631074606434,9
141570,2015-02-02T10:49:52,-67.14,-32.77,176.8,6.3,mw,0.0,0.0,0.3,,304.0,4.0,-13.0,47.0,89.0,-94.0,-2.36e+17,1.1e+17,1.26e+17,-2.855e+18,-2.08e+18,4.65e+17,GCMT,,slab_deep,147.476715088,slab_deep,2015-02-02T10:49:52,5.3,1.998631074606434,9
141714,2015-02-11T13:01:20,-66.84,-23.5,219.5,5.5,mw,0.01,0.01,0.7,,156.0,13.0,-100.0,346.0,77.0,-88.0,-5.79e+16,600000000000000.0,5.72e+16,3.98e+16,-1.73e+17,-3.16e+16,GCMT,,slab_deep,161.024658203,slab_deep,2015-02-11T13:01:20,5.3,1.998631074606434,9
141713,2015-02-11T18:57:27,-66.8,-23.14,223.0,6.7,mw,0.0,0.0,0.3,,168.0,19.0,-104.0,3.0,72.0,-85.0,-9.41e+18,-4.7e+17,9.88e+18,-8.9e+17,-1.012e+19,-2.6e+17,GCMT,,slab_deep,168.07170105,slab_deep,2015-02-11T18:57:27,5.3,1.998631074606434,9
141821,2015-02-17T14:36:00,-70.86,-32.33,102.2,5.4,mw,0.01,0.01,1.3,,339.0,80.0,170.0,70.0,80.0,10.0,2.71e+16,-1.372e+17,1.101e+17,400000000000000.0,-2.56e+16,7.18e+16,GCMT,,slab_deep,66.6084594727,slab_deep,2015-02-17T14:36:00,5.3,1.998631074606434,9
141926,2015-02-24T05:13:55,-66.86,-22.71,215.4,5.3,mw,0.01,0.01,1.1,,138.0,30.0,-118.0,350.0,64.0,-75.0,-8.167e+16,1.181e+16,6.986e+16,9730000000000000.0,-5.355e+16,-3.139e+16,GCMT,,slab_deep,168.995101929,slab_deep,2015-02-24T05:13:55,5.3,1.998631074606434,9
142030,2015-03-01T15:08:31,-71.786,-17.112,55.6,5.3,mw,,,17.9,,,,,,,,,,,,,,CSN-improved,,slab_deep,63.9706878662,slab_deep,2015-03-01T15:08:31,5.3,1.998631074606434,9
142445,2015-03-23T04:51:42,-69.44,-18.47,140.8,6.4,mw,0.0,0.0,0.3,,228.0,17.0,-32.0,349.0,81.0,-105.0,-1.852e+18,-8.19e+17,2.67e+18,6.09e+17,-4.675e+18,5.96e+17,GCMT,,slab_deep,98.2606124878,slab_deep,2015-03-23T04:51:42,5.3,1.998631074606434,9
142559,2015-03-28T16:36:56,-68.76,-22.07,122.5,5.7,mw,0.01,0.01,0.7,,153.0,32.0,-113.0,359.0,61.0,-77.0,-3.241e+17,-8400000000000000.0,3.325e+17,1.9e+16,-1.493e+17,-6.3e+16,GCMT,,slab_deep,85.8593292236,slab_deep,2015-03-28T16:36:56,5.3,1.998631074606434,9
142578,2015-03-30T21:00:51,-66.26,-22.78,257.4,5.3,mw,0.02,0.02,2.1,,279.0,27.0,15.0,176.0,83.0,117.0,1.97e+16,-4610000000000000.0,-1.51e+16,1700000000000000.0,-8.38e+16,4.42e+16,GCMT,,slab_deep,212.491439819,slab_deep,2015-03-30T21:00:51,5.3,1.998631074606434,9
142848,2015-04-16T18:05:55,-66.833,-24.155,175.0,5.3,mw,,,8.6,0.117,,,,,,,,,,,,,USGS,,slab_deep,155.366592407,slab_deep,2015-04-16T18:05:55,5.3,1.998631074606434,9
143451,2015-05-23T12:54:28,-69.206,-18.459,115.18,5.5,mw,,,2.5,0.029,,,,,,,,,,,,,USGS,,slab_deep,107.625183105,slab_deep,2015-05-23T12:54:28,5.3,1.998631074606434,9
143504,2015-05-26T10:32:06,-68.63,-21.94,142.7,5.6,mw,0.01,0.01,0.9,,113.0,32.0,-171.0,16.0,85.0,-58.0,-9.71e+16,-5.62e+16,1.532e+17,-8.77e+16,-1.949e+17,-1.453e+17,GCMT,,slab_deep,88.8909759521,slab_deep,2015-05-26T10:32:06,5.3,1.998631074606434,9
143701,2015-06-09T16:44:44,-66.814,-23.99,214.2,5.3,mw,,,6.2,,,,,,,,,,,,,,CSN-improved,,slab_deep,159.976547241,slab_deep,2015-06-09T16:44:44,5.3,1.998631074606434,9
143719,2015-06-10T13:52:13,-68.47,-22.48,146.8,6.1,mw,0.01,0.0,0.4,,136.0,40.0,-79.0,301.0,51.0,-100.0,-1.4e+18,9.23e+17,4.77e+17,7.3e+16,1.34e+17,-8.13e+17,GCMT,,slab_deep,91.7281951904,slab_deep,2015-06-10T13:52:13,5.3,1.998631074606434,9
144967,2015-09-01T15:28:59,-69.35,-19.73,136.9,5.4,mw,0.02,0.01,1.4,,282.0,57.0,-28.0,28.0,67.0,-144.0,-3.99e+16,1.457e+17,-1.057e+17,-1.4e+16,-1.8e+16,9.09e+16,GCMT,,slab_deep,81.1599655151,slab_deep,2015-09-01T15:28:59,5.3,1.998631074606434,9
146299,2015-09-25T03:21:57,-69.249,-20.923,89.0779,5.3,mw,,,,,,,,,,,,,,,,,CSN-improved,,slab_deep,76.053024292,slab_deep,2015-09-25T03:21:57,5.3,1.998631074606434,9
146529,2015-09-28T15:28:04,-66.72,-23.833,199.2,6.0,mw,,,6.3,0.1,143.0,3.0,-122.0,355.0,87.0,-88.0,-8.23e+16,-2.35e+16,1.058e+17,1.041e+17,-9.694e+17,-1.19e+16,ISC-GEM,,slab_deep,168.339538574,slab_deep,2015-09-28T15:28:04,5.3,1.998631074606434,9
146530,2015-09-28T15:28:10,-66.89,-23.84,221.4,6.0,mw,0.01,0.01,0.4,,143.0,3.0,-122.0,355.0,87.0,-88.0,-8.23e+16,-2.35e+16,1.058e+17,1.041e+17,-9.694e+17,-1.19e+16,GCMT,,slab_deep,154.412979126,slab_deep,2015-09-28T15:28:10,5.3,1.998631074606434,9
146865,2015-10-04T14:50:38,-72.33,-16.33,122.5,5.4,mw,0.01,0.01,1.2,,118.0,59.0,178.0,209.0,88.0,31.0,4800000000000000.0,-7.83e+16,7.34e+16,-2.69e+16,-6.67e+16,-7.35e+16,GCMT,,slab_deep,75.5644607544,slab_deep,2015-10-04T14:50:38,5.3,1.998631074606434,9
147057,2015-10-09T04:09:39,-70.0,-16.329,233.0,5.5,mw,,,0.0,,,,,,,,,,,,,,CSN-improved,,slab_deep,156.585266113,slab_deep,2015-10-09T04:09:39,5.3,1.998631074606434,9
147606,2015-10-26T14:38:58,-69.463,-17.974,115.72,5.4,mw,,,5.3,0.048,,,,,,,,,,,,,USGS,,slab_deep,109.079299927,slab_deep,2015-10-26T14:38:58,5.3,1.998631074606434,9
147772,2015-11-01T15:16:20,-68.63,-23.19,127.5,5.9,mw,0.01,0.01,0.6,,161.0,43.0,-81.0,330.0,48.0,-98.0,-6.691e+17,-2.18e+16,6.909e+17,4.5e+16,1.212e+17,-1.305e+17,GCMT,,slab_deep,84.3323516846,slab_deep,2015-11-01T15:16:20,5.3,1.998631074606434,9
147950,2015-11-08T08:13:41,-69.5,-17.29,176.3,5.7,mw,0.01,0.01,0.7,,243.0,10.0,-3.0,336.0,90.0,-100.0,2.38e+16,-1.126e+17,8.88e+16,1.377e+17,-3.242e+17,1.143e+17,GCMT,,slab_deep,126.706962585,slab_deep,2015-11-08T08:13:41,5.3,1.998631074606434,9
147994,2015-11-09T04:46:30,-69.23,-23.51,123.0,5.3,mw,0.01,0.01,0.9,,191.0,23.0,-81.0,2.0,68.0,-94.0,-9.62e+16,-9500000000000000.0,1.056e+17,-3000000000000000.0,-7.05e+16,-6300000000000000.0,GCMT,,slab_deep,70.6296615601,slab_deep,2015-11-09T04:46:30,5.3,1.998631074606434,9
148035,2015-11-10T17:48:27,-68.88,-22.23,127.9,5.3,mw,0.01,0.01,0.9,,161.0,19.0,-114.0,6.0,73.0,-82.0,-7.46e+16,-8900000000000000.0,8.35e+16,-1.15e+16,-1.024e+17,1.8e+16,GCMT,,slab_deep,81.2655487061,slab_deep,2015-11-10T17:48:27,5.3,1.998631074606434,9
148797,2015-12-07T18:03:10,-70.002,-18.738,99.6,5.3,mw,,,4.1,0.061,,,,,,,,,,,,,USGS,,slab_deep,72.2878341675,slab_deep,2015-12-07T18:03:10,5.3,1.998631074606434,9
149162,2015-12-23T14:59:54,-67.622,-24.287,210.8586,5.5,mw,,,,,,,,,,,,,,,,,CSN-improved,,slab_deep,113.148361206,slab_deep,2015-12-23T14:59:54,5.3,1.998631074606434,9
149223,2015-12-26T01:36:41,-68.708,-31.199,93.53,5.3,mw,,,4.0,0.036,,,,,,,,,,,,,USGS,,slab_deep,93.9062347412,slab_deep,2015-12-26T01:36:41,5.3,1.998631074606434,9
149642,2016-01-13T13:31:04,-67.08,-24.146,159.79,5.3,mw,,,6.0,0.078,,,,,,,,,,,,,USGS,,slab_deep,139.601303101,slab_deep,2016-01-13T13:31:04,5.3,6.997675171749436,10
149881,2016-01-24T12:52:08,-66.865,-23.172,216.1933,5.3,mw,,,,,,,,,,,,,,,,,CSN-improved,,slab_deep,164.600646973,slab_deep,2016-01-24T12:52:08,5.3,6.997675171749436,10
151482,2016-04-03T05:41:42,-69.699,-16.709,160.67,5.3,mw,,,5.9,0.043,,,,,,,,,,,,,USGS,,slab_deep,146.37928772,slab_deep,2016-04-03T05:41:42,5.3,6.997675171749436,10
151726,2016-04-13T20:02:04,-66.54,-21.03,257.8,5.5,mw,0.03,0.03,3.2,,113.0,15.0,-151.0,354.0,83.0,-77.0,-3.41e+16,1100000000000000.0,3.31e+16,1100000000000000.0,-1.035e+17,-5.09e+16,GCMT,,slab_deep,205.141799927,slab_deep,2016-04-13T20:02:04,5.3,6.997675171749436,10
151805,2016-04-16T06:05:24,-70.049,-26.472,82.1774,5.4,mw,,,,,245.0,61.0,-137.0,131.0,53.0,-36.0,-5.919e+16,9.335e+16,-3.416e+16,2.011e+16,6.402e+16,-1.995e+16,CSN-improved,,slab_deep,61.7651176453,slab_deep,2016-04-16T06:05:24,5.3,6.997675171749436,10
151806,2016-04-16T06:05:27,-70.15,-26.48,101.9,5.3,mw,0.01,0.01,1.2,,266.0,51.0,-135.0,143.0,57.0,-49.0,-5.919e+16,9.335e+16,-3.416e+16,2.011e+16,6.402e+16,-1.995e+16,GCMT,,slab_deep,57.8769683838,slab_deep,2016-04-16T06:05:27,5.3,6.997675171749436,10
152028,2016-04-26T19:58:16,-68.706,-21.069,132.55,5.3,mw,,,6.1,0.065,,,,,,,,,,,,,USGS,,slab_deep,92.011505127,slab_deep,2016-04-26T19:58:16,5.3,6.997675171749436,10
152053,2016-04-27T10:13:52,-67.235,-24.094,230.6,5.4,mw,,,5.9,,203.0,26.0,-64.0,355.0,67.0,-102.0,-4.94e+16,-8330000000000000.0,5.78e+16,9010000000000000.0,-4.89e+16,9000000000000000.0,CSN-improved,,slab_deep,131.183303833,slab_deep,2016-04-27T10:13:52,5.3,6.997675171749436,10
152553,2016-05-18T14:49:10,-67.2,-24.34,183.6,5.3,mw,0.02,0.01,1.5,,165.0,31.0,-84.0,338.0,59.0,-94.0,-6.406e+16,-3480000000000000.0,6.754e+16,2.966e+16,-3.746e+16,-1.921e+16,GCMT,,slab_deep,132.862457275,slab_deep,2016-05-18T14:49:10,5.3,6.997675171749436,10
153240,2016-06-18T17:29:49,-67.27,-24.21,192.3,5.7,mw,0.01,0.01,0.6,,183.0,22.0,-78.0,350.0,69.0,-95.0,-2.96e+17,8900000000000000.0,2.871e+17,1.109e+17,-3.507e+17,1.28e+16,GCMT,,slab_deep,130.753890991,slab_deep,2016-06-18T17:29:49,5.3,6.997675171749436,10
153388,2016-06-24T21:29:21,-69.51,-25.79,128.3,5.4,mw,0.01,0.01,1.1,,153.0,67.0,9.0,60.0,82.0,156.0,1.24e+17,1.114e+17,-2.354e+17,2.34e+16,3.84e+16,-9.38e+16,GCMT,,slab_deep,75.0140380859,slab_deep,2016-06-24T21:29:21,5.3,6.997675171749436,10
154151,2016-07-27T06:43:52,-68.13,-24.17,143.6,5.4,mw,0.01,0.01,0.8,,135.0,33.0,-106.0,334.0,58.0,-80.0,-1.347e+17,3.83e+16,9.64e+16,2.73e+16,-4.39e+16,-7.39e+16,GCMT,,slab_deep,94.3436737061,slab_deep,2016-07-27T06:43:52,5.3,6.997675171749436,10
154295,2016-08-03T10:31:32,-67.107,-24.203,172.95,5.3,mw,,,6.2,0.084,,,,,,,,,,,,,USGS,,slab_deep,139.322631836,slab_deep,2016-08-03T10:31:32,5.3,6.997675171749436,10
154335,2016-08-04T14:15:13,-66.008,-22.334,270.0,6.2,mw,,,1.9,,176.0,83.0,88.0,9.0,7.0,103.0,5.3e+17,1.18e+17,-6.48e+17,1.77e+17,-2.278e+18,-1e+16,USGS,,slab_deep,234.87600708,slab_deep,2016-08-04T14:15:13,5.3,6.997675171749436,10
154336,2016-08-04T14:15:18,-66.01,-22.17,277.2,6.1,mw,0.0,0.0,0.3,,356.0,4.0,96.0,170.0,86.0,90.0,5.3e+17,1.18e+17,-6.48e+17,1.77e+17,-2.278e+18,-1e+16,GCMT,,slab_deep,234.859649658,slab_deep,2016-08-04T14:15:18,5.3,6.997675171749436,10
154630,2016-08-16T02:58:42,-68.97,-22.52,132.6,5.3,mw,0.01,0.01,0.9,,216.0,13.0,-44.0,348.0,81.0,-100.0,-3.94e+16,5400000000000000.0,3.4e+16,1.44e+16,-1.456e+17,1.34e+16,GCMT,,slab_deep,79.2268295288,slab_deep,2016-08-16T02:58:42,5.3,6.997675171749436,10
154708,2016-08-19T09:49:12,-72.173,-16.955,62.2,5.3,mw,,,7.2,,,,,,,,,,,,,,CSN-improved,,slab_deep,58.0408744812,slab_deep,2016-08-19T09:49:12,5.3,6.997675171749436,10
155141,2016-09-07T20:03:27,-69.25,-20.01,126.0,5.4,mw,0.01,0.01,1.2,,144.0,22.0,-99.0,334.0,68.0,-86.0,-5.829e+16,4.041e+16,1.787e+16,7.01e+16,-5.511e+16,-5.768e+16,GCMT,,slab_deep,82.0689315796,slab_deep,2016-09-07T20:03:27,5.3,6.997675171749436,10
155204,2016-09-09T00:03:48,-65.86,-31.41,178.0,5.6,mw,0.01,0.01,1.2,,121.0,35.0,-133.0,350.0,65.0,-64.0,-2.195e+17,4e+16,1.795e+17,1.15e+16,-1.15e+17,-1.412e+17,GCMT,,slab_deep,142.24659729,slab_deep,2016-09-09T00:03:48,5.3,6.997675171749436,10
155455,2016-09-20T05:05:21,-70.493,-17.524,101.34,5.4,mw,,,8.9,0.146,,,,,,,,,,,,,USGS,,slab_deep,88.5267333984,slab_deep,2016-09-20T05:05:21,5.3,6.997675171749436,10
156519,2016-11-04T16:20:49,-70.98,-35.06,96.2,6.3,mw,0.0,0.0,0.3,,173.0,27.0,-128.0,35.0,69.0,-73.0,-2.296e+18,-2.5e+16,2.321e+18,-2.013e+18,-2.085e+18,6.58e+17,GCMT,,slab_deep,85.4103851318,slab_deep,2016-11-04T16:20:49,5.3,6.997675171749436,10
156749,2016-11-13T01:01:56,-67.36,-28.24,147.5,5.3,mw,0.01,0.01,1.0,,165.0,46.0,-144.0,48.0,65.0,-50.0,-7.531e+16,-1.993e+16,9.525e+16,-5.383e+16,-3.009e+16,3.624e+16,GCMT,,slab_deep,108.748901367,slab_deep,2016-11-13T01:01:56,5.3,6.997675171749436,10
156747,2016-11-13T14:01:03,-67.607,-28.907,125.0,6.2,mw,,,6.0,0.35,112.48,55.98,-127.8,346.67,49.09,-47.77,-3.1581e+17,1.1969e+17,1.9612e+17,-2.3166e+17,-1.4761e+17,-1.7488e+17,ISC-GEM,,slab_deep,99.0810165405,slab_deep,2016-11-13T14:01:03,5.3,6.997675171749436,10
156748,2016-11-13T14:01:04,-67.879,-29.19,136.8237,5.7,mw,,,,,112.48,55.98,-127.8,346.67,49.09,-47.77,-3.1581e+17,1.1969e+17,1.9612e+17,-2.3166e+17,-1.4761e+17,-1.7488e+17,CSN-improved,,slab_deep,93.092628479,slab_deep,2016-11-13T14:01:04,5.3,6.997675171749436,10
156961,2016-11-20T20:57:47,-68.74,-31.66,119.1,6.4,mw,0.01,0.0,0.3,,31.0,40.0,-92.0,214.0,50.0,-89.0,-6.006e+18,2.416e+18,3.589e+18,1.138e+18,1.238e+18,7.47e+17,GCMT,,slab_deep,97.7913360596,slab_deep,2016-11-20T20:57:47,5.3,6.997675171749436,10
157258,2016-11-30T13:14:10,-68.65,-21.048,107.0,5.3,mw,,,,,,,,,,,,,,,,,ISC,,slab_deep,93.4754867554,slab_deep,2016-11-30T13:14:10,5.3,6.997675171749436,10
158373,2017-01-06T06:30:39,-67.88,-22.3,174.6,5.8,mw,0.01,0.01,0.6,,208.0,3.0,-31.0,329.0,88.0,-93.0,4.898e+16,-6.437e+16,1.539e+16,2.3791e+17,-4.7609e+17,-6.295e+16,GCMT,,slab_deep,112.652175903,slab_deep,2017-01-06T06:30:39,5.3,6.997675171749436,10
159317,2017-02-11T07:15:35,-69.037,-31.803,106.14,5.3,mw,,,4.9,0.106,,,,,,,,,,,,,USGS,,slab_deep,101.097297668,slab_deep,2017-02-11T07:15:35,5.3,6.997675171749436,10
159400,2017-02-14T09:38:33,-66.675,-23.837,190.4,5.4,mw,,,5.2,0.1,220.0,25.0,-45.0,352.0,73.0,-108.0,-5.733e+16,-3930000000000000.0,6.125e+16,2.698e+16,-1.1248e+17,4.936e+16,ISC-GEM,,slab_deep,168.339538574,slab_deep,2017-02-14T09:38:33,5.3,6.997675171749436,10
159401,2017-02-14T09:38:38,-66.86,-23.89,224.7,5.4,mw,0.01,0.01,1.0,,220.0,25.0,-45.0,352.0,73.0,-108.0,-5.733e+16,-3930000000000000.0,6.125e+16,2.698e+16,-1.1248e+17,4.936e+16,GCMT,,slab_deep,157.385726929,slab_deep,2017-02-14T09:38:38,5.3,6.997675171749436,10
159531,2017-02-18T12:10:17,-66.708,-23.889,212.0,5.9,mw,,,,,159.0,5.37,-118.41,7.51,85.28,-87.44,-7.694e+17,1.106e+17,6.588e+17,-5.71e+17,-4.1347e+18,-1.208e+17,ISC,,slab_deep,167.884613037,slab_deep,2017-02-18T12:10:17,5.3,6.997675171749436,10
159530,2017-02-18T12:10:23,-66.87,-23.87,221.5,6.4,mw,0.0,0.0,0.3,,184.0,6.0,-91.0,4.0,84.0,-90.0,-7.694e+17,1.106e+17,6.588e+17,-5.71e+17,-4.1347e+18,-1.208e+17,GCMT,,slab_deep,157.806991577,slab_deep,2017-02-18T12:10:23,5.3,6.997675171749436,10
160999,2017-04-14T18:03:30,-68.84,-22.54,133.7,5.3,mw,0.01,0.01,1.2,,207.0,16.0,-42.0,338.0,79.0,-102.0,-3.923e+16,-3.168e+16,7.092e+16,4.3e+16,-7.525e+16,7160000000000000.0,GCMT,,slab_deep,81.5704269409,slab_deep,2017-04-14T18:03:30,5.3,6.997675171749436,10
161028,2017-04-15T08:19:48,-67.92,-23.2,164.2,6.3,mw,0.0,0.0,0.3,,124.0,18.0,-137.0,353.0,78.0,-77.0,-1.1675e+18,-2.058e+17,1.3733e+18,3.806e+17,-2.9619e+18,-7.514e+17,GCMT,,slab_deep,105.162864685,slab_deep,2017-04-15T08:19:48,5.3,6.997675171749436,10
161197,2017-04-20T21:24:34,-67.43,-27.54,159.6,5.3,mw,0.01,0.01,1.1,,143.0,27.0,-96.0,330.0,63.0,-87.0,-7.2e+16,1.3e+16,5.9e+16,3.07e+16,-5.39e+16,-5.23e+16,GCMT,,slab_deep,111.592567444,slab_deep,2017-04-20T21:24:34,5.3,6.997675171749436,10
161737,2017-04-26T18:12:35,-69.44,-19.69,125.6,5.4,mw,0.01,0.01,0.9,,186.0,7.0,-61.0,337.0,84.0,-94.0,-9860000000000000.0,-5590000000000000.0,1.545e+16,5.147e+16,-1.2995e+17,3380000000000000.0,GCMT,,slab_deep,78.1064529419,slab_deep,2017-04-26T18:12:35,5.3,6.997675171749436,10
162666,2017-05-14T19:44:30,-68.71,-20.92,132.4,5.7,mw,0.01,0.01,0.7,,240.0,65.0,11.0,146.0,80.0,155.0,-4.776e+16,-3.663e+17,4.1406e+17,4760000000000000.0,-2.4931e+17,1.657e+17,GCMT,,slab_deep,92.8691329956,slab_deep,2017-05-14T19:44:30,5.3,6.997675171749436,10
162772,2017-05-17T10:45:59,-67.098,-24.388,156.79,5.3,mw,,,8.9,0.161,,,,,,,,,,,,,USGS,,slab_deep,138.223678589,slab_deep,2017-05-17T10:45:59,5.3,6.997675171749436,10
162813,2017-05-18T23:45:43,-67.294,-32.654,166.23,5.4,mw,,,5.1,0.025,,,,,,,,,,,,,USGS,,slab_deep,138.174865723,slab_deep,2017-05-18T23:45:43,5.3,6.997675171749436,10
163107,2017-05-29T14:57:55,-71.867,-37.287,101.4458,5.8,mw,,,,,261.57,35.22,-30.69,17.43,72.88,-121.26,-3.5723e+17,1.99e+17,1.5824e+17,-1.3499e+17,-5.197e+17,4.9352e+17,CSN-improved,,slab_deep,84.9426422119,slab_deep,2017-05-29T14:57:55,5.3,6.997675171749436,10
163106,2017-05-29T14:57:59,-71.87,-37.38,97.7,5.9,mw,0.01,0.01,1.8,,263.0,34.0,-22.0,12.0,78.0,-122.0,-3.5723e+17,1.99e+17,1.5824e+17,-1.3499e+17,-5.197e+17,4.9352e+17,GCMT,,slab_deep,85.9773406982,slab_deep,2017-05-29T14:57:59,5.3,6.997675171749436,10
163339,2017-06-06T17:35:15,-68.84,-22.74,123.1,5.4,mw,0.01,0.01,1.4,,116.0,60.0,-167.0,20.0,79.0,-30.0,-4.084e+16,-4.622e+16,8.706e+16,-3.084e+16,-3.926e+16,-6.875e+16,GCMT,,slab_deep,81.0126647949,slab_deep,2017-06-06T17:35:15,5.3,6.997675171749436,10
163496,2017-06-11T11:29:01,-66.297,-22.877,234.42,5.3,mw,,,7.6,0.062,,,,,,,,,,,,,USGS,,slab_deep,207.714508057,slab_deep,2017-06-11T11:29:01,5.3,6.997675171749436,10
164081,2017-07-02T15:53:04,-68.86,-21.94,130.0,5.3,mw,0.01,0.01,1.1,,274.0,23.0,0.0,4.0,90.0,-113.0,1220000000000000.0,1.537e+16,-1.66e+16,-2.506e+16,-1.222e+17,4.803e+16,GCMT,,slab_deep,83.6928787231,slab_deep,2017-07-02T15:53:04,5.3,6.997675171749436,10
164583,2017-07-19T23:22:33,-69.19,-23.92,109.1,5.3,mw,0.02,0.01,1.7,,179.0,55.0,-36.0,292.0,61.0,-140.0,-6.9431e+16,1.8906e+16,5.0525e+16,2.4454e+16,1.2098e+16,-6.178e+16,GCMT,,slab_deep,72.7468185425,slab_deep,2017-07-19T23:22:33,5.3,6.997675171749436,10
164952,2017-08-01T06:14:00,-69.04,-28.68,118.7,5.6,mw,0.01,0.01,0.9,,327.0,27.0,-88.0,145.0,63.0,-91.0,-2.2675e+17,5.316e+16,1.7359e+17,-7.599e+16,9.145e+16,-1.3379e+17,GCMT,,slab_deep,86.9870223999,slab_deep,2017-08-01T06:14:00,5.3,6.997675171749436,10
164983,2017-08-02T07:15:16,-70.58,-33.17,95.8,5.4,mw,0.01,0.01,0.9,,202.0,32.0,-115.0,51.0,62.0,-75.0,-1.3906e+17,1.621e+16,1.2284e+17,-5.007e+16,-2300000000000000.0,1.3327e+17,GCMT,,slab_deep,76.2671508789,slab_deep,2017-08-02T07:15:16,5.3,6.997675171749436,10
166172,2017-09-09T12:03:46,-66.29,-22.49,257.5,5.3,mw,0.02,0.02,2.2,,60.0,3.0,152.0,178.0,88.0,87.0,1.2934e+16,-7567000000000000.0,-5367000000000000.0,-2.0366e+16,-7.5804e+16,-1.6677e+16,GCMT,,slab_deep,210.210983276,slab_deep,2017-09-09T12:03:46,5.3,6.997675171749436,10
166556,2017-09-20T05:26:14,-71.45,-16.43,133.4,5.3,mw,0.01,0.01,1.6,,141.0,43.0,-104.0,339.0,48.0,-78.0,-9.272e+16,2.021e+16,7.251e+16,4910000000000000.0,-3.715e+16,-6.016e+16,GCMT,,slab_deep,104.380950928,slab_deep,2017-09-20T05:26:14,5.3,6.997675171749436,10
167000,2017-10-05T08:11:40,-68.49,-22.34,139.5,5.5,mw,0.01,0.01,0.8,,159.0,37.0,-76.0,323.0,54.0,-100.0,-1.6614e+17,4.149e+16,1.2465e+17,5.99e+16,-6.463e+16,-1.0626e+17,GCMT,,slab_deep,91.0877151489,slab_deep,2017-10-05T08:11:40,5.3,6.997675171749436,10
167143,2017-10-10T06:32:24,-69.86,-18.58,106.4,6.3,mw,0.0,0.0,0.5,,151.0,12.0,-104.0,345.0,78.0,-87.0,-1.6698e+18,-1.138e+17,1.7837e+18,1.0033e+18,-2.4395e+18,-3.814e+17,GCMT,,slab_deep,81.0564117432,slab_deep,2017-10-10T06:32:24,5.3,6.997675171749436,10
167227,2017-10-12T18:59:15,-65.53,-31.03,185.4,5.6,mw,0.01,0.01,1.0,,9.0,69.0,-2.0,99.0,88.0,-159.0,-1.299e+16,-7.278e+16,8.577e+16,-7.197e+16,-1.033e+16,-2.3888e+17,GCMT,,slab_deep,152.552841187,slab_deep,2017-10-12T18:59:15,5.3,6.997675171749436,10
169266,2017-12-20T18:16:11,-69.869,-18.034,109.87,5.3,mw,,,5.8,0.125,,,,,,,,,,,,,USGS,,slab_deep,92.953086853,slab_deep,2017-12-20T18:16:11,5.3,6.997675171749436,10
169812,2018-01-10T03:16:44,-69.395,-18.192,126.51,5.3,mw,,,5.2,0.06,,,,,,,,,,,,,USGS,,slab_deep,105.203010559,slab_deep,2018-01-10T03:16:44,5.3,6.997675171749436,10
170131,2018-01-21T01:06:45,-69.66,-18.93,134.0,6.3,mw,0.0,0.0,0.4,,186.0,22.0,-80.0,355.0,69.0,-94.0,-2.5976e+18,-1.803e+17,2.7779e+18,4.463e+17,-2.1175e+18,1.6e+16,GCMT,,slab_deep,81.8341140747,slab_deep,2018-01-21T01:06:45,5.3,6.997675171749436,10
170228,2018-01-24T07:46:09,-69.22,-20.33,128.6,5.3,mw,0.01,0.01,1.3,,215.0,20.0,-32.0,336.0,79.0,-107.0,-5.353e+16,-3.747e+16,9.1e+16,5.154e+16,-7.982e+16,5060000000000000.0,GCMT,,slab_deep,80.8615646362,slab_deep,2018-01-24T07:46:09,5.3,6.997675171749436,10
170355,2018-01-28T23:53:19,-68.78,-31.25,119.8,5.4,mw,0.01,0.01,0.8,,218.0,46.0,-107.0,61.0,47.0,-74.0,-1.3157e+17,1.0603e+17,2.554e+16,5380000000000000.0,2.84e+16,7.129e+16,GCMT,,slab_deep,94.8474807739,slab_deep,2018-01-28T23:53:19,5.3,6.997675171749436,10
171250,2018-02-26T23:31:43,-67.478,-28.38,120.33,5.3,mw,,,6.6,0.026,,,,,,,,,,,,,USGS,,slab_deep,104.484848022,slab_deep,2018-02-26T23:31:43,5.3,6.997675171749436,10
173370,2018-05-11T18:48:30,-72.255,-16.181,87.17,5.4,mw,,,7.2,0.064,,,,,,,,,,,,,USGS,,slab_deep,83.6147460938,slab_deep,2018-05-11T18:48:30,5.3,6.997675171749436,10
174612,2018-06-21T16:08:05,-67.21,-24.29,196.1,5.7,mw,0.01,0.01,0.6,,172.0,25.0,-95.0,357.0,65.0,-88.0,-3.0887e+17,1.425e+16,2.9462e+17,5920000000000000.0,-2.0797e+17,-3.308e+16,GCMT,,slab_deep,133.08807373,slab_deep,2018-06-21T16:08:05,5.3,6.997675171749436,10
176568,2018-09-07T02:39:22,-70.16,-28.84,121.5,5.8,mw,0.02,0.01,2.0,,120.0,37.0,-84.0,293.0,53.0,-94.0,-5.117e+17,4.9429e+17,1.74e+16,1.4722e+17,-1.089e+16,-2.1605e+17,GCMT,,slab_deep,76.9549026489,slab_deep,2018-09-07T02:39:22,5.3,6.997675171749436,10
176724,2018-09-14T11:20:08,-71.53,-16.05,150.0,5.5,mw,0.01,0.01,1.1,,120.0,70.0,-169.0,26.0,80.0,-21.0,-2.395e+16,-1.0714e+17,1.3109e+17,-4.135e+16,-3.01e+16,-7.132e+16,GCMT,,slab_deep,114.133728027,slab_deep,2018-09-14T11:20:08,5.3,6.997675171749436,10
177904,2018-11-01T22:19:53,-69.57,-19.63,116.3,6.2,mw,0.0,0.0,0.4,,172.0,20.0,-88.0,350.0,70.0,-91.0,-1.7002e+18,-9.72e+16,1.7974e+18,3.825e+17,-1.5762e+18,-2.748e+17,GCMT,,slab_deep,74.9570617676,slab_deep,2018-11-01T22:19:53,5.3,6.997675171749436,10
179993,2018-12-09T23:06:57,-68.399,-21.797,133.36,5.3,mw,,,3.0,0.036,,,,,,,,,,,,,USGS,,slab_deep,96.7903442383,slab_deep,2018-12-09T23:06:57,5.3,6.997675171749436,10
180955,2018-12-24T02:19:31,-68.336,-21.379,121.0,5.4,mw,,,,,151.0,26.0,-99.0,342.0,65.0,-86.0,-6.5e+16,5800000000000000.0,5.93e+16,1.57e+16,-5.41e+16,-2.82e+16,ISC,,slab_deep,100.842056274,slab_deep,2018-12-24T02:19:31,5.3,6.997675171749436,10
181332,2018-12-31T10:49:43,-69.35,-31.84,119.9,5.3,mw,0.01,0.01,0.9,,186.0,48.0,-121.0,48.0,50.0,-61.0,-1.0406e+17,510000000000000.0,1.0354e+17,-2.224e+16,2.472e+16,5.108e+16,GCMT,,slab_deep,102.341781616,slab_deep,2018-12-31T10:49:43,5.3,6.997675171749436,10
182233,2019-01-14T22:48:09,-70.653,-17.674,96.3,5.6,mw,,,6.2,0.088,,,,,,,,,,,,,USGS,,slab_deep,78.7537460327,slab_deep,2019-01-14T22:48:09,5.3,6.997675171749436,10
185714,2019-03-15T05:03:57,-65.9,-17.74,380.5,6.4,mw,0.01,0.01,0.4,,157.0,52.0,150.0,267.0,67.0,42.0,1.8043e+18,-2.229e+18,4.247e+17,-2.0064e+18,-1.1589e+18,2.5047e+18,GCMT,,slab_deep,354.982055664,slab_deep,2019-03-15T05:03:57,5.3,6.997675171749436,10
186867,2019-04-24T18:57:36,-68.33,-21.49,151.3,5.3,mw,0.01,0.01,1.1,,260.0,21.0,19.0,152.0,83.0,110.0,3.739e+16,-2.542e+16,-1.197e+16,2.541e+16,-9.174e+16,3.351e+16,GCMT,,slab_deep,100.197128296,slab_deep,2019-04-24T18:57:36,5.3,6.997675171749436,10
187036,2019-04-29T16:35:09,-67.396,-28.144,129.82,5.4,mw,,,6.5,0.033,,,,,,,,,,,,,USGS,,slab_deep,108.473068237,slab_deep,2019-04-29T16:35:09,5.3,6.997675171749436,10
187608,2019-05-20T11:18:38,-70.04,-31.54,112.9,5.6,mw,0.01,0.01,1.0,,277.0,65.0,-13.0,13.0,79.0,-154.0,-6.91e+16,1.224e+17,-5.33e+16,-1.783e+16,-5.604e+16,2.3491e+17,GCMT,,slab_deep,96.229057312,slab_deep,2019-05-20T11:18:38,5.3,6.997675171749436,10
187711,2019-05-24T20:16:04,-66.6,-28.05,176.0,5.3,mw,0.01,0.01,1.1,,203.0,30.0,-30.0,320.0,75.0,-117.0,-4.0734e+16,-9018000000000000.0,4.9752e+16,4.5739e+16,-4.9295e+16,-2.38e+16,GCMT,,slab_deep,134.000930786,slab_deep,2019-05-24T20:16:04,5.3,6.997675171749436,10
188077,2019-06-05T16:19:45,-70.15,-27.43,98.3,5.3,mw,0.01,0.01,1.0,,157.0,26.0,-138.0,28.0,73.0,-70.0,-6.975e+16,-1.638e+16,8.614e+16,-5.469e+16,-6.77e+16,5150000000000000.0,GCMT,,slab_deep,65.0322494507,slab_deep,2019-06-05T16:19:45,5.3,6.997675171749436,10
188545,2019-06-20T01:23:30,-68.83,-33.68,162.9,5.5,mw,0.01,0.01,0.8,,352.0,52.0,-157.0,248.0,72.0,-40.0,1500000000000000.0,-8.98e+16,8.83e+16,7.989e+16,-2.961e+16,1.2065e+17,GCMT,,slab_deep,139.071746826,slab_deep,2019-06-20T01:23:30,5.3,6.997675171749436,10
191283,2019-09-25T19:43:27,-66.77,-27.94,175.5,5.3,mw,0.01,0.01,1.3,,194.0,46.0,-20.0,298.0,76.0,-134.0,-3.696e+16,-1.36e+16,5.056e+16,5.014e+16,-2.303e+16,-8.235e+16,GCMT,,slab_deep,129.97517395,slab_deep,2019-09-25T19:43:27,5.3,6.997675171749436,10
191315,2019-09-26T16:36:22,-72.06,-40.9,139.0,6.1,mw,0.01,0.0,0.4,,96.0,58.0,33.0,347.0,62.0,143.0,5.693e+17,-6.336e+17,6.44e+16,4.195e+17,5.732e+17,1.2148e+18,GCMT,,slab_deep,108.702316284,slab_deep,2019-09-26T16:36:22,5.3,6.997675171749436,10
191482,2019-09-30T11:53:25,-68.72,-22.19,125.9,5.6,mw,0.01,0.01,0.7,,164.0,19.0,-123.0,18.0,74.0,-79.0,-1.9244e+17,-3220000000000000.0,1.9567e+17,-8.789e+16,-2.0796e+17,2.052e+16,GCMT,,slab_deep,86.5230255127,slab_deep,2019-09-30T11:53:25,5.3,6.997675171749436,10
191678,2019-10-06T10:40:59,-68.5,-21.87,129.7,5.7,mw,0.01,0.01,0.7,,236.0,30.0,-23.0,347.0,79.0,-118.0,-1.3645e+17,-1.4283e+17,2.7929e+17,3040000000000000.0,-2.9838e+17,1.7303e+17,GCMT,,slab_deep,93.5028610229,slab_deep,2019-10-06T10:40:59,5.3,6.997675171749436,10
192425,2019-11-03T13:23:18,-67.774,-29.118,122.0,5.7,mw,,,,,175.06,37.03,-43.53,302.24,65.5,-118.67,-2.1035e+17,1.689e+16,1.9346e+17,1.65e+17,-9.187e+16,-2.339e+17,ISC,,slab_deep,95.5637664795,slab_deep,2019-11-03T13:23:18,5.3,6.997675171749436,10
192426,2019-11-03T13:23:21,-67.71,-29.19,136.1,5.7,mw,0.01,0.01,0.6,,171.0,34.0,-49.0,305.0,65.0,-114.0,-2.1035e+17,1.689e+16,1.9346e+17,1.65e+17,-9.187e+16,-2.339e+17,GCMT,,slab_deep,95.6640090942,slab_deep,2019-11-03T13:23:21,5.3,6.997675171749436,10
194305,2020-01-08T08:47:48,-68.88,-20.43,133.4,5.3,mw,0.01,0.01,1.3,,239.0,10.0,-21.0,349.0,86.0,-99.0,-3.5741e+16,-2.0864e+16,5.6605e+16,1.6108e+16,-6.0608e+16,2.8515e+16,GCMT,,slab_deep,89.7301712036,slab_deep,2020-01-08T08:47:48,5.3,6.997675171749436,10
194459,2020-01-13T02:01:45,-71.42,-40.33,189.9,5.4,mw,0.01,0.01,0.9,,259.0,14.0,-25.0,14.0,84.0,-103.0,-3.237e+16,4.718e+16,-1.481e+16,-5700000000000000.0,-9.16e+16,2.956e+16,GCMT,,slab_deep,136.683517456,slab_deep,2020-01-13T02:01:45,5.3,6.997675171749436,10
194783,2020-01-24T05:13:53,-70.9,-17.34,99.2,5.4,mw,0.01,0.01,1.0,,105.0,18.0,-150.0,347.0,81.0,-75.0,-7.093e+16,-9620000000000000.0,8.055e+16,2.193e+16,-8.396e+16,-3.255e+16,GCMT,,slab_deep,82.6271286011,slab_deep,2020-01-24T05:13:53,5.3,6.997675171749436,10
194856,2020-01-26T18:44:08,-65.88,-21.92,279.5,5.3,mw,0.01,0.01,1.3,,323.0,8.0,66.0,167.0,83.0,93.0,1.96e+16,9280000000000000.0,-2.887e+16,5540000000000000.0,-1.1588e+17,3.194e+16,GCMT,,slab_deep,242.662597656,slab_deep,2020-01-26T18:44:08,5.3,6.997675171749436,10
195048,2020-02-01T02:36:02,-67.07,-24.41,188.2,5.3,mw,0.01,0.01,1.2,,183.0,45.0,-84.0,354.0,45.0,-96.0,-6.9803e+16,-8604000000000000.0,7.8406e+16,1.0275e+16,-38000000000000.0,-2977000000000000.0,GCMT,,slab_deep,141.117019653,slab_deep,2020-02-01T02:36:02,5.3,6.997675171749436,10
195835,2020-03-02T10:45:36,-68.193,-21.211,115.0,5.5,mw,,,,,,,,,,,,,,,,,ISC,,slab_deep,108.034500122,slab_deep,2020-03-02T10:45:36,5.3,6.997675171749436,10
195836,2020-03-02T23:07:51,-70.468,-18.052,62.0,5.3,mw,,,,,,,,,,,,,,,,,ISC,,slab_deep,72.6813049316,slab_deep,2020-03-02T23:07:51,5.3,6.997675171749436,10
195935,2020-03-05T06:57:45,-67.57,-28.36,144.6,5.5,mw,0.01,0.01,0.5,,165.0,38.0,-96.0,353.0,52.0,-85.0,-1.9199e+17,1.009e+16,1.819e+17,1.218e+16,-2.681e+16,-4.63e+16,GCMT,,slab_deep,103.913581848,slab_deep,2020-03-05T06:57:45,5.3,6.997675171749436,10
196390,2020-03-22T13:46:41,-67.397,-22.246,175.0,5.4,mw,,,,,,,,,,,,,,,,,ISC,,slab_deep,139.071578979,slab_deep,2020-03-22T13:46:41,5.3,6.997675171749436,10
196516,2020-03-26T01:48:07,-67.773,-21.375,140.0,5.5,mw,,,,,,,,,,,,,,,,,ISC,,slab_deep,127.716835022,slab_deep,2020-03-26T01:48:07,5.3,6.997675171749436,10
197060,2020-04-14T16:02:10,-70.463,-33.89,111.0,5.4,mw,,,,,112.0,55.0,-136.0,353.0,55.0,-45.0,-2.65e+16,6390000000000000.0,2.01e+16,-1.6299999999999998e+16,-1.29e+16,-2.52e+16,ISC,,slab_deep,87.4231033325,slab_deep,2020-04-14T16:02:10,5.3,6.997675171749436,10
197480,2020-04-29T05:37:22,-67.14,-24.3,185.5,5.4,mw,0.01,0.01,0.7,,201.0,22.0,-31.0,320.0,79.0,-109.0,-5.502e+16,-4.186e+16,9.688e+16,7.755e+16,-1.0923e+17,-1.745e+16,GCMT,,slab_deep,135.897644043,slab_deep,2020-04-29T05:37:22,5.3,6.997675171749436,10
197517,2020-04-30T09:23:17,-68.13,-22.66,145.3,5.3,mw,0.01,0.01,0.8,,127.0,46.0,-129.0,357.0,56.0,-57.0,-1.0403e+17,-5000000000000000.0,1.0902e+17,-1.996e+16,-1.903e+16,-6.126e+16,GCMT,,slab_deep,100.003395081,slab_deep,2020-04-30T09:23:17,5.3,6.997675171749436,10
197516,2020-04-30T22:10:38,-67.06,-23.98,199.0,5.4,mw,0.01,0.01,0.8,,203.0,21.0,-49.0,340.0,74.0,-104.0,-4.813e+16,2320000000000000.0,4.58e+16,5.943e+16,-1.5183e+17,-1.001e+16,GCMT,,slab_deep,143.564666748,slab_deep,2020-04-30T22:10:38,5.3,6.997675171749436,10
197791,2020-05-10T18:04:26,-68.11,-22.74,138.6,5.5,mw,0.01,0.01,0.7,,119.0,18.0,-125.0,335.0,76.0,-80.0,-9.555e+16,2.531e+16,7.025e+16,5.653e+16,-1.2826e+17,-6.577e+16,GCMT,,slab_deep,101.046562195,slab_deep,2020-05-10T18:04:26,5.3,6.997675171749436,10
198456,2020-06-02T10:29:15,-69.286,-17.335,163.5,5.3,mw,,,6.1,0.03,,,,,,,,,,,,,USGS,,slab_deep,132.579925537,slab_deep,2020-06-02T10:29:15,5.3,6.997675171749436,10
198472,2020-06-03T07:35:40,-68.44,-23.22,108.6,6.8,mw,0.0,0.0,0.3,,155.0,30.0,-88.0,333.0,60.0,-91.0,-1.745e+19,-5.6e+16,1.7506e+19,5.389e+18,-9.299e+18,-1.0165e+19,GCMT,,slab_deep,88.6814575195,slab_deep,2020-06-03T07:35:40,5.3,6.997675171749436,10
199055,2020-06-25T14:50:38,-67.587,-21.418,191.0,5.5,mw,,,,,,,,,,,,,,,,,ISC,,slab_deep,136.002075195,slab_deep,2020-06-25T14:50:38,5.3,6.997675171749436,10
200197,2020-08-03T11:56:54,-69.26,-19.61,123.4,5.5,mw,0.01,0.01,0.6,,179.0,29.0,-84.0,352.0,61.0,-93.0,-1.7219e+17,-2.165e+16,1.9384e+17,2.704e+16,-6.621e+16,-2.793e+16,GCMT,,slab_deep,86.5160064697,slab_deep,2020-08-03T11:56:54,5.3,6.997675171749436,10
202385,2020-10-09T08:55:52,-66.405,-27.898,163.02,5.4,mw,,,8.1,0.086,,,,,,,,,,,,,USGS,,slab_deep,145.106292725,slab_deep,2020-10-09T08:55:52,5.3,6.997675171749436,10
202461,2020-10-12T21:02:56,-70.933,-16.479,129.45,5.4,mw,,,5.4,0.051,,,,,,,,,,,,,USGS,,slab_deep,119.039253235,slab_deep,2020-10-12T21:02:56,5.3,6.997675171749436,10
202843,2020-10-23T16:29:56,-67.297,-27.587,123.4,5.4,mw,,,5.7,0.111,,,,,,,,,,,,,USGS,,slab_deep,115.079879761,slab_deep,2020-10-23T16:29:56,5.3,6.997675171749436,10
202981,2020-10-28T04:52:35,-71.72,-34.96,76.6,5.4,mw,0.01,0.01,1.0,,342.0,54.0,-148.0,232.0,65.0,-40.0,-1.4826e+17,-7.67e+16,2.2496e+17,6.744e+16,-5310000000000000.0,5.116e+16,GCMT,,slab_deep,53.4689826965,slab_deep,2020-10-28T04:52:35,5.3,6.997675171749436,10
203509,2020-11-15T12:33:20,-67.57,-24.1,168.5,5.3,mw,0.01,0.01,0.9,,239.0,6.0,-6.0,335.0,89.0,-96.0,71000000000000.0,-2.413e+16,2.406e+16,2.5781e+16,-9.1424e+16,-3318000000000000.0,GCMT,,slab_deep,115.771911621,slab_deep,2020-11-15T12:33:20,5.3,6.997675171749436,10
203948,2020-11-30T22:55:06,-67.18,-24.33,189.9,6.3,mw,0.0,0.0,0.4,,198.0,34.0,-61.0,344.0,60.0,-108.0,-2.5429e+18,-9.14e+16,2.6344e+18,7.894e+17,-1.2823e+18,-1.296e+17,GCMT,,slab_deep,132.862457275,slab_deep,2020-11-30T22:55:06,5.3,6.997675171749436,10
204094,2020-12-04T05:48:23,-68.945,-31.323,105.42,5.4,mw,,,4.0,0.082,,,,,,,,,,,,,USGS,,slab_deep,96.3738479614,slab_deep,2020-12-04T05:48:23,5.3,6.997675171749436,10
204133,2020-12-06T16:47:45,-69.07,-20.36,114.0,6.1,mw,0.0,0.0,0.4,,188.0,21.0,-69.0,346.0,70.0,-98.0,-9.349e+17,-1.221e+17,1.057e+18,2.262e+17,-1.2389e+18,-3.66e+16,GCMT,,slab_deep,85.7509078979,slab_deep,2020-12-06T16:47:45,5.3,6.997675171749436,10
204357,2020-12-14T15:20:53,-68.68,-21.83,119.9,6.1,mw,0.0,0.0,0.4,,255.0,32.0,-29.0,11.0,75.0,-119.0,-5.801e+17,3.068e+17,2.734e+17,1.506e+17,-9.542e+17,6.946e+17,GCMT,,slab_deep,88.0292816162,slab_deep,2020-12-14T15:20:53,5.3,6.997675171749436,10
204416,2020-12-16T17:48:46,-71.61,-16.68,112.4,5.6,mw,0.01,0.01,0.9,,194.0,28.0,-39.0,320.0,73.0,-113.0,-1.6533e+17,-9.504e+16,2.6037e+17,1.3063e+17,-1.8185e+17,-1.4149e+17,GCMT,,slab_deep,88.8625793457,slab_deep,2020-12-16T17:48:46,5.3,6.997675171749436,10
205229,2021-01-10T03:54:00,-66.76,-24.03,221.0,6.1,mw,,,,,215.0,34.0,-57.0,357.0,62.0,-110.0,-1.3019e+18,3500000000000000.0,1.2984e+18,2.594e+17,-9.468e+17,4.455e+17,GCMT,,slab_deep,163.013168335,slab_deep,2021-01-10T03:54:00,5.3,6.997675171749436,10
205283,2021-01-12T11:04:36,-68.708,-21.738,117.3,5.3,mw,,,4.0,0.043,,,,,,,,,,,,,USGS,,slab_deep,88.4924316406,slab_deep,2021-01-12T11:04:36,5.3,6.997675171749436,10
205597,2021-01-24T00:07:00,-70.01,-33.5,108.0,5.7,mw,,,,,197.0,5.0,-94.0,21.0,85.0,-90.0,3.591e+16,-1.0286e+17,6.695e+16,-9.825e+16,-4.6491e+17,-1.5822e+17,GCMT,,slab_deep,97.2930603027,slab_deep,2021-01-24T00:07:00,5.3,6.997675171749436,10
205985,2021-02-08T21:11:00,-71.916,-16.407,100.09,5.4,mw,,,2.4,0.065,,,,,,,,,,,,,USGS,,slab_deep,89.669418335,slab_deep,2021-02-08T21:11:00,5.3,6.997675171749436,10
206790,2021-03-11T21:54:00,-67.16,-24.29,189.0,5.3,mw,,,,,182.0,23.0,-93.0,6.0,67.0,-89.0,-6.9989e+16,-3178000000000000.0,7.3167e+16,2507000000000000.0,-4.4839e+16,1.5801e+16,GCMT,,slab_deep,135.897644043,slab_deep,2021-03-11T21:54:00,5.3,6.997675171749436,10
208066,2021-04-29T02:17:00,-71.05,-37.29,155.0,5.7,mw,,,,,115.0,28.0,-159.0,6.0,80.0,-64.0,-1.1039e+17,-2.186e+16,1.3225e+17,-5.863e+16,-2.7254e+17,-1.5006e+17,GCMT,,slab_deep,115.486801147,slab_deep,2021-04-29T02:17:00,5.3,6.997675171749436,10
208957,2021-06-01T12:42:00,-66.59,-21.45,247.0,5.4,mw,,,,,116.0,39.0,-51.0,249.0,61.0,-118.0,-9.41e+16,1.2224e+17,-2.815e+16,8.136e+16,3.436e+16,-2.053e+16,GCMT,,slab_deep,196.748077393,slab_deep,2021-06-01T12:42:00,5.3,6.997675171749436,10
209252,2021-06-12T15:26:36,-67.574,-21.152,170.0,5.4,mw,,,,,,,,,,,,,,,,,ISC,,slab_deep,142.018005371,slab_deep,2021-06-12T15:26:36,5.3,6.997675171749436,10
209292,2021-06-13T07:31:44,-71.462,-16.085,137.51,5.3,mw,,,5.6,0.025,,,,,,,,,,,,,USGS,,slab_deep,116.803405762,slab_deep,2021-06-13T07:31:44,5.3,6.997675171749436,10
209366,2021-06-17T20:03:46,-67.168,-21.808,172.0,5.4,mw,,,,,,,,,,,,,,,,,ISC,,slab_deep,158.100570679,slab_deep,2021-06-17T20:03:46,5.3,6.997675171749436,10
209722,2021-06-30T13:14:04,-66.569,-22.622,214.88,5.3,mw,,,2.8,0.031,,,,,,,,,,,,,USGS,,slab_deep,190.787017822,slab_deep,2021-06-30T13:14:04,5.3,6.997675171749436,10
210548,2021-07-21T03:42:26,-66.737,-21.513,207.0,5.4,mw,,,,,,,,,,,,,,,,,ISC,,slab_deep,186.570571899,slab_deep,2021-07-21T03:42:26,5.3,6.997675171749436,10
211532,2021-08-23T21:02:24,-69.059,-20.9,103.25,5.3,mw,,,5.0,0.064,,,,,,,,,,,,,USGS,,slab_deep,82.559753418,slab_deep,2021-08-23T21:02:24,5.3,6.997675171749436,10
211693,2021-08-28T12:57:00,-67.44,-22.25,194.0,5.3,mw,,,,,278.0,12.0,28.0,161.0,84.0,101.0,3.618e+16,170000000000000.0,-3.634e+16,1.974e+16,-1.1959e+17,3.221e+16,GCMT,,slab_deep,136.233505249,slab_deep,2021-08-28T12:57:00,5.3,6.997675171749436,10
212257,2021-09-13T05:18:00,-67.02,-23.84,211.0,6.2,mw,,,,,204.0,16.0,-46.0,339.0,79.0,-101.0,-5.727e+17,-3.075e+17,8.802e+17,7.049e+17,-2.0536e+18,2.59e+16,GCMT,,slab_deep,147.812698364,slab_deep,2021-09-13T05:18:00,5.3,6.997675171749436,10
212258,2021-09-13T05:18:14,-67.01,-23.837,201.0,5.7,mw,,,,,210.17,12.61,-41.91,341.38,81.62,-99.45,-5.727e+17,-3.075e+17,8.802e+17,7.049e+17,-2.0536e+18,2.59e+16,ISC,,slab_deep,147.812698364,slab_deep,2021-09-13T05:18:14,5.3,6.997675171749436,10
214535,2021-11-03T03:17:00,-69.91,-32.88,117.0,5.7,mw,,,,,209.0,22.0,-36.0,333.0,77.0,-108.0,-1.8566e+17,-9640000000000000.0,1.9529e+17,1.4846e+17,-3.0383e+17,-2.611e+16,GCMT,,slab_deep,96.4668655396,slab_deep,2021-11-03T03:17:00,5.3,6.997675171749436,10
216042,2021-12-07T09:41:14,-66.545,-27.882,151.1,5.4,mw,,,5.2,0.034,,,,,,,,,,,,,USGS,,slab_deep,138.716156006,slab_deep,2021-12-07T09:41:14,5.3,6.997675171749436,10
217972,2022-01-28T00:31:00,-69.48,-19.13,114.0,5.5,mw,,,,,165.0,27.0,-90.0,345.0,63.0,-90.0,-1.9751e+17,5210000000000000.0,1.923e+17,3.479e+16,-7.122e+16,-7.018e+16,GCMT,,slab_deep,83.9998245239,slab_deep,2022-01-28T00:31:00,5.3,6.997675171749436,10
218344,2022-02-06T23:46:00,-68.59,-22.08,122.0,5.4,mw,,,,,161.0,31.0,-105.0,358.0,61.0,-81.0,-1.0779e+17,-2410000000000000.0,1.102e+17,5290000000000000.0,-6.058e+16,1340000000000000.0,GCMT,,slab_deep,89.5417327881,slab_deep,2022-02-06T23:46:00,5.3,6.997675171749436,10
218896,2022-02-22T06:12:00,-66.19,-22.57,260.0,6.0,mw,,,,,304.0,17.0,62.0,153.0,75.0,98.0,9.741e+17,-2.723e+17,-7.018e+17,3.244e+17,-1.054e+18,3.58e+17,GCMT,,slab_deep,217.932800293,slab_deep,2022-02-22T06:12:00,5.3,6.997675171749436,10
219336,2022-03-05T01:10:00,-66.02,-22.4,267.0,5.7,mw,,,,,273.0,9.0,-10.0,13.0,88.0,-99.0,1.116e+16,9.354e+16,-1.047e+17,-9.14e+16,-3.9505e+17,5.98e+16,GCMT,,slab_deep,234.86315918,slab_deep,2022-03-05T01:10:00,5.3,6.997675171749436,10
219356,2022-03-06T09:35:00,-68.77,-28.59,116.0,5.5,mw,,,,,338.0,39.0,-74.0,138.0,53.0,-103.0,-2.1624e+17,8.815e+16,1.2809e+17,-2.433e+16,2.856e+16,-1.2538e+17,GCMT,,slab_deep,87.8326950073,slab_deep,2022-03-06T09:35:00,5.3,6.997675171749436,10
220890,2022-04-20T11:19:00,-68.38,-22.84,126.0,5.7,mw,,,,,126.0,38.0,-141.0,3.0,67.0,-59.0,-3.6671e+17,-3.16e+16,3.9831e+17,-1.0495e+17,-2.3434e+17,-1.4914e+17,GCMT,,slab_deep,91.3424911499,slab_deep,2022-04-20T11:19:00,5.3,6.997675171749436,10
220891,2022-04-20T13:19:12,-66.3,-27.249,174.38,5.3,mw,,,6.2,0.032,,,,,,,,,,,,,USGS,,slab_deep,164.793182373,slab_deep,2022-04-20T13:19:12,5.3,6.997675171749436,10
221310,2022-05-02T16:47:20,-67.59,-22.486,168.0,5.7,mw,,,,,,,,,,,,,,,,,ISC,,slab_deep,125.649391174,slab_deep,2022-05-02T16:47:20,5.3,6.997675171749436,10
221624,2022-05-10T23:06:00,-66.76,-23.48,218.0,6.7,mw,,,,,161.0,12.0,-99.0,350.0,78.0,-88.0,-2.811e+18,1.084e+18,1.727e+18,1.913e+18,-1.9022e+19,-1.808e+18,GCMT,,slab_deep,168.06552124,slab_deep,2022-05-10T23:06:00,5.3,6.997675171749436,10
221763,2022-05-14T04:41:39,-67.234,-22.141,181.0,5.8,mw,,,,,,,,,,,,,,,,,ISC,,slab_deep,148.740310669,slab_deep,2022-05-14T04:41:39,5.3,6.997675171749436,10
221865,2022-05-17T07:11:22,-66.87,-21.525,203.0,5.6,mw,,,,,,,,,,,,,,,,,ISC,,slab_deep,180.231781006,slab_deep,2022-05-17T07:11:22,5.3,6.997675171749436,10
221889,2022-05-18T18:19:25,-67.215,-21.323,204.0,5.9,mw,,,,,,,,,,,,,,,,,ISC,,slab_deep,161.144546509,slab_deep,2022-05-18T18:19:25,5.3,6.997675171749436,10
222074,2022-05-24T12:57:00,-69.46,-17.63,162.0,5.5,mw,,,,,247.0,19.0,-5.0,342.0,88.0,-109.0,7620000000000000.0,-1.0073e+17,9.311e+16,6.512e+16,-1.7499e+17,8.314e+16,GCMT,,slab_deep,117.088806152,slab_deep,2022-05-24T12:57:00,5.3,6.997675171749436,10
222359,2022-06-03T14:54:00,-68.39,-23.12,131.0,5.3,mw,,,,,148.0,27.0,-86.0,323.0,63.0,-92.0,-6.065e+16,-8980000000000000.0,6.963e+16,3.533e+16,-2.268e+16,-7.42e+16,GCMT,,slab_deep,90.2259979248,slab_deep,2022-06-03T14:54:00,5.3,6.997675171749436,10
222392,2022-06-04T06:39:43,-66.767,-21.773,233.0,5.7,mw,,,,,,,,,,,,,,,,,ISC,,slab_deep,183.773834229,slab_deep,2022-06-04T06:39:43,5.3,6.997675171749436,10
222393,2022-06-04T06:39:47,-66.794,-21.457,212.0,5.7,mw,,,,,,,,,,,,,,,,,ISC,,slab_deep,184.029327393,slab_deep,2022-06-04T06:39:47,5.3,6.997675171749436,10
222434,2022-06-05T05:37:32,-67.162,-21.996,193.0,5.6,mw,,,,,,,,,,,,,,,,,ISC,,slab_deep,156.134185791,slab_deep,2022-06-05T05:37:32,5.3,6.997675171749436,10
222475,2022-06-06T03:37:28,-66.729,-21.485,226.0,5.8,mw,,,,,,,,,,,,,,,,,ISC,,slab_deep,186.570571899,slab_deep,2022-06-06T03:37:28,5.3,6.997675171749436,10
223797,2022-07-13T17:56:16,-71.418,-16.996,69.035,5.4,mw,,,6.264,0.047,,,,,,,,,,,,,USGS,,slab_deep,82.5115585327,slab_deep,2022-07-13T17:56:16,5.3,6.997675171749436,10
224010,2022-07-18T00:41:51,-67.414,-21.064,193.0,5.9,mw,,,,,,,,,,,,,,,,,ISC,,slab_deep,152.586975098,slab_deep,2022-07-18T00:41:51,5.3,6.997675171749436,10
224287,2022-07-25T05:07:03,-66.843,-21.668,214.0,5.5,mw,,,,,,,,,,,,,,,,,ISC,,slab_deep,178.435455322,slab_deep,2022-07-25T05:07:03,5.3,6.997675171749436,10
224354,2022-07-27T18:58:00,-68.61,-22.23,120.0,6.2,mw,,,,,214.0,20.0,-55.0,358.0,74.0,-102.0,,,,,,,GCMT,,slab_deep,88.8835144043,slab_deep,2022-07-27T18:58:00,5.3,6.997675171749436,10
224355,2022-07-27T18:58:58,-68.579,-22.188,112.0,5.9,mw,,,,,195.71,23.09,-77.51,2.17,67.49,-95.27,-1.7321e+18,2.029e+17,1.5292e+18,4.36e+16,-1.6417e+18,2.383e+17,ISC,,slab_deep,89.1003952026,slab_deep,2022-07-27T18:58:58,5.3,6.997675171749436,10
224771,2022-08-08T02:11:47,-66.865,-21.558,207.0,5.5,mw,,,,,,,,,,,,,,,,,ISC,,slab_deep,179.611206055,slab_deep,2022-08-08T02:11:47,5.3,6.997675171749436,10
224949,2022-08-13T01:56:35,-67.274,-21.958,193.0,5.5,mw,,,,,,,,,,,,,,,,,ISC,,slab_deep,150.601821899,slab_deep,2022-08-13T01:56:35,5.3,6.997675171749436,10
225121,2022-08-18T02:10:00,-70.5,-34.42,115.0,5.3,mw,,,,,187.0,21.0,-107.0,25.0,70.0,-84.0,-7.255e+16,4620000000000000.0,6.794e+16,-4.239e+16,-7.027e+16,8510000000000000.0,GCMT,,slab_deep,93.9055023193,slab_deep,2022-08-18T02:10:00,5.3,6.997675171749436,10
225266,2022-08-24T12:09:00,-68.63,-22.02,132.0,5.5,mw,,,,,237.0,12.0,-27.0,353.0,85.0,-101.0,-2.457e+16,6930000000000000.0,1.764e+16,4.037e+16,-1.4858e+17,6.052e+16,GCMT,,slab_deep,88.6662826538,slab_deep,2022-08-24T12:09:00,5.3,6.997675171749436,10
225353,2022-08-26T08:15:19,-67.35,-21.833,179.0,5.8,mw,,,,,,,,,,,,,,,,,ISC,,slab_deep,145.678497314,slab_deep,2022-08-26T08:15:19,5.3,6.997675171749436,10
225625,2022-09-03T10:27:25,-67.186,-21.992,175.0,5.7,mw,,,,,,,,,,,,,,,,,ISC,,slab_deep,153.115264893,slab_deep,2022-09-03T10:27:25,5.3,6.997675171749436,10
225682,2022-09-05T08:25:30,-66.867,-21.594,208.0,5.5,mw,,,,,,,,,,,,,,,,,ISC,,slab_deep,179.012588501,slab_deep,2022-09-05T08:25:30,5.3,6.997675171749436,10
225808,2022-09-08T21:59:00,-73.37,-16.26,53.0,5.4,mw,,,,,243.0,13.0,-129.0,102.0,80.0,-82.0,-1.0594e+17,6.591e+16,4.003e+16,-1.2411e+17,1.454e+16,-2.118e+16,GCMT,,slab_deep,50.3565559387,slab_deep,2022-09-08T21:59:00,5.3,6.997675171749436,10
226038,2022-09-12T01:32:25,-67.644,-22.522,177.0,5.6,mw,,,,,,,,,,,,,,,,,ISC,,slab_deep,123.030342102,slab_deep,2022-09-12T01:32:25,5.3,6.997675171749436,10
226173,2022-09-16T19:49:27,-67.724,-21.517,153.0,6.0,mw,,,,,,,,,,,,,,,,,ISC,,slab_deep,129.401367188,slab_deep,2022-09-16T19:49:27,5.3,6.997675171749436,10
226409,2022-09-21T07:17:20,-66.827,-21.549,215.0,5.5,mw,,,,,,,,,,,,,,,,,ISC,,slab_deep,179.611206055,slab_deep,2022-09-21T07:17:20,5.3,6.997675171749436,10
226857,2022-10-03T02:03:44,-67.437,-22.466,175.0,5.4,mw,,,,,,,,,,,,,,,,,ISC,,slab_deep,134.341918945,slab_deep,2022-10-03T02:03:44,5.3,6.997675171749436,10
227510,2022-10-22T03:49:09,-66.806,-21.639,222.0,5.6,mw,,,,,,,,,,,,,,,,,ISC,,slab_deep,181.623550415,slab_deep,2022-10-22T03:49:09,5.3,6.997675171749436,10
227607,2022-10-26T10:02:32,-66.818,-21.493,204.0,5.7,mw,,,,,,,,,,,,,,,,,ISC,,slab_deep,183.395248413,slab_deep,2022-10-26T10:02:32,5.3,6.997675171749436,10
227845,2022-11-02T02:37:00,-68.83,-22.4,120.0,5.4,mw,,,,,253.0,28.0,-22.0,2.0,80.0,-116.0,,,,,,,GCMT,,slab_deep,82.0357055664,slab_deep,2022-11-02T02:37:00,5.3,6.997675171749436,10
228747,2022-11-27T06:29:45,-66.89,-21.526,213.0,5.9,mw,,,,,,,,,,,,,,,,,ISC,,slab_deep,176.453704834,slab_deep,2022-11-27T06:29:45,5.3,6.997675171749436,10
229186,2022-12-10T06:41:00,-68.19,-23.02,134.0,5.6,mw,,,,,154.0,36.0,-83.0,326.0,54.0,-95.0,-2.9869e+17,5.063e+16,2.4806e+17,6.22e+16,-3.994e+16,-1.6966e+17,GCMT,,slab_deep,96.1274414062,slab_deep,2022-12-10T06:41:00,5.3,6.997675171749436,10
229786,2022-12-30T22:35:25,-67.079,-24.036,231.0,4.6,mw,,,,,,,,,,,,,,,,,ISC,,slab_deep,140.179046631,slab_deep,2022-12-30T22:35:25,,,-1
229784,2022-12-30T22:35:26,-67.14,-24.027,232.941,4.9,mw,,,5.816,0.191,,,,,,,,,,,,,USGS,,slab_deep,137.186569214,slab_deep,2022-12-30T22:35:26,,,-1
229787,2022-12-30T22:35:28,-67.29,-23.939,236.1,4.2,mw,,,10.6,,,,,,,,,,,,,,CSN-improved,,slab_deep,129.096099854,slab_deep,2022-12-30T22:35:28,,,-1
229836,2022-12-31T03:31:00,-68.83,-22.93,109.0,5.1,mw,,,,,158.0,31.0,-102.0,352.0,60.0,-83.0,-3.1117e+16,-1437000000000000.0,3.2555e+16,-2225000000000000.0,-5.6217e+16,-40000000000000.0,GCMT,,slab_deep,80.5385665894,slab_deep,2022-12-31T03:31:00,,,-1
229837,2022-12-31T23:04:00,-69.58,-16.57,204.0,5.0,mw,,,,,229.0,39.0,-21.0,336.0,77.0,-127.0,,,,,,,GCMT,,slab_deep,158.293502808,slab_deep,2022-12-31T23:04:00,,,-1
229839,2022-12-31T23:04:10,-69.656,-16.404,191.0,4.7,mw,,,,,,,,,,,,,,,,,ISC,,slab_deep,165.57711792,slab_deep,2022-12-31T23:04:10,,,-1
