id,time_iso,longitude,latitude,depth,mag,mag_type,lon_error,lat_error,depth_error,mag_error,strike1,dip1,rake1,strike2,dip2,rake2,Mrr,Mtt,Mpp,Mrt,Mrp,Mtp,source,dups,class_raw,sub_depth,class,time,mc_window,tc_years,mc_window_index
1,1513-01-01T00:00:00,-72.3,-17.21,30.0,8.7,mw,,,,0.2,,,,,,,,,,,,,CERESIS-GEM,,slab_interface,42.1423606873,slab_interface,1513-01-01T00:00:00,8.2,386.9924709103354,0
3,1543-01-01T00:00:00,-70.8,-19.0,47.04,8.7,mw,,,,0.6,,,,,,,,,,,,,CERESIS-GEM,,slab_interface,35.7434310913,slab_interface,1543-01-01T00:00:00,8.2,386.9924709103354,0
7,1570-02-08T05:00:00,-73.5,-36.75,35.8,8.3,mw,,,,0.2,,,,,,,,,,,,,CERESIS-GEM,,slab_interface,23.4220485687,slab_interface,1570-02-08T05:00:00,8.2,386.9924709103354,0
9,1575-12-16T18:30:00,-73.96,-39.8,52.22,9.1,mw,,,,0.2,,,,,,,,,,,,,CERESIS-GEM,,slab_interface,24.9385643005,slab_interface,1575-12-16T18:30:00,8.2,386.9924709103354,0
18,1604-11-24T18:30:00,-71.9,-17.4,35.0,8.7,mw,,,,0.6,,,,,,,,,,,,,CERESIS-GEM,,slab_interface,47.0885658264,slab_interface,1604-11-24T18:30:00,8.2,386.9924709103354,0
24,1647-05-14T02:30:00,-72.0,-33.0,30.0,8.4,mw,,,,0.2,,,,,,,,,,,,,CERESIS-GEM,,slab_interface,21.6819496155,slab_interface,1647-05-14T02:30:00,8.2,386.9924709103354,0
39,1730-07-08T10:00:00,-71.63,-33.05,33.36,9.1,mw,,,,0.2,,,,,,,,,,,,,CERESIS-GEM,,slab_interface,32.8768424988,slab_interface,1730-07-08T10:00:00,8.2,386.9924709103354,0
43,1751-05-25T05:30:00,-73.03,-36.83,35.49,8.5,mw,,,,0.2,,,,,,,,,,,,,CERESIS-GEM,,slab_interface,35.0675544739,slab_interface,1751-05-25T05:30:00,8.2,386.9924709103354,0
77,1819-04-11T15:00:00,-71.45,-27.85,55.21,8.5,mw,,,,0.2,,,,,,,,,,,,,CERESIS-GEM,,slab_interface,17.0310707092,slab_interface,1819-04-11T15:00:00,8.2,386.9924709103354,0
81,1822-11-20T02:30:00,-71.93,-32.55,33.36,8.3,mw,,,,0.2,,,,,,,,,,,,,CERESIS-GEM,,slab_interface,22.5020484924,slab_interface,1822-11-20T02:30:00,8.2,386.9924709103354,0
97,1835-02-20T15:30:00,-73.35,-36.13,35.49,8.5,mw,,,,0.2,,,,,,,,,,,,,CERESIS-GEM,,slab_interface,22.6144161224,slab_interface,1835-02-20T15:30:00,8.2,386.9924709103354,0
100,1837-11-07T11:30:00,-74.35,-43.15,52.22,8.8,mw,,,,0.2,,,,,,,,,,,,,CERESIS-GEM,,slab_interface,24.582868576,slab_interface,1837-11-07T11:30:00,8.2,386.9924709103354,0
132,1868-08-13T16:45:00,-72.15,-17.15,45.0,9.0,mw,,,,0.2,,,,,,,,,,,,,CERESIS-GEM,,slab_interface,49.2589683533,slab_interface,1868-08-13T16:45:00,8.2,386.9924709103354,0
153,1877-05-10T02:16:00,-70.47,-20.65,47.92,8.8,mw,,,,0.2,,,,,,,,,,,,,CERESIS-GEM,,slab_interface,29.9515972137,slab_interface,1877-05-10T02:16:00,8.2,386.9924709103354,0
185,1905-04-26T21:43:00,-70.0,-21.0,60.0,6.8,mw,,,,0.2,,,,,,,,,,,,,CERESIS-GEM,,slab_interface,45.3821334839,slab_interface,1905-04-26T21:43:00,6.8,49.998631074606436,1
187,1906-01-18T11:00:00,-71.629,-33.049,33.86,6.8,mw,,,,0.6,,,,,,,,,,,,,CERESIS-GEM,,slab_interface,32.8768424988,slab_interface,1906-01-18T11:00:00,6.8,49.998631074606436,1
189,1906-08-17T00:40:00,-72.0,-33.0,25.0,8.2,mw,,,,0.6,,,,,,,,,,,,,CERESIS-GEM,,slab_interface,21.6819496155,slab_interface,1906-08-17T00:40:00,6.8,49.998631074606436,1
195,1906-12-26T05:53:20,-70.607,-19.551,35.0,6.9,mw,,,18.7,0.21,,,,,,,,,,,,,ISC-GEM,,slab_interface,34.3277778625,slab_interface,1906-12-26T05:53:20,6.8,49.998631074606436,1
205,1909-06-08T05:46:37,-70.502,-26.154,35.0,7.7,mw,,,20.1,0.58,,,,,,,,,,,,,ISC-GEM,,slab_interface,39.8185501099,slab_interface,1909-06-08T05:46:37,6.8,49.998631074606436,1
207,1910-09-06T20:03:02,-70.699,-27.421,35.0,6.9,mw,,,6.5,0.2,,,,,,,,,,,,,ISC-GEM,,slab_interface,38.9113273621,slab_interface,1910-09-06T20:03:02,6.8,49.998631074606436,1
208,1910-10-04T23:00:06,-70.15,-22.2,40.0,7.2,mw,,,,0.2,,,,,,,,,,,,,CERESIS-GEM,,slab_interface,37.4834098816,slab_interface,1910-10-04T23:00:06,6.8,49.998631074606436,1
211,1913-07-28T06:40:00,-73.299,-16.6,30.0,7.0,mw,,,,0.2,,,,,,,,,,,,,CERESIS-GEM,,slab_interface,37.2417831421,slab_interface,1913-07-28T06:40:00,6.8,49.998631074606436,1
213,1913-08-06T22:14:37,-73.738,-16.534,25.0,7.7,mw,,,13.3,0.25,,,,,,,,,,,,,ISC-GEM,,slab_interface,27.759223938,slab_interface,1913-08-06T22:14:37,6.8,49.998631074606436,1
216,1914-01-30T03:36:07,-73.309,-34.763,15.0,7.7,mw,,,25.0,0.41,,,,,,,,,,,,,ISC-GEM,,slab_interface,10.0139665604,slab_interface,1914-01-30T03:36:07,6.8,49.998631074606436,1
229,1917-02-15T00:48:28,-71.789,-30.519,35.0,6.9,mw,,,13.4,0.2,,,,,,,,,,,,,ISC-GEM,,slab_interface,23.3638153076,slab_interface,1917-02-15T00:48:28,6.8,49.998631074606436,1
232,1918-05-20T17:55:08,-71.93,-29.178,20.0,7.5,mw,,,16.0,0.23,,,,,,,,,,,,,ISC-GEM,,slab_interface,14.9224319458,slab_interface,1918-05-20T17:55:08,6.8,49.998631074606436,1
234,1918-12-04T11:47:51,-70.65,-26.462,40.0,8.0,mw,,,19.5,0.2,,,,,,,,,,,,,ISC-GEM,,slab_interface,34.6814460754,slab_interface,1918-12-04T11:47:51,6.8,49.998631074606436,1
237,1919-03-02T11:45:15,-73.5,-41.0,35.0,7.2,mw,,,25.0,0.42,,,,,,,,,,,,,ISC-GEM,,slab_interface,42.1394691467,slab_interface,1919-03-02T11:45:15,6.8,49.998631074606436,1
238,1919-03-09T03:16:59,-74.365,-41.422,15.0,6.9,mw,,,25.0,0.5,,,,,,,,,,,,,ISC-GEM,,slab_interface,19.0585842133,slab_interface,1919-03-09T03:16:59,6.8,49.998631074606436,1
256,1922-01-06T14:11:08,-72.639,-17.536,15.0,6.8,mw,,,9.9,0.29,,,,,,,,,,,,,ISC-GEM,,slab_interface,21.3271141052,slab_interface,1922-01-06T14:11:08,6.8,49.998631074606436,1
261,1922-11-07T23:00:18,-71.942,-28.369,25.0,6.8,mw,,,6.7,0.4,,,,,,,,,,,,,ISC-GEM,,slab_interface,10.8868532181,slab_interface,1922-11-07T23:00:18,6.8,49.998631074606436,1
262,1922-11-10T04:32:00,-71.5,-28.5,25.0,8.5,mw,,,14.8,0.2,,,,,,,,,,,,,ISC-GEM,,slab_interface,20.7873725891,slab_interface,1922-11-10T04:32:00,6.8,49.998631074606436,1
266,1923-05-04T22:26:51,-71.405,-28.89,35.0,6.8,mw,,,17.2,0.2,,,,,,,,,,,,,ISC-GEM,,slab_interface,27.9192905426,slab_interface,1923-05-04T22:26:51,6.8,49.998631074606436,1
277,1924-01-29T01:54:59,-70.715,-28.183,45.0,6.8,mw,,,12.8,0.4,,,,,,,,,,,,,ISC-GEM,,slab_interface,47.6788444519,slab_interface,1924-01-29T01:54:59,6.8,49.998631074606436,1
303,1926-08-12T22:17:48,-70.0,-23.0,44.35,6.8,mw,,,,0.2,,,,,,,,,,,,,CERESIS-GEM,,slab_interface,44.135017395,slab_interface,1926-08-12T22:17:48,6.8,49.998631074606436,1
354,1928-11-20T20:35:12,-70.057,-23.157,45.0,7.0,mw,,,20.4,0.35,,,,,,,,,,,,,ISC-GEM,,slab_interface,42.7449188232,slab_interface,1928-11-20T20:35:12,6.8,49.998631074606436,1
356,1928-12-01T04:06:18,-72.9,-35.5,40.0,8.1,mw,,,7.3,0.4,20.0,25.0,80.0,211.0,65.0,95.0,,,,,,,ISC-GEM,,slab_interface,24.5710220337,slab_interface,1928-12-01T04:06:18,6.8,49.998631074606436,1
359,1928-12-02T04:20:26,-72.74,-35.712,30.0,7.2,mw,,,12.8,0.33,,,,,,,,,,,,,ISC-GEM,,slab_interface,31.4581737518,slab_interface,1928-12-02T04:20:26,6.8,49.998631074606436,1
404,1931-03-18T08:02:25,-72.0,-31.7,35.0,7.0,mw,,,10.9,0.26,,,,,,,,,,,,,ISC-GEM,,slab_interface,19.9963207245,slab_interface,1931-03-18T08:02:25,6.8,49.998631074606436,1
448,1933-02-23T08:09:19,-70.192,-20.521,35.0,7.7,mw,,,20.9,0.27,,,,,,,,,,,,,ISC-GEM,,slab_interface,40.1065826416,slab_interface,1933-02-23T08:09:19,6.8,49.998631074606436,1
515,1936-07-13T11:12:19,-70.155,-24.718,35.0,7.5,mw,,,5.6,0.39,,,,,,,,,,,,,ISC-GEM,,slab_interface,46.9511375427,slab_interface,1936-07-13T11:12:19,6.8,49.998631074606436,1
554,1939-04-18T06:22:44,-70.875,-27.218,35.0,7.4,mw,,,6.2,0.26,,,,,,,,,,,,,ISC-GEM,,slab_interface,29.0539608002,slab_interface,1939-04-18T06:22:44,6.8,49.998631074606436,1
579,1940-10-04T07:55:01,-70.425,-19.978,35.0,7.2,mw,,,6.2,0.22,,,,,,,,,,,,,ISC-GEM,,slab_interface,34.6924324036,slab_interface,1940-10-04T07:55:01,6.8,49.998631074606436,1
583,1940-10-11T18:41:20,-73.712,-41.976,35.0,6.9,mw,,,25.0,0.38,,,,,,,,,,,,,ISC-GEM,,slab_interface,40.7850875854,slab_interface,1940-10-11T18:41:20,6.8,49.998631074606436,1
598,1942-07-08T06:55:44,-70.04,-24.373,35.0,6.8,mw,,,5.6,0.2,,,,,,,,,,,,,ISC-GEM,,slab_interface,48.240688324,slab_interface,1942-07-08T06:55:44,6.8,49.998631074606436,1
608,1943-04-06T16:07:18,-72.0,-31.262,35.0,8.2,mw,,,19.5,0.4,,,,,,,,,,,,,ISC-GEM,,slab_interface,19.1288471222,slab_interface,1943-04-06T16:07:18,6.8,49.998631074606436,1
637,1946-08-02T19:18:52,-70.568,-26.449,39.2,7.0,mw,,,5.0,0.2,,,,,,,,,,,,,ISC-GEM,,slab_interface,39.0861053467,slab_interface,1946-08-02T19:18:52,6.8,49.998631074606436,1
653,1948-05-11T09:34:00,-71.8,-17.9,30.0,7.4,mw,,,,0.6,,,,,,,,,,,,,CERESIS-GEM,,slab_interface,31.2964191437,slab_interface,1948-05-11T09:34:00,6.8,49.998631074606436,1
688,1950-09-09T05:37:38,-70.6,-27.0,40.12,6.2,mw,,,,0.6,,,,,,,,,,,,,CERESIS-GEM,,slab_interface,40.3722457886,slab_interface,1950-09-09T05:37:38,5.9,25.998631074606433,2
689,1950-09-25T18:09:27,-71.3,-32.5,46.68,6.2,mw,,,,0.6,,,,,,,,,,,,,CERESIS-GEM,,slab_interface,46.5564575195,slab_interface,1950-09-25T18:09:27,5.9,25.998631074606433,2
694,1951-01-03T17:27:19,-73.519,-38.589,35.0,6.2,mw,,,6.5,0.2,,,,,,,,,,,,,ISC-GEM,,slab_interface,31.9039573669,slab_interface,1951-01-03T17:27:19,5.9,25.998631074606433,2
699,1951-05-10T21:32:58,-72.101,-34.152,32.7,6.1,mw,,,4.7,0.25,,,,,,,,,,,,,ISC-GEM,,slab_interface,26.2956752777,slab_interface,1951-05-10T21:32:58,5.9,25.998631074606433,2
714,1952-05-24T01:59:12,-70.956,-20.872,25.0,6.0,mw,,,3.9,0.2,,,,,,,,,,,,,ISC-GEM,,slab_interface,15.4533634186,slab_interface,1952-05-24T01:59:12,5.9,25.998631074606433,2
717,1952-07-05T23:06:20,-71.411,-30.652,35.0,6.1,mw,,,19.0,0.45,,,,,,,,,,,,,ISC-GEM,,slab_interface,39.9405479431,slab_interface,1952-07-05T23:06:20,5.9,25.998631074606433,2
718,1952-08-18T13:05:03,-71.572,-30.041,35.0,6.2,mw,,,20.3,0.2,,,,,,,,,,,,,ISC-GEM,,slab_interface,30.7079772949,slab_interface,1952-08-18T13:05:03,5.9,25.998631074606433,2
724,1953-02-12T00:16:00,-71.7,-17.5,40.0,6.2,mw,,,,0.6,,,,,,,,,,,,,CERESIS-GEM,,slab_interface,49.5815544128,slab_interface,1953-02-12T00:16:00,5.9,25.998631074606433,2
731,1953-09-04T14:07:17,-71.701,-32.738,36.6,6.3,mw,,,4.8,0.2,,,,,,,,,,,,,ISC-GEM,,slab_interface,30.6513690948,slab_interface,1953-09-04T14:07:17,5.9,25.998631074606433,2
734,1953-12-20T09:19:50,-71.775,-31.815,25.0,6.3,mw,,,3.9,0.2,,,,,,,,,,,,,ISC-GEM,,slab_interface,26.2281856537,slab_interface,1953-12-20T09:19:50,5.9,25.998631074606433,2
746,1954-07-23T04:33:34,-71.51,-30.415,38.3,6.1,mw,,,5.0,0.2,,,,,,,,,,,,,ISC-GEM,,slab_interface,34.3932342529,slab_interface,1954-07-23T04:33:34,5.9,25.998631074606433,2
760,1955-04-19T20:24:11,-71.935,-30.128,15.0,7.0,mw,,,19.5,0.32,,,,,,,,,,,,,ISC-GEM,,slab_interface,18.0904350281,slab_interface,1955-04-19T20:24:11,5.9,25.998631074606433,2
762,1955-04-20T02:12:35,-71.933,-30.4,25.0,6.1,mw,,,13.4,0.35,,,,,,,,,,,,,ISC-GEM,,slab_interface,18.7122955322,slab_interface,1955-04-20T02:12:35,5.9,25.998631074606433,2
761,1955-04-20T05:48:36,-72.071,-30.664,15.0,6.3,mw,,,13.4,0.38,,,,,,,,,,,,,ISC-GEM,,slab_interface,16.750957489,slab_interface,1955-04-20T05:48:36,5.9,25.998631074606433,2
773,1955-12-06T04:31:05,-70.338,-20.61,35.0,6.3,mw,,,16.2,0.2,,,,,,,,,,,,,ISC-GEM,,slab_interface,33.7592506409,slab_interface,1955-12-06T04:31:05,5.9,25.998631074606433,2
774,1956-01-08T20:54:23,-70.507,-18.966,51.5,7.0,mw,,,5.0,0.2,,,,,,,,,,,,,ISC-GEM,,slab_interface,47.88256073,slab_interface,1956-01-08T20:54:23,5.9,25.998631074606433,2
775,1956-01-18T08:07:24,-70.346,-24.307,35.0,6.2,mw,,,4.8,0.34,,,,,,,,,,,,,ISC-GEM,,slab_interface,37.7069015503,slab_interface,1956-01-18T08:07:24,5.9,25.998631074606433,2
779,1956-06-09T10:08:30,-71.474,-30.332,23.5,6.6,mw,,,3.8,0.2,,,,,,,,,,,,,ISC-GEM,,slab_interface,36.3501472473,slab_interface,1956-06-09T10:08:30,5.9,25.998631074606433,2
781,1956-06-11T09:56:22,-70.94,-27.383,35.0,5.9,mw,,,4.8,0.52,,,,,,,,,,,,,ISC-GEM,,slab_interface,28.603887558,slab_interface,1956-06-11T09:56:22,5.9,25.998631074606433,2
800,1957-07-24T01:57:39,-71.135,-29.79,50.0,6.0,mw,,,5.2,0.2,,,,,,,,,,,,,ISC-GEM,,slab_interface,46.9465827942,slab_interface,1957-07-24T01:57:39,5.9,25.998631074606433,2
801,1957-07-29T17:15:20,-70.94,-23.409,15.0,6.8,mw,,,8.7,0.2,,,,,,,,,,,,,ISC-GEM,,slab_interface,17.542755127,slab_interface,1957-07-29T17:15:20,5.9,25.998631074606433,2
808,1957-12-20T11:18:48,-71.902,-30.75,25.0,5.9,mw,,,13.4,0.23,,,,,,,,,,,,,ISC-GEM,,slab_interface,20.8994407654,slab_interface,1957-12-20T11:18:48,5.9,25.998631074606433,2
845,1959-01-30T16:15:52,-70.961,-27.81,45.0,6.3,mw,,,4.7,0.35,,,,,,,,,,,,,ISC-GEM,,slab_interface,31.9848880768,slab_interface,1959-01-30T16:15:52,5.9,25.998631074606433,2
854,1959-05-21T11:34:28,-70.823,-28.241,43.0,6.0,mw,,,5.2,0.2,,,,,,,,,,,,,ISC-GEM,,slab_interface,43.7562179565,slab_interface,1959-05-21T11:34:28,5.9,25.998631074606433,2
872,1959-11-28T12:35:01,-71.151,-28.848,35.0,6.1,mw,,,6.1,0.29,,,,,,,,,,,,,ISC-GEM,,slab_interface,37.0250968933,slab_interface,1959-11-28T12:35:01,5.9,25.998631074606433,2
887,1960-05-21T10:02:58,-73.353,-37.824,25.0,8.1,mw,,,4.8,0.3,,,,,,,,,,,,,ISC-GEM,,slab_interface,31.0686626434,slab_interface,1960-05-21T10:02:58,5.9,25.998631074606433,2
888,1960-05-21T10:53:58,-73.559,-37.741,25.0,6.5,mw,,,,,,,,,,,,,,,,,ISC,,slab_interface,26.1884593964,slab_interface,1960-05-21T10:53:58,5.9,25.998631074606433,2
889,1960-05-21T13:00:04,-73.194,-37.364,25.0,6.2,mw,,,19.3,0.47,,,,,,,,,,,,,ISC-GEM,,slab_interface,32.922039032,slab_interface,1960-05-21T13:00:04,5.9,25.998631074606433,2
891,1960-05-22T10:30:44,-73.017,-37.775,25.0,7.1,mw,,,5.8,0.2,,,,,,,,,,,,,ISC-GEM,,slab_interface,41.1431884766,slab_interface,1960-05-22T10:30:44,5.9,25.998631074606433,2
892,1960-05-22T10:32:48,-73.149,-37.86,25.0,6.8,mw,,,5.8,0.4,,,,,,,,,,,,,ISC-GEM,,slab_interface,36.7796325684,slab_interface,1960-05-22T10:32:48,5.9,25.998631074606433,2
890,1960-05-22T19:11:21,-73.407,-38.143,25.0,9.5,mw,,,4.2,0.25,10.0,17.0,105.0,170.0,79.0,90.0,,,,,,,ISC-GEM,,slab_interface,31.6881771088,slab_interface,1960-05-22T19:11:21,5.9,25.998631074606433,2
896,1960-05-23T00:25:48,-73.866,-38.543,20.0,6.5,mw,,,25.0,0.2,,,,,,,,,,,,,ISC-GEM,,slab_interface,23.1353702545,slab_interface,1960-05-23T00:25:48,5.9,25.998631074606433,2
899,1960-05-23T09:52:23,-73.152,-37.859,25.0,6.2,mw,,,5.8,0.73,,,,,,,,,,,,,USGS,,slab_interface,36.7796325684,slab_interface,1960-05-23T09:52:23,5.9,25.998631074606433,2
909,1960-05-28T11:05:47,-72.77,-37.713,25.0,6.0,mw,,,19.3,0.29,,,,,,,,,,,,,ISC-GEM,,slab_interface,49.4478302002,slab_interface,1960-05-28T11:05:47,5.9,25.998631074606433,2
912,1960-05-29T08:34:25,-73.23,-37.749,25.0,5.9,mw,,,19.3,0.64,,,,,,,,,,,,,ISC-GEM,,slab_interface,33.4131546021,slab_interface,1960-05-29T08:34:25,5.9,25.998631074606433,2
916,1960-06-01T05:03:02,-73.014,-37.895,35.0,6.1,mw,,,5.8,0.22,,,,,,,,,,,,,ISC-GEM,,slab_interface,41.8010635376,slab_interface,1960-06-01T05:03:02,5.9,25.998631074606433,2
938,1960-07-24T10:37:25,-74.0,-40.0,24.11,6.0,mw,,,,0.17,,,,,,,,,,,,,CERESIS-GEM,,slab_interface,24.013004303,slab_interface,1960-07-24T10:37:25,5.9,25.998631074606433,2
940,1960-07-31T14:54:59,-75.769,-44.047,20.0,5.9,mw,,,,0.2,,,,,,,,,,,,,CERESIS-GEM,,slab_interface,6.52158164978,slab_interface,1960-07-31T14:54:59,5.9,25.998631074606433,2
942,1960-08-13T14:14:57,-74.783,-39.964,25.0,6.7,mw,,,4.5,0.2,,,,,,,,,,,,,ISC-GEM,,slab_interface,9.70108318329,slab_interface,1960-08-13T14:14:57,5.9,25.998631074606433,2
946,1960-10-14T17:48:33,-73.068,-38.323,25.0,5.9,mw,,,9.4,0.2,,,,,,,,,,,,,ISC-GEM,,slab_interface,43.1812515259,slab_interface,1960-10-14T17:48:33,5.9,25.998631074606433,2
950,1960-10-30T12:14:38,-70.265,-23.483,35.0,6.2,mw,,,7.8,0.2,,,,,,,,,,,,,ISC-GEM,,slab_interface,37.1368522644,slab_interface,1960-10-30T12:14:38,5.9,25.998631074606433,2
955,1960-11-09T20:06:20,-70.372,-23.266,35.0,6.2,mw,,,7.8,0.53,,,,,,,,,,,,,ISC-GEM,,slab_interface,32.9843482971,slab_interface,1960-11-09T20:06:20,5.9,25.998631074606433,2
959,1960-11-22T12:28:55,-74.788,-40.134,20.0,6.2,mw,,,4.8,0.2,,,,,,,,,,,,,ISC-GEM,,slab_interface,9.849193573,slab_interface,1960-11-22T12:28:55,5.9,25.998631074606433,2
963,1960-12-02T09:10:49,-70.297,-24.732,35.0,7.3,mw,,,14.3,0.2,,,,,,,,,,,,,ISC-GEM,,slab_interface,41.9789466858,slab_interface,1960-12-02T09:10:49,5.9,25.998631074606433,2
971,1960-12-31T18:08:10,-75.618,-44.218,20.0,6.0,mw,,,,0.2,,,,,,,,,,,,,CERESIS-GEM,,slab_interface,7.64990663528,slab_interface,1960-12-31T18:08:10,5.9,25.998631074606433,2
981,1961-05-08T19:23:39,-70.483,-24.699,35.0,5.9,mw,,,14.3,0.2,,,,,,,,,,,,,ISC-GEM,,slab_interface,34.948223114,slab_interface,1961-05-08T19:23:39,5.9,25.998631074606433,2
982,1961-05-11T08:38:29,-72.848,-37.439,25.0,6.1,mw,,,19.3,0.42,,,,,,,,,,,,,ISC-GEM,,slab_interface,44.1876602173,slab_interface,1961-05-11T08:38:29,5.9,25.998631074606433,2
985,1961-06-16T07:08:17,-74.5,-41.3,17.0,6.0,mw,,,,0.17,,,,,,,,,,,,,CERESIS-GEM,,slab_interface,15.8913450241,slab_interface,1961-06-16T07:08:17,5.9,25.998631074606433,2
998,1961-10-18T16:51:58,-73.238,-36.738,20.0,6.6,mw,,,5.9,0.26,,,,,,,,,,,,,ISC-GEM,,slab_interface,29.2290706635,slab_interface,1961-10-18T16:51:58,5.9,25.998631074606433,2
999,1961-10-19T08:31:29,-72.7,-36.9,61.0,6.3,mw,,,,0.2,,,,,,,,,,,,,CERESIS-GEM,,slab_interface,46.5652542114,slab_interface,1961-10-19T08:31:29,5.9,25.998631074606433,2
1005,1961-12-24T23:43:20,-73.88,-38.24,25.0,6.1,mw,,,4.5,0.96,,,,,,,,,,,,,USGS,,slab_interface,20.9935493469,slab_interface,1961-12-24T23:43:20,5.9,25.998631074606433,2
1009,1962-02-14T06:36:05,-72.885,-37.845,30.0,7.2,mw,,,4.5,0.2,20.0,18.0,124.0,165.0,75.0,80.0,,,,,,,ISC-GEM,,slab_interface,44.9004974365,slab_interface,1962-02-14T06:36:05,5.9,25.998631074606433,2
1011,1962-02-27T12:40:47,-73.053,-37.732,25.0,6.2,mw,,,19.3,0.2,18.0,22.0,116.0,170.0,70.0,80.0,,,,,,,ISC-GEM,,slab_interface,39.2277450562,slab_interface,1962-02-27T12:40:47,5.9,25.998631074606433,2
1013,1962-03-01T20:38:31,-74.0,-38.0,25.0,5.9,mw,,,,0.29,,,,,,,,,,,,,CERESIS-GEM,,slab_interface,18.3503723145,slab_interface,1962-03-01T20:38:31,5.9,25.998631074606433,2
1016,1962-03-26T16:32:46,-73.986,-40.532,30.9,6.2,mw,,,4.8,0.2,,,,,,,,,,,,,ISC-GEM,,slab_interface,24.8041610718,slab_interface,1962-03-26T16:32:46,5.9,25.998631074606433,2
1019,1962-06-15T06:30:38,-70.686,-20.637,35.0,5.9,mw,,,16.2,0.2,,,,,,,,,,,,,ISC-GEM,,slab_interface,22.2008972168,slab_interface,1962-06-15T06:30:38,5.9,25.998631074606433,2
1020,1962-06-25T06:26:50,-72.95,-37.47,45.0,5.9,mw,,,,,,,,,,,,,,,,,ISC,,slab_interface,40.780040741,slab_interface,1962-06-25T06:26:50,5.9,25.998631074606433,2
1042,1962-12-29T10:41:05,-70.029,-20.106,40.0,6.2,mw,,,10.4,0.2,348.0,25.0,108.0,148.0,66.0,82.0,,,,,,,ISC-GEM,,slab_interface,49.4834327698,slab_interface,1962-12-29T10:41:05,5.9,25.998631074606433,2
1043,1963-01-11T12:12:18,-75.852,-45.023,20.0,6.0,mw,,,,0.2,,,,,,,,,,,,,CERESIS-GEM,,slab_interface,6.64057064056,slab_interface,1963-01-11T12:12:18,5.9,25.998631074606433,2
1045,1963-02-05T20:39:21,-73.443,-38.437,25.0,6.4,mw,,,6.5,0.3,7.0,6.0,117.0,160.0,85.0,87.0,,,,,,,ISC-GEM,,slab_interface,32.2648239136,slab_interface,1963-02-05T20:39:21,5.9,25.998631074606433,2
1046,1963-02-06T01:21:29,-73.465,-38.459,25.0,6.1,mw,,,6.5,0.33,,,,,,,,,,,,,ISC-GEM,,slab_interface,32.2648239136,slab_interface,1963-02-06T01:21:29,5.9,25.998631074606433,2
1258,1964-07-25T19:31:11,-71.044,-27.802,30.0,6.5,mw,,,4.0,0.3,326.0,16.0,72.0,164.0,75.0,95.0,,,,,,,ISC-GEM,,slab_interface,28.2203769684,slab_interface,1964-07-25T19:31:11,5.9,25.998631074606433,2
1281,1964-08-18T04:45:01,-71.539,-26.43,15.0,6.7,mw,,,3.6,0.3,52.0,40.0,89.0,234.0,50.0,91.0,,,,,,,ISC-GEM,,slab_interface,10.372130394,slab_interface,1964-08-18T04:45:01,5.9,25.998631074606433,2
1425,1965-03-22T22:56:28,-71.573,-31.974,48.8,6.2,mw,,,5.0,0.3,330.0,25.0,52.0,190.0,71.0,106.0,,,,,,,ISC-GEM,,slab_interface,35.8692092896,slab_interface,1965-03-22T22:56:28,5.9,25.998631074606433,2
1732,1966-04-22T03:06:35,-73.428,-37.656,21.4,5.9,mw,,,3.6,0.3,20.0,12.0,120.0,170.0,80.0,84.0,,,,,,,ISC-GEM,,slab_interface,28.0075683594,slab_interface,1966-04-22T03:06:35,5.9,25.998631074606433,2
2101,1967-03-13T16:06:00,-74.68,-40.12,23.0,7.2,mw,,,,,,,,,,,,,,,,,CSN-improved,,slab_interface,11.0221347809,slab_interface,1967-03-13T16:06:00,5.9,25.998631074606433,2
2184,1967-06-21T20:09:32,-70.394,-25.076,35.0,6.2,mw,,,3.9,0.3,40.0,46.0,94.0,214.0,44.0,86.0,,,,,,,ISC-GEM,,slab_interface,40.3124313354,slab_interface,1967-06-21T20:09:32,5.9,25.998631074606433,2
2294,1967-09-26T16:11:25,-71.446,-30.086,50.0,6.2,mw,,,4.8,0.3,24.0,19.0,104.0,189.0,71.0,85.0,,,,,,,ISC-GEM,,slab_interface,35.1054229736,slab_interface,1967-09-26T16:11:25,5.9,25.998631074606433,2
2370,1967-12-21T02:25:26,-69.939,-21.865,45.0,7.5,mw,,,5.1,0.3,6.0,28.0,100.0,175.0,62.0,85.0,,,,,,,ISC-GEM,,slab_interface,45.3906898499,slab_interface,1967-12-21T02:25:26,5.9,25.998631074606433,2
2390,1968-01-06T23:27:23,-70.873,-27.845,30.0,6.4,mw,,,3.8,0.2,0.0,20.0,100.0,169.0,70.0,86.0,,,,,,,ISC-GEM,,slab_interface,36.6139068604,slab_interface,1968-01-06T23:27:23,5.9,25.998631074606433,2
2613,1968-10-31T09:15:47,-73.386,-16.338,43.7,5.9,mw,,,5.0,0.3,315.0,40.0,105.0,115.0,52.0,77.0,,,,,,,ISC-GEM,,slab_interface,44.7285041809,slab_interface,1968-10-31T09:15:47,5.9,25.998631074606433,2
2722,1969-04-26T05:58:53,-71.569,-30.663,35.0,6.0,mw,,,19.0,0.3,22.0,22.0,115.0,175.0,70.0,80.0,,,,,,,ISC-GEM,,slab_interface,33.2309150696,slab_interface,1969-04-26T05:58:53,5.9,25.998631074606433,2
2721,1969-04-26T06:02:52,-71.249,-30.576,35.0,6.2,mw,,,18.2,0.2,323.0,23.0,64.0,171.0,69.0,101.0,,,,,,,ISC-GEM,,slab_interface,46.9130859375,slab_interface,1969-04-26T06:02:52,5.9,25.998631074606433,2
3155,1970-12-04T17:08:50,-69.988,-23.222,39.2,6.5,mw,,,5.2,0.2,2.0,16.0,109.0,162.0,75.0,85.0,,,,,,,ISC-GEM,,slab_interface,44.6977157593,slab_interface,1970-12-04T17:08:50,5.9,25.998631074606433,2
3194,1971-02-05T20:52:34,-70.747,-28.207,51.7,5.9,mw,,,4.9,0.52,,,,,,,,,,,,,ISC-GEM,,slab_interface,45.361946106,slab_interface,1971-02-05T20:52:34,5.9,25.998631074606433,2
3311,1971-07-11T09:51:39,-71.778,-32.287,35.0,6.4,mw,,,10.1,0.36,,,,,,,,,,,,,ISC-GEM,,slab_interface,26.8623523712,slab_interface,1971-07-11T09:51:39,5.9,25.998631074606433,2
3449,1971-12-08T16:05:28,-70.371,-22.805,30.0,6.1,mw,,,9.4,0.2,344.0,14.0,90.0,164.0,76.0,90.0,,,,,,,ISC-GEM,,slab_interface,31.6086406708,slab_interface,1971-12-08T16:05:28,5.9,25.998631074606433,2
3594,1972-06-08T18:53:44,-71.699,-30.466,45.0,6.7,mw,,,19.0,0.2,,,,,,,,,,,,,ISC-GEM,,slab_interface,26.6384983063,slab_interface,1972-06-08T18:53:44,5.9,25.998631074606433,2
3928,1973-07-06T09:27:31,-71.063,-27.214,19.7,5.9,mw,,,6.2,0.2,,,,,,,,,,,,,ISC-GEM,,slab_interface,23.8456306458,slab_interface,1973-07-06T09:27:31,5.9,25.998631074606433,2
4009,1973-07-31T05:41:05,-73.454,-37.75,23.7,5.9,mw,,,3.6,0.2,,,,,,,,,,,,,ISC-GEM,,slab_interface,28.4278125763,slab_interface,1973-07-31T05:41:05,5.9,25.998631074606433,2
4008,1973-07-31T10:51:16,-71.176,-27.024,35.0,6.5,mw,,,6.2,0.2,,,,,,,,,,,,,ISC-GEM,,slab_interface,18.549949646,slab_interface,1973-07-31T10:51:16,5.9,25.998631074606433,2
4041,1973-08-07T03:41:28,-70.832,-26.887,30.0,6.2,mw,,,6.2,0.2,,,,,,,,,,,,,ISC-GEM,,slab_interface,29.0411472321,slab_interface,1973-08-07T03:41:28,5.9,25.998631074606433,2
4042,1973-08-07T10:04:25,-70.947,-26.942,15.0,6.0,mw,,,6.2,0.2,,,,,,,,,,,,,ISC-GEM,,slab_interface,25.7028179169,slab_interface,1973-08-07T10:04:25,5.9,25.998631074606433,2
4040,1973-08-07T14:22:47,-70.89,-26.916,15.0,6.4,mw,,,6.2,0.28,,,,,,,,,,,,,ISC-GEM,,slab_interface,27.1833248138,slab_interface,1973-08-07T14:22:47,5.9,25.998631074606433,2
4055,1973-08-14T01:57:00,-70.82,-26.628,29.0,6.1,mw,,,,,,,,,,,,,,,,,USGS,,slab_interface,29.5664329529,slab_interface,1973-08-14T01:57:00,5.9,25.998631074606433,2
4116,1973-10-05T05:45:34,-71.879,-33.0,45.0,6.7,mw,,,9.8,0.27,,,,,,,,,,,,,ISC-GEM,,slab_interface,24.516746521,slab_interface,1973-10-05T05:45:34,5.9,25.998631074606433,2
4117,1973-10-05T05:47:52,-72.058,-32.939,30.5,6.1,mw,,,9.8,0.43,,,,,,,,,,,,,ISC-GEM,,slab_interface,20.2755069733,slab_interface,1973-10-05T05:47:52,5.9,25.998631074606433,2
4204,1973-11-19T18:40:05,-70.853,-28.463,58.0,6.1,mw,,,,,,,,,,,,,,,,,USGS,,slab_interface,44.3472175598,slab_interface,1973-11-19T18:40:05,5.9,25.998631074606433,2
4206,1973-11-19T18:40:06,-70.99,-28.405,45.0,5.9,mw,,,5.1,0.25,,,,,,,,,,,,,ISC-GEM,,slab_interface,37.0484275818,slab_interface,1973-11-19T18:40:06,5.9,25.998631074606433,2
4436,1974-08-18T10:44:00,-73.43,-38.45,36.0,7.0,mw,,,,,354.0,12.0,90.0,174.0,78.0,90.0,,,,,,,CSN-improved,,slab_interface,32.2648239136,slab_interface,1974-08-18T10:44:00,5.9,25.998631074606433,2
4653,1975-03-13T15:26:49,-71.348,-29.878,32.0,6.8,mw,,,20.3,0.2,,,,,,,,,,,,,ISC-GEM,,slab_interface,38.3694877625,slab_interface,1975-03-13T15:26:49,5.9,25.998631074606433,2
4747,1975-05-28T13:57:34,-73.417,-37.926,24.0,6.2,mw,,,,,,,,,,,,,,,,,USGS,,slab_interface,30.5759334564,slab_interface,1975-05-28T13:57:34,5.9,25.998631074606433,2
4861,1975-10-28T06:54:24,-70.242,-22.767,37.2,6.4,mw,,,4.9,0.23,,,,,,,,,,,,,ISC-GEM,,slab_interface,34.7198944092,slab_interface,1975-10-28T06:54:24,5.9,25.998631074606433,2
4996,1976-07-16T15:59:32,-71.305,-31.523,60.0,5.8,mw,,,,,,,,,,,,,,,,,USGS,,slab_interface,46.9801979065,slab_interface,1976-07-16T15:59:32,5.8,10.001368925393566,3
5121,1977-01-11T07:02:35,-71.435,-31.679,35.0,5.8,mw,,,,,5.0,34.0,111.0,160.0,59.0,77.0,7.116e+16,1.044e+16,-8.16e+16,2.177e+16,-3.401e+16,1.407e+16,USGS,,slab_interface,40.0445175171,slab_interface,1977-01-11T07:02:35,5.8,10.001368925393566,3
5443,1978-01-04T13:19:21,-70.97,-25.562,24.0,6.0,mw,,,,,,,,,,,,,,,,,USGS,,slab_interface,22.7619380951,slab_interface,1978-01-04T13:19:21,5.8,10.001368925393566,3
5713,1979-04-06T17:48:51,-70.686,-27.715,55.0,5.8,mw,,,,,,,,,,,,,,,,,USGS,,slab_interface,41.7104263306,slab_interface,1979-04-06T17:48:51,5.8,10.001368925393566,3
5736,1979-04-26T02:00:11,-72.07,-33.91,33.7,5.9,mw,0.03,0.03,1.7,,26.0,25.0,124.0,170.0,70.0,76.0,5.149e+17,1.315e+17,-6.464e+17,1.557e+17,-6.172e+17,-8.55e+16,GCMT,,slab_interface,25.0887012482,slab_interface,1979-04-26T02:00:11,5.8,10.001368925393566,3
5737,1979-04-28T11:38:25,-71.17,-27.39,21.1,6.1,mw,0.05,0.04,2.2,,31.0,24.0,68.0,234.0,68.0,99.0,1.307e+18,-6.07e+17,-7e+17,-1.162e+18,-7.19e+17,-8.27e+17,GCMT,,slab_interface,21.9969615936,slab_interface,1979-04-28T11:38:25,5.8,10.001368925393566,3
5766,1979-05-20T19:37:48,-71.11,-27.32,15.0,5.9,mw,0.06,0.05,0.0,,11.0,13.0,117.0,163.0,79.0,84.0,2.679e+17,4.94e+16,-3.173e+17,2.082e+17,-6.646e+17,2.86e+16,GCMT,,slab_interface,22.8866539001,slab_interface,1979-05-20T19:37:48,5.8,10.001368925393566,3
5807,1979-07-06T02:01:16,-71.321,-32.148,45.0,6.1,mw,,,,,166.0,39.0,70.0,11.0,54.0,105.0,4.9160000000000006e+17,-2000000000000000.0,-4.896e+17,1.19e+17,1.409e+17,1.65e+16,USGS,,slab_interface,46.7920837402,slab_interface,1979-07-06T02:01:16,5.8,10.001368925393566,3
5946,1980-03-07T08:25:09,-72.816,-16.794,35.0,6.1,mw,,,4.8,0.1,166.0,61.0,112.0,306.0,36.0,56.0,1.45e+18,-3.08e+17,-1.142e+18,-4.4e+16,-9.66e+17,9.59e+17,ISC-GEM,,slab_interface,43.0114364624,slab_interface,1980-03-07T08:25:09,5.8,10.001368925393566,3
5947,1980-03-07T08:25:12,-73.48,-17.17,15.0,6.1,mw,0.04,0.04,0.0,,306.0,36.0,56.0,166.0,61.0,112.0,1.45e+18,-3.08e+17,-1.142e+18,-4.4e+16,-9.66e+17,9.59e+17,GCMT,,slab_interface,16.3012275696,slab_interface,1980-03-07T08:25:12,5.8,10.001368925393566,3
6022,1980-06-11T14:21:25,-71.93,-33.03,20.0,5.8,mw,0.03,0.03,0.0,,1.0,26.0,87.0,184.0,64.0,91.0,5.183e+17,8.24e+16,-6.008e+17,-3.3700000000000004e+16,-4.4560000000000006e+17,-2.7500000000000004e+16,GCMT,,slab_interface,23.1661930084,slab_interface,1980-06-11T14:21:25,5.8,10.001368925393566,3
6185,1981-03-23T19:28:10,-71.935,-33.663,27.0,5.8,mw,,,,,335.0,5.0,73.0,173.0,85.0,91.0,1.027e+18,-5.4000000000000006e+17,-4.87e+17,5.85e+17,-4.676e+18,1.14e+17,ISC,,slab_interface,25.8404064178,slab_interface,1981-03-23T19:28:10,5.8,10.001368925393566,3
6748,1983-05-02T01:24:57,-70.699,-26.641,33.0,5.8,mw,,,,,20.0,30.0,116.0,171.0,64.0,76.0,2.3450000000000003e+17,8.08e+16,-3.153e+17,4.81e+16,-1.955e+17,-2.31e+16,USGS,,slab_interface,33.6344909668,slab_interface,1983-05-02T01:24:57,5.8,10.001368925393566,3
6752,1983-05-07T01:07:23,-70.788,-28.008,51.0,5.8,mw,,,,,16.0,29.0,101.0,183.0,62.0,84.0,4.284e+16,-220000000000000.0,-4.261e+16,930000000000000.0,-2.81e+16,-7390000000000000.0,USGS,,slab_interface,40.5151672363,slab_interface,1983-05-07T01:07:23,5.8,10.001368925393566,3
6790,1983-07-08T02:03:13,-70.586,-19.849,33.8,5.8,mw,,,7.6,,,,,,,,,,,,,,USGS,,slab_interface,30.9583339691,slab_interface,1983-07-08T02:03:13,5.8,10.001368925393566,3
6854,1983-10-04T18:52:17,-70.548,-26.581,29.0,6.4,mw,,,,,,,,,,,,,,,,,ISC,,slab_interface,39.9871292114,slab_interface,1983-10-04T18:52:17,5.8,10.001368925393566,3
6853,1983-10-04T18:52:37,-70.56,-26.01,38.7,7.2,mw,0.02,0.02,1.0,,9.0,20.0,110.0,168.0,71.0,83.0,2.044e+20,1.31e+19,-2.175e+20,6.790000000000001e+19,-2.552e+20,8e+18,GCMT,,slab_interface,37.1516571045,slab_interface,1983-10-04T18:52:37,5.8,10.001368925393566,3
6855,1983-10-04T19:26:58,-70.654,-26.339,31.2,6.1,mw,,,3.6,,,,,,,,,,,,,,USGS,,slab_interface,34.2034645081,slab_interface,1983-10-04T19:26:58,5.8,10.001368925393566,3
6856,1983-10-04T19:27:00,-70.771,-26.358,40.0,5.9,mw,,,5.0,0.36,,,,,,,,,,,,,ISC-GEM,,slab_interface,30.1361179352,slab_interface,1983-10-04T19:27:00,5.8,10.001368925393566,3
7032,1984-06-11T02:05:35,-71.24,-30.703,50.8,6.2,mw,,,4.9,0.1,171.0,54.0,87.0,357.0,36.0,94.0,2.198e+18,2.98e+17,-2.497e+18,1.72e+17,-7.43e+17,3.1e+17,ISC-GEM,,slab_interface,47.3663253784,slab_interface,1984-06-11T02:05:35,5.8,10.001368925393566,3
7066,1984-07-24T04:49:53,-71.18,-25.71,15.8,5.8,mw,0.05,0.04,2.1,,14.0,18.0,126.0,157.0,75.0,79.0,3.327e+17,5200000000000000.0,-3.378e+17,2.5790000000000003e+17,-5.042e+17,9700000000000000.0,GCMT,,slab_interface,16.1848526001,slab_interface,1984-07-24T04:49:53,5.8,10.001368925393566,3
7282,1985-03-03T22:47:39,-71.71,-33.92,40.7,7.9,mw,0.02,0.02,1.0,,11.0,26.0,110.0,169.0,66.0,81.0,7.48e+20,4.89e+19,-7.969e+20,1.912e+20,-6.55e+20,2.9e+18,GCMT,,slab_interface,36.4994354248,slab_interface,1985-03-03T22:47:39,5.8,10.001368925393566,3
7292,1985-03-04T00:11:46,-71.648,-32.947,25.9,6.0,mw,,,20.9,0.61,,,,,,,,,,,,,ISC-GEM,,slab_interface,32.6906776428,slab_interface,1985-03-04T00:11:46,5.8,10.001368925393566,3
7293,1985-03-04T03:17:56,-72.043,-34.194,26.0,5.8,mw,,,,,,,,,,,,,,,,,ISC,,slab_interface,28.3542671204,slab_interface,1985-03-04T03:17:56,5.8,10.001368925393566,3
7287,1985-03-04T03:17:58,-71.986,-34.197,42.5,6.4,mw,,,6.4,0.35,,,,,,,,,,,,,ISC-GEM,,slab_interface,29.8934364319,slab_interface,1985-03-04T03:17:58,5.8,10.001368925393566,3
7286,1985-03-04T03:32:51,-72.02,-32.995,35.0,6.6,mw,,,9.8,0.2,,,,,,,,,,,,,ISC-GEM,,slab_interface,21.6819496155,slab_interface,1985-03-04T03:32:51,5.8,10.001368925393566,3
7404,1985-03-12T08:23:19,-72.59,-33.23,10.0,5.8,mw,0.06,0.04,0.0,,35.0,17.0,123.0,180.0,76.0,81.0,2.572e+17,3.71e+16,-2.943e+17,9600000000000000.0,-5.297e+17,-9.99e+16,GCMT,,slab_interface,10.3892431259,slab_interface,1985-03-12T08:23:19,5.8,10.001368925393566,3
7429,1985-03-18T05:08:50,-71.516,-32.556,33.0,5.8,mw,,,,,,,,,,,,,,,,,USGS,,slab_interface,38.0910377502,slab_interface,1985-03-18T05:08:50,5.8,10.001368925393566,3
7434,1985-03-19T04:01:07,-71.731,-33.219,29.0,5.9,mw,,,,,355.0,24.0,90.0,175.0,66.0,90.0,8.667e+18,-2.99e+17,-8.368e+18,7.19e+17,-7.813e+18,7.49e+17,ISC,,slab_interface,29.7695789337,slab_interface,1985-03-19T04:01:07,5.8,10.001368925393566,3
7433,1985-03-19T04:01:13,-71.94,-33.63,35.6,6.6,mw,0.01,0.01,0.8,,355.0,24.0,90.0,175.0,66.0,90.0,8.667e+18,-2.99e+17,-8.368e+18,7.19e+17,-7.813e+18,7.49e+17,GCMT,,slab_interface,25.8404064178,slab_interface,1985-03-19T04:01:13,5.8,10.001368925393566,3
7454,1985-03-25T05:14:34,-72.135,-34.176,25.0,6.3,mw,,,4.7,0.1,181.0,70.0,87.0,10.0,20.0,98.0,2.595e+18,-7.9e+16,-2.516e+18,8999999999999998.0,-3.096e+18,-2.45e+17,ISC-GEM,,slab_interface,25.4619369507,slab_interface,1985-03-25T05:14:34,5.8,10.001368925393566,3
7455,1985-03-25T05:14:39,-72.52,-34.6,23.9,6.3,mw,0.02,0.02,1.0,,10.0,20.0,98.0,181.0,70.0,87.0,2.595e+18,-7.9e+16,-2.516e+18,8999999999999998.0,-3.096e+18,-2.45e+17,GCMT,,slab_interface,21.3393611908,slab_interface,1985-03-25T05:14:39,5.8,10.001368925393566,3
7472,1985-04-03T13:06:20,-71.644,-32.644,25.0,5.8,mw,,,,,18.0,21.0,87.0,201.0,69.0,91.0,1.098e+18,-4e+16,-1.057e+18,-4.66e+17,-1.211e+18,-4.11e+17,ISC,,slab_interface,32.3597488403,slab_interface,1985-04-03T13:06:20,5.8,10.001368925393566,3
7471,1985-04-03T13:06:26,-71.5,-32.62,35.5,6.1,mw,0.03,0.02,1.4,,18.0,21.0,87.0,201.0,69.0,91.0,1.098e+18,-4e+16,-1.057e+18,-4.66e+17,-1.211e+18,-4.11e+17,GCMT,,slab_interface,38.1092300415,slab_interface,1985-04-03T13:06:26,5.8,10.001368925393566,3
7480,1985-04-09T01:57:01,-71.565,-34.124,46.0,6.4,mw,,,,,0.0,21.0,99.0,170.0,69.0,86.0,3.318e+19,-1e+16,-3.316e+19,7.62e+18,-3.604e+19,3.12e+18,ISC,,slab_interface,44.9223556519,slab_interface,1985-04-09T01:57:01,5.8,10.001368925393566,3
7479,1985-04-09T01:57:07,-71.86,-34.26,46.6,7.2,mw,0.02,0.01,0.8,,0.0,21.0,99.0,170.0,69.0,86.0,3.318e+19,-1e+16,-3.316e+19,7.62e+18,-3.604e+19,3.12e+18,GCMT,,slab_interface,35.5729560852,slab_interface,1985-04-09T01:57:07,5.8,10.001368925393566,3
7544,1985-05-19T18:09:16,-71.356,-30.244,40.0,5.9,mw,,,,,359.0,35.0,96.0,172.0,55.0,86.0,2.335e+18,1.12e+17,-2.448e+18,2.17e+17,-8.67e+17,2.17e+17,ISC,,slab_interface,40.3739929199,slab_interface,1985-05-19T18:09:16,5.8,10.001368925393566,3
7573,1985-06-02T16:27:02,-73.76,-37.83,32.0,5.9,mw,0.04,0.03,2.2,,347.0,24.0,47.0,212.0,73.0,107.0,4.115e+17,5.649999999999999e+16,-4.68e+17,-3.769e+17,-4.648e+17,-8.28e+16,GCMT,,slab_interface,22.4555473328,slab_interface,1985-06-02T16:27:02,5.8,10.001368925393566,3
7576,1985-06-03T17:56:51,-71.096,-27.99,28.0,5.8,mw,,,,,,,,,,,,,,,,,USGS,,slab_interface,28.3409042358,slab_interface,1985-06-03T17:56:51,5.8,10.001368925393566,3
7627,1985-07-07T11:25:17,-72.38,-33.02,24.6,6.0,mw,0.03,0.03,1.4,,0.0,21.0,96.0,174.0,69.0,88.0,8.042e+17,9.58e+16,-9e+17,1.1279999999999998e+17,-9.207e+17,6.09e+16,GCMT,,slab_interface,12.8987646103,slab_interface,1985-07-07T11:25:17,5.8,10.001368925393566,3
7673,1985-08-12T00:04:53,-73.94,-38.45,17.2,6.2,mw,0.03,0.02,1.3,,16.0,15.0,111.0,174.0,76.0,84.0,1.11e+18,-5.4e+16,-1.056e+18,2.7800000000000003e+17,-1.977e+18,-1.05e+17,GCMT,,slab_interface,20.7155399323,slab_interface,1985-08-12T00:04:53,5.8,10.001368925393566,3
7725,1985-09-26T08:33:29,-71.749,-33.664,47.2,5.8,mw,,,5.0,0.53,,,,,,,,,,,,,ISC-GEM,,slab_interface,32.2547454834,slab_interface,1985-09-26T08:33:29,5.8,10.001368925393566,3
8304,1987-02-03T16:42:46,-73.3,-37.69,28.4,5.8,mw,0.06,0.05,2.8,,357.0,16.0,95.0,172.0,74.0,89.0,3.331e+17,4.16e+16,-3.748e+17,8.58e+16,-5.593e+17,4.64e+16,GCMT,,slab_interface,31.854259491,slab_interface,1987-02-03T16:42:46,5.8,11.000684462696784,4
8850,1987-05-14T15:57:28,-72.191,-33.698,30.3,6.0,mw,,,4.0,0.2,,,,,,,,,,,,,ISC-GEM,,slab_interface,19.595703125,slab_interface,1987-05-14T15:57:28,5.8,11.000684462696784,4
8871,1987-05-19T12:56:34,-72.07,-30.71,22.8,6.1,mw,0.02,0.02,1.3,,355.0,32.0,88.0,177.0,58.0,91.0,1.578e+18,5.16e+17,-2.0950000000000005e+18,3e+16,-8.73e+17,1.78e+17,GCMT,,slab_interface,16.8445358276,slab_interface,1987-05-19T12:56:34,5.8,11.000684462696784,4
9376,1987-08-13T15:23:17,-71.59,-18.08,35.9,6.5,mw,0.02,0.02,1.0,,327.0,18.0,76.0,161.0,72.0,95.0,3.761e+18,-5.06e+17,-3.255e+18,1.58e+18,-5.152e+18,1.693e+18,GCMT,,slab_interface,30.7445316315,slab_interface,1987-08-13T15:23:17,5.8,11.000684462696784,4
10349,1988-01-19T07:30:46,-70.55,-24.86,31.0,7.0,mw,0.01,0.01,0.8,,353.0,17.0,87.0,177.0,73.0,91.0,1.88e+19,1.21e+18,-2.001e+19,1.49e+18,-2.923e+19,1.8e+18,GCMT,,slab_interface,34.0284690857,slab_interface,1988-01-19T07:30:46,5.8,11.000684462696784,4
10355,1988-01-20T15:01:38,-71.2,-24.73,15.0,5.9,mw,0.04,0.03,0.0,,358.0,22.0,91.0,177.0,68.0,90.0,4.829e+17,8.28e+16,-5.657e+17,3.3e+16,-5.467e+17,3.23e+16,GCMT,,slab_interface,16.0544986725,slab_interface,1988-01-20T15:01:38,5.8,11.000684462696784,4
10428,1988-02-05T18:49:42,-70.63,-25.04,22.1,6.3,mw,0.04,0.04,2.1,,355.0,20.0,86.0,179.0,71.0,91.0,2.462e+18,2.53e+17,-2.716e+18,4.8e+16,-3.207e+18,1.59e+17,GCMT,,slab_interface,31.5513877869,slab_interface,1988-02-05T18:49:42,5.8,11.000684462696784,4
10449,1988-02-08T15:57:07,-70.92,-25.02,17.5,5.8,mw,0.07,0.07,3.2,,318.0,18.0,48.0,181.0,77.0,102.0,2.681e+17,-4.75e+16,-2.205e+17,-5.470000000000001e+16,-4.874e+17,1.073e+17,GCMT,,slab_interface,23.8949661255,slab_interface,1988-02-08T15:57:07,5.8,11.000684462696784,4
10635,1988-03-30T23:50:58,-70.519,-24.869,35.0,6.2,mw,,,5.2,0.1,157.0,78.0,90.0,337.0,12.0,90.0,7.96e+17,5.5e+16,-8.51e+17,8.02e+17,-1.898e+18,4.7e+17,ISC-GEM,,slab_interface,35.6778144836,slab_interface,1988-03-30T23:50:58,5.8,11.000684462696784,4
10636,1988-03-30T23:51:05,-71.17,-24.89,15.0,6.2,mw,0.06,0.05,0.0,,337.0,12.0,90.0,157.0,78.0,90.0,7.96e+17,5.5e+16,-8.51e+17,8.02e+17,-1.898e+18,4.7e+17,GCMT,,slab_interface,17.4221172333,slab_interface,1988-03-30T23:51:05,5.8,11.000684462696784,4
10670,1988-04-12T23:20:06,-72.83,-17.55,15.0,7.1,mw,0.02,0.01,0.0,,322.0,11.0,87.0,145.0,79.0,91.0,1.819e+19,-6.19e+18,-1.199e+19,2.531e+19,-3.653e+19,9.31e+18,GCMT,,slab_interface,17.7528438568,slab_interface,1988-04-12T23:20:06,5.8,11.000684462696784,4
10671,1988-04-12T23:55:23,-72.503,-17.478,33.0,5.8,mw,,,,,,,,,,,,,,,,,USGS,,slab_interface,25.9053535461,slab_interface,1988-04-12T23:55:23,5.8,11.000684462696784,4
11258,1988-08-16T13:59:34,-71.158,-27.096,10.0,5.8,mw,,,,,,,,,,,,,,,,,USGS,,slab_interface,20.3382530212,slab_interface,1988-08-16T13:59:34,5.8,11.000684462696784,4
12517,1990-02-10T03:34:32,-71.456,-18.756,34.4,6.0,mw,,,7.9,,,,,,,,,,,,,,USGS,,slab_interface,20.8932781219,slab_interface,1990-02-10T03:34:32,5.8,11.000684462696784,4
12707,1990-04-21T18:54:55,-73.296,-36.999,20.0,5.8,mw,,,4.9,0.1,183.0,73.0,93.0,352.0,17.0,80.0,3.555e+17,2.45e+16,-3.8e+17,-3.99e+16,-5.435e+17,1.29e+16,ISC-GEM,,slab_interface,29.0535297394,slab_interface,1990-04-21T18:54:55,5.8,11.000684462696784,4
12708,1990-04-21T18:54:56,-73.79,-37.28,19.9,5.8,mw,0.05,0.04,2.4,,352.0,17.0,80.0,183.0,73.0,93.0,3.555e+17,2.45e+16,-3.8e+17,-3.99e+16,-5.435e+17,1.29e+16,GCMT,,slab_interface,19.7960586548,slab_interface,1990-04-21T18:54:56,5.8,11.000684462696784,4
17210,1992-05-18T03:02:26,-72.03,-33.61,15.0,6.1,mw,0.0,0.0,0.0,,19.0,8.0,120.0,169.0,83.0,86.0,4.69e+17,-9.7e+16,-3.73e+17,3.37e+17,-1.655e+18,-7.000000000000001e+16,GCMT,,slab_interface,22.6859321594,slab_interface,1992-05-18T03:02:26,5.8,11.000684462696784,4
18480,1992-11-04T21:32:41,-72.21,-31.98,19.2,6.0,mw,0.03,0.02,1.4,,0.0,28.0,93.0,177.0,62.0,89.0,1.076e+18,-2.3e+16,-1.053e+18,5.6e+16,-7.33e+17,3e+16,GCMT,,slab_interface,15.7221746445,slab_interface,1992-11-04T21:32:41,5.8,11.000684462696784,4
19026,1993-01-16T15:15:17,-71.112,-27.47,35.3,5.8,mw,,,,,,,,,,,,,,,,,USGS,,slab_interface,23.8316364288,slab_interface,1993-01-16T15:15:17,5.8,11.000684462696784,4
19418,1993-03-19T01:48:05,-71.005,-26.72,15.0,5.9,mw,,,8.1,0.1,170.0,71.0,90.0,351.0,19.0,91.0,5.6900000000000006e+17,4.78e+16,-6.168e+17,1.321e+17,-7.488e+17,1.177e+17,ISC-GEM,,slab_interface,22.7943305969,slab_interface,1993-03-19T01:48:05,5.8,11.000684462696784,4
19419,1993-03-19T01:48:12,-71.58,-27.04,15.0,5.9,mw,0.02,0.03,0.0,,351.0,19.0,91.0,170.0,71.0,90.0,5.6900000000000006e+17,4.78e+16,-6.168e+17,1.321e+17,-7.488e+17,1.177e+17,GCMT,,slab_interface,11.0608730316,slab_interface,1993-03-19T01:48:12,5.8,11.000684462696784,4
23786,1995-07-30T05:11:56,-70.74,-24.17,28.7,8.0,mw,0.01,0.01,0.4,,354.0,22.0,87.0,177.0,68.0,91.0,8.260999999999999e+20,4.25e+19,-8.686e+20,3.02e+19,-8.674e+20,6.42e+19,GCMT,,slab_interface,24.8818473816,slab_interface,1995-07-30T05:11:56,5.8,11.000684462696784,4
23791,1995-07-30T05:25:09,-70.622,-23.266,40.0,5.9,mw,,,7.8,0.31,,,,,,,,,,,,,ISC-GEM,,slab_interface,25.6757736206,slab_interface,1995-07-30T05:25:09,5.8,11.000684462696784,4
23788,1995-07-30T05:47:04,-70.472,-23.412,40.0,6.1,mw,,,7.8,0.49,,,,,,,,,,,,,ISC-GEM,,slab_interface,30.4504547119,slab_interface,1995-07-30T05:47:04,5.8,11.000684462696784,4
23793,1995-07-30T05:50:03,-69.971,-23.247,33.0,5.8,mw,,,,,,,,,,,,,,,,,USGS,,slab_interface,46.6670341492,slab_interface,1995-07-30T05:50:03,5.8,11.000684462696784,4
23790,1995-07-30T08:17:18,-70.276,-23.982,30.2,6.0,mw,,,,,,,,,,,,,,,,,USGS,,slab_interface,37.7501144409,slab_interface,1995-07-30T08:17:18,5.8,11.000684462696784,4
23792,1995-07-30T10:56:15,-70.513,-23.23,40.0,5.9,mw,,,9.4,0.26,,,,,,,,,,,,,ISC-GEM,,slab_interface,28.4729576111,slab_interface,1995-07-30T10:56:15,5.8,11.000684462696784,4
23924,1995-08-02T00:14:14,-71.2,-23.05,15.0,6.0,mw,0.02,0.02,0.0,,16.0,18.0,117.0,168.0,74.0,82.0,5.473e+17,8.1e+16,-6.283e+17,2.257e+17,-9.11e+17,-1.11e+16,GCMT,,slab_interface,12.265581131,slab_interface,1995-08-02T00:14:14,5.8,11.000684462696784,4
23925,1995-08-02T11:05:44,-71.07,-23.03,15.0,5.8,mw,0.02,0.02,0.0,,23.0,15.0,128.0,165.0,78.0,81.0,2.346e+17,6200000000000000.0,-2.408e+17,1.614e+17,-4.922e+17,-2.87e+16,GCMT,,slab_interface,14.8591136932,slab_interface,1995-08-02T11:05:44,5.8,11.000684462696784,4
23945,1995-08-03T01:57:28,-70.96,-23.02,15.0,6.3,mw,0.01,0.01,0.0,,11.0,12.0,112.0,168.0,79.0,85.0,1.391e+18,1.16e+17,-1.507e+18,7.42e+17,-3.384e+18,2.8e+16,GCMT,,slab_interface,16.7206573486,slab_interface,1995-08-03T01:57:28,5.8,11.000684462696784,4
24476,1995-11-01T00:35:40,-71.68,-29.11,22.0,6.6,mw,0.01,0.01,0.0,,6.0,25.0,111.0,163.0,67.0,80.0,7.87e+18,8.3e+17,-8.699999999999999e+18,2.831e+18,-7.203e+18,1.021e+18,GCMT,,slab_interface,20.261297226,slab_interface,1995-11-01T00:35:40,5.8,11.000684462696784,4
25705,1996-07-03T16:48:33,-71.22,-23.24,15.0,5.9,mw,0.02,0.02,0.0,,20.0,25.0,122.0,165.0,69.0,76.0,4.8070000000000006e+17,7.82e+16,-5.5890000000000006e+17,1.94e+17,-5.224e+17,-2.52e+16,GCMT,,slab_interface,12.5537137985,slab_interface,1996-07-03T16:48:33,5.8,11.000684462696784,4
25994,1996-09-09T00:20:40,-71.44,-31.94,42.0,6.1,mw,,,,,351.0,52.0,63.0,211.0,45.0,120.0,7.549e+17,2.167e+17,-9.717e+17,-2.657e+17,-3.075e+17,8.27e+16,ISC,,slab_interface,40.1484718323,slab_interface,1996-09-09T00:20:40,5.8,11.000684462696784,4
26796,1997-03-09T11:43:51,-71.52,-29.91,43.0,6.2,mw,0.01,0.01,0.0,,6.0,34.0,86.0,191.0,57.0,93.0,1.89e+18,2000000000000000.0,-1.892e+18,-2.09e+17,-7.88e+17,-3.04e+17,GCMT,,slab_interface,31.9496879578,slab_interface,1997-03-09T11:43:51,5.4,4.999315537303217,5
27255,1997-05-25T18:57:31,-71.2,-23.24,15.0,5.5,mw,0.03,0.03,0.0,,0.0,25.0,92.0,178.0,65.0,89.0,1.471e+17,3.47e+16,-1.818e+17,5300000000000000.0,-1.3460000000000002e+17,5000000000000000.0,GCMT,,slab_interface,12.5537137985,slab_interface,1997-05-25T18:57:31,5.4,4.999315537303217,5
27471,1997-07-06T09:54:03,-71.824,-30.113,23.0,5.8,mw,,,,,,,,,,,,,,,,,ISC,,slab_interface,22.1145763397,slab_interface,1997-07-06T09:54:03,5.4,4.999315537303217,5
27470,1997-07-06T09:54:09,-72.21,-30.22,15.0,6.8,mw,0.0,0.01,0.0,,0.0,21.0,92.0,178.0,69.0,89.0,1.315e+19,-8.8e+17,-1.227e+19,6.5e+17,-1.448e+19,1.7e+17,GCMT,,slab_interface,12.8989772797,slab_interface,1997-07-06T09:54:09,5.4,4.999315537303217,5
27472,1997-07-06T23:15:20,-71.863,-30.164,33.0,5.8,mw,,,,,352.0,24.0,80.0,183.0,66.0,95.0,3.727e+17,2.25e+16,-3.952e+17,-3.22e+16,-3.46e+17,1.85e+16,USGS,,slab_interface,20.7917976379,slab_interface,1997-07-06T23:15:20,5.4,4.999315537303217,5
27473,1997-07-06T23:15:23,-72.46,-30.26,15.0,5.7,mw,0.02,0.02,0.0,,352.0,24.0,80.0,183.0,66.0,95.0,3.727e+17,2.25e+16,-3.952e+17,-3.22e+16,-3.46e+17,1.85e+16,GCMT,,slab_interface,9.34410953522,slab_interface,1997-07-06T23:15:23,5.4,4.999315537303217,5
27498,1997-07-10T14:55:52,-71.25,-22.95,15.0,5.8,mw,0.02,0.02,0.0,,14.0,17.0,100.0,184.0,73.0,87.0,4.07e+17,-6800000000000000.0,-4.003e+17,-2.92e+16,-6.049e+17,-6.3e+16,GCMT,,slab_interface,11.3583869934,slab_interface,1997-07-10T14:55:52,5.4,4.999315537303217,5
27561,1997-07-21T23:19:49,-71.79,-30.72,15.0,5.9,mw,0.05,0.03,0.0,,29.0,27.0,123.0,173.0,67.0,74.0,5.858e+17,1.049e+17,-6.908e+17,1.44e+17,-5.884e+17,-1.3700000000000002e+17,GCMT,,slab_interface,23.8981742859,slab_interface,1997-07-21T23:19:49,5.4,4.999315537303217,5
27569,1997-07-22T02:09:34,-71.909,-30.403,38.8,5.4,mw,,,13.4,0.1,14.0,21.0,59.0,227.0,72.0,101.0,1.115e+17,-3.31e+16,-7.84e+16,-1.038e+17,-6.34e+16,-4500000000000000.0,ISC-GEM,,slab_interface,20.0706443787,slab_interface,1997-07-22T02:09:34,5.4,4.999315537303217,5
27570,1997-07-22T02:09:35,-72.38,-30.71,15.0,5.4,mw,0.06,0.06,0.0,,14.0,21.0,59.0,227.0,72.0,101.0,1.115e+17,-3.31e+16,-7.84e+16,-1.038e+17,-6.34e+16,-4500000000000000.0,GCMT,,slab_interface,10.4621477127,slab_interface,1997-07-22T02:09:35,5.4,4.999315537303217,5
27603,1997-07-25T06:47:06,-72.37,-30.54,15.0,6.0,mw,0.01,0.01,0.0,,345.0,26.0,78.0,178.0,65.0,96.0,1.158e+18,-8e+16,-1.079e+18,-4.5e+16,-9.27e+17,1.53e+17,GCMT,,slab_interface,10.98325634,slab_interface,1997-07-25T06:47:06,5.4,4.999315537303217,5
27604,1997-07-25T07:33:37,-72.3,-30.69,15.0,6.0,mw,0.04,0.04,0.0,,358.0,25.0,79.0,191.0,66.0,95.0,1.088e+18,-7.9e+16,-1.01e+18,-2.3e+17,-8.91e+17,-6.2e+16,GCMT,,slab_interface,11.9408006668,slab_interface,1997-07-25T07:33:37,5.4,4.999315537303217,5
27605,1997-07-25T07:34:34,-72.387,-30.505,20.0,5.8,mw,,,14.3,0.2,,,,,,,,,,,,,ISC-GEM,,slab_interface,10.2304191589,slab_interface,1997-07-25T07:34:34,5.4,4.999315537303217,5
27633,1997-07-27T05:21:30,-71.877,-30.458,26.0,5.5,mw,,,,,354.0,19.0,86.0,178.0,71.0,91.0,1.917e+18,-1.14e+17,-1.803e+18,5.3e+16,-2.347e+18,1.27e+17,ISC,,slab_interface,20.1970233917,slab_interface,1997-07-27T05:21:30,5.4,4.999315537303217,5
27632,1997-07-27T05:21:33,-72.41,-30.64,15.0,6.3,mw,0.01,0.01,0.0,,354.0,19.0,86.0,178.0,71.0,91.0,1.917e+18,-1.14e+17,-1.803e+18,5.3e+16,-2.347e+18,1.27e+17,GCMT,,slab_interface,10.4029417038,slab_interface,1997-07-27T05:21:33,5.4,4.999315537303217,5
27686,1997-08-06T22:50:11,-71.89,-30.67,15.0,5.5,mw,0.0,0.0,0.0,,339.0,5.0,63.0,186.0,85.0,92.0,6.06e+16,-3.27e+16,-2.7900000000000004e+16,-3e+16,-2.522e+17,1.17e+16,GCMT,,slab_interface,20.6750335693,slab_interface,1997-08-06T22:50:11,5.4,4.999315537303217,5
27755,1997-08-18T12:24:30,-72.42,-30.08,15.0,5.7,mw,0.02,0.02,0.0,,4.0,24.0,96.0,177.0,66.0,87.0,3.147e+17,-1.83e+16,-2.964e+17,2.38e+16,-2.769e+17,-3400000000000000.0,GCMT,,slab_interface,9.79175567627,slab_interface,1997-08-18T12:24:30,5.4,4.999315537303217,5
27850,1997-09-05T20:57:28,-71.222,-28.919,33.0,5.4,mw,,,,,,,,,,,,,,,,,USGS,,slab_interface,35.601764679,slab_interface,1997-09-05T20:57:28,5.4,4.999315537303217,5
28035,1997-10-15T02:54:21,-73.624,-16.119,43.0,5.7,mw,,,,,,,,,,,,,,,,,ISC,,slab_interface,49.4182243347,slab_interface,1997-10-15T02:54:21,5.4,4.999315537303217,5
28034,1997-10-15T02:54:23,-73.627,-16.218,55.0,6.1,mw,,,23.4,0.64,,,,,,,,,,,,,ISC-GEM,,slab_interface,43.7727928162,slab_interface,1997-10-15T02:54:23,5.4,4.999315537303217,5
28036,1997-10-15T04:28:48,-71.392,-30.844,49.0,5.6,mw,,,5.4,0.31,,,,,,,,,,,,,ISC-GEM,,slab_interface,40.676322937,slab_interface,1997-10-15T04:28:48,5.4,4.999315537303217,5
28120,1997-10-20T03:31:09,-71.349,-30.712,45.2,5.4,mw,,,,,,,,,,,,,,,,,USGS,,slab_interface,42.5069961548,slab_interface,1997-10-20T03:31:09,5.4,4.999315537303217,5
28251,1997-11-03T20:12:53,-71.481,-30.827,45.0,5.7,mw,,,5.1,0.44,,,,,,,,,,,,,ISC-GEM,,slab_interface,36.0683898926,slab_interface,1997-11-03T20:12:53,5.4,4.999315537303217,5
28259,1997-11-04T00:28:58,-72.983,-17.002,33.0,5.5,mw,,,,,,,,,,,,,,,,,USGS,,slab_interface,29.9323749542,slab_interface,1997-11-04T00:28:58,5.4,4.999315537303217,5
28367,1997-11-22T13:41:10,-71.33,-28.8,33.1,5.4,mw,,,4.7,0.35,,,,,,,,,,,,,ISC-GEM,,slab_interface,28.5878143311,slab_interface,1997-11-22T13:41:10,5.4,4.999315537303217,5
28629,1998-01-12T04:12:15,-70.81,-24.99,37.1,5.6,mw,0.03,0.03,2.3,,336.0,22.0,74.0,173.0,69.0,96.0,1.84e+17,4.36e+16,-2.277e+17,2.5e+16,-2.273e+17,7.13e+16,GCMT,,slab_interface,26.7613697052,slab_interface,1998-01-12T04:12:15,5.4,4.999315537303217,5
28626,1998-01-12T10:14:08,-71.41,-30.985,34.8,6.6,mw,,,,,10.0,35.0,115.0,160.0,59.0,74.0,6.913e+18,9.1e+16,-7.004e+18,5.5600000000000006e+17,-5.18e+18,6.83e+17,USGS,,slab_interface,41.1418037415,slab_interface,1998-01-12T10:14:08,5.4,4.999315537303217,5
28628,1998-01-12T10:14:09,-71.516,-31.006,41.0,5.8,mw,,,,,10.0,35.0,115.0,160.0,59.0,74.0,6.913e+18,9.1e+16,-7.004e+18,5.5600000000000006e+17,-5.18e+18,6.83e+17,ISC,,slab_interface,36.5030975342,slab_interface,1998-01-12T10:14:09,5.4,4.999315537303217,5
28627,1998-01-12T10:14:15,-71.87,-31.25,35.0,6.6,mw,0.01,0.01,0.0,,355.0,27.0,91.0,174.0,63.0,90.0,6.913e+18,9.1e+16,-7.004e+18,5.5600000000000006e+17,-5.18e+18,6.83e+17,GCMT,,slab_interface,23.5010108948,slab_interface,1998-01-12T10:14:15,5.4,4.999315537303217,5
28644,1998-01-13T01:25:46,-71.774,-31.072,32.3,5.5,mw,,,,,,,,,,,,,,,,,USGS,,slab_interface,26.4639549255,slab_interface,1998-01-13T01:25:46,5.4,4.999315537303217,5
28776,1998-01-30T12:16:20,-70.62,-24.02,41.0,7.0,mw,0.01,0.01,0.0,,8.0,17.0,105.0,172.0,74.0,86.0,2.26e+19,3.07e+18,-2.567e+19,5.649999999999999e+18,-3.669e+19,4.8e+17,GCMT,,slab_interface,28.439157486,slab_interface,1998-01-30T12:16:20,5.4,4.999315537303217,5
28884,1998-02-20T02:51:28,-71.961,-31.345,33.0,5.5,mw,,,,,,,,,,,,,,,,,USGS,,slab_interface,20.6909122467,slab_interface,1998-02-20T02:51:28,5.4,4.999315537303217,5
29168,1998-04-01T22:42:57,-74.874,-40.316,9.0,6.7,mw,,,,,350.0,65.0,-90.0,170.0,25.0,-90.0,-1.18e+19,8.1e+17,1.099e+19,1.5e+17,-3.5000000000000006e+17,3.72e+18,USGS,,slab_interface,9.39029884338,slab_interface,1998-04-01T22:42:57,5.4,4.999315537303217,5
29666,1998-06-03T21:34:56,-70.76,-23.88,28.6,5.5,mw,0.04,0.04,2.7,,13.0,16.0,113.0,170.0,76.0,84.0,8.58e+16,1.29e+16,-9.87e+16,3.3e+16,-1.604e+17,-600000000000000.0,GCMT,,slab_interface,23.845911026,slab_interface,1998-06-03T21:34:56,5.4,4.999315537303217,5
30122,1998-07-18T09:57:21,-71.2,-28.58,27.6,5.4,mw,0.04,0.05,2.8,,8.0,17.0,119.0,158.0,75.0,82.0,8.01e+16,1.4299999999999998e+16,-9.44e+16,5.769999999999999e+16,-1.345e+17,1.67e+16,GCMT,,slab_interface,31.6905326843,slab_interface,1998-07-18T09:57:21,5.4,4.999315537303217,5
30668,1998-09-09T14:48:37,-71.682,-29.302,33.0,5.4,mw,,,,,,,,,,,,,,,,,USGS,,slab_interface,21.5327072144,slab_interface,1998-09-09T14:48:37,5.4,4.999315537303217,5
30940,1998-10-10T04:12:10,-72.48,-33.87,19.8,5.6,mw,0.03,0.03,1.4,,352.0,26.0,87.0,175.0,64.0,91.0,2.654e+17,7099999999999999.0,-2.725e+17,1.48e+16,-2.172e+17,3.2e+16,GCMT,,slab_interface,14.4811143875,slab_interface,1998-10-10T04:12:10,5.4,4.999315537303217,5
30992,1998-10-16T07:26:47,-72.214,-33.769,33.0,5.4,mw,,,,,,,,,,,,,,,,,USGS,,slab_interface,19.948091507,slab_interface,1998-10-16T07:26:47,5.4,4.999315537303217,5
31555,1998-12-26T11:20:22,-74.849,-40.746,10.0,5.6,mw,,,,,187.0,18.0,-89.0,6.0,72.0,-90.0,-1.31e+17,-1.7499999999999998e+16,1.485e+17,-2.02e+16,-2.009e+17,1.8e+16,USGS,,slab_interface,9.76536655426,slab_interface,1998-12-26T11:20:22,5.4,4.999315537303217,5
31956,1999-02-17T21:58:57,-69.965,-21.106,41.1,5.6,mw,,,6.2,0.1,147.0,58.0,72.0,358.0,36.0,116.0,2.281e+17,-1.65e+16,-2.117e+17,1.002e+17,-6.68e+16,6.47e+16,ISC-GEM,,slab_interface,47.0580253601,slab_interface,1999-02-17T21:58:57,5.4,4.999315537303217,5
33069,1999-07-09T01:20:59,-70.579,-24.899,40.0,5.6,mw,,,5.2,0.1,205.0,70.0,107.0,343.0,26.0,52.0,1.688e+17,8.11e+16,-2.499e+17,-1.0149999999999998e+17,-2.0670000000000003e+17,-4.79e+16,ISC-GEM,,slab_interface,32.6191558838,slab_interface,1999-07-09T01:20:59,5.4,4.999315537303217,5
33386,1999-08-18T07:50:08,-71.967,-30.855,33.0,5.5,mw,,,,,,,,,,,,,,,,,USGS,,slab_interface,19.6906852722,slab_interface,1999-08-18T07:50:08,5.4,4.999315537303217,5
33999,1999-11-21T04:09:35,-73.56,-37.933,33.0,5.4,mw,,,,,,,,,,,,,,,,,USGS,,slab_interface,27.0333366394,slab_interface,1999-11-21T04:09:35,5.4,4.999315537303217,5
34320,2000-01-08T11:59:24,-70.153,-23.314,51.0,5.8,mw,,,,,175.0,70.0,90.0,355.0,20.0,90.0,2.251e+18,1.96e+17,-2.448e+18,7.8e+17,-3.175e+18,4.37e+17,ISC,,slab_interface,39.742893219,slab_interface,2000-01-08T11:59:24,5.4,4.999315537303217,5
34319,2000-01-08T11:59:25,-70.083,-23.245,55.0,6.3,mw,,,6.0,0.1,167.0,72.0,87.0,356.0,18.0,98.0,2.251e+18,1.96e+17,-2.448e+18,7.8e+17,-3.175e+18,4.37e+17,ISC-GEM,,slab_interface,41.3016967773,slab_interface,2000-01-08T11:59:25,5.4,4.999315537303217,5
35320,2000-07-27T03:18:36,-73.522,-37.238,30.7,5.4,mw,,,8.4,,,,,,,,,,,,,,USGS,,slab_interface,25.4234256744,slab_interface,2000-07-27T03:18:36,5.4,4.999315537303217,5
35350,2000-08-03T19:25:56,-71.744,-17.604,33.0,5.6,mw,,,,,,,,,,,,,,,,,USGS,,slab_interface,43.7299346924,slab_interface,2000-08-03T19:25:56,5.4,4.999315537303217,5
35640,2000-09-27T05:02:48,-73.058,-16.8,44.2,5.5,mw,,,,,,,,,,,,,,,,,USGS,,slab_interface,36.0027580261,slab_interface,2000-09-27T05:02:48,5.4,4.999315537303217,5
36256,2001-01-07T10:18:28,-72.33,-33.52,21.0,5.9,mw,0.02,0.02,0.0,,353.0,23.0,85.0,178.0,67.0,92.0,6.175e+17,4.78e+16,-6.653e+17,8400000000000002.0,-6.367e+17,4.92e+16,GCMT,,slab_interface,15.2718830109,slab_interface,2001-01-07T10:18:28,5.4,5.9986310746064335,6
36345,2001-01-18T15:18:48,-71.591,-29.225,32.5,5.6,mw,,,3.5,,,,,,,,,,,,,,USGS,,slab_interface,24.2727661133,slab_interface,2001-01-18T15:18:48,5.4,5.9986310746064335,6
36612,2001-02-22T07:55:57,-71.63,-27.47,27.3,5.5,mw,0.15,0.18,10.9,,6.0,12.0,119.0,157.0,80.0,84.0,9.51e+16,-4700000000000000.0,-9.05e+16,9.83e+16,-2.165e+17,8699999999999998.0,GCMT,,slab_interface,11.5292949677,slab_interface,2001-02-22T07:55:57,5.4,5.9986310746064335,6
36740,2001-03-15T13:02:43,-71.538,-32.398,40.0,6.1,mw,,,,,355.0,50.0,105.0,152.0,42.0,73.0,7.484e+17,-9.79e+16,-6.505e+17,2.455e+17,3.467e+17,2.121e+17,ISC,,slab_interface,36.0418510437,slab_interface,2001-03-15T13:02:43,5.4,5.9986310746064335,6
37575,2001-06-23T20:34:23,-72.71,-17.28,29.6,8.4,mw,0.01,0.01,0.4,,310.0,18.0,63.0,159.0,74.0,98.0,,,,,,,GCMT,,slab_interface,27.2645225525,slab_interface,2001-06-23T20:34:23,5.4,5.9986310746064335,6
37579,2001-06-23T20:56:07,-72.166,-17.4,33.0,6.2,mw,,,,,,,,,,,,,,,,,USGS,,slab_interface,38.9369239807,slab_interface,2001-06-23T20:56:07,5.4,5.9986310746064335,6
37581,2001-06-23T20:56:08,-72.106,-17.378,30.0,5.9,mw,,,6.2,0.27,,,,,,,,,,,,,ISC-GEM,,slab_interface,40.5112228394,slab_interface,2001-06-23T20:56:08,5.4,5.9986310746064335,6
37580,2001-06-23T21:05:39,-71.348,-17.84,33.0,6.2,mw,,,,,,,,,,,,,,,,,USGS,,slab_interface,47.0574569702,slab_interface,2001-06-23T21:05:39,5.4,5.9986310746064335,6
37582,2001-06-23T21:05:41,-71.427,-17.902,34.9,5.9,mw,,,5.4,0.39,,,,,,,,,,,,,ISC-GEM,,slab_interface,41.8461837769,slab_interface,2001-06-23T21:05:41,5.4,5.9986310746064335,6
37586,2001-06-23T21:19:11,-73.523,-17.047,33.0,5.6,mw,,,,,,,,,,,,,,,,,USGS,,slab_interface,18.4892959595,slab_interface,2001-06-23T21:19:11,5.4,5.9986310746064335,6
37578,2001-06-23T21:27:36,-72.644,-17.259,28.9,6.3,mw,,,4.0,0.51,,,,,,,,,,,,,ISC-GEM,,slab_interface,30.1167221069,slab_interface,2001-06-23T21:27:36,5.4,5.9986310746064335,6
37584,2001-06-23T22:24:40,-73.681,-16.714,30.0,5.8,mw,,,13.3,0.42,,,,,,,,,,,,,ISC-GEM,,slab_interface,24.1331558228,slab_interface,2001-06-23T22:24:40,5.4,5.9986310746064335,6
37583,2001-06-23T22:32:37,-72.646,-17.602,33.0,5.9,mw,,,,,,,,,,,,,,,,,USGS,,slab_interface,20.1122360229,slab_interface,2001-06-23T22:32:37,5.4,5.9986310746064335,6
37587,2001-06-23T22:32:38,-72.625,-17.617,30.0,5.6,mw,,,9.9,0.35,,,,,,,,,,,,,ISC-GEM,,slab_interface,20.1122360229,slab_interface,2001-06-23T22:32:38,5.4,5.9986310746064335,6
37576,2001-06-23T23:10:02,-73.557,-16.739,30.0,6.9,mw,,,13.3,0.21,,,,,,,,,,,,,ISC-GEM,,slab_interface,25.7807025909,slab_interface,2001-06-23T23:10:02,5.4,5.9986310746064335,6
37585,2001-06-23T23:49:15,-71.492,-17.838,30.0,5.8,mw,,,6.8,0.39,,,,,,,,,,,,,ISC-GEM,,slab_interface,42.0552253723,slab_interface,2001-06-23T23:49:15,5.4,5.9986310746064335,6
37621,2001-06-24T00:14:42,-73.932,-16.546,30.7,5.6,mw,,,,,,,,,,,,,,,,,USGS,,slab_interface,23.3004550934,slab_interface,2001-06-24T00:14:42,5.4,5.9986310746064335,6
37617,2001-06-24T01:22:55,-71.812,-17.585,30.0,5.8,mw,,,4.8,0.2,,,,,,,,,,,,,ISC-GEM,,slab_interface,42.113948822,slab_interface,2001-06-24T01:22:55,5.4,5.9986310746064335,6
37618,2001-06-24T01:48:34,-73.26,-17.339,30.0,5.8,mw,,,4.5,0.21,,,,,,,,,,,,,ISC-GEM,,slab_interface,15.8133506775,slab_interface,2001-06-24T01:48:34,5.4,5.9986310746064335,6
37626,2001-06-24T02:20:32,-72.002,-17.622,33.0,5.4,mw,,,,,,,,,,,,,,,,,USGS,,slab_interface,35.924118042,slab_interface,2001-06-24T02:20:32,5.4,5.9986310746064335,6
37627,2001-06-24T03:04:07,-73.048,-16.977,33.0,5.4,mw,,,,,,,,,,,,,,,,,USGS,,slab_interface,28.7463512421,slab_interface,2001-06-24T03:04:07,5.4,5.9986310746064335,6
37622,2001-06-24T05:29:26,-73.57,-17.003,33.0,5.5,mw,,,,,,,,,,,,,,,,,USGS,,slab_interface,18.856628418,slab_interface,2001-06-24T05:29:26,5.4,5.9986310746064335,6
37628,2001-06-24T06:08:25,-73.256,-16.506,33.0,5.4,mw,,,,,,,,,,,,,,,,,USGS,,slab_interface,42.6812934875,slab_interface,2001-06-24T06:08:25,5.4,5.9986310746064335,6
37629,2001-06-24T08:10:56,-72.033,-17.676,33.0,5.4,mw,,,,,,,,,,,,,,,,,USGS,,slab_interface,31.0100040436,slab_interface,2001-06-24T08:10:56,5.4,5.9986310746064335,6
37630,2001-06-24T12:28:59,-72.049,-17.673,33.0,5.4,mw,,,,,,,,,,,,,,,,,USGS,,slab_interface,32.6992149353,slab_interface,2001-06-24T12:28:59,5.4,5.9986310746064335,6
37624,2001-06-24T13:33:25,-74.058,-16.655,33.0,5.5,mw,,,,,,,,,,,,,,,,,USGS,,slab_interface,18.7531909943,slab_interface,2001-06-24T13:33:25,5.4,5.9986310746064335,6
37620,2001-06-24T14:32:43,-72.546,-17.267,30.3,5.8,mw,,,,,,,,,,,,,,,,,USGS,,slab_interface,32.7625961304,slab_interface,2001-06-24T14:32:43,5.4,5.9986310746064335,6
37625,2001-06-24T14:32:45,-72.488,-17.385,30.2,5.5,mw,,,5.0,0.21,,,,,,,,,,,,,ISC-GEM,,slab_interface,28.9960136414,slab_interface,2001-06-24T14:32:45,5.4,5.9986310746064335,6
37631,2001-06-24T15:30:15,-71.958,-17.415,31.0,5.4,mw,,,,,,,,,,,,,,,,,USGS,,slab_interface,45.4086418152,slab_interface,2001-06-24T15:30:15,5.4,5.9986310746064335,6
37632,2001-06-24T16:15:03,-73.487,-16.781,33.0,5.4,mw,,,,,,,,,,,,,,,,,USGS,,slab_interface,25.2840309143,slab_interface,2001-06-24T16:15:03,5.4,5.9986310746064335,6
37633,2001-06-24T23:26:17,-73.29,-16.888,30.4,5.4,mw,,,,,,,,,,,,,,,,,USGS,,slab_interface,26.4086875916,slab_interface,2001-06-24T23:26:17,5.4,5.9986310746064335,6
37789,2001-06-25T07:03:18,-73.855,-16.616,33.0,5.6,mw,,,,,,,,,,,,,,,,,USGS,,slab_interface,23.951499939,slab_interface,2001-06-25T07:03:18,5.4,5.9986310746064335,6
37791,2001-06-25T19:58:13,-73.719,-16.518,33.0,5.4,mw,,,,,,,,,,,,,,,,,USGS,,slab_interface,30.6922073364,slab_interface,2001-06-25T19:58:13,5.4,5.9986310746064335,6
37869,2001-06-26T04:18:40,-72.02,-17.87,24.0,6.7,mw,0.01,0.01,0.0,,314.0,19.0,75.0,150.0,71.0,95.0,8.314e+18,-2.958e+18,-5.356e+18,5.186e+18,-9.803e+18,4.435e+18,GCMT,,slab_interface,27.6010036469,slab_interface,2001-06-26T04:18:40,5.4,5.9986310746064335,6
37870,2001-06-26T12:51:17,-73.483,-16.682,25.0,5.5,mw,,,5.2,0.27,,,,,,,,,,,,,ISC-GEM,,slab_interface,28.538734436,slab_interface,2001-06-26T12:51:17,5.4,5.9986310746064335,6
37964,2001-06-28T03:39:27,-73.713,-16.793,33.0,5.4,mw,,,,,,,,,,,,,,,,,USGS,,slab_interface,21.2971382141,slab_interface,2001-06-28T03:39:27,5.4,5.9986310746064335,6
37963,2001-06-28T04:24:46,-73.664,-16.788,33.0,5.5,mw,,,,,,,,,,,,,,,,,USGS,,slab_interface,22.2479114532,slab_interface,2001-06-28T04:24:46,5.4,5.9986310746064335,6
38122,2001-07-07T09:29:38,-70.128,-22.831,33.0,5.5,mw,,,,,,,,,,,,,,,,,USGS,,slab_interface,38.3792572021,slab_interface,2001-07-07T09:29:38,5.4,5.9986310746064335,6
38118,2001-07-07T09:39:01,-72.45,-17.45,25.0,7.6,mw,0.01,0.01,0.4,,306.0,14.0,52.0,165.0,79.0,99.0,1.1379999999999998e+20,-2.1e+19,-9.28e+19,6.770000000000001e+19,-2.8450000000000003e+20,7.71e+19,GCMT,,slab_interface,28.6560649872,slab_interface,2001-07-07T09:39:01,5.4,5.9986310746064335,6
38123,2001-07-07T09:58:25,-71.864,-17.643,33.0,5.5,mw,,,,,,,,,,,,,,,,,USGS,,slab_interface,38.5911026001,slab_interface,2001-07-07T09:58:25,5.4,5.9986310746064335,6
38121,2001-07-07T11:17:33,-71.828,-17.634,31.3,5.6,mw,,,,,,,,,,,,,,,,,USGS,,slab_interface,38.5911026001,slab_interface,2001-07-07T11:17:33,5.4,5.9986310746064335,6
38124,2001-07-07T21:27:34,-71.706,-17.586,33.0,5.4,mw,,,,,,,,,,,,,,,,,USGS,,slab_interface,45.3682022095,slab_interface,2001-07-07T21:27:34,5.4,5.9986310746064335,6
38494,2001-08-01T03:00:16,-72.203,-35.189,33.0,5.4,mw,,,,,,,,,,,,,,,,,USGS,,slab_interface,39.2035522461,slab_interface,2001-08-01T03:00:16,5.4,5.9986310746064335,6
39089,2001-10-15T15:19:51,-72.046,-33.132,33.0,5.4,mw,,,,,,,,,,,,,,,,,USGS,,slab_interface,20.6993484497,slab_interface,2001-10-15T15:19:51,5.4,5.9986310746064335,6
41018,2002-03-02T07:25:26,-73.277,-17.075,33.0,5.5,mw,,,,,,,,,,,,,,,,,USGS,,slab_interface,21.9679908752,slab_interface,2002-03-02T07:25:26,5.4,5.9986310746064335,6
42061,2002-05-23T15:52:17,-71.274,-30.698,51.0,5.7,mw,,,,,175.0,55.0,90.0,355.0,35.0,90.0,8.037000000000001e+17,1.481e+17,-9.518e+17,1000000000000000.0,-3.216e+17,2.33e+16,ISC,,slab_interface,47.3663253784,slab_interface,2002-05-23T15:52:17,5.4,5.9986310746064335,6
42118,2002-05-26T03:01:28,-71.759,-30.939,12.0,5.4,mw,,,,,,,,,,,,,,,,,ISC,,slab_interface,26.2315635681,slab_interface,2002-05-26T03:01:28,5.4,5.9986310746064335,6
42403,2002-06-26T07:17:12,-71.263,-30.672,44.6213,5.5,mw,,,,,,,,,,,,,,,,,CSN-improved,,slab_interface,47.1443862915,slab_interface,2002-06-26T07:17:12,5.4,5.9986310746064335,6
44370,2003-01-12T16:19:37,-71.839,-31.582,20.0,5.8,mw,,,,,,,,,,,,,,,,,ISC,,slab_interface,24.2152767181,slab_interface,2003-01-12T16:19:37,5.4,5.9986310746064335,6
44620,2003-02-07T20:42:42,-71.913,-31.344,12.0,5.5,mw,,,,,,,,,,,,,,,,,ISC,,slab_interface,22.1521148682,slab_interface,2003-02-07T20:42:42,5.4,5.9986310746064335,6
45390,2003-04-09T16:13:16,-70.524,-26.633,51.6,5.4,mw,,,9.7,,,,,,,,,,,,,,CSN-improved,,slab_interface,42.6380500793,slab_interface,2003-04-09T16:13:16,5.4,5.9986310746064335,6
46034,2003-06-02T02:52:15,-72.4,-33.08,28.0,5.5,mw,0.03,0.03,0.0,,9.0,25.0,92.0,187.0,65.0,89.0,1.69e+17,9700000000000000.0,-1.79e+17,-1.57e+16,-1.47e+17,-2.65e+16,GCMT,,slab_interface,13.0834789276,slab_interface,2003-06-02T02:52:15,5.4,5.9986310746064335,6
46370,2003-06-19T23:05:02,-72.14,-30.89,27.0,5.6,mw,0.02,0.02,0.0,,2.0,26.0,98.0,173.0,64.0,86.0,,,,,,,GCMT,,slab_interface,14.9838409424,slab_interface,2003-06-19T23:05:02,5.4,5.9986310746064335,6
46387,2003-06-20T16:20:28,-71.616,-30.749,35.2565,5.6,mw,,,,,,,,,,,,,,,,,CSN-improved,,slab_interface,31.4673957825,slab_interface,2003-06-20T16:20:28,5.4,5.9986310746064335,6
50820,2004-05-03T04:36:54,-73.75,-37.95,24.0,6.6,mw,0.01,0.01,0.0,,0.0,16.0,118.0,151.0,76.0,82.0,4.85e+18,4e+16,-4.89e+18,4.66e+18,-7.86e+18,1.34e+18,GCMT,,slab_interface,22.8149089813,slab_interface,2004-05-03T04:36:54,5.4,5.9986310746064335,6
50821,2004-05-03T06:37:50,-73.938,-37.8,33.4566,5.6,mw,,,,,,,,,,,,,,,,,CSN-improved,,slab_interface,18.6356925964,slab_interface,2004-05-03T06:37:50,5.4,5.9986310746064335,6
52480,2004-09-07T10:57:40,-72.412,-33.971,23.4447,5.4,mw,,,,,10.0,16.0,105.0,174.0,74.0,86.0,4.33e+16,240000000000000.0,-4.36e+16,9260000000000000.0,-6.91e+16,-1409999999999999.8,CSN-improved,,slab_interface,17.0856342316,slab_interface,2004-09-07T10:57:40,5.4,5.9986310746064335,6
52479,2004-09-07T12:33:59,-72.52,-34.14,14.2,5.7,mw,0.03,0.03,1.6,,6.0,10.0,102.0,174.0,80.0,88.0,1.3500000000000002e+17,1.35e+16,-1.48e+17,4.28e+16,-3.76e+17,1500000000000000.0,GCMT,,slab_interface,16.7600059509,slab_interface,2004-09-07T12:33:59,5.4,5.9986310746064335,6
52644,2004-09-16T14:48:53,-72.82,-17.5,18.8,5.4,mw,0.02,0.02,1.1,,314.0,18.0,64.0,161.0,74.0,98.0,6.720000000000001e+16,-1.1e+16,-5.620000000000001e+16,3.48e+16,-1.1299999999999998e+17,4.16e+16,GCMT,,slab_interface,19.7219295502,slab_interface,2004-09-16T14:48:53,5.4,5.9986310746064335,6
52768,2004-09-27T22:58:29,-72.02,-32.72,33.3,5.5,mw,0.02,0.01,1.1,,17.0,21.0,109.0,177.0,70.0,83.0,1.29e+17,2.7800000000000004e+16,-1.57e+17,1.22e+16,-1.72e+17,-1.9e+16,GCMT,,slab_interface,21.2648887634,slab_interface,2004-09-27T22:58:29,5.4,5.9986310746064335,6
53430,2004-11-14T18:38:07,-71.371,-30.162,28.9,5.4,mw,,,4.4,,,,,,,,,,,,,,CSN-improved,,slab_interface,39.8272857666,slab_interface,2004-11-14T18:38:07,5.4,5.9986310746064335,6
53848,2004-12-18T17:57:27,-74.1,-16.4,24.0,5.7,mw,0.01,0.01,0.0,,308.0,21.0,60.0,160.0,72.0,101.0,2.7400000000000003e+17,-7.47e+16,-1.99e+17,1.1200000000000002e+17,-3.69e+17,1.7e+17,GCMT,,slab_interface,24.4599132538,slab_interface,2004-12-18T17:57:27,5.4,5.9986310746064335,6
58477,2005-11-28T16:33:22,-71.54,-29.45,39.4,5.5,mw,0.01,0.02,2.7,,254.0,9.0,-169.0,153.0,88.0,-81.0,-2e+16,4.01e+16,-2.01e+16,-1.01e+17,2.06e+17,-1.97e+16,GCMT,,slab_interface,27.359287262,slab_interface,2005-11-28T16:33:22,5.4,5.9986310746064335,6
60425,2006-04-15T23:50:15,-72.29,-29.71,12.0,6.0,mw,0.01,0.01,0.0,,1.0,27.0,85.0,186.0,63.0,93.0,9.99e+17,8000000000000000.0,-1.01e+18,-1.06e+17,-7.28e+17,-6.4e+16,GCMT,,slab_interface,10.530330658,slab_interface,2006-04-15T23:50:15,5.4,5.9986310746064335,6
60494,2006-04-19T17:49:12,-71.52,-27.08,19.6,5.7,mw,0.01,0.01,0.6,,16.0,18.0,111.0,174.0,73.0,83.0,1.96e+17,3.14e+16,-2.27e+17,3.83e+16,-3.04e+17,-1.82e+16,GCMT,,slab_interface,12.7475728989,slab_interface,2006-04-19T17:49:12,5.4,5.9986310746064335,6
60678,2006-04-30T19:17:25,-71.52,-27.17,15.4,6.6,mw,0.01,0.0,0.2,,11.0,14.0,106.0,175.0,76.0,86.0,4.55e+18,3.3e+17,-4.88e+18,9.8e+17,-8.86e+18,-2.1e+17,GCMT,,slab_interface,12.9112234116,slab_interface,2006-04-30T19:17:25,5.4,5.9986310746064335,6
60685,2006-04-30T20:12:25,-71.76,-27.28,22.2,5.7,mw,0.04,0.03,2.0,,4.0,23.0,100.0,174.0,68.0,86.0,2.78e+17,9000000000000000.0,-2.86e+17,4.15e+16,-2.82e+17,5400000000000000.0,GCMT,,slab_interface,9.75354576111,slab_interface,2006-04-30T20:12:25,5.4,5.9986310746064335,6
60681,2006-04-30T21:32:57,-71.095,-27.157,24.0,5.9,mw,,,4.5,0.1,173.0,68.0,91.0,352.0,22.0,88.0,5.5e+17,-2.25e+16,-5.28e+17,6.36e+16,-5.77e+17,6.860000000000001e+16,ISC-GEM,,slab_interface,22.0259532928,slab_interface,2006-04-30T21:32:57,5.4,5.9986310746064335,6
60682,2006-04-30T21:33:00,-71.77,-27.32,19.7,5.9,mw,0.03,0.03,1.4,,352.0,22.0,88.0,173.0,68.0,91.0,5.5e+17,-2.25e+16,-5.28e+17,6.36e+16,-5.77e+17,6.860000000000001e+16,GCMT,,slab_interface,9.75354576111,slab_interface,2006-04-30T21:33:00,5.4,5.9986310746064335,6
60680,2006-04-30T21:40:52,-71.149,-26.839,18.0,6.2,mw,,,67.1,,180.0,75.0,90.0,360.0,15.0,90.0,3.44e+18,4.98e+17,-3.94e+18,1.01e+18,-5.28e+18,-1.22e+17,CSN-improved,,slab_interface,19.1675739288,slab_interface,2006-04-30T21:40:52,5.4,5.9986310746064335,6
60679,2006-04-30T21:41:07,-71.55,-27.28,13.4,6.5,mw,0.0,0.0,0.2,,14.0,18.0,112.0,171.0,73.0,83.0,3.44e+18,4.98e+17,-3.94e+18,1.01e+18,-5.28e+18,-1.22e+17,GCMT,,slab_interface,12.5833435059,slab_interface,2006-04-30T21:41:07,5.4,5.9986310746064335,6
60684,2006-04-30T23:04:48,-71.61,-27.42,21.8,5.8,mw,0.03,0.02,1.5,,357.0,18.0,96.0,171.0,72.0,88.0,3.26e+17,1.65e+16,-3.42e+17,8.11e+16,-4.63e+17,4.02e+16,GCMT,,slab_interface,12.1227350235,slab_interface,2006-04-30T23:04:48,5.4,5.9986310746064335,6
60723,2006-05-01T01:35:49,-71.178,-27.256,16.0,5.6,mw,,,7.7,,21.0,22.0,115.0,174.0,70.0,80.0,9.27e+16,4000000000000000.0,-9.67e+16,2.07e+16,-1.07e+17,-1.28e+16,CSN-improved,,slab_interface,19.7599182129,slab_interface,2006-05-01T01:35:49,5.4,5.9986310746064335,6
60725,2006-05-01T02:49:44,-71.61,-27.34,23.3,5.4,mw,0.02,0.02,1.3,,3.0,22.0,108.0,164.0,69.0,83.0,1.1100000000000002e+17,5400000000000000.0,-1.16e+17,4.27e+16,-1.2e+17,1.54e+16,GCMT,,slab_interface,11.9551124573,slab_interface,2006-05-01T02:49:44,5.4,5.9986310746064335,6
61042,2006-05-11T13:48:59,-71.434,-27.484,20.7,5.5,mw,,,4.6,0.1,6.0,15.0,94.0,182.0,75.0,89.0,9.76e+16,400000000000000.0,-9.81e+16,-6200000000000000.0,-1.64e+17,-7600000000000000.0,ISC-GEM,,slab_interface,15.1892747879,slab_interface,2006-05-11T13:48:59,5.4,5.9986310746064335,6
63444,2006-10-12T18:05:58,-71.421,-31.322,45.0,6.4,mw,,,6.2,0.1,176.0,65.0,87.0,3.0,26.0,96.0,3.22e+18,2.21e+17,-3.44e+18,2.8100000000000003e+17,-2.68e+18,6.6e+16,ISC-GEM,,slab_interface,41.8570404053,slab_interface,2006-10-12T18:05:58,5.4,5.9986310746064335,6
64307,2006-11-30T16:42:39,-71.635,-30.458,32.2,5.4,mw,,,2.7,,,,,,,,,,,,,,CSN-improved,,slab_interface,28.494052887,slab_interface,2006-11-30T16:42:39,5.4,5.9986310746064335,6
65404,2007-02-19T19:24:12,-70.672,-23.132,43.3,5.3,mw,,,9.5,,13.0,16.0,103.0,180.0,74.0,86.0,8.98e+16,1.88e+16,-1.09e+17,2700000000000000.0,-1.61e+17,-1.14e+16,CSN-improved,,slab_interface,24.0569057465,slab_interface,2007-02-19T19:24:12,5.3,3.0006844626967832,7
65403,2007-02-19T19:24:17,-70.99,-23.03,17.6,5.5,mw,0.01,0.01,0.8,,13.0,16.0,103.0,180.0,74.0,86.0,8.98e+16,1.88e+16,-1.09e+17,2700000000000000.0,-1.61e+17,-1.14e+16,GCMT,,slab_interface,15.81772995,slab_interface,2007-02-19T19:24:17,5.3,3.0006844626967832,7
65648,2007-03-10T14:07:15,-70.64,-22.87,25.8,5.5,mw,0.02,0.01,1.0,,8.0,15.0,115.0,163.0,77.0,84.0,7.8e+16,1.22e+16,-9.02e+16,5.27e+16,-1.57e+17,1.12e+16,GCMT,,slab_interface,23.244474411,slab_interface,2007-03-10T14:07:15,5.3,3.0006844626967832,7
65880,2007-03-26T02:46:58,-72.468,-17.383,20.0,5.3,mw,,,,,324.0,11.0,81.0,153.0,79.0,92.0,5.99e+16,-1.19e+16,-4.8e+16,7.07e+16,-1.42e+17,3.3e+16,ISC,,slab_interface,30.2875728607,slab_interface,2007-03-26T02:46:58,5.3,3.0006844626967832,7
65879,2007-03-26T02:47:01,-72.92,-17.6,15.0,5.4,mw,0.02,0.02,0.0,,324.0,11.0,81.0,153.0,79.0,92.0,5.99e+16,-1.19e+16,-4.8e+16,7.07e+16,-1.42e+17,3.3e+16,GCMT,,slab_interface,15.9812202454,slab_interface,2007-03-26T02:47:01,5.3,3.0006844626967832,7
65899,2007-03-27T03:11:28,-72.748,-17.438,35.0,5.4,mw,,,,,,,,,,,,,,,,,USGS,,slab_interface,21.8982830048,slab_interface,2007-03-27T03:11:28,5.3,3.0006844626967832,7
65933,2007-03-29T14:40:47,-72.16,-31.63,26.6,5.6,mw,0.01,0.01,0.7,,12.0,19.0,91.0,191.0,71.0,90.0,1.89e+17,2.27e+16,-2.12e+17,-4.94e+16,-2.54e+17,-4.88e+16,GCMT,,slab_interface,16.2659168243,slab_interface,2007-03-29T14:40:47,5.3,3.0006844626967832,7
65934,2007-03-29T17:09:10,-72.06,-31.59,22.4,5.6,mw,0.01,0.01,0.6,,29.0,22.0,112.0,185.0,69.0,81.0,2.17e+17,3.14e+16,-2.4900000000000003e+17,-1.3e+16,-2.7000000000000003e+17,-8.11e+16,GCMT,,slab_interface,18.5170574188,slab_interface,2007-03-29T17:09:10,5.3,3.0006844626967832,7
65935,2007-03-29T17:46:27,-72.12,-31.69,19.8,5.3,mw,0.03,0.02,1.9,,336.0,15.0,59.0,188.0,78.0,98.0,4.08e+16,7500000000000000.0,-4.83e+16,-1.53e+16,-9.18e+16,6000000000000000.0,GCMT,,slab_interface,17.4859638214,slab_interface,2007-03-29T17:46:27,5.3,3.0006844626967832,7
66380,2007-04-21T07:14:18,-72.77,-17.481,30.6,5.3,mw,,,,,,,,,,,,,,,,,USGS,,slab_interface,20.6417655945,slab_interface,2007-04-21T07:14:18,5.3,3.0006844626967832,7
67420,2007-07-05T19:25:50,-71.519,-30.367,44.5734,5.6,mw,,,,,,,,,,,,,,,,,CSN-improved,,slab_interface,34.172706604,slab_interface,2007-07-05T19:25:50,5.3,3.0006844626967832,7
67866,2007-08-08T14:14:23,-71.92,-32.66,24.0,5.3,mw,0.02,0.02,0.0,,335.0,17.0,78.0,167.0,74.0,93.0,5.83e+16,6900000000000001.0,-6.52e+16,2.2e+16,-1.01e+17,2.53e+16,GCMT,,slab_interface,24.0516834259,slab_interface,2007-08-08T14:14:23,5.3,3.0006844626967832,7
68621,2007-10-02T15:38:25,-70.528,-25.934,26.0,5.6,mw,,,9.8,,23.0,28.0,121.0,169.0,66.0,75.0,6.11e+16,1.16e+16,-7.26e+16,1.77e+16,-5.38e+16,-7600000000000000.0,CSN-improved,,slab_interface,37.018863678,slab_interface,2007-10-02T15:38:25,5.3,3.0006844626967832,7
69131,2007-11-14T15:40:51,-69.979,-22.341,43.0,6.7,mw,,,,,,,,,,,,,,,,,ISC,,slab_interface,43.2282829285,slab_interface,2007-11-14T15:40:51,5.3,3.0006844626967832,7
69133,2007-11-14T16:04:51,-70.059,-22.227,43.8,5.7,mw,,,,,,,,,,,,,,,,,USGS,,slab_interface,41.2656059265,slab_interface,2007-11-14T16:04:51,5.3,3.0006844626967832,7
69132,2007-11-14T17:44:03,-70.572,-23.226,28.9,6.1,mw,,,4.7,0.2,,,,,,,,,,,,,ISC-GEM,,slab_interface,27.0533008575,slab_interface,2007-11-14T17:44:03,5.3,3.0006844626967832,7
69134,2007-11-14T18:55:49,-70.292,-22.67,31.5,5.5,mw,,,,,,,,,,,,,,,,,USGS,,slab_interface,32.8467102051,slab_interface,2007-11-14T18:55:49,5.3,3.0006844626967832,7
69135,2007-11-14T19:17:25,-69.842,-22.317,48.8,5.4,mw,,,,,,,,,,,,,,,,,USGS,,slab_interface,49.1494140625,slab_interface,2007-11-14T19:17:25,5.3,3.0006844626967832,7
69166,2007-11-15T01:46:36,-70.659,-23.242,28.206,5.4,mw,,,,,,,,,,,,,,,,,CSN-improved,,slab_interface,24.3403701782,slab_interface,2007-11-15T01:46:36,5.3,3.0006844626967832,7
69167,2007-11-15T11:14:56,-71.12,-23.03,19.8,5.3,mw,0.02,0.03,1.1,,339.0,22.0,81.0,170.0,68.0,94.0,6.850000000000001e+16,-9200000000000000.0,-5.92e+16,9900000000000000.0,-6.909999999999999e+16,1.57e+16,GCMT,,slab_interface,13.9471645355,slab_interface,2007-11-15T11:14:56,5.3,3.0006844626967832,7
69164,2007-11-15T15:03:07,-70.599,-22.959,25.8995,5.9,mw,,,,,170.0,75.0,90.0,350.0,15.0,90.0,2.36e+18,4.15e+17,-2.77e+18,7.11e+17,-2.91e+18,2.57e+17,CSN-improved,,slab_interface,24.8133544922,slab_interface,2007-11-15T15:03:07,5.3,3.0006844626967832,7
69161,2007-11-15T15:05:59,-70.385,-22.862,26.0,6.8,mw,,,4.9,0.1,172.0,74.0,88.0,360.0,16.0,98.0,1.04e+19,2.4e+17,-1.06e+19,2.66e+18,-1.71e+19,8.3e+17,ISC-GEM,,slab_interface,30.2036437988,slab_interface,2007-11-15T15:05:59,5.3,3.0006844626967832,7
69162,2007-11-15T15:06:09,-70.94,-22.98,20.7,6.8,mw,0.0,0.0,0.2,,360.0,16.0,98.0,172.0,74.0,88.0,1.04e+19,2.4e+17,-1.06e+19,2.66e+18,-1.71e+19,8.3e+17,GCMT,,slab_interface,16.7206573486,slab_interface,2007-11-15T15:06:09,5.3,3.0006844626967832,7
69165,2007-11-15T15:12:57,-70.468,-23.14,32.7,5.6,mw,,,19.2,,,,,,,,,,,,,,USGS,,slab_interface,29.6092910767,slab_interface,2007-11-15T15:12:57,5.3,3.0006844626967832,7
69168,2007-11-15T15:15:47,-70.542,-22.92,13.5503,5.3,mw,,,,,,,,,,,,,,,,,CSN-improved,,slab_interface,26.0220546722,slab_interface,2007-11-15T15:15:47,5.3,3.0006844626967832,7
69204,2007-11-16T08:42:44,-70.79,-22.89,26.4,5.5,mw,0.03,0.02,1.3,,7.0,19.0,111.0,165.0,72.0,83.0,1.34e+17,1000000000000000.0,-1.3500000000000002e+17,5.600000000000001e+16,-1.77e+17,8500000000000002.0,GCMT,,slab_interface,19.746389389,slab_interface,2007-11-16T08:42:44,5.3,3.0006844626967832,7
69257,2007-11-17T03:07:36,-70.5,-22.94,26.1,5.5,mw,0.02,0.01,0.9,,14.0,13.0,119.0,164.0,79.0,84.0,9.05e+16,1.55e+16,-1.06e+17,6.55e+16,-2.17e+17,5600000000000000.0,GCMT,,slab_interface,27.5571784973,slab_interface,2007-11-17T03:07:36,5.3,3.0006844626967832,7
69335,2007-11-18T12:15:42,-70.94,-23.03,19.8,5.7,mw,0.01,0.01,0.6,,328.0,22.0,68.0,171.0,70.0,98.0,1.92e+17,8.23e+16,-2.75e+17,4.77e+16,-2.88e+17,1.2e+17,GCMT,,slab_interface,16.8222942352,slab_interface,2007-11-18T12:15:42,5.3,3.0006844626967832,7
69380,2007-11-19T20:21:13,-70.91,-22.86,24.0,5.3,mw,0.02,0.03,0.0,,357.0,21.0,97.0,170.0,69.0,87.0,6.730000000000001e+16,-4000000000000000.0,-6.32e+16,1.51e+16,-7.21e+16,6900000000000001.0,GCMT,,slab_interface,17.439245224,slab_interface,2007-11-19T20:21:13,5.3,3.0006844626967832,7
69379,2007-11-19T23:30:34,-70.94,-22.87,18.5,5.9,mw,0.01,0.01,0.4,,357.0,16.0,94.0,173.0,74.0,89.0,4.61e+17,2.9e+16,-4.9e+17,1.04e+17,-7.85e+17,4.9e+16,GCMT,,slab_interface,16.4122524261,slab_interface,2007-11-19T23:30:34,5.3,3.0006844626967832,7
69418,2007-11-20T04:56:17,-70.681,-22.812,31.0,5.4,mw,,,,,,,,,,,,,,,,,USGS,,slab_interface,21.8669090271,slab_interface,2007-11-20T04:56:17,5.3,3.0006844626967832,7
69416,2007-11-20T17:55:49,-70.834,-22.949,20.6303,5.6,mw,,,,,170.0,75.0,90.0,350.0,15.0,90.0,6.86e+17,5e+16,-7.36e+17,2.11e+17,-1.51e+18,4.9e+16,CSN-improved,,slab_interface,18.738986969,slab_interface,2007-11-20T17:55:49,5.3,3.0006844626967832,7
69414,2007-11-20T17:55:57,-70.92,-22.91,17.2,6.1,mw,0.01,0.01,0.4,,1.0,13.0,99.0,172.0,78.0,88.0,6.86e+17,5e+16,-7.36e+17,2.11e+17,-1.51e+18,4.9e+16,GCMT,,slab_interface,17.547990799,slab_interface,2007-11-20T17:55:57,5.3,3.0006844626967832,7
69592,2007-11-26T09:10:07,-70.075,-22.068,45.1,5.3,mw,,,,,,,,,,,,,,,,,USGS,,slab_interface,41.2713050842,slab_interface,2007-11-26T09:10:07,5.3,3.0006844626967832,7
70027,2007-12-13T05:20:27,-70.98,-23.21,17.3,6.0,mw,0.01,0.01,0.4,,2.0,12.0,99.0,172.0,78.0,88.0,4.46e+17,2.8e+16,-4.74e+17,1.46e+17,-1.01e+18,3e+16,GCMT,,slab_interface,16.1024684906,slab_interface,2007-12-13T05:20:27,5.3,3.0006844626967832,7
70029,2007-12-13T05:35:28,-70.93,-23.13,25.0,5.4,mw,0.02,0.02,0.0,,354.0,17.0,88.0,176.0,73.0,91.0,8.81e+16,-1100000000000000.0,-8.7e+16,8400000000000002.0,-1.28e+17,7300000000000000.0,GCMT,,slab_interface,17.0244998932,slab_interface,2007-12-13T05:35:28,5.3,3.0006844626967832,7
70028,2007-12-13T07:23:39,-70.799,-23.231,23.6767,5.6,mw,,,,,175.0,75.0,90.0,355.0,15.0,90.0,1.12e+18,1.02e+17,-1.22e+18,3.01e+17,-2.05e+18,-3000000000000000.0,CSN-improved,,slab_interface,20.5883827209,slab_interface,2007-12-13T07:23:39,5.3,3.0006844626967832,7
70026,2007-12-13T07:23:46,-70.94,-23.18,20.3,6.2,mw,0.01,0.01,0.4,,9.0,15.0,106.0,173.0,75.0,86.0,1.12e+18,1.02e+17,-1.22e+18,3.01e+17,-2.05e+18,-3000000000000000.0,GCMT,,slab_interface,17.125705719,slab_interface,2007-12-13T07:23:46,5.3,3.0006844626967832,7
70065,2007-12-16T08:09:21,-70.41,-23.02,30.6,6.7,mw,0.0,0.0,0.3,,246.0,6.0,159.0,357.0,88.0,84.0,1.32e+18,-2.6e+17,-1.05e+18,-8.5e+17,1.45e+19,-1.43e+18,GCMT,,slab_interface,30.6364879608,slab_interface,2007-12-16T08:09:21,5.3,3.0006844626967832,7
70168,2007-12-20T03:07:00,-72.01,-32.85,25.0,5.5,mw,0.02,0.02,0.0,,351.0,12.0,80.0,181.0,78.0,92.0,6.61e+16,2.04e+16,-8.66e+16,-2500000000000000.0,-1.78e+17,5500000000000000.0,GCMT,,slab_interface,21.4427871704,slab_interface,2007-12-20T03:07:00,5.3,3.0006844626967832,7
70241,2007-12-25T12:15:56,-70.061,-22.984,49.4,5.3,mw,,,,,,,,,,,,,,,,,USGS,,slab_interface,42.3159141541,slab_interface,2007-12-25T12:15:56,5.3,3.0006844626967832,7
70360,2008-01-02T08:42:29,-70.439,-23.096,24.9,5.4,mw,,,,,,,,,,,,,,,,,USGS,,slab_interface,29.4516410828,slab_interface,2008-01-02T08:42:29,5.3,3.0006844626967832,7
70805,2008-01-22T09:09:27,-70.101,-19.955,49.4,5.3,mw,,,3.9,,,,,,,,,,,,,,CSN-improved,,slab_interface,48.8902931213,slab_interface,2008-01-22T09:09:27,5.3,3.0006844626967832,7
72890,2008-05-22T01:34:05,-71.935,-30.221,26.5,5.3,mw,,,,,,,,,,,,,,,,,USGS,,slab_interface,18.2199745178,slab_interface,2008-05-22T01:34:05,5.3,3.0006844626967832,7
76687,2008-12-18T21:19:33,-72.13,-32.63,22.5,6.1,mw,0.01,0.01,0.3,,360.0,19.0,94.0,175.0,71.0,89.0,1.13e+18,1.18e+17,-1.25e+18,1.33e+17,-1.54e+18,6.2e+16,GCMT,,slab_interface,17.4651508331,slab_interface,2008-12-18T21:19:33,5.3,3.0006844626967832,7
76688,2008-12-18T21:50:34,-72.11,-32.62,20.7,5.9,mw,0.01,0.01,0.6,,350.0,18.0,83.0,177.0,72.0,92.0,4.43e+17,7500000000000000.0,-4.51e+17,2.46e+16,-6.1e+17,5.29e+16,GCMT,,slab_interface,18.600522995,slab_interface,2008-12-18T21:50:34,5.3,3.0006844626967832,7
76715,2008-12-19T07:30:11,-72.24,-32.66,22.0,5.4,mw,0.01,0.01,0.7,,359.0,20.0,90.0,179.0,70.0,90.0,9.47e+16,6400000000000000.0,-1.01e+17,1500000000000000.0,-1.17e+17,1200000000000000.0,GCMT,,slab_interface,15.2925252914,slab_interface,2008-12-19T07:30:11,5.3,3.0006844626967832,7
76714,2008-12-19T09:36:08,-72.1,-32.56,23.1,5.7,mw,0.01,0.01,0.5,,2.0,19.0,100.0,172.0,72.0,87.0,2.83e+17,1.64e+16,-2.99e+17,6.08e+16,-3.84e+17,1.6900000000000002e+16,GCMT,,slab_interface,18.554479599,slab_interface,2008-12-19T09:36:08,5.3,3.0006844626967832,7
78760,2009-04-17T02:08:08,-70.733,-19.676,25.446,6.0,mw,,,,,165.0,70.0,90.0,345.0,20.0,90.0,1.09e+18,1.03e+17,-1.2e+18,3.9e+17,-1.03e+18,3.07e+17,CSN-improved,,slab_interface,27.71733284,slab_interface,2009-04-17T02:08:08,5.3,3.0006844626967832,7
81595,2009-10-10T15:26:17,-71.067,-25.074,19.6,5.4,mw,,,15.7,,2.0,24.0,106.0,165.0,67.0,83.0,1.93e+17,1.3700000000000002e+16,-2.07e+17,6.21e+16,-1.84e+17,2.92e+16,CSN-improved,,slab_interface,20.0141716003,slab_interface,2009-10-10T15:26:17,5.3,3.0006844626967832,7
81594,2009-10-10T15:26:24,-71.22,-25.02,17.3,5.6,mw,0.01,0.01,0.5,,2.0,24.0,106.0,165.0,67.0,83.0,1.93e+17,1.3700000000000002e+16,-2.07e+17,6.21e+16,-1.84e+17,2.92e+16,GCMT,,slab_interface,16.4474525452,slab_interface,2009-10-10T15:26:24,5.3,3.0006844626967832,7
81596,2009-10-10T17:10:24,-71.2,-25.02,13.4,5.3,mw,0.01,0.02,0.7,,358.0,24.0,98.0,169.0,66.0,86.0,7.009999999999999e+16,1.33e+16,-8.34e+16,1.4399999999999998e+16,-6.919999999999999e+16,1.16e+16,GCMT,,slab_interface,16.4474525452,slab_interface,2009-10-10T17:10:24,5.3,3.0006844626967832,7
81806,2009-10-25T23:01:42,-70.727,-25.06,40.7,5.3,mw,,,5.8,,,,,,,,,,,,,,USGS,,slab_interface,28.3969173431,slab_interface,2009-10-25T23:01:42,5.3,3.0006844626967832,7
82052,2009-11-13T03:05:59,-70.423,-19.472,40.0,6.5,mw,,,5.2,0.1,160.0,66.0,89.0,342.0,24.0,92.0,5.28e+18,-1.2e+17,-5.16e+18,1.78e+18,-4.82e+18,2e+18,ISC-GEM,,slab_interface,43.0686264038,slab_interface,2009-11-13T03:05:59,5.3,3.0006844626967832,7
82923,2010-01-21T00:15:14,-73.16,-36.281,42.2,5.6,mw,,,3.2,,,,,,,,,,,,,,CSN-improved,,slab_interface,28.7269954681,slab_interface,2010-01-21T00:15:14,5.3,3.0006844626967832,8
82924,2010-01-21T00:38:09,-73.171,-36.219,27.5,5.3,mw,,,4.3,,,,,,,,,,,,,,CSN-improved,,slab_interface,27.773771286,slab_interface,2010-01-21T00:38:09,5.3,3.0006844626967832,8
83388,2010-02-27T03:35:14,-73.15,-35.98,23.2,8.8,mw,0.01,0.01,0.3,,19.0,18.0,116.0,172.0,74.0,82.0,,,,,,,GCMT,,slab_interface,25.5996646881,slab_interface,2010-02-27T03:35:14,5.3,3.0006844626967832,8
83390,2010-02-27T06:52:33,-72.695,-34.824,25.0,6.5,mw,,,7.3,0.61,,,,,,,,,,,,,ISC-GEM,,slab_interface,19.3764820099,slab_interface,2010-02-27T06:52:33,5.3,3.0006844626967832,8
83401,2010-02-27T06:56:26,-72.197,-34.35,34.8,6.0,mw,,,23.1,,,,,,,,,,,,,,USGS,,slab_interface,25.8626213074,slab_interface,2010-02-27T06:56:26,5.3,3.0006844626967832,8
83462,2010-02-27T06:58:29,-71.844,-31.789,35.0,5.4,mw,,,,,,,,,,,,,,,,,ISC,,slab_interface,24.5835342407,slab_interface,2010-02-27T06:58:29,5.3,3.0006844626967832,8
83395,2010-02-27T07:05:06,-72.107,-33.912,35.0,6.2,mw,,,,,,,,,,,,,,,,,USGS,,slab_interface,23.7113418579,slab_interface,2010-02-27T07:05:06,5.3,3.0006844626967832,8
83406,2010-02-27T07:12:29,-71.952,-33.756,37.5,6.0,mw,,,5.6,,,,,,,,,,,,,,CSN-improved,,slab_interface,26.6361026764,slab_interface,2010-02-27T07:12:29,5.3,3.0006844626967832,8
83450,2010-02-27T07:19:45,-72.75,-36.196,30.0,5.5,mw,,,7.6,0.37,,,,,,,,,,,,,ISC-GEM,,slab_interface,38.781791687,slab_interface,2010-02-27T07:19:45,5.3,3.0006844626967832,8
83415,2010-02-27T07:19:48,-72.836,-35.822,35.0,5.8,mw,,,,,,,,,,,,,,,,,USGS,,slab_interface,30.365901947,slab_interface,2010-02-27T07:19:48,5.3,3.0006844626967832,8
83452,2010-02-27T07:23:14,-73.56,-36.927,20.0,5.5,mw,,,4.7,0.42,,,,,,,,,,,,,ISC-GEM,,slab_interface,23.2575149536,slab_interface,2010-02-27T07:23:14,5.3,3.0006844626967832,8
83402,2010-02-27T07:23:16,-73.594,-36.924,35.0,6.0,mw,,,,,,,,,,,,,,,,,USGS,,slab_interface,22.0373287201,slab_interface,2010-02-27T07:23:16,5.3,3.0006844626967832,8
83416,2010-02-27T07:29:43,-72.818,-35.819,35.0,5.8,mw,,,,,,,,,,,,,,,,,USGS,,slab_interface,31.6952552795,slab_interface,2010-02-27T07:29:43,5.3,3.0006844626967832,8
83429,2010-02-27T07:33:30,-73.475,-37.949,30.0,5.6,mw,,,4.2,0.32,,,,,,,,,,,,,ISC-GEM,,slab_interface,29.3545513153,slab_interface,2010-02-27T07:33:30,5.3,3.0006844626967832,8
83447,2010-02-27T07:34:27,-72.378,-33.88,13.9273,5.6,mw,,,,,,,,,,,,,,,,,CSN-improved,,slab_interface,16.7031269073,slab_interface,2010-02-27T07:34:27,5.3,3.0006844626967832,8
83396,2010-02-27T07:37:18,-72.899,-36.898,35.0,6.2,mw,,,6.1,0.49,,,,,,,,,,,,,ISC-GEM,,slab_interface,39.8307418823,slab_interface,2010-02-27T07:37:18,5.3,3.0006844626967832,8
83407,2010-02-27T07:40:45,-72.667,-35.194,36.8219,6.0,mw,,,,,,,,,,,,,,,,,CSN-improved,,slab_interface,25.9162769318,slab_interface,2010-02-27T07:40:45,5.3,3.0006844626967832,8
83473,2010-02-27T07:49:52,-72.035,-33.533,13.3983,5.3,mw,,,,,,,,,,,,,,,,,CSN-improved,,slab_interface,22.3742027283,slab_interface,2010-02-27T07:49:52,5.3,3.0006844626967832,8
83453,2010-02-27T07:51:04,-72.772,-36.474,29.0,5.5,mw,,,4.8,0.25,,,,,,,,,,,,,ISC-GEM,,slab_interface,41.5074195862,slab_interface,2010-02-27T07:51:04,5.3,3.0006844626967832,8
83417,2010-02-27T07:51:05,-72.647,-36.458,35.0,5.8,mw,,,,,,,,,,,,,,,,,USGS,,slab_interface,44.7646217346,slab_interface,2010-02-27T07:51:05,5.3,3.0006844626967832,8
83464,2010-02-27T07:59:54,-72.798,-36.134,40.0,5.4,mw,,,7.6,0.26,,,,,,,,,,,,,ISC-GEM,,slab_interface,36.6684837341,slab_interface,2010-02-27T07:59:54,5.3,3.0006844626967832,8
83448,2010-02-27T08:13:10,-72.083,-33.687,15.2,5.6,mw,,,29.5,,,,,,,,,,,,,,CSN-improved,,slab_interface,22.0608615875,slab_interface,2010-02-27T08:13:10,5.3,3.0006844626967832,8
83432,2010-02-27T08:23:51,-72.126,-34.492,22.5,5.6,mw,,,19.4,,,,,,,,,,,,,,USGS,,slab_interface,29.2636127472,slab_interface,2010-02-27T08:23:51,5.3,3.0006844626967832,8
83393,2010-02-27T08:25:28,-72.476,-34.789,25.0,6.3,mw,,,7.3,0.52,,,,,,,,,,,,,ISC-GEM,,slab_interface,23.844379425,slab_interface,2010-02-27T08:25:28,5.3,3.0006844626967832,8
83423,2010-02-27T08:31:57,-72.279,-33.039,20.0,5.7,mw,,,10.8,0.21,,,,,,,,,,,,,ISC-GEM,,slab_interface,14.8194942474,slab_interface,2010-02-27T08:31:57,5.3,3.0006844626967832,8
83434,2010-02-27T08:35:26,-72.871,-36.952,35.0,5.6,mw,,,,,,,,,,,,,,,,,USGS,,slab_interface,41.6951789856,slab_interface,2010-02-27T08:35:26,5.3,3.0006844626967832,8
83478,2010-02-27T08:40:02,-73.817,-37.481,35.0,5.3,mw,,,,,,,,,,,,,,,,,USGS,,slab_interface,20.4127502441,slab_interface,2010-02-27T08:40:02,5.3,3.0006844626967832,8
83465,2010-02-27T08:45:42,-72.505,-34.815,35.0,5.4,mw,,,,,,,,,,,,,,,,,USGS,,slab_interface,23.844379425,slab_interface,2010-02-27T08:45:42,5.3,3.0006844626967832,8
83466,2010-02-27T08:51:38,-72.73,-34.73,36.2,5.4,mw,,,11.7,,,,,,,,,,,,,,USGS,,slab_interface,17.8361129761,slab_interface,2010-02-27T08:51:38,5.3,3.0006844626967832,8
83467,2010-02-27T08:53:27,-72.867,-35.452,35.0,5.4,mw,,,,,,,,,,,,,,,,,USGS,,slab_interface,24.9720211029,slab_interface,2010-02-27T08:53:27,5.3,3.0006844626967832,8
83471,2010-02-27T09:06:16,-72.345,-33.732,9.5319,5.4,mw,,,,,,,,,,,,,,,,,CSN-improved,,slab_interface,16.6563167572,slab_interface,2010-02-27T09:06:16,5.3,3.0006844626967832,8
83409,2010-02-27T09:59:19,-73.746,-38.2,25.0,5.9,mw,,,4.2,0.5,,,,,,,,,,,,,ISC-GEM,,slab_interface,23.8111114502,slab_interface,2010-02-27T09:59:19,5.3,3.0006844626967832,8
83397,2010-02-27T09:59:20,-73.652,-38.16,35.0,6.2,mw,,,,,,,,,,,,,,,,,USGS,,slab_interface,25.7310504913,slab_interface,2010-02-27T09:59:20,5.3,3.0006844626967832,8
83403,2010-02-27T10:30:10,-73.545,-37.878,20.0,6.0,mw,,,4.2,0.54,,,,,,,,,,,,,ISC-GEM,,slab_interface,26.811542511,slab_interface,2010-02-27T10:30:10,5.3,3.0006844626967832,8
83391,2010-02-27T10:30:36,-71.955,-33.281,35.0,6.4,mw,,,,,,,,,,,,,,,,,USGS,,slab_interface,23.8954734802,slab_interface,2010-02-27T10:30:36,5.3,3.0006844626967832,8
83404,2010-02-27T10:38:33,-73.796,-38.253,25.0,6.0,mw,,,25.0,0.48,,,,,,,,,,,,,ISC-GEM,,slab_interface,22.9839572906,slab_interface,2010-02-27T10:38:33,5.3,3.0006844626967832,8
83420,2010-02-27T10:54:24,-73.399,-36.804,35.0,5.8,mw,,,,,,,,,,,,,,,,,USGS,,slab_interface,25.8668289185,slab_interface,2010-02-27T10:54:24,5.3,3.0006844626967832,8
83480,2010-02-27T11:13:39,-72.805,-35.336,35.0,5.3,mw,,,,,,,,,,,,,,,,,USGS,,slab_interface,24.6157951355,slab_interface,2010-02-27T11:13:39,5.3,3.0006844626967832,8
83421,2010-02-27T11:45:03,-73.188,-36.326,35.0,5.8,mw,,,,,,,,,,,,,,,,,USGS,,slab_interface,27.9037513733,slab_interface,2010-02-27T11:45:03,5.3,3.0006844626967832,8
83437,2010-02-27T12:44:48,-73.458,-37.156,30.0,5.6,mw,,,16.9,0.2,,,,,,,,,,,,,ISC-GEM,,slab_interface,26.1422023773,slab_interface,2010-02-27T12:44:48,5.3,3.0006844626967832,8
83438,2010-02-27T13:54:04,-71.841,-33.303,35.0,5.6,mw,,,,,,,,,,,,,,,,,USGS,,slab_interface,26.8809604645,slab_interface,2010-02-27T13:54:04,5.3,3.0006844626967832,8
83474,2010-02-27T14:20:40,-72.213,-34.133,21.4518,5.3,mw,,,,,,,,,,,,,,,,,CSN-improved,,slab_interface,23.5618858337,slab_interface,2010-02-27T14:20:40,5.3,3.0006844626967832,8
83482,2010-02-27T14:29:12,-72.571,-34.896,35.0,5.3,mw,,,,,,,,,,,,,,,,,USGS,,slab_interface,23.9811687469,slab_interface,2010-02-27T14:29:12,5.3,3.0006844626967832,8
83456,2010-02-27T14:41:50,-73.106,-35.709,35.0,5.5,mw,,,,,,,,,,,,,,,,,USGS,,slab_interface,22.9522361755,slab_interface,2010-02-27T14:41:50,5.3,3.0006844626967832,8
83457,2010-02-27T16:21:12,-73.375,-38.419,30.0,5.5,mw,,,6.5,0.34,,,,,,,,,,,,,ISC-GEM,,slab_interface,33.2862319946,slab_interface,2010-02-27T16:21:12,5.3,3.0006844626967832,8
83441,2010-02-27T16:27:55,-73.346,-37.831,20.0,5.6,mw,,,4.2,0.3,,,,,,,,,,,,,ISC-GEM,,slab_interface,31.3172626495,slab_interface,2010-02-27T16:27:55,5.3,3.0006844626967832,8
83458,2010-02-27T16:37:32,-73.519,-37.48,25.0,5.5,mw,,,7.2,0.26,,,,,,,,,,,,,ISC-GEM,,slab_interface,26.3192138672,slab_interface,2010-02-27T16:37:32,5.3,3.0006844626967832,8
83483,2010-02-27T17:35:03,-73.481,-36.297,35.0,5.3,mw,,,,,,,,,,,,,,,,,USGS,,slab_interface,20.6707324982,slab_interface,2010-02-27T17:35:03,5.3,3.0006844626967832,8
83449,2010-02-27T17:40:12,-72.314,-33.551,15.2,5.6,mw,,,999.9,,,,,,,,,,,,,,CSN-improved,,slab_interface,16.5070648193,slab_interface,2010-02-27T17:40:12,5.3,3.0006844626967832,8
83442,2010-02-27T17:43:36,-73.213,-36.562,30.0,5.6,mw,,,5.9,0.3,,,,,,,,,,,,,ISC-GEM,,slab_interface,29.3792037964,slab_interface,2010-02-27T17:43:36,5.3,3.0006844626967832,8
83411,2010-02-27T17:43:37,-73.051,-36.521,38.4,5.9,mw,,,9.6,,,,,,,,,,,,,,USGS,,slab_interface,33.0219039917,slab_interface,2010-02-27T17:43:37,5.3,3.0006844626967832,8
83405,2010-02-27T18:15:23,-73.682,-37.519,25.0,6.0,mw,,,7.2,0.3,,,,,,,,,,,,,ISC-GEM,,slab_interface,22.2639827728,slab_interface,2010-02-27T18:15:23,5.3,3.0006844626967832,8
83412,2010-02-27T18:23:09,-73.807,-37.571,20.0,5.9,mw,,,4.5,0.23,,,,,,,,,,,,,ISC-GEM,,slab_interface,20.5625629425,slab_interface,2010-02-27T18:23:09,5.3,3.0006844626967832,8
83413,2010-02-27T19:00:03,-72.305,-33.549,32.1,5.9,mw,,,6.8,,3.0,27.0,97.0,175.0,64.0,86.0,2.42e+18,-3.43e+17,-2.08e+18,2.61e+17,-1.7e+18,8999999999999998.0,CSN-improved,,slab_interface,16.5070648193,slab_interface,2010-02-27T19:00:03,5.3,3.0006844626967832,8
83399,2010-02-27T19:00:12,-72.29,-33.62,24.2,6.2,mw,0.02,0.02,0.8,,3.0,27.0,97.0,175.0,64.0,86.0,2.42e+18,-3.43e+17,-2.08e+18,2.61e+17,-1.7e+18,8999999999999998.0,GCMT,,slab_interface,16.7733650208,slab_interface,2010-02-27T19:00:12,5.3,3.0006844626967832,8
83469,2010-02-27T19:06:15,-73.5,-37.524,20.0,5.4,mw,,,7.2,0.2,,,,,,,,,,,,,ISC-GEM,,slab_interface,26.3192138672,slab_interface,2010-02-27T19:06:15,5.3,3.0006844626967832,8
83443,2010-02-27T19:10:13,-72.376,-35.047,38.8,5.6,mw,,,9.5,,,,,,,,,,,,,,USGS,,slab_interface,30.221660614,slab_interface,2010-02-27T19:10:13,5.3,3.0006844626967832,8
83484,2010-02-27T20:12:04,-73.55,-36.686,16.6,5.3,mw,,,28.2,,,,,,,,,,,,,,USGS,,slab_interface,22.1226711273,slab_interface,2010-02-27T20:12:04,5.3,3.0006844626967832,8
83445,2010-02-27T21:43:11,-72.522,-35.156,35.0,5.6,mw,,,,,,,,,,,,,,,,,USGS,,slab_interface,29.040019989,slab_interface,2010-02-27T21:43:11,5.3,3.0006844626967832,8
83459,2010-02-27T21:59:06,-73.336,-36.801,25.0,5.5,mw,,,16.9,0.2,,,,,,,,,,,,,ISC-GEM,,slab_interface,27.0272750854,slab_interface,2010-02-27T21:59:06,5.3,3.0006844626967832,8
83485,2010-02-27T22:05:56,-73.071,-35.737,35.0,5.3,mw,,,,,,,,,,,,,,,,,USGS,,slab_interface,24.7403450012,slab_interface,2010-02-27T22:05:56,5.3,3.0006844626967832,8
83460,2010-02-27T22:13:44,-73.36,-35.779,23.8,5.5,mw,,,3.5,,,,,,,,,,,,,,USGS,,slab_interface,19.052072525,slab_interface,2010-02-27T22:13:44,5.3,3.0006844626967832,8
83446,2010-02-27T22:20:01,-72.71,-34.932,20.6,5.6,mw,,,3.7,,,,,,,,,,,,,,USGS,,slab_interface,21.2120113373,slab_interface,2010-02-27T22:20:01,5.3,3.0006844626967832,8
83475,2010-02-27T22:22:34,-71.385,-33.983,44.7,5.3,mw,,,2.0,,,,,,,,,,,,,,CSN-improved,,slab_interface,49.8051376343,slab_interface,2010-02-27T22:22:34,5.3,3.0006844626967832,8
83392,2010-02-27T23:12:35,-71.827,-34.7,35.0,6.4,mw,,,,,,,,,,,,,,,,,USGS,,slab_interface,42.7270889282,slab_interface,2010-02-27T23:12:35,5.3,3.0006844626967832,8
83737,2010-02-28T00:00:47,-73.408,-36.648,25.0,5.6,mw,,,10.8,0.2,,,,,,,,,,,,,ISC-GEM,,slab_interface,25.123128891,slab_interface,2010-02-28T00:00:47,5.3,3.0006844626967832,8
83745,2010-02-28T00:53:31,-73.514,-38.122,22.7,5.5,mw,,,4.9,0.2,,,,,,,,,,,,,ISC-GEM,,slab_interface,28.9215240479,slab_interface,2010-02-28T00:53:31,5.3,3.0006844626967832,8
83746,2010-02-28T01:33:11,-72.777,-36.632,32.4,5.5,mw,,,5.2,0.26,,,,,,,,,,,,,ISC-GEM,,slab_interface,41.556930542,slab_interface,2010-02-28T01:33:11,5.3,3.0006844626967832,8
83747,2010-02-28T02:38:29,-73.61,-38.344,20.0,5.5,mw,,,6.5,0.29,,,,,,,,,,,,,ISC-GEM,,slab_interface,27.8712558746,slab_interface,2010-02-28T02:38:29,5.3,3.0006844626967832,8
83734,2010-02-28T02:38:30,-73.574,-38.32,31.7,5.8,mw,,,17.4,,,,,,,,,,,,,,USGS,,slab_interface,28.7997093201,slab_interface,2010-02-28T02:38:30,5.3,3.0006844626967832,8
83760,2010-02-28T03:23:47,-73.585,-37.732,25.0,5.3,mw,,,7.2,0.2,,,,,,,,,,,,,ISC-GEM,,slab_interface,25.1228427887,slab_interface,2010-02-28T03:23:47,5.3,3.0006844626967832,8
83751,2010-02-28T04:17:51,-71.905,-34.701,35.8,5.4,mw,,,9.0,,,,,,,,,,,,,,USGS,,slab_interface,40.8362693787,slab_interface,2010-02-28T04:17:51,5.3,3.0006844626967832,8
83752,2010-02-28T04:47:30,-73.873,-38.795,5.9,5.4,mw,,,29.3,,,,,,,,,,,,,,USGS,,slab_interface,24.0863494873,slab_interface,2010-02-28T04:47:30,5.3,3.0006844626967832,8
83753,2010-02-28T05:03:57,-71.958,-35.013,35.0,5.4,mw,,,,,,,,,,,,,,,,,USGS,,slab_interface,44.4467964172,slab_interface,2010-02-28T05:03:57,5.3,3.0006844626967832,8
83754,2010-02-28T05:13:56,-73.449,-37.707,19.3,5.4,mw,,,5.0,0.21,,,,,,,,,,,,,ISC-GEM,,slab_interface,28.2145404816,slab_interface,2010-02-28T05:13:56,5.3,3.0006844626967832,8
83755,2010-02-28T05:19:33,-73.663,-37.775,25.0,5.4,mw,,,4.2,0.22,,,,,,,,,,,,,ISC-GEM,,slab_interface,24.2736434937,slab_interface,2010-02-28T05:19:33,5.3,3.0006844626967832,8
83756,2010-02-28T07:36:29,-72.883,-37.79,35.0,5.4,mw,,,,,,,,,,,,,,,,,USGS,,slab_interface,44.5580482483,slab_interface,2010-02-28T07:36:29,5.3,3.0006844626967832,8
83762,2010-02-28T09:01:21,-73.219,-38.606,31.1,5.3,mw,,,17.0,,,,,,,,,,,,,,USGS,,slab_interface,40.8759231567,slab_interface,2010-02-28T09:01:21,5.3,3.0006844626967832,8
83763,2010-02-28T09:14:51,-71.893,-33.664,19.0,5.3,mw,,,,,,,,,,,,,,,,,ISC,,slab_interface,27.3459835052,slab_interface,2010-02-28T09:14:51,5.3,3.0006844626967832,8
83739,2010-02-28T09:14:53,-71.832,-33.639,35.0,5.6,mw,,,,,,,,,,,,,,,,,USGS,,slab_interface,28.9169120789,slab_interface,2010-02-28T09:14:53,5.3,3.0006844626967832,8
83732,2010-02-28T11:25:39,-72.05,-35.11,53.5,6.2,mw,0.01,0.01,0.6,,17.0,25.0,113.0,171.0,67.0,80.0,1.65e+18,1.95e+17,-1.84e+18,3.93e+17,-1.64e+18,-1.13e+17,GCMT,,slab_interface,42.6264839172,slab_interface,2010-02-28T11:25:39,5.3,3.0006844626967832,8
83740,2010-02-28T11:50:36,-72.493,-35.03,24.0,5.6,mw,,,5.1,,,,,,,,,,,,,,USGS,,slab_interface,27.4479522705,slab_interface,2010-02-28T11:50:36,5.3,3.0006844626967832,8
83741,2010-02-28T11:51:04,-72.523,-35.186,27.4,5.6,mw,,,4.2,,,,,,,,,,,,,,USGS,,slab_interface,29.8660411835,slab_interface,2010-02-28T11:51:04,5.3,3.0006844626967832,8
83764,2010-02-28T12:01:15,-72.683,-35.8,35.0,5.3,mw,,,,,,,,,,,,,,,,,USGS,,slab_interface,34.4715995789,slab_interface,2010-02-28T12:01:15,5.3,3.0006844626967832,8
83757,2010-02-28T12:18:58,-73.489,-38.195,23.1,5.4,mw,,,4.8,0.26,,,,,,,,,,,,,ISC-GEM,,slab_interface,29.4609889984,slab_interface,2010-02-28T12:18:58,5.3,3.0006844626967832,8
83758,2010-02-28T15:26:52,-72.569,-35.3,20.0275,5.4,mw,,,,,,,,,,,,,,,,,CSN-improved,,slab_interface,30.1623039246,slab_interface,2010-02-28T15:26:52,5.3,3.0006844626967832,8
83765,2010-02-28T15:46:24,-72.201,-34.65,30.0,5.3,mw,,,13.1,0.3,,,,,,,,,,,,,ISC-GEM,,slab_interface,29.9031238556,slab_interface,2010-02-28T15:46:24,5.3,3.0006844626967832,8
83767,2010-02-28T18:44:30,-72.793,-36.848,31.0,5.3,mw,,,4.8,0.2,,,,,,,,,,,,,ISC-GEM,,slab_interface,42.8231773376,slab_interface,2010-02-28T18:44:30,5.3,3.0006844626967832,8
83768,2010-02-28T19:01:09,-73.28,-36.448,45.0,5.3,mw,,,11.4,,,,,,,,,,,,,,USGS,,slab_interface,26.2283210754,slab_interface,2010-02-28T19:01:09,5.3,3.0006844626967832,8
83769,2010-02-28T19:10:07,-73.415,-36.817,35.0,5.3,mw,,,,,,,,,,,,,,,,,USGS,,slab_interface,25.8668289185,slab_interface,2010-02-28T19:10:07,5.3,3.0006844626967832,8
83735,2010-02-28T19:48:37,-73.562,-38.128,25.0,5.8,mw,,,4.2,0.1,180.0,74.0,90.0,1.0,16.0,91.0,3.88e+17,-6300000000000000.0,-3.81e+17,-2000000000000000.0,-6.08e+17,-3400000000000000.0,ISC-GEM,,slab_interface,27.9978351593,slab_interface,2010-02-28T19:48:37,5.3,3.0006844626967832,8
83736,2010-02-28T19:48:39,-74.15,-38.36,15.1,5.8,mw,0.01,0.01,0.4,,1.0,16.0,91.0,180.0,74.0,90.0,3.88e+17,-6300000000000000.0,-3.81e+17,-2000000000000000.0,-6.08e+17,-3400000000000000.0,GCMT,,slab_interface,16.7726745605,slab_interface,2010-02-28T19:48:39,5.3,3.0006844626967832,8
83771,2010-02-28T23:49:04,-73.145,-37.359,35.0,5.3,mw,,,19.3,0.2,,,,,,,,,,,,,ISC-GEM,,slab_interface,34.2801971436,slab_interface,2010-02-28T23:49:04,5.3,3.0006844626967832,8
84046,2010-03-01T00:01:26,-73.916,-38.308,35.0,5.5,mw,,,5.3,,,,,,,,,,,,,,USGS,,slab_interface,21.1736679077,slab_interface,2010-03-01T00:01:26,5.3,3.0006844626967832,8
84050,2010-03-01T03:53:16,-73.113,-38.599,35.0,5.4,mw,,,,,,,,,,,,,,,,,USGS,,slab_interface,44.2353858948,slab_interface,2010-03-01T03:53:16,5.3,3.0006844626967832,8
84053,2010-03-01T08:46:56,-73.46,-35.51,15.1,5.3,mw,0.02,0.02,1.0,,26.0,17.0,98.0,197.0,73.0,87.0,5.610000000000001e+16,2500000000000000.0,-5.86e+16,-2.67e+16,-9.1e+16,-2.63e+16,GCMT,,slab_interface,14.262301445,slab_interface,2010-03-01T08:46:56,5.3,3.0006844626967832,8
84048,2010-03-01T12:27:15,-72.17,-34.219,34.4641,5.5,mw,,,,,,,,,,,,,,,,,CSN-improved,,slab_interface,25.4619369507,slab_interface,2010-03-01T12:27:15,5.3,3.0006844626967832,8
84255,2010-03-02T01:03:37,-73.5,-37.574,36.0,5.3,mw,,,4.0,,,,,,,,,,,,,,USGS,,slab_interface,26.5044517517,slab_interface,2010-03-02T01:03:37,5.3,3.0006844626967832,8
84253,2010-03-02T04:09:29,-73.73,-35.88,15.0,5.4,mw,0.02,0.02,0.0,,359.0,13.0,78.0,191.0,78.0,93.0,5.93e+16,8200000000000000.0,-6.750000000000001e+16,-2.69e+16,-1.34e+17,-7900000000000000.0,GCMT,,slab_interface,13.2319421768,slab_interface,2010-03-02T04:09:29,5.3,3.0006844626967832,8
84248,2010-03-02T04:28:46,-73.81,-36.85,15.2,5.5,mw,0.02,0.01,1.0,,17.0,11.0,110.0,178.0,79.0,86.0,6.82e+16,3500000000000000.0,-7.17e+16,9900000000000000.0,-1.79e+17,-9400000000000000.0,GCMT,,slab_interface,18.0963230133,slab_interface,2010-03-02T04:28:46,5.3,3.0006844626967832,8
84254,2010-03-02T06:10:53,-72.87,-34.63,14.7,5.3,mw,0.02,0.02,2.7,,3.0,5.0,84.0,189.0,85.0,91.0,2.01e+16,3800000000000000.0,-2.4e+16,-1.7199999999999998e+16,-1.1399999999999998e+17,-3100000000000000.0,GCMT,,slab_interface,15.0756254196,slab_interface,2010-03-02T06:10:53,5.3,3.0006844626967832,8
84259,2010-03-02T15:25:09,-71.905,-33.352,24.4,5.3,mw,,,8.9,,,,,,,,,,,,,,USGS,,slab_interface,25.5622272491,slab_interface,2010-03-02T15:25:09,5.3,3.0006844626967832,8
84251,2010-03-02T17:57:02,-72.055,-33.819,26.6,5.4,mw,,,21.2,,,,,,,,,,,,,,USGS,,slab_interface,24.1870288849,slab_interface,2010-03-02T17:57:02,5.3,3.0006844626967832,8
84260,2010-03-02T18:30:21,-72.716,-36.554,30.0,5.3,mw,,,9.3,0.24,,,,,,,,,,,,,ISC-GEM,,slab_interface,44.0399398804,slab_interface,2010-03-02T18:30:21,5.3,3.0006844626967832,8
84247,2010-03-02T19:12:58,-72.55,-34.39,19.1,5.6,mw,0.01,0.01,0.7,,14.0,17.0,119.0,163.0,75.0,81.0,1.57e+17,1.61e+16,-1.73e+17,9.19e+16,-2.66e+17,6100000000000000.0,GCMT,,slab_interface,18.1012878418,slab_interface,2010-03-02T19:12:58,5.3,3.0006844626967832,8
84413,2010-03-03T01:51:20,-72.665,-34.976,32.1,5.7,mw,,,10.9,,,,,,,,,,,,,,USGS,,slab_interface,22.9932155609,slab_interface,2010-03-03T01:51:20,5.3,3.0006844626967832,8
84416,2010-03-03T03:56:20,-71.994,-33.329,35.3,5.4,mw,,,4.5,,,,,,,,,,,,,,USGS,,slab_interface,22.7014541626,slab_interface,2010-03-03T03:56:20,5.3,3.0006844626967832,8
84418,2010-03-03T04:35:58,-74.29,-37.61,15.0,5.3,mw,0.01,0.02,0.0,,350.0,12.0,66.0,194.0,79.0,95.0,4.13e+16,4500000000000000.0,-4.58e+16,-2.71e+16,-1.02e+17,-2400000000000000.0,GCMT,,slab_interface,12.8102121353,slab_interface,2010-03-03T04:35:58,5.3,3.0006844626967832,8
84419,2010-03-03T07:09:41,-72.619,-36.056,35.0,5.3,mw,,,,,,,,,,,,,,,,,USGS,,slab_interface,41.3911819458,slab_interface,2010-03-03T07:09:41,5.3,3.0006844626967832,8
84420,2010-03-03T15:15:01,-72.108,-33.417,35.0,5.3,mw,,,,,,,,,,,,,,,,,USGS,,slab_interface,20.3113899231,slab_interface,2010-03-03T15:15:01,5.3,3.0006844626967832,8
84421,2010-03-03T15:25:37,-72.467,-34.659,38.9,5.3,mw,,,7.1,,,,,,,,,,,,,,USGS,,slab_interface,23.1219501495,slab_interface,2010-03-03T15:25:37,5.3,3.0006844626967832,8
84414,2010-03-03T17:44:26,-73.347,-36.543,27.0,5.6,mw,,,,,15.0,12.0,103.0,182.0,78.0,87.0,6.98e+17,4e+16,-7.38e+17,-3.5000000000000004e+16,-1.64e+18,-1.09e+17,ISC,,slab_interface,25.7038383484,slab_interface,2010-03-03T17:44:26,5.3,3.0006844626967832,8
84411,2010-03-03T17:44:30,-73.69,-36.7,16.3,6.1,mw,0.01,0.01,0.4,,15.0,12.0,103.0,182.0,78.0,87.0,6.98e+17,4e+16,-7.38e+17,-3.5000000000000004e+16,-1.64e+18,-1.09e+17,GCMT,,slab_interface,19.1788692474,slab_interface,2010-03-03T17:44:30,5.3,3.0006844626967832,8
84415,2010-03-03T19:58:26,-72.252,-33.424,31.3519,5.6,mw,,,,,2.0,17.0,94.0,178.0,73.0,89.0,3.37e+17,2200000000000000.0,-3.39e+17,1.81e+16,-4.91e+17,-1600000000000000.0,CSN-improved,,slab_interface,16.8581180573,slab_interface,2010-03-03T19:58:26,5.3,3.0006844626967832,8
84412,2010-03-03T19:58:30,-72.36,-33.59,19.1,5.8,mw,0.01,0.01,0.4,,2.0,17.0,94.0,178.0,73.0,89.0,3.37e+17,2200000000000000.0,-3.39e+17,1.81e+16,-4.91e+17,-1600000000000000.0,GCMT,,slab_interface,15.7665691376,slab_interface,2010-03-03T19:58:30,5.3,3.0006844626967832,8
84417,2010-03-03T21:24:02,-73.554,-38.453,35.0,5.4,mw,,,,,,,,,,,,,,,,,USGS,,slab_interface,29.6580715179,slab_interface,2010-03-03T21:24:02,5.3,3.0006844626967832,8
84559,2010-03-04T01:59:52,-72.55,-33.45,12.8,6.0,mw,0.01,0.01,0.3,,10.0,19.0,97.0,183.0,71.0,88.0,8.33e+17,-1.2e+16,-8.21e+17,-4e+16,-1.06e+18,-9.4e+16,GCMT,,slab_interface,11.6786355972,slab_interface,2010-03-04T01:59:52,5.3,3.0006844626967832,8
84563,2010-03-04T06:15:17,-72.986,-36.55,28.4525,5.3,mw,,,,,,,,,,,,,,,,,CSN-improved,,slab_interface,34.7863845825,slab_interface,2010-03-04T06:15:17,5.3,3.0006844626967832,8
84562,2010-03-04T17:37:51,-72.41,-34.24,23.5,5.4,mw,0.02,0.02,1.1,,14.0,22.0,106.0,177.0,69.0,84.0,1.01e+17,1.01e+16,-1.1100000000000002e+17,1.12e+16,-1.1499999999999998e+17,-1.06e+16,GCMT,,slab_interface,19.7723560333,slab_interface,2010-03-04T17:37:51,5.3,3.0006844626967832,8
84677,2010-03-05T09:19:32,-73.565,-36.574,6.5931,6.0,mw,,,,,11.0,8.0,116.0,164.0,83.0,87.0,4.6e+17,6.3e+16,-5.23e+17,5.21e+17,-1.83e+18,3.8e+16,CSN-improved,,slab_interface,21.3021831512,slab_interface,2010-03-05T09:19:32,5.3,3.0006844626967832,8
84676,2010-03-05T09:19:39,-73.59,-36.76,15.0,6.1,mw,0.01,0.01,0.3,,11.0,8.0,116.0,164.0,83.0,87.0,4.6e+17,6.3e+16,-5.23e+17,5.21e+17,-1.83e+18,3.8e+16,GCMT,,slab_interface,21.3547954559,slab_interface,2010-03-05T09:19:39,5.3,3.0006844626967832,8
84675,2010-03-05T11:47:14,-73.75,-36.89,14.9,6.6,mw,0.0,0.0,0.2,,9.0,16.0,98.0,180.0,74.0,88.0,5.18e+18,9e+16,-5.28e+18,4e+16,-8.6e+18,-4.1e+17,GCMT,,slab_interface,19.1984958649,slab_interface,2010-03-05T11:47:14,5.3,3.0006844626967832,8
84679,2010-03-05T12:01:53,-73.506,-37.442,35.0,5.6,mw,,,,,,,,,,,,,,,,,USGS,,slab_interface,26.1369857788,slab_interface,2010-03-05T12:01:53,5.3,3.0006844626967832,8
84684,2010-03-05T20:18:35,-72.8,-34.803,19.5951,5.3,mw,,,,,,,,,,,,,,,,,CSN-improved,,slab_interface,17.4434089661,slab_interface,2010-03-05T20:18:35,5.3,3.0006844626967832,8
84787,2010-03-06T01:23:19,-73.741,-36.955,21.0046,5.6,mw,,,,,,,,,,,,,,,,,CSN-improved,,slab_interface,19.4097690582,slab_interface,2010-03-06T01:23:19,5.3,3.0006844626967832,8
84789,2010-03-06T18:03:23,-72.972,-36.174,35.0,5.4,mw,,,,,,,,,,,,,,,,,USGS,,slab_interface,32.4345169067,slab_interface,2010-03-06T18:03:23,5.3,3.0006844626967832,8
84897,2010-03-07T04:46:32,-72.039,-33.161,20.9997,5.6,mw,,,,,7.0,26.0,92.0,185.0,64.0,89.0,4.3e+16,-1390000000000000.0,-4.17e+16,-2080000000000000.0,-3.31e+16,-4210000000000000.0,CSN-improved,,slab_interface,20.6993484497,slab_interface,2010-03-07T04:46:32,5.3,3.0006844626967832,8
84896,2010-03-07T15:59:47,-73.78,-38.22,25.0,5.9,mw,0.01,0.01,0.0,,348.0,12.0,84.0,174.0,78.0,91.0,3.02e+17,4.16e+16,-3.44e+17,7.28e+16,-7.2e+17,5.96e+16,GCMT,,slab_interface,22.7822742462,slab_interface,2010-03-07T15:59:47,5.3,3.0006844626967832,8
84901,2010-03-07T16:18:29,-73.5,-38.046,21.4,5.4,mw,,,,,,,,,,,,,,,,,USGS,,slab_interface,28.6641731262,slab_interface,2010-03-07T16:18:29,5.3,3.0006844626967832,8
84898,2010-03-07T18:35:58,-72.085,-34.594,32.9658,5.6,mw,,,,,24.0,27.0,114.0,177.0,65.0,78.0,7.07e+16,1.61e+16,-8.68e+16,8400000000000002.0,-6.58e+16,-1.62e+16,CSN-improved,,slab_interface,32.2626190186,slab_interface,2010-03-07T18:35:58,5.3,3.0006844626967832,8
84900,2010-03-07T22:00:37,-71.925,-34.101,41.0,5.5,mw,,,,,26.0,42.0,113.0,176.0,52.0,71.0,6.21e+16,9780000000000000.0,-7.18e+16,1.23e+16,-1.54e+16,-1.66e+16,ISC,,slab_interface,30.2476539612,slab_interface,2010-03-07T22:00:37,5.3,3.0006844626967832,8
85017,2010-03-08T02:32:47,-73.389,-38.063,40.6,5.3,mw,,,6.5,,,,,,,,,,,,,,USGS,,slab_interface,31.1133079529,slab_interface,2010-03-08T02:32:47,5.3,3.0006844626967832,8
85010,2010-03-08T04:40:25,-71.906,-33.233,35.0,5.4,mw,,,,,,,,,,,,,,,,,USGS,,slab_interface,25.1699409485,slab_interface,2010-03-08T04:40:25,5.3,3.0006844626967832,8
85008,2010-03-08T08:07:57,-72.002,-33.781,28.3,5.5,mw,,,1.7,,,,,,,,,,,,,,USGS,,slab_interface,25.5991230011,slab_interface,2010-03-08T08:07:57,5.3,3.0006844626967832,8
85018,2010-03-08T10:12:26,-72.606,-34.876,35.0,5.3,mw,,,,,,,,,,,,,,,,,USGS,,slab_interface,22.795337677,slab_interface,2010-03-08T10:12:26,5.3,3.0006844626967832,8
85013,2010-03-08T13:47:19,-71.78,-34.608,28.5362,5.3,mw,,,,,,,,,,,,,,,,,CSN-improved,,slab_interface,42.9073066711,slab_interface,2010-03-08T13:47:19,5.3,3.0006844626967832,8
85012,2010-03-08T14:52:52,-73.445,-36.467,23.5347,5.4,mw,,,,,,,,,,,,,,,,,CSN-improved,,slab_interface,22.7977218628,slab_interface,2010-03-08T14:52:52,5.3,3.0006844626967832,8
85014,2010-03-08T16:04:09,-73.349,-35.992,17.365,5.3,mw,,,,,,,,,,,,,,,,,CSN-improved,,slab_interface,21.1578216553,slab_interface,2010-03-08T16:04:09,5.3,3.0006844626967832,8
85015,2010-03-08T17:50:46,-72.04,-32.88,16.5,5.3,mw,0.02,0.02,0.9,,360.0,28.0,108.0,159.0,63.0,81.0,9.06e+16,-3300000000000000.0,-8.73e+16,3.22e+16,-5.92e+16,1.57e+16,GCMT,,slab_interface,20.1965446472,slab_interface,2010-03-08T17:50:46,5.3,3.0006844626967832,8
85016,2010-03-08T18:08:01,-72.11,-32.78,16.0,5.3,mw,0.02,0.02,0.9,,353.0,26.0,89.0,175.0,64.0,91.0,8.04e+16,-600000000000000.0,-7.98e+16,5300000000000000.0,-6.19e+16,8699999999999998.0,GCMT,,slab_interface,18.8103580475,slab_interface,2010-03-08T18:08:01,5.3,3.0006844626967832,8
85019,2010-03-08T18:08:02,-71.613,-32.614,22.4,5.3,mw,,,,,353.0,26.0,89.0,175.0,64.0,91.0,8.04e+16,-600000000000000.0,-7.98e+16,5300000000000000.0,-6.19e+16,8699999999999998.0,USGS,,slab_interface,34.1910362244,slab_interface,2010-03-08T18:08:02,5.3,3.0006844626967832,8
85011,2010-03-08T23:43:29,-71.631,-32.569,28.8,5.4,mw,,,15.0,,,,,,,,,,,,,,USGS,,slab_interface,32.2900733948,slab_interface,2010-03-08T23:43:29,5.3,3.0006844626967832,8
85141,2010-03-09T10:48:15,-73.897,-37.527,38.2,5.6,mw,,,12.0,,,,,,,,,,,,,,CSN-improved,,slab_interface,18.8025798798,slab_interface,2010-03-09T10:48:15,5.3,3.0006844626967832,8
85143,2010-03-09T20:37:49,-71.669,-32.67,21.3,5.3,mw,,,10.6,,,,,,,,,,,,,,USGS,,slab_interface,32.3597488403,slab_interface,2010-03-09T20:37:49,5.3,3.0006844626967832,8
85220,2010-03-10T09:04:10,-73.164,-36.712,29.1269,5.5,mw,,,,,,,,,,,,,,,,,CSN-improved,,slab_interface,31.5647888184,slab_interface,2010-03-10T09:04:10,5.3,3.0006844626967832,8
85221,2010-03-10T16:10:41,-74.203,-38.072,30.0,5.4,mw,,,0.0,,,,,,,,,,,,,,CSN-improved,,slab_interface,15.22082901,slab_interface,2010-03-10T16:10:41,5.3,3.0006844626967832,8
85316,2010-03-11T12:44:11,-73.696,-37.213,25.0,5.3,mw,,,16.9,0.21,,,,,,,,,,,,,ISC-GEM,,slab_interface,21.2719764709,slab_interface,2010-03-11T12:44:11,5.3,3.0006844626967832,8
85311,2010-03-11T12:44:13,-73.512,-37.259,41.6,5.5,mw,,,6.3,,,,,,,,,,,,,,USGS,,slab_interface,25.4234256744,slab_interface,2010-03-11T12:44:13,5.3,3.0006844626967832,8
85309,2010-03-11T15:06:01,-72.156,-34.476,24.1434,5.9,mw,,,,,,,,,,,,,,,,,CSN-improved,,slab_interface,29.2636127472,slab_interface,2010-03-11T15:06:01,5.3,3.0006844626967832,8
85313,2010-03-11T16:23:49,-72.064,-34.427,22.4947,5.4,mw,,,,,,,,,,,,,,,,,CSN-improved,,slab_interface,31.6628131866,slab_interface,2010-03-11T16:23:49,5.3,3.0006844626967832,8
85312,2010-03-11T16:56:30,-72.104,-34.463,21.5612,5.5,mw,,,,,,,,,,,,,,,,,CSN-improved,,slab_interface,30.0910587311,slab_interface,2010-03-11T16:56:30,5.3,3.0006844626967832,8
85314,2010-03-11T19:28:06,-72.004,-34.372,34.4009,5.4,mw,,,,,,,,,,,,,,,,,CSN-improved,,slab_interface,31.8722667694,slab_interface,2010-03-11T19:28:06,5.3,3.0006844626967832,8
85315,2010-03-11T22:34:05,-74.11,-37.85,22.5,5.3,mw,0.02,0.02,1.0,,351.0,20.0,82.0,180.0,70.0,93.0,7.95e+16,-8599999999999998.0,-7.09e+16,-2200000000000000.0,-8.91e+16,5900000000000000.0,GCMT,,slab_interface,16.2875480652,slab_interface,2010-03-11T22:34:05,5.3,3.0006844626967832,8
85317,2010-03-11T23:18:11,-73.371,-37.711,42.6,5.3,mw,,,4.3,,,,,,,,,,,,,,USGS,,slab_interface,30.5961914062,slab_interface,2010-03-11T23:18:11,5.3,3.0006844626967832,8
85436,2010-03-12T14:12:39,-73.623,-37.581,19.3,5.4,mw,,,4.8,,,,,,,,,,,,,,CSN-improved,,slab_interface,24.5757751465,slab_interface,2010-03-12T14:12:39,5.3,3.0006844626967832,8
85437,2010-03-12T23:26:01,-73.649,-37.43,19.4,5.4,mw,,,1.6,,,,,,,,,,,,,,CSN-improved,,slab_interface,23.064994812,slab_interface,2010-03-12T23:26:01,5.3,3.0006844626967832,8
85569,2010-03-13T03:15:01,-73.612,-36.685,15.0,5.9,mw,,,7.2,,2.0,23.0,88.0,183.0,67.0,91.0,8.29e+16,-8000000000000000.0,-7.49e+16,-5400000000000000.0,-7.64e+16,-2800000000000000.0,CSN-improved,,slab_interface,21.1065063477,slab_interface,2010-03-13T03:15:01,5.3,3.0006844626967832,8
85572,2010-03-13T03:19:10,-73.77,-36.77,23.7,5.4,mw,0.03,0.02,1.6,,10.0,19.0,102.0,177.0,72.0,86.0,1.02e+17,-9100000000000000.0,-9.29e+16,1.16e+16,-1.32e+17,-6500000000000000.0,GCMT,,slab_interface,18.513053894,slab_interface,2010-03-13T03:19:10,5.3,3.0006844626967832,8
85568,2010-03-13T10:34:35,-74.082,-37.61,1.556,6.2,mw,,,,,7.0,19.0,102.0,175.0,71.0,86.0,3.56e+17,1.16e+16,-3.67e+17,5.39e+16,-4.62e+17,-6100000000000000.0,CSN-improved,,slab_interface,15.6854705811,slab_interface,2010-03-13T10:34:35,5.3,3.0006844626967832,8
85570,2010-03-13T10:34:43,-73.465,-37.551,35.0,5.8,mw,,,,,7.0,19.0,102.0,175.0,71.0,86.0,3.56e+17,1.16e+16,-3.67e+17,5.39e+16,-4.62e+17,-6100000000000000.0,USGS,,slab_interface,27.610124588,slab_interface,2010-03-13T10:34:43,5.3,3.0006844626967832,8
85571,2010-03-13T10:34:45,-73.95,-37.78,20.0,5.8,mw,0.01,0.01,0.4,,7.0,19.0,102.0,175.0,71.0,86.0,3.56e+17,1.16e+16,-3.67e+17,5.39e+16,-4.62e+17,-6100000000000000.0,GCMT,,slab_interface,18.6356925964,slab_interface,2010-03-13T10:34:45,5.3,3.0006844626967832,8
85576,2010-03-13T20:20:24,-73.925,-36.921,20.0,5.3,mw,,,25.0,0.1,346.0,12.0,79.0,177.0,79.0,92.0,4.17e+16,500000000000000.0,-4.22e+16,3800000000000000.0,-1e+17,6100000000000000.0,ISC-GEM,,slab_interface,15.8446874619,slab_interface,2010-03-13T20:20:24,5.3,3.0006844626967832,8
85574,2010-03-13T20:20:26,-74.29,-37.11,15.0,5.3,mw,0.02,0.02,0.0,,346.0,12.0,79.0,177.0,79.0,92.0,4.17e+16,500000000000000.0,-4.22e+16,3800000000000000.0,-1e+17,6100000000000000.0,GCMT,,slab_interface,11.6758384705,slab_interface,2010-03-13T20:20:26,5.3,3.0006844626967832,8
85655,2010-03-14T09:01:21,-73.997,-37.319,23.7601,5.5,mw,,,,,,,,,,,,,,,,,CSN-improved,,slab_interface,16.4635105133,slab_interface,2010-03-14T09:01:21,5.3,3.0006844626967832,8
85659,2010-03-14T19:10:46,-72.575,-34.988,38.9454,5.3,mw,,,,,,,,,,,,,,,,,CSN-improved,,slab_interface,25.4004478455,slab_interface,2010-03-14T19:10:46,5.3,3.0006844626967832,8
85776,2010-03-15T11:08:28,-73.339,-35.853,9.0,5.8,mw,,,,,21.0,15.0,103.0,187.0,76.0,87.0,1.15e+18,-3.2e+16,-1.12e+18,-2.45e+17,-2.11e+18,-2.86e+17,ISC,,slab_interface,19.5902843475,slab_interface,2010-03-15T11:08:28,5.3,3.0006844626967832,8
85774,2010-03-15T11:08:34,-73.85,-35.96,12.0,6.2,mw,0.0,0.0,0.0,,21.0,15.0,103.0,187.0,76.0,87.0,1.15e+18,-3.2e+16,-1.12e+18,-2.45e+17,-2.11e+18,-2.86e+17,GCMT,,slab_interface,12.1886234283,slab_interface,2010-03-15T11:08:34,5.3,3.0006844626967832,8
85777,2010-03-15T12:13:17,-73.178,-36.075,35.0,5.4,mw,,,,,,,,,,,,,,,,,USGS,,slab_interface,25.5323143005,slab_interface,2010-03-15T12:13:17,5.3,3.0006844626967832,8
85867,2010-03-16T02:21:57,-73.358,-36.238,15.0,6.7,mw,,,3.8,0.1,175.0,77.0,86.0,12.0,14.0,107.0,4.94e+18,2.9e+17,-5.23e+18,1.14e+18,-1.03e+19,-2.8e+17,ISC-GEM,,slab_interface,23.5031833649,slab_interface,2010-03-16T02:21:57,5.3,3.0006844626967832,8
85868,2010-03-16T02:22:03,-73.63,-36.49,13.4,6.6,mw,0.0,0.0,0.2,,12.0,14.0,107.0,175.0,77.0,86.0,4.94e+18,2.9e+17,-5.23e+18,1.14e+18,-1.03e+19,-2.8e+17,GCMT,,slab_interface,19.0232601166,slab_interface,2010-03-16T02:22:03,5.3,3.0006844626967832,8
85869,2010-03-16T03:04:35,-73.689,-36.491,21.2,6.0,mw,,,4.9,,19.0,14.0,112.0,177.0,77.0,85.0,3.73e+17,-9100000000000000.0,-3.64e+17,5.93e+16,-7.35e+17,-5.580000000000001e+16,CSN-improved,,slab_interface,18.0882568359,slab_interface,2010-03-16T03:04:35,5.3,3.0006844626967832,8
85871,2010-03-16T03:04:39,-73.76,-36.68,17.2,5.9,mw,0.03,0.02,1.3,,19.0,14.0,112.0,177.0,77.0,85.0,3.73e+17,-9100000000000000.0,-3.64e+17,5.93e+16,-7.35e+17,-5.580000000000001e+16,GCMT,,slab_interface,18.2666168213,slab_interface,2010-03-16T03:04:39,5.3,3.0006844626967832,8
85870,2010-03-16T03:04:40,-73.074,-36.405,42.3,5.9,mw,,,8.2,,19.0,14.0,112.0,177.0,77.0,85.0,3.73e+17,-9100000000000000.0,-3.64e+17,5.93e+16,-7.35e+17,-5.580000000000001e+16,USGS,,slab_interface,32.2294807434,slab_interface,2010-03-16T03:04:40,5.3,3.0006844626967832,8
85872,2010-03-16T08:43:50,-73.565,-36.34,23.2,5.4,mw,,,9.9,,,,,,,,,,,,,,CSN-improved,,slab_interface,20.014957428,slab_interface,2010-03-16T08:43:50,5.3,3.0006844626967832,8
85954,2010-03-17T17:17:34,-73.252,-36.16,25.6,5.3,mw,,,21.1,,,,,,,,,,,,,,USGS,,slab_interface,24.8720111847,slab_interface,2010-03-17T17:17:34,5.3,3.0006844626967832,8
86055,2010-03-18T01:57:28,-73.036,-36.669,41.6022,5.6,mw,,,,,340.0,8.0,63.0,188.0,83.0,94.0,2e+16,4840000000000000.0,-2.48e+16,-1.2e+16,-8.35e+16,1750000000000000.0,CSN-improved,,slab_interface,34.0215759277,slab_interface,2010-03-18T01:57:28,5.3,3.0006844626967832,8
86057,2010-03-18T15:19:47,-72.822,-35.492,35.0,5.3,mw,,,,,,,,,,,,,,,,,USGS,,slab_interface,26.9443817139,slab_interface,2010-03-18T15:19:47,5.3,3.0006844626967832,8
86125,2010-03-19T08:54:44,-73.481,-35.546,14.4,5.9,mw,,,6.2,,27.0,10.0,118.0,178.0,81.0,85.0,5.88e+16,3500000000000000.5,-6.22e+16,8000000000000000.0,-1.84e+17,-1.46e+16,CSN-improved,,slab_interface,13.9933681488,slab_interface,2010-03-19T08:54:44,5.3,3.0006844626967832,8
86126,2010-03-19T08:54:51,-73.33,-35.67,15.0,5.5,mw,0.01,0.01,0.0,,27.0,10.0,118.0,178.0,81.0,85.0,5.88e+16,3500000000000000.5,-6.22e+16,8000000000000000.0,-1.84e+17,-1.46e+16,GCMT,,slab_interface,17.4209747314,slab_interface,2010-03-19T08:54:51,5.3,3.0006844626967832,8
86211,2010-03-20T02:34:33,-74.511,-37.922,12.3,5.6,mw,,,7.3,,,,,,,,,,,,,,CSN-improved,,slab_interface,10.8506526947,slab_interface,2010-03-20T02:34:33,5.3,3.0006844626967832,8
86293,2010-03-21T18:30:59,-73.678,-36.358,10.5,5.9,mw,,,9.9,,11.0,25.0,113.0,166.0,67.0,79.0,1.72e+17,2.16e+16,-1.94e+17,5.460000000000001e+16,-1.6e+17,7800000000000000.0,CSN-improved,,slab_interface,17.1653823853,slab_interface,2010-03-21T18:30:59,5.3,3.0006844626967832,8
86294,2010-03-21T18:31:06,-73.57,-36.56,21.2,5.5,mw,0.01,0.01,0.5,,11.0,25.0,113.0,166.0,67.0,79.0,1.72e+17,2.16e+16,-1.94e+17,5.460000000000001e+16,-1.6e+17,7800000000000000.0,GCMT,,slab_interface,21.3021831512,slab_interface,2010-03-21T18:31:06,5.3,3.0006844626967832,8
86575,2010-03-25T11:10:36,-73.537,-35.739,28.6,5.5,mw,,,5.3,,21.0,14.0,103.0,187.0,76.0,87.0,5.36e+16,-5000000000000000.0,-4.85e+16,-1.07e+16,-1.01e+17,-1.19e+16,CSN-improved,,slab_interface,15.0520935059,slab_interface,2010-03-25T11:10:36,5.3,3.0006844626967832,8
86576,2010-03-25T11:10:40,-73.69,-35.85,15.0,5.3,mw,0.01,0.01,0.0,,21.0,14.0,103.0,187.0,76.0,87.0,5.36e+16,-5000000000000000.0,-4.85e+16,-1.07e+16,-1.01e+17,-1.19e+16,GCMT,,slab_interface,13.588177681,slab_interface,2010-03-25T11:10:40,5.3,3.0006844626967832,8
86648,2010-03-26T14:52:06,-70.964,-28.089,51.2,5.8,mw,,,9.2,,176.0,38.0,70.0,21.0,54.0,105.0,1.59e+18,9.4e+16,-1.69e+18,4.2e+17,4.26e+17,-2.8100000000000003e+17,CSN-improved,,slab_interface,35.2479057312,slab_interface,2010-03-26T14:52:06,5.3,3.0006844626967832,8
86646,2010-03-26T14:52:07,-70.821,-27.953,42.0,6.3,mw,,,,,176.0,38.0,70.0,21.0,54.0,105.0,1.59e+18,9.4e+16,-1.69e+18,4.2e+17,4.26e+17,-2.8100000000000003e+17,USGS,,slab_interface,39.9214515686,slab_interface,2010-03-26T14:52:07,5.3,3.0006844626967832,8
86797,2010-03-28T21:38:36,-73.44,-35.56,12.0,6.0,mw,0.01,0.01,0.0,,28.0,16.0,112.0,185.0,75.0,84.0,5.14e+17,2.1e+16,-5.35e+17,-6.1e+16,-9.6e+17,-1.64e+17,GCMT,,slab_interface,14.7417449951,slab_interface,2010-03-28T21:38:36,5.3,3.0006844626967832,8
86798,2010-03-28T21:43:11,-73.349,-35.426,24.6,5.8,mw,,,4.6,,7.0,16.0,86.0,191.0,74.0,91.0,1.76e+17,1000000000000000.0,-1.77e+17,-5.600000000000001e+16,-2.83e+17,-2.85e+16,CSN-improved,,slab_interface,15.2913322449,slab_interface,2010-03-28T21:43:11,5.3,3.0006844626967832,8
86799,2010-03-28T21:43:16,-73.44,-35.45,17.1,5.6,mw,0.03,0.02,1.6,,7.0,16.0,86.0,191.0,74.0,91.0,1.76e+17,1000000000000000.0,-1.77e+17,-5.600000000000001e+16,-2.83e+17,-2.85e+16,GCMT,,slab_interface,13.7916221619,slab_interface,2010-03-28T21:43:16,5.3,3.0006844626967832,8
86865,2010-03-29T07:35:06,-71.935,-34.881,34.1,5.8,mw,,,3.5,,36.0,29.0,127.0,175.0,67.0,71.0,6.979999999999999e+16,1.62e+16,-8.6e+16,1.49e+16,-6.969999999999999e+16,-2.57e+16,CSN-improved,,slab_interface,42.5598182678,slab_interface,2010-03-29T07:35:06,5.3,3.0006844626967832,8
87096,2010-04-02T19:34:09,-72.924,-36.089,23.9337,5.6,mw,,,,,,,,,,,,,,,,,CSN-improved,,slab_interface,33.1989784241,slab_interface,2010-04-02T19:34:09,5.3,3.0006844626967832,8
87095,2010-04-02T22:58:12,-73.2,-36.33,30.4,6.0,mw,0.01,0.01,0.5,,17.0,15.0,101.0,186.0,75.0,87.0,5.22e+17,5.1e+16,-5.73e+17,-9.3e+16,-9.79e+17,-1.22e+17,GCMT,,slab_interface,27.9037513733,slab_interface,2010-04-02T22:58:12,5.3,3.0006844626967832,8
87618,2010-04-10T21:29:05,-71.633,-34.64,54.5,5.4,mw,,,11.8,,,,,,,,,,,,,,USGS,,slab_interface,49.8208961487,slab_interface,2010-04-10T21:29:05,5.3,3.0006844626967832,8
87677,2010-04-11T10:28:07,-71.829,-34.81,47.2025,5.4,mw,,,,,,,,,,,,,,,,,CSN-improved,,slab_interface,44.5325584412,slab_interface,2010-04-11T10:28:07,5.3,3.0006844626967832,8
87924,2010-04-16T22:41:33,-74.192,-37.477,13.8885,5.3,mw,,,,,360.0,15.0,90.0,180.0,75.0,90.0,1.76e+17,-1000000000000000.0,-1.75e+17,1000000000000000.0,-2.97e+17,899999999999999.9,CSN-improved,,slab_interface,13.9791822433,slab_interface,2010-04-16T22:41:33,5.3,3.0006844626967832,8
87922,2010-04-16T22:41:35,-73.794,-37.504,10.0,5.6,mw,,,25.0,0.1,180.0,75.0,90.0,360.0,15.0,90.0,1.76e+17,-1000000000000000.0,-1.75e+17,1000000000000000.0,-2.97e+17,899999999999999.9,ISC-GEM,,slab_interface,20.4127502441,slab_interface,2010-04-16T22:41:35,5.3,3.0006844626967832,8
87923,2010-04-16T22:41:38,-74.25,-37.69,12.0,5.6,mw,0.01,0.01,0.0,,360.0,15.0,90.0,180.0,75.0,90.0,1.76e+17,-1000000000000000.0,-1.75e+17,1000000000000000.0,-2.97e+17,899999999999999.9,GCMT,,slab_interface,13.700709343,slab_interface,2010-04-16T22:41:38,5.3,3.0006844626967832,8
87921,2010-04-16T23:15:37,-74.24,-37.62,12.0,5.7,mw,0.01,0.01,0.0,,31.0,15.0,115.0,185.0,77.0,84.0,2.03e+17,-800000000000000.0,-2.02e+17,-2.37e+16,-4.13e+17,-6.889999999999999e+16,GCMT,,slab_interface,13.4919128418,slab_interface,2010-04-16T23:15:37,5.3,3.0006844626967832,8
88006,2010-04-18T01:49:39,-74.19,-37.41,14.9,5.6,mw,0.01,0.01,0.5,,4.0,19.0,93.0,180.0,71.0,89.0,1.73e+17,500000000000000.0,-1.74e+17,1200000000000000.0,-2.25e+17,-5600000000000000.0,GCMT,,slab_interface,13.7515077591,slab_interface,2010-04-18T01:49:39,5.3,3.0006844626967832,8
88229,2010-04-23T10:03:07,-72.869,-37.519,40.0,5.8,mw,,,,,7.0,14.0,141.0,135.0,81.0,79.0,3.5e+17,5.7e+16,-4.07e+17,8.57e+17,-8.05e+17,2.05e+17,ISC,,slab_interface,44.46875,slab_interface,2010-04-23T10:03:07,5.3,3.0006844626967832,8
88228,2010-04-23T10:03:09,-73.32,-37.69,29.5,6.0,mw,0.01,0.01,0.5,,7.0,14.0,141.0,135.0,81.0,79.0,3.5e+17,5.7e+16,-4.07e+17,8.57e+17,-8.05e+17,2.05e+17,GCMT,,slab_interface,31.854259491,slab_interface,2010-04-23T10:03:09,5.3,3.0006844626967832,8
88461,2010-04-29T13:40:13,-73.183,-36.854,33.9,5.3,mw,,,12.8,,,,,,,,,,,,,,CSN-improved,,slab_interface,30.9667930603,slab_interface,2010-04-29T13:40:13,5.3,3.0006844626967832,8
88539,2010-05-01T14:41:05,-72.237,-33.269,9.7226,5.4,mw,,,,,,,,,,,,,,,,,CSN-improved,,slab_interface,16.3233737946,slab_interface,2010-05-01T14:41:05,5.3,3.0006844626967832,8
88572,2010-05-02T12:45:43,-72.494,-33.771,17.7,5.3,mw,,,26.3,,,,,,,,,,,,,,USGS,,slab_interface,13.8652858734,slab_interface,2010-05-02T12:45:43,5.3,3.0006844626967832,8
88571,2010-05-02T14:52:40,-72.15,-34.303,24.2883,5.8,mw,,,,,26.0,25.0,-36.0,149.0,76.0,-110.0,-4.18e+17,-1.93e+17,6.12e+17,-4.71e+17,6.57e+17,-4.5e+16,CSN-improved,,slab_interface,26.6495933533,slab_interface,2010-05-02T14:52:40,5.3,3.0006844626967832,8
88573,2010-05-02T17:48:16,-72.652,-33.942,21.7,5.3,mw,,,18.8,,,,,,,,,,,,,,USGS,,slab_interface,12.6834926605,slab_interface,2010-05-02T17:48:16,5.3,3.0006844626967832,8
88619,2010-05-03T18:39:45,-74.33,-37.36,12.0,5.4,mw,0.01,0.01,0.0,,6.0,16.0,92.0,183.0,74.0,89.0,8.09e+16,-300000000000000.0,-8.05e+16,-6800000000000000.0,-1.3e+17,-6300000000000000.0,GCMT,,slab_interface,11.6588773727,slab_interface,2010-05-03T18:39:45,5.3,3.0006844626967832,8
88620,2010-05-03T19:06:55,-73.777,-38.117,11.1,5.3,mw,,,25.9,,,,,,,,,,,,,,USGS,,slab_interface,22.3902797699,slab_interface,2010-05-03T19:06:55,5.3,3.0006844626967832,8
88617,2010-05-03T23:09:45,-73.746,-38.144,25.0,6.2,mw,,,5.0,0.1,178.0,76.0,90.0,357.0,14.0,89.0,1.09e+18,4e+16,-1.13e+18,6.6e+16,-2.02e+18,4.6e+16,ISC-GEM,,slab_interface,23.6014232635,slab_interface,2010-05-03T23:09:45,5.3,3.0006844626967832,8
88618,2010-05-03T23:09:50,-74.08,-38.31,14.5,6.2,mw,0.01,0.01,0.3,,357.0,14.0,89.0,178.0,76.0,90.0,1.09e+18,4e+16,-1.13e+18,6.6e+16,-2.02e+18,4.6e+16,GCMT,,slab_interface,17.4951820374,slab_interface,2010-05-03T23:09:50,5.3,3.0006844626967832,8
88665,2010-05-04T20:29:33,-72.063,-34.674,6.6,5.3,mw,,,22.6,,,,,,,,,,,,,,USGS,,slab_interface,34.6786689758,slab_interface,2010-05-04T20:29:33,5.3,3.0006844626967832,8
88715,2010-05-05T15:24:06,-73.441,-35.565,28.3,6.0,mw,,,4.7,,19.0,14.0,106.0,182.0,76.0,86.0,6.850000000000001e+16,3400000000000000.0,-7.2e+16,-3900000000000000.0,-1.3799999999999998e+17,-1.3700000000000002e+16,CSN-improved,,slab_interface,14.7417449951,slab_interface,2010-05-05T15:24:06,5.3,3.0006844626967832,8
88716,2010-05-05T15:24:12,-73.32,-35.67,16.2,5.4,mw,0.02,0.01,0.9,,19.0,14.0,106.0,182.0,76.0,86.0,6.850000000000001e+16,3400000000000000.0,-7.2e+16,-3900000000000000.0,-1.3799999999999998e+17,-1.3700000000000002e+16,GCMT,,slab_interface,18.3239059448,slab_interface,2010-05-05T15:24:12,5.3,3.0006844626967832,8
88841,2010-05-09T10:45:00,-73.622,-37.509,37.1,5.3,mw,,,8.8,,,,,,,,,,,,,,USGS,,slab_interface,24.2278518677,slab_interface,2010-05-09T10:45:00,5.3,3.0006844626967832,8
88910,2010-05-11T13:04:54,-73.006,-35.705,28.6,5.3,mw,,,10.4,,,,,,,,,,,,,,CSN-improved,,slab_interface,25.194776535,slab_interface,2010-05-11T13:04:54,5.3,3.0006844626967832,8
88961,2010-05-13T03:56:04,-72.993,-35.116,19.2457,5.3,mw,,,,,,,,,,,,,,,,,CSN-improved,,slab_interface,17.2028388977,slab_interface,2010-05-13T03:56:04,5.3,3.0006844626967832,8
88962,2010-05-13T22:56:59,-73.288,-37.02,28.6,5.3,mw,,,1.8,,,,,,,,,,,,,,CSN-improved,,slab_interface,29.0535297394,slab_interface,2010-05-13T22:56:59,5.3,3.0006844626967832,8
89387,2010-05-24T19:12:15,-72.856,-35.769,31.4,5.5,mw,,,4.8,,,,,,,,,,,,,,CSN-improved,,slab_interface,29.6052150726,slab_interface,2010-05-24T19:12:15,5.3,3.0006844626967832,8
89388,2010-05-24T23:57:32,-73.601,-36.342,26.9,5.5,mw,,,5.2,,19.0,19.0,111.0,177.0,73.0,83.0,4.93e+16,9900000000000000.0,-5.92e+16,5800000000000000.0,-7.68e+16,-7700000000000000.0,CSN-improved,,slab_interface,19.0285301208,slab_interface,2010-05-24T23:57:32,5.3,3.0006844626967832,8
89389,2010-05-24T23:57:38,-73.71,-36.4,20.6,5.3,mw,0.02,0.02,1.2,,19.0,19.0,111.0,177.0,73.0,83.0,4.93e+16,9900000000000000.0,-5.92e+16,5800000000000000.0,-7.68e+16,-7700000000000000.0,GCMT,,slab_interface,17.4826698303,slab_interface,2010-05-24T23:57:38,5.3,3.0006844626967832,8
89757,2010-06-01T16:05:31,-73.543,-36.886,25.3,5.7,mw,,,12.4,,355.0,21.0,81.0,184.0,70.0,93.0,3.81e+16,3880000000000000.0,-4.2e+16,-4270000000000000.0,-4.59e+16,190000000000000.0,CSN-improved,,slab_interface,23.0497894287,slab_interface,2010-06-01T16:05:31,5.3,3.0006844626967832,8
90311,2010-06-19T21:30:02,-73.525,-38.042,42.2956,5.3,mw,,,,,,,,,,,,,,,,,CSN-improved,,slab_interface,28.6641731262,slab_interface,2010-06-19T21:30:02,5.3,3.0006844626967832,8
90359,2010-06-21T14:51:05,-71.954,-33.89,46.4,5.3,mw,,,14.0,,,,,,,,,,,,,,USGS,,slab_interface,28.0321941376,slab_interface,2010-06-21T14:51:05,5.3,3.0006844626967832,8
90447,2010-06-24T13:24:05,-73.975,-37.115,22.8,5.3,mw,,,3.4,,12.0,24.0,102.0,178.0,66.0,85.0,3.19e+16,-3730000000000000.0,-2.82e+16,2980000000000000.0,-2.78e+16,-2550000000000000.0,CSN-improved,,slab_interface,15.831199646,slab_interface,2010-06-24T13:24:05,5.3,3.0006844626967832,8
90479,2010-06-25T14:33:56,-71.799,-32.643,28.4361,5.3,mw,,,,,,,,,,,,,,,,,CSN-improved,,slab_interface,27.1676826477,slab_interface,2010-06-25T14:33:56,5.3,3.0006844626967832,8
90613,2010-06-29T01:40:02,-73.72,-37.91,18.9,5.5,mw,0.01,0.01,0.5,,330.0,27.0,126.0,110.0,69.0,73.0,1.56e+17,-9.83e+16,-5.719999999999999e+16,1.67e+17,-3.68e+16,1.04e+17,GCMT,,slab_interface,23.6296482086,slab_interface,2010-06-29T01:40:02,5.3,3.0006844626967832,8
90659,2010-07-01T20:58:23,-72.61,-35.653,44.4319,5.6,mw,,,,,,,,,,,,,,,,,CSN-improved,,slab_interface,34.8361968994,slab_interface,2010-07-01T20:58:23,5.3,3.0006844626967832,8
90996,2010-07-14T08:32:22,-73.478,-38.128,25.0,6.6,mw,,,4.2,0.1,180.0,75.0,90.0,360.0,15.0,90.0,3.15e+18,1.1e+17,-3.26e+18,5e+16,-1.03e+19,-2e+17,ISC-GEM,,slab_interface,29.1871852875,slab_interface,2010-07-14T08:32:22,5.3,3.0006844626967832,8
90997,2010-07-14T08:32:27,-73.89,-38.35,15.3,6.6,mw,0.01,0.0,0.3,,7.0,9.0,97.0,180.0,81.0,89.0,3.15e+18,1.1e+17,-3.26e+18,5e+16,-1.03e+19,-2e+17,GCMT,,slab_interface,21.3545951843,slab_interface,2010-07-14T08:32:27,5.3,3.0006844626967832,8
90998,2010-07-14T15:05:52,-73.8,-38.39,23.4,5.8,mw,0.01,0.01,0.6,,353.0,14.0,88.0,175.0,76.0,91.0,2.4e+17,1.83e+16,-2.59e+17,3.84e+16,-4.77e+17,2.83e+16,GCMT,,slab_interface,23.6035823822,slab_interface,2010-07-14T15:05:52,5.3,3.0006844626967832,8
91033,2010-07-15T00:36:09,-72.35,-34.27,23.4,5.4,mw,0.01,0.01,0.9,,18.0,24.0,121.0,164.0,70.0,77.0,8.34e+16,4.49e+16,-1.28e+17,3.21e+16,-1.1399999999999998e+17,9000000000000000.0,GCMT,,slab_interface,20.911397934,slab_interface,2010-07-15T00:36:09,5.3,3.0006844626967832,8
91031,2010-07-15T01:02:02,-74.169,-38.133,27.2,5.6,mw,,,2.7,,,,,,,,,,,,,,CSN-improved,,slab_interface,16.2590751648,slab_interface,2010-07-15T01:02:02,5.3,3.0006844626967832,8
91034,2010-07-15T22:57:01,-72.888,-35.145,19.6078,5.3,mw,,,,,,,,,,,,,,,,,CSN-improved,,slab_interface,19.6666927338,slab_interface,2010-07-15T22:57:01,5.3,3.0006844626967832,8
91123,2010-07-18T22:59:04,-73.844,-37.28,18.3,5.4,mw,,,,,,,,,,,,,,,,,USGS,,slab_interface,18.9265098572,slab_interface,2010-07-18T22:59:04,5.3,3.0006844626967832,8
91491,2010-08-03T05:29:16,-70.708,-20.137,25.6632,5.3,mw,,,,,0.0,30.0,97.0,173.0,60.0,86.0,4.41e+16,850000000000000.0,-4.5e+16,4970000000000000.0,-2.61e+16,2829999999999999.5,CSN-improved,,slab_interface,25.2136440277,slab_interface,2010-08-03T05:29:16,5.3,3.0006844626967832,8
91508,2010-08-04T15:34:20,-74.068,-36.788,26.7,5.3,mw,,,4.5,,,,,,,,,,,,,,CSN-improved,,slab_interface,13.9293441772,slab_interface,2010-08-04T15:34:20,5.3,3.0006844626967832,8
91536,2010-08-05T06:01:52,-73.69,-37.7,17.7,5.9,mw,0.01,0.01,0.6,,6.0,13.0,97.0,179.0,78.0,88.0,3.63e+17,1.48e+16,-3.78e+17,2.1e+16,-7.94e+17,-1.64e+16,GCMT,,slab_interface,22.9181652069,slab_interface,2010-08-05T06:01:52,5.3,3.0006844626967832,8
91538,2010-08-05T06:27:26,-73.76,-37.57,29.6,5.4,mw,0.02,0.02,0.7,,355.0,30.0,86.0,180.0,60.0,92.0,1.54e+17,-1.48e+16,-1.3899999999999998e+17,-3900000000000000.0,-8.65e+16,5800000000000000.0,GCMT,,slab_interface,21.4803943634,slab_interface,2010-08-05T06:27:26,5.3,3.0006844626967832,8
91537,2010-08-05T17:49:42,-73.772,-37.562,29.3,5.7,mw,,,6.4,,,,,,,,,,,,,,CSN-improved,,slab_interface,21.4803943634,slab_interface,2010-08-05T17:49:42,5.3,3.0006844626967832,8
91539,2010-08-05T20:35:46,-70.816,-20.104,23.9,5.3,mw,,,7.8,,354.0,20.0,94.0,170.0,70.0,88.0,4.15e+16,4480000000000000.0,-4.6e+16,9710000000000000.0,-5.08e+16,7520000000000000.0,CSN-improved,,slab_interface,22.7399330139,slab_interface,2010-08-05T20:35:46,5.3,3.0006844626967832,8
91581,2010-08-06T21:05:28,-73.548,-38.289,39.2812,5.3,mw,,,,,,,,,,,,,,,,,CSN-improved,,slab_interface,28.7997093201,slab_interface,2010-08-06T21:05:28,5.3,3.0006844626967832,8
91667,2010-08-09T12:13:43,-73.149,-38.717,38.7,5.5,mw,,,23.3,,,,,,,,,,,,,,CSN-improved,,slab_interface,43.5089759827,slab_interface,2010-08-09T12:13:43,5.3,3.0006844626967832,8
91668,2010-08-09T15:51:02,-73.393,-37.729,47.8,5.4,mw,,,9.9,,,,,,,,,,,,,,CSN-improved,,slab_interface,29.606595993,slab_interface,2010-08-09T15:51:02,5.3,3.0006844626967832,8
92188,2010-08-25T11:36:36,-70.969,-27.183,37.5,5.3,mw,,,2.7,,,,,,,,,,,,,,CSN-improved,,slab_interface,27.2201404572,slab_interface,2010-08-25T11:36:36,5.3,3.0006844626967832,8
92187,2010-08-25T13:14:38,-72.246,-35.089,31.7,5.4,mw,,,,,,,,,,,,,,,,,USGS,,slab_interface,35.6870994568,slab_interface,2010-08-25T13:14:38,5.3,3.0006844626967832,8
92297,2010-08-29T08:50:55,-74.14,-37.656,20.8173,5.3,mw,,,,,,,,,,,,,,,,,CSN-improved,,slab_interface,15.043554306,slab_interface,2010-08-29T08:50:55,5.3,3.0006844626967832,8
92509,2010-09-06T03:20:47,-73.575,-37.486,17.0,5.5,mw,,,3.6,,19.0,28.0,114.0,173.0,65.0,78.0,2.21e+16,1.45e+16,-3.66e+16,2520000000000000.0,-2.33e+16,-2340000000000000.0,CSN-improved,,slab_interface,25.2565116882,slab_interface,2010-09-06T03:20:47,5.3,3.0006844626967832,8
92581,2010-09-09T07:28:02,-73.607,-37.079,18.0,5.8,mw,,,,,175.0,85.0,90.0,355.0,5.0,90.0,1.08e+18,3.8e+16,-1.12e+18,-5e+16,-2.03e+18,-1.31e+17,ISC,,slab_interface,22.8313999176,slab_interface,2010-09-09T07:28:02,5.3,3.0006844626967832,8
92579,2010-09-09T07:28:05,-74.16,-37.27,12.0,6.2,mw,0.0,0.0,0.0,,11.0,14.0,99.0,182.0,76.0,88.0,1.08e+18,3.8e+16,-1.12e+18,-5e+16,-2.03e+18,-1.31e+17,GCMT,,slab_interface,14.0781841278,slab_interface,2010-09-09T07:28:05,5.3,3.0006844626967832,8
92727,2010-09-14T03:23:31,-74.321,-37.121,16.2116,5.4,mw,,,,,359.0,19.0,83.0,186.0,71.0,92.0,5.610000000000001e+16,1799999999999999.8,-5.789999999999999e+16,-9000000000000000.0,-7.1e+16,-2800000000000000.0,CSN-improved,,slab_interface,11.6758384705,slab_interface,2010-09-14T03:23:31,5.3,3.0006844626967832,8
92818,2010-09-17T06:52:36,-74.336,-37.494,15.371,5.4,mw,,,,,341.0,16.0,71.0,181.0,75.0,95.0,2.92e+16,-1190000000000000.0,-2.8e+16,-2620000000000000.0,-4.79e+16,4550000000000000.0,CSN-improved,,slab_interface,11.9617385864,slab_interface,2010-09-17T06:52:36,5.3,3.0006844626967832,8
92921,2010-09-20T05:42:55,-72.247,-33.773,30.4847,5.3,mw,,,,,348.0,22.0,78.0,182.0,69.0,95.0,3.71e+16,-470000000000000.0,-3.66e+16,-2819999999999999.5,-4.07e+16,3260000000000000.0,CSN-improved,,slab_interface,18.7931900024,slab_interface,2010-09-20T05:42:55,5.3,3.0006844626967832,8
93005,2010-09-23T16:36:17,-71.892,-34.975,48.8961,5.5,mw,,,,,19.0,30.0,113.0,173.0,63.0,78.0,1.05e+17,1.32e+16,-1.18e+17,1.97e+16,-7.69e+16,-1.3e+16,CSN-improved,,slab_interface,46.3733024597,slab_interface,2010-09-23T16:36:17,5.3,3.0006844626967832,8
93222,2010-09-30T00:26:20,-74.07,-36.51,12.4,5.6,mw,0.01,0.02,0.7,,9.0,17.0,98.0,180.0,73.0,87.0,1.65e+17,100000000000000.0,-1.65e+17,2800000000000000.0,-2.41e+17,-1.29e+16,GCMT,,slab_interface,12.5519361496,slab_interface,2010-09-30T00:26:20,5.3,3.0006844626967832,8
93223,2010-09-30T01:02:46,-72.983,-37.991,40.0,5.4,mw,,,0.0,,,,,,,,,,,,,,CSN-improved,,slab_interface,42.5036811829,slab_interface,2010-09-30T01:02:46,5.3,3.0006844626967832,8
93781,2010-10-23T01:38:14,-71.112,-29.594,44.0,5.5,mw,,,1.4,,9.0,33.0,82.0,199.0,57.0,95.0,2.3e+17,5.22e+16,-2.82e+17,-4.36e+16,-1.1000000000000002e+17,-9.06e+16,CSN-improved,,slab_interface,47.7521781921,slab_interface,2010-10-23T01:38:14,5.3,3.0006844626967832,8
93782,2010-10-23T05:58:31,-73.88,-37.91,21.2,5.5,mw,0.02,0.01,0.9,,31.0,16.0,123.0,177.0,76.0,81.0,1.08e+17,1.23e+16,-1.2e+17,1.92e+16,-2.15e+17,-3.09e+16,GCMT,,slab_interface,19.8109512329,slab_interface,2010-10-23T05:58:31,5.3,3.0006844626967832,8
93783,2010-10-23T10:56:55,-73.758,-37.016,25.2226,5.5,mw,,,,,31.0,29.0,110.0,188.0,63.0,79.0,3.89e+16,-1810000000000000.0,-3.71e+16,-550000000000000.0,-2.97e+16,-1.42e+16,CSN-improved,,slab_interface,19.612985611,slab_interface,2010-10-23T10:56:55,5.3,3.0006844626967832,8
93780,2010-10-23T15:47:41,-73.505,-36.608,20.7,5.6,mw,,,21.5,,,,,,,,,,,,,,CSN-improved,,slab_interface,22.6385555267,slab_interface,2010-10-23T15:47:41,5.3,3.0006844626967832,8
94019,2010-10-31T07:10:37,-72.282,-33.716,14.8356,5.4,mw,,,,,4.0,20.0,94.0,180.0,70.0,89.0,6.24e+16,3700000000000000.0,-6.6e+16,1200000000000000.0,-7.72e+16,-1900000000000000.0,CSN-improved,,slab_interface,17.3677577972,slab_interface,2010-10-31T07:10:37,5.3,3.0006844626967832,8
94020,2010-10-31T07:10:42,-72.39,-33.82,21.4,5.3,mw,0.02,0.01,0.8,,4.0,20.0,94.0,180.0,70.0,89.0,6.24e+16,3700000000000000.0,-6.6e+16,1200000000000000.0,-7.72e+16,-1900000000000000.0,GCMT,,slab_interface,15.9961547852,slab_interface,2010-10-31T07:10:42,5.3,3.0006844626967832,8
94589,2010-11-20T02:09:34,-73.688,-37.958,30.5,5.6,mw,,,15.3,,,,,,,,,,,,,,USGS,,slab_interface,23.8213253021,slab_interface,2010-11-20T02:09:34,5.3,3.0006844626967832,8
96047,2011-01-02T20:20:26,-73.84,-38.71,19.4,7.1,mw,0.01,0.01,0.3,,5.0,13.0,97.0,178.0,77.0,88.0,2.84e+19,-4.9e+17,-2.79e+19,2.7e+18,-5.66e+19,-5.7e+17,GCMT,,slab_interface,23.708398819,slab_interface,2011-01-02T20:20:26,5.3,3.0006844626967832,8
96213,2011-01-07T09:42:16,-73.721,-35.71,18.5,5.6,mw,,,7.7,,22.0,21.0,107.0,184.0,70.0,83.0,8.7e+16,7000000000000000.0,-9.4e+16,-3000000000000000.0,-1.09e+17,-2.2e+16,CSN-improved,,slab_interface,12.4514751434,slab_interface,2011-01-07T09:42:16,5.3,3.0006844626967832,8
96215,2011-01-07T09:42:23,-73.66,-35.87,12.3,5.4,mw,0.01,0.01,0.6,,22.0,21.0,107.0,184.0,70.0,83.0,8.7e+16,7000000000000000.0,-9.4e+16,-3000000000000000.0,-1.09e+17,-2.2e+16,GCMT,,slab_interface,14.3384723663,slab_interface,2011-01-07T09:42:23,5.3,3.0006844626967832,8
96318,2011-01-10T06:02:54,-73.59,-35.77,12.1,5.9,mw,0.01,0.01,0.3,,22.0,14.0,105.0,187.0,76.0,86.0,5e+17,-2.5e+16,-4.75e+17,-2.66e+17,-8.85e+17,-1.2e+17,GCMT,,slab_interface,14.2756586075,slab_interface,2011-01-10T06:02:54,5.3,3.0006844626967832,8
96592,2011-01-19T05:20:00,-72.453,-33.96,12.9,5.7,mw,,,,,,,,,,,,,,,,,USGS,,slab_interface,16.1008987427,slab_interface,2011-01-19T05:20:00,5.3,3.0006844626967832,8
96593,2011-01-19T05:20:01,-72.488,-33.984,7.2653,5.5,mw,,,,,,,,,,,,,,,,,CSN-improved,,slab_interface,15.5407104492,slab_interface,2011-01-19T05:20:01,5.3,3.0006844626967832,8
96722,2011-01-23T09:58:56,-72.606,-35.005,13.39,5.5,mw,,,,,,,,,,,,,,,,,CSN-improved,,slab_interface,24.1707077026,slab_interface,2011-01-23T09:58:56,5.3,3.0006844626967832,8
97041,2011-02-05T16:11:35,-74.088,-37.761,27.4,5.6,mw,,,4.4,,14.0,12.0,102.0,181.0,77.0,87.0,2.55e+17,2.2e+16,-2.77e+17,-1e+16,-5.68e+17,-3.8e+16,CSN-improved,,slab_interface,16.0420627594,slab_interface,2011-02-05T16:11:35,5.3,3.0006844626967832,8
97042,2011-02-05T16:11:39,-73.476,-37.653,23.0,5.4,mw,,,,,14.0,12.0,102.0,181.0,77.0,87.0,2.55e+17,2.2e+16,-2.77e+17,-1e+16,-5.68e+17,-3.8e+16,ISC,,slab_interface,26.8867511749,slab_interface,2011-02-05T16:11:39,5.3,3.0006844626967832,8
97040,2011-02-05T16:11:41,-73.84,-37.81,21.0,5.7,mw,0.01,0.01,0.5,,9.0,17.0,98.0,180.0,73.0,88.0,2.55e+17,2.2e+16,-2.77e+17,-1e+16,-5.68e+17,-3.8e+16,GCMT,,slab_interface,20.4074363708,slab_interface,2011-02-05T16:11:41,5.3,3.0006844626967832,8
97043,2011-02-05T17:36:40,-73.393,-35.586,29.3,5.3,mw,,,28.3,,,,,,,,,,,,,,USGS,,slab_interface,16.036359787,slab_interface,2011-02-05T17:36:40,5.3,3.0006844626967832,8
97144,2011-02-08T22:01:16,-73.724,-16.791,20.7,5.4,mw,,,6.5,,,,,,,,,,,,,,USGS,,slab_interface,21.2971382141,slab_interface,2011-02-08T22:01:16,5.3,3.0006844626967832,8
97217,2011-02-11T20:05:39,-73.56,-36.63,17.8,6.8,mw,0.0,0.0,0.2,,15.0,13.0,104.0,180.0,77.0,87.0,9.99e+18,-3.3e+17,-9.66e+18,2.5e+17,-2.09e+19,-1.32e+18,GCMT,,slab_interface,21.8622913361,slab_interface,2011-02-11T20:05:39,5.3,3.0006844626967832,8
97220,2011-02-11T20:16:43,-73.15,-36.45,38.9,5.7,mw,,,9.2,,,,,,,,,,,,,,USGS,,slab_interface,29.9707660675,slab_interface,2011-02-11T20:16:43,5.3,3.0006844626967832,8
97219,2011-02-11T23:39:23,-74.11,-37.45,16.4,6.0,mw,0.01,0.01,0.6,,11.0,16.0,98.0,183.0,74.0,88.0,6.3e+17,-3e+16,-5.9e+17,-3e+16,-1.01e+18,-7e+16,GCMT,,slab_interface,15.325709343,slab_interface,2011-02-11T23:39:23,5.3,3.0006844626967832,8
97271,2011-02-12T01:17:01,-74.155,-36.958,25.4,5.9,mw,,,2.4,,12.0,15.0,98.0,183.0,75.0,88.0,6.1e+17,1e+16,-6.2e+17,-5e+16,-1.06e+18,-8e+16,CSN-improved,,slab_interface,13.133690834,slab_interface,2011-02-12T01:17:01,5.3,3.0006844626967832,8
97269,2011-02-12T01:17:02,-73.399,-37.171,20.0,6.0,mw,,,4.5,0.1,183.0,75.0,88.0,12.0,15.0,98.0,6.1e+17,1e+16,-6.2e+17,-5e+16,-1.06e+18,-8e+16,ISC-GEM,,slab_interface,27.2580242157,slab_interface,2011-02-12T01:17:02,5.3,3.0006844626967832,8
97270,2011-02-12T01:17:05,-74.0,-37.35,14.1,6.0,mw,0.01,0.01,0.3,,12.0,15.0,98.0,183.0,75.0,88.0,6.1e+17,1e+16,-6.2e+17,-5e+16,-1.06e+18,-8e+16,GCMT,,slab_interface,16.6061191559,slab_interface,2011-02-12T01:17:05,5.3,3.0006844626967832,8
97326,2011-02-13T08:51:37,-73.61,-36.78,16.2,5.9,mw,0.01,0.01,0.5,,13.0,11.0,101.0,182.0,79.0,88.0,3.28e+17,0.0,-3.28e+17,-1.6e+16,-8.14e+17,-4.1e+16,GCMT,,slab_interface,21.5922260284,slab_interface,2011-02-13T08:51:37,5.3,3.0006844626967832,8
97327,2011-02-13T10:35:10,-73.74,-36.83,14.1,5.9,mw,0.01,0.01,0.3,,12.0,18.0,97.0,184.0,72.0,88.0,5.75e+17,4000000000000000.0,-5.8e+17,-4.8e+16,-8.04e+17,-8.2e+16,GCMT,,slab_interface,18.9788036346,slab_interface,2011-02-13T10:35:10,5.3,3.0006844626967832,8
97328,2011-02-13T13:44:40,-73.74,-36.75,17.8,5.6,mw,0.01,0.01,0.6,,9.0,15.0,95.0,184.0,75.0,89.0,1.72e+17,0.0,-1.71e+17,-1.7e+16,-2.99e+17,-1.9e+16,GCMT,,slab_interface,18.513053894,slab_interface,2011-02-13T13:44:40,5.3,3.0006844626967832,8
97379,2011-02-14T03:40:01,-73.735,-35.46,21.5,5.9,mw,,,7.8,,189.0,73.0,85.0,26.0,18.0,106.0,5.600000000000001e+18,-2.3e+17,-5.37e+18,-1.27e+18,-9.05e+18,-1.7299999999999995e+18,CSN-improved,,slab_interface,10.1024017334,slab_interface,2011-02-14T03:40:01,5.3,3.0006844626967832,8
97377,2011-02-14T03:40:15,-73.61,-35.67,12.0,6.6,mw,0.0,0.0,0.0,,25.0,17.0,105.0,189.0,74.0,86.0,5.600000000000001e+18,-2.3e+17,-5.37e+18,-1.27e+18,-9.05e+18,-1.7299999999999995e+18,GCMT,,slab_interface,13.4297037125,slab_interface,2011-02-14T03:40:15,5.3,3.0006844626967832,8
97487,2011-02-18T17:01:03,-72.37,-33.99,27.3,5.3,mw,0.02,0.01,0.9,,14.0,20.0,105.0,178.0,71.0,85.0,5.8e+16,2700000000000000.0,-6.07e+16,5400000000000000.0,-7.39e+16,-6000000000000000.0,GCMT,,slab_interface,18.5418395996,slab_interface,2011-02-18T17:01:03,5.3,3.0006844626967832,8
97809,2011-02-28T01:29:29,-73.69,-37.46,25.3,5.8,mw,0.01,0.01,0.5,,6.0,16.0,97.0,179.0,74.0,88.0,3.43e+17,1.3e+16,-3.56e+17,1.7e+16,-5.62e+17,-1.6e+16,GCMT,,slab_interface,22.103181839,slab_interface,2011-02-28T01:29:29,5.3,3.0006844626967832,8
97905,2011-03-03T07:58:53,-73.821,-37.319,13.0521,5.6,mw,,,,,1.0,22.0,97.0,173.0,68.0,87.0,5.46e+16,-2500000000000000.0,-5.21e+16,8200000000000000.0,-5.52e+16,2100000000000000.0,CSN-improved,,slab_interface,19.7960586548,slab_interface,2011-03-03T07:58:53,5.3,3.0006844626967832,8
98298,2011-03-16T22:36:16,-71.745,-32.571,26.0589,5.6,mw,,,,,15.0,28.0,105.0,179.0,63.0,83.0,1.69e+17,1.3e+16,-1.82e+17,1.3e+16,-1.29e+17,-2.4e+16,CSN-improved,,slab_interface,28.7466583252,slab_interface,2011-03-16T22:36:16,5.3,3.0006844626967832,8
98300,2011-03-16T23:40:23,-71.645,-32.559,33.4,5.4,mw,,,,,,,,,,,,,,,,,USGS,,slab_interface,32.2900733948,slab_interface,2011-03-16T23:40:23,5.3,3.0006844626967832,8
98727,2011-03-29T05:08:48,-71.754,-34.786,49.8536,5.3,mw,,,,,,,,,,,,,,,,,CSN-improved,,slab_interface,48.5066413879,slab_interface,2011-03-29T05:08:48,5.3,3.0006844626967832,8
99655,2011-04-22T05:12:51,-74.31,-38.1,13.8,5.3,mw,0.01,0.01,0.6,,359.0,19.0,88.0,182.0,71.0,91.0,7.45e+16,-1000000000000000.0,-7.35e+16,-3200000000000000.0,-9.75e+16,-300000000000000.0,GCMT,,slab_interface,13.8456850052,slab_interface,2011-04-22T05:12:51,5.3,3.0006844626967832,8
100682,2011-05-19T17:05:11,-71.766,-34.764,49.8883,5.3,mw,,,,,19.0,32.0,118.0,167.0,62.0,74.0,5.58e+16,5900000000000000.0,-6.17e+16,1.74e+16,-3.57e+16,-3400000000000000.0,CSN-improved,,slab_interface,47.5710678101,slab_interface,2011-05-19T17:05:11,5.3,3.0006844626967832,8
101168,2011-06-01T12:55:21,-73.832,-37.555,10.0,5.6,mw,,,,,185.0,80.0,90.0,5.0,10.0,90.0,2.25e+18,1.6e+16,-2.27e+18,-1.94e+17,-3.4e+18,-7.5e+16,ISC,,slab_interface,19.6702804565,slab_interface,2011-06-01T12:55:21,5.3,3.0006844626967832,8
101167,2011-06-01T12:55:25,-74.41,-37.74,12.0,6.3,mw,0.0,0.0,0.0,,1.0,17.0,88.0,183.0,73.0,91.0,2.25e+18,1.6e+16,-2.27e+18,-1.94e+17,-3.4e+18,-7.5e+16,GCMT,,slab_interface,11.7996616364,slab_interface,2011-06-01T12:55:25,5.3,3.0006844626967832,8
101364,2011-06-05T10:25:21,-72.11,-35.01,50.1,5.3,mw,0.01,0.01,0.8,,24.0,31.0,118.0,172.0,63.0,74.0,9.8e+16,5000000000000000.0,-1.02e+17,2.5e+16,-6.9e+16,-1.7e+16,GCMT,,slab_interface,38.9522476196,slab_interface,2011-06-05T10:25:21,5.3,3.0006844626967832,8
102192,2011-06-29T05:36:52,-72.54,-33.98,18.9,5.5,mw,0.01,0.01,0.6,,13.0,18.0,100.0,183.0,72.0,87.0,1.52e+17,-9000000000000000.0,-1.43e+17,-5000000000000000.0,-2.02e+17,-2e+16,GCMT,,slab_interface,14.646355629,slab_interface,2011-06-29T05:36:52,5.3,3.0006844626967832,8
102844,2011-07-16T00:26:17,-72.19,-33.96,23.9,6.0,mw,0.01,0.01,0.3,,14.0,21.0,108.0,174.0,70.0,83.0,6.72e+17,2.3e+16,-6.94e+17,1.24e+17,-7.99e+17,-4.8e+16,GCMT,,slab_interface,21.5826873779,slab_interface,2011-07-16T00:26:17,5.3,3.0006844626967832,8
103156,2011-07-25T11:15:13,-74.03,-37.9,20.5,5.4,mw,0.02,0.01,1.0,,3.0,15.0,95.0,178.0,75.0,89.0,7.9e+16,-8000000000000000.0,-7.1e+16,5000000000000000.0,-1.28e+17,-1000000000000000.0,GCMT,,slab_interface,17.2255363464,slab_interface,2011-07-25T11:15:13,5.3,3.0006844626967832,8
103235,2011-07-28T19:50:19,-73.53,-35.86,13.2,5.6,mw,0.01,0.01,0.6,,344.0,17.0,61.0,194.0,75.0,98.0,1.1e+17,2e+16,-1.3e+17,1e+16,-3.7e+17,-5e+16,GCMT,,slab_interface,15.9471912384,slab_interface,2011-07-28T19:50:19,5.3,3.0006844626967832,8
104378,2011-08-28T04:30:35,-72.38,-33.2,19.7,5.4,mw,0.01,0.01,0.6,,7.0,23.0,90.0,187.0,67.0,90.0,9.47e+16,-1000000000000000.0,-9.36e+16,-1.2e+16,-9.37e+16,-1.2e+16,GCMT,,slab_interface,13.3126134872,slab_interface,2011-08-28T04:30:35,5.3,3.0006844626967832,8
104623,2011-09-03T16:20:57,-74.17,-38.27,18.3,5.8,mw,0.01,0.01,0.4,,4.0,16.0,93.0,181.0,74.0,89.0,3.3e+17,5e+16,-3.8e+17,-7e+16,-5.2e+17,1e+16,GCMT,,slab_interface,16.5178718567,slab_interface,2011-09-03T16:20:57,5.3,3.0006844626967832,8
105071,2011-09-14T07:03:55,-71.88,-32.8,26.2,5.9,mw,0.01,0.01,0.5,,359.0,16.0,84.0,185.0,74.0,92.0,3.82e+17,4.46e+16,-4.26e+17,-5.99e+16,-6.39e+17,-1.95e+16,GCMT,,slab_interface,24.2141895294,slab_interface,2011-09-14T07:03:55,5.3,3.0006844626967832,8
105620,2011-09-28T17:07:57,-71.095,-29.681,40.3,5.3,mw,,,17.5,,,,,,,,,,,,,,USGS,,slab_interface,48.557094574,slab_interface,2011-09-28T17:07:57,5.3,3.0006844626967832,8
105619,2011-09-28T22:40:15,-74.45,-38.05,12.0,5.5,mw,0.01,0.01,0.0,,6.0,15.0,82.0,194.0,75.0,92.0,1.03e+17,3000000000000000.0,-1.06e+17,-4.4e+16,-1.74e+17,-2e+16,GCMT,,slab_interface,11.7193927765,slab_interface,2011-09-28T22:40:15,5.3,3.0006844626967832,8
106361,2011-10-30T18:53:43,-70.965,-25.746,47.1,6.0,mw,,,999.9,,13.0,26.0,113.0,168.0,66.0,79.0,4.14e+17,6e+16,-4.73e+17,1.17e+17,-3.75e+17,2000000000000000.0,CSN-improved,,slab_interface,22.5883827209,slab_interface,2011-10-30T18:53:43,5.3,3.0006844626967832,8
106559,2011-11-08T17:18:14,-72.45,-34.16,28.9,5.3,mw,0.02,0.01,0.9,,6.0,22.0,108.0,166.0,69.0,83.0,6.62e+16,8100000000000000.0,-7.43e+16,2.2e+16,-7.65e+16,7100000000000000.0,GCMT,,slab_interface,17.7551021576,slab_interface,2011-11-08T17:18:14,5.3,3.0006844626967832,8
107141,2011-12-05T19:47:52,-71.824,-31.508,22.1,5.3,mw,,,11.8,,,,,,,,,,,,,,USGS,,slab_interface,25.6731529236,slab_interface,2011-12-05T19:47:52,5.3,3.0006844626967832,8
107219,2011-12-07T22:23:14,-71.55,-28.03,22.8,6.1,mw,0.01,0.0,0.3,,17.0,25.0,109.0,176.0,67.0,81.0,1.12e+18,1.16e+17,-1.24e+18,1.61e+17,-1.09e+18,-1.29e+17,GCMT,,slab_interface,16.1063652039,slab_interface,2011-12-07T22:23:14,5.3,3.0006844626967832,8
107498,2011-12-14T20:00:36,-74.395,-41.851,10.3,5.3,mw,,,24.0,,,,,,,,,,,,,,USGS,,slab_interface,19.5376224518,slab_interface,2011-12-14T20:00:36,5.3,3.0006844626967832,8
107663,2011-12-20T19:11:10,-72.276,-33.797,12.4,5.3,mw,,,13.5,,,,,,,,,,,,,,USGS,,slab_interface,18.0459690094,slab_interface,2011-12-20T19:11:10,5.3,3.0006844626967832,8
108564,2012-01-17T23:21:31,-71.906,-31.765,37.5,6.0,mw,,,8.6,,359.0,20.0,99.0,169.0,70.0,87.0,2.5e+17,-5e+16,-2e+17,6.1e+16,-2.68e+17,1e+16,CSN-improved,,slab_interface,22.9383544922,slab_interface,2012-01-17T23:21:31,5.3,3.0006844626967832,8
108832,2012-01-23T16:04:57,-73.42,-36.5,22.2,6.1,mw,0.01,0.0,0.3,,13.0,19.0,101.0,182.0,71.0,86.0,1.11e+18,6e+16,-1.17e+18,-2.5e+16,-1.5e+18,-1.63e+17,GCMT,,slab_interface,24.2372779846,slab_interface,2012-01-23T16:04:57,5.3,3.0006844626967832,8
108833,2012-01-23T21:55:17,-73.031,-36.338,39.7,5.4,mw,,,7.9,,,,,,,,,,,,,,USGS,,slab_interface,31.7931575775,slab_interface,2012-01-23T21:55:17,5.3,3.0006844626967832,8
109441,2012-02-11T02:58:18,-73.897,-37.448,19.0,5.8,mw,,,2.7,,2.0,17.0,94.0,178.0,73.0,89.0,2.29e+17,3.2e+16,-2.61e+17,1.4e+16,-3.57e+17,0.0,CSN-improved,,slab_interface,18.5226249695,slab_interface,2012-02-11T02:58:18,5.3,3.0006844626967832,8
109442,2012-02-11T02:58:24,-73.68,-37.54,24.4,5.6,mw,0.01,0.01,0.4,,3.0,22.0,93.0,180.0,68.0,89.0,2.29e+17,3.2e+16,-2.61e+17,1.4e+16,-3.57e+17,0.0,GCMT,,slab_interface,22.4249916077,slab_interface,2012-02-11T02:58:24,5.3,3.0006844626967832,8
109678,2012-02-18T17:44:48,-71.771,-32.097,18.0,5.3,mw,,,4.4,,,,,,,,,,,,,,USGS,,slab_interface,28.3573570251,slab_interface,2012-02-18T17:44:48,5.3,3.0006844626967832,8
110687,2012-03-25T22:37:20,-72.41,-35.31,33.8,7.1,mw,0.01,0.01,0.3,,20.0,16.0,112.0,177.0,76.0,84.0,2.92e+19,-3.8e+17,-2.88e+19,4.15e+18,-5.19e+19,-4.74e+18,GCMT,,slab_interface,34.5451583862,slab_interface,2012-03-25T22:37:20,5.3,3.0006844626967832,8
111389,2012-04-17T03:50:14,-71.812,-32.787,35.0,6.1,mw,,,6.8,,175.0,65.0,90.0,355.0,25.0,90.0,9.7e+18,2.2e+17,-9.93e+18,9.1e+17,-9.08e+18,2.7e+17,CSN-improved,,slab_interface,27.3227825165,slab_interface,2012-04-17T03:50:14,5.3,3.0006844626967832,8
111388,2012-04-17T03:50:24,-71.69,-32.77,39.6,6.7,mw,0.0,0.0,0.2,,2.0,24.0,95.0,176.0,66.0,88.0,9.7e+18,2.2e+17,-9.93e+18,9.1e+17,-9.08e+18,2.7e+17,GCMT,,slab_interface,30.6513690948,slab_interface,2012-04-17T03:50:24,5.3,3.0006844626967832,8
117943,2012-11-20T16:23:29,-72.4,-33.99,18.9,5.4,mw,0.01,0.01,0.6,,16.0,20.0,100.0,185.0,71.0,87.0,1e+17,7099999999999999.0,-1.07e+17,-1.01e+16,-1.32e+17,-2.12e+16,GCMT,,slab_interface,17.4872264862,slab_interface,2012-11-20T16:23:29,5.3,3.0006844626967832,8
117992,2012-11-21T21:36:26,-72.31,-34.05,21.2,5.9,mw,0.01,0.01,0.3,,6.0,20.0,106.0,169.0,70.0,84.0,5.08e+17,3.48e+16,-5.43e+17,1.3999999999999998e+17,-6.23e+17,2.63e+16,GCMT,,slab_interface,20.1046409607,slab_interface,2012-11-21T21:36:26,5.3,3.0006844626967832,8
119208,2012-12-26T13:17:58,-73.78,-37.41,24.8,5.4,mw,0.02,0.01,0.8,,4.0,17.0,92.0,182.0,73.0,89.0,7.6e+16,9000000000000000.0,-8.5e+16,0.0,-1.16e+17,-5000000000000000.0,GCMT,,slab_interface,20.1097393036,slab_interface,2012-12-26T13:17:58,5.3,3.0006844626967832,8
119233,2012-12-27T00:37:12,-73.77,-35.89,12.0,5.8,mw,0.01,0.01,0.0,,14.0,16.0,94.0,190.0,74.0,89.0,3.7e+17,-5.1e+16,-3.2e+17,-1.65e+17,-7.71e+17,-6e+16,GCMT,,slab_interface,13.2319421768,slab_interface,2012-12-27T00:37:12,5.3,3.0006844626967832,8
119471,2013-01-01T03:52:12,-74.097,-36.982,18.3,4.0,mw,,,4.4,,,,,,,,,,,,,,CSN-improved,,slab_interface,14.0033082962,slab_interface,2013-01-01T03:52:12,,,-1
119517,2013-01-02T14:41:46,-72.292,-35.87,50.4,4.7,mw,,,10.6,,,,,,,,,,,,,,USGS,,slab_interface,48.1595077515,slab_interface,2013-01-02T14:41:46,,,-1
119520,2013-01-02T17:31:13,-73.46,-35.838,32.8,4.2,mw,,,4.7,,,,,,,,,,,,,,CSN-improved,,slab_interface,17.6985626221,slab_interface,2013-01-02T17:31:13,,,-1
119518,2013-01-02T17:53:55,-73.611,-35.736,29.8,4.6,mw,,,5.9,,,,,,,,,,,,,,CSN-improved,,slab_interface,14.2756586075,slab_interface,2013-01-02T17:53:55,,,-1
119515,2013-01-02T17:53:59,-73.118,-35.725,32.1,5.2,mw,,,,,,,,,,,,,,,,,USGS,,slab_interface,23.6146354675,slab_interface,2013-01-02T17:53:59,,,-1
119571,2013-01-03T02:07:14,-73.742,-35.766,8.9,4.4,mw,,,4.2,,,,,,,,,,,,,,CSN-improved,,slab_interface,12.1589851379,slab_interface,2013-01-03T02:07:14,,,-1
119607,2013-01-04T01:23:59,-71.044,-19.927,17.5434,4.0,mw,,,,,,,,,,,,,,,,,CSN-improved,,slab_interface,17.6507606506,slab_interface,2013-01-04T01:23:59,,,-1
119643,2013-01-05T11:45:25,-72.583,-34.82,14.2475,4.0,mw,,,,,,,,,,,,,,,,,CSN-improved,,slab_interface,21.5064086914,slab_interface,2013-01-05T11:45:25,,,-1
119638,2013-01-05T12:08:58,-72.009,-30.306,10.0,5.2,mw,,,,,,,,,,,,,,,,,USGS,,slab_interface,17.2237625122,slab_interface,2013-01-05T12:08:58,,,-1
119639,2013-01-05T12:08:58,-72.228,-30.34,15.6152,4.9,mw,,,,,,,,,,,,,,,,,CSN-improved,,slab_interface,12.274058342,slab_interface,2013-01-05T12:08:58,,,-1
119645,2013-01-05T22:03:30,-72.264,-30.345,19.7544,4.0,mw,,,,,,,,,,,,,,,,,CSN-improved,,slab_interface,12.274058342,slab_interface,2013-01-05T22:03:30,,,-1
119685,2013-01-06T14:34:52,-72.298,-17.527,33.0,4.6,mw,,,,,,,,,,,,,,,,,ISC,,slab_interface,29.2888259888,slab_interface,2013-01-06T14:34:52,,,-1
119733,2013-01-07T02:15:36,-73.452,-35.728,35.0,4.0,mw,,,8.2,,,,,,,,,,,,,,CSN-improved,,slab_interface,16.7107849121,slab_interface,2013-01-07T02:15:36,,,-1
119730,2013-01-07T05:06:55,-72.097,-32.98,6.0763,4.8,mw,,,,,,,,,,,,,,,,,CSN-improved,,slab_interface,19.110660553,slab_interface,2013-01-07T05:06:55,,,-1
119729,2013-01-07T05:06:58,-71.891,-32.911,21.6,5.2,mw,,,7.6,,,,,,,,,,,,,,USGS,,slab_interface,24.3487472534,slab_interface,2013-01-07T05:06:58,,,-1
119734,2013-01-07T05:49:31,-72.043,-32.934,20.9693,4.0,mw,,,,,,,,,,,,,,,,,CSN-improved,,slab_interface,20.2755069733,slab_interface,2013-01-07T05:49:31,,,-1
119731,2013-01-07T08:13:36,-71.056,-29.555,40.6,4.5,mw,,,3.1,,,,,,,,,,,,,,CSN-improved,,slab_interface,49.6578712463,slab_interface,2013-01-07T08:13:36,,,-1
119804,2013-01-09T08:39:45,-71.251,-33.103,59.7093,4.2,mw,,,,,,,,,,,,,,,,,CSN-improved,,slab_interface,49.1961898804,slab_interface,2013-01-09T08:39:45,,,-1
119803,2013-01-09T16:00:32,-72.336,-34.833,18.0,4.3,mw,,,,,,,,,,,,,,,,,ISC,,slab_interface,28.5063247681,slab_interface,2013-01-09T16:00:32,,,-1
119837,2013-01-10T10:40:13,-70.274,-20.5,29.5893,4.0,mw,,,,,,,,,,,,,,,,,CSN-improved,,slab_interface,38.1526985168,slab_interface,2013-01-10T10:40:13,,,-1
119865,2013-01-11T20:30:24,-74.371,-37.495,25.0,4.0,mw,,,,,,,,,,,,,,,,,CSN-improved,,slab_interface,11.9617385864,slab_interface,2013-01-11T20:30:24,,,-1
119910,2013-01-12T15:57:16,-70.724,-18.775,42.3,4.4,mw,,,4.1,,,,,,,,,,,,,,CSN-improved,,slab_interface,44.3833656311,slab_interface,2013-01-12T15:57:16,,,-1
119909,2013-01-12T15:57:17,-70.725,-18.767,36.1373,4.5,mw,,,,,,,,,,,,,,,,,CSN-improved,,slab_interface,44.3833656311,slab_interface,2013-01-12T15:57:17,,,-1
119946,2013-01-13T04:13:59,-71.882,-34.867,46.1276,4.4,mw,,,,,,,,,,,,,,,,,CSN-improved,,slab_interface,43.5278167725,slab_interface,2013-01-13T04:13:59,,,-1
119947,2013-01-13T16:44:29,-73.849,-38.108,27.3,4.1,mw,,,,,,,,,,,,,,,,,CSN-improved,,slab_interface,21.413564682,slab_interface,2013-01-13T16:44:29,,,-1
119949,2013-01-13T16:44:31,-73.743,-38.092,23.4,4.0,mw,,,7.0,,,,,,,,,,,,,,CSN-improved,,slab_interface,23.3965778351,slab_interface,2013-01-13T16:44:31,,,-1
119993,2013-01-14T16:44:54,-72.712,-35.12,19.0,4.1,mw,,,5.2,,,,,,,,,,,,,,CSN-improved,,slab_interface,23.2414455414,slab_interface,2013-01-14T16:44:54,,,-1
119994,2013-01-14T16:44:55,-72.652,-35.049,9.4,4.1,mw,,,,,,,,,,,,,,,,,CSN-improved,,slab_interface,23.6918258667,slab_interface,2013-01-14T16:44:55,,,-1
120043,2013-01-15T18:17:21,-74.101,-37.506,9.8,4.4,mw,,,13.9,,,,,,,,,,,,,,CSN-improved,,slab_interface,15.4474163055,slab_interface,2013-01-15T18:17:21,,,-1
120077,2013-01-16T04:53:11,-72.114,-33.613,22.2724,4.2,mw,,,,,,,,,,,,,,,,,CSN-improved,,slab_interface,21.3821468353,slab_interface,2013-01-16T04:53:11,,,-1
120079,2013-01-16T15:00:24,-71.022,-18.536,34.0,4.0,mw,,,,,,,,,,,,,,,,,ISC,,slab_interface,37.9333496094,slab_interface,2013-01-16T15:00:24,,,-1
120125,2013-01-17T00:32:34,-72.304,-35.301,26.7659,4.1,mw,,,,,,,,,,,,,,,,,CSN-improved,,slab_interface,37.7289390564,slab_interface,2013-01-17T00:32:34,,,-1
120164,2013-01-18T15:12:45,-72.007,-34.783,30.527,4.0,mw,,,,,,,,,,,,,,,,,CSN-improved,,slab_interface,38.9215888977,slab_interface,2013-01-18T15:12:45,,,-1
120247,2013-01-20T14:01:44,-72.132,-33.091,4.0,4.4,mw,,,,,,,,,,,,,,,,,ISC,,slab_interface,18.1272506714,slab_interface,2013-01-20T14:01:44,,,-1
120296,2013-01-21T01:38:45,-71.854,-34.9,61.8,4.0,mw,,,5.9,,,,,,,,,,,,,,CSN-improved,,slab_interface,46.4070281982,slab_interface,2013-01-21T01:38:45,,,-1
120292,2013-01-21T04:33:04,-72.537,-32.473,16.0,4.1,mw,,,,,,,,,,,,,,,,,ISC,,slab_interface,10.1240024567,slab_interface,2013-01-21T04:33:04,,,-1
120289,2013-01-21T04:33:11,-71.885,-32.171,23.1499,4.2,mw,,,,,,,,,,,,,,,,,CSN-improved,,slab_interface,23.5502796173,slab_interface,2013-01-21T04:33:11,,,-1
120287,2013-01-21T09:27:14,-74.337,-43.495,30.8873,4.4,mw,,,,,,,,,,,,,,,,,CSN-improved,,slab_interface,25.068025589,slab_interface,2013-01-21T09:27:14,,,-1
120294,2013-01-21T09:27:17,-74.333,-43.297,35.0,4.1,mw,,,,,,,,,,,,,,,,,ISC,,slab_interface,24.8420467377,slab_interface,2013-01-21T09:27:17,,,-1
120327,2013-01-22T19:58:23,-74.998,-39.789,20.0,4.4,mw,,,0.0,,,,,,,,,,,,,,CSN-improved,,slab_interface,7.6590218544,slab_interface,2013-01-22T19:58:23,,,-1
120323,2013-01-22T19:58:24,-74.863,-39.866,14.9,5.1,mw,,,17.2,,,,,,,,,,,,,,USGS,,slab_interface,9.08009147644,slab_interface,2013-01-22T19:58:24,,,-1
120362,2013-01-23T02:47:44,-71.62,-31.82,30.2,5.1,mw,0.03,0.02,1.1,,336.0,25.0,71.0,176.0,66.0,99.0,4.78e+16,-3580000000000000.0,-4.42e+16,-1550000000000000.0,-4.37e+16,1.1200000000000002e+16,GCMT,,slab_interface,33.6830711365,slab_interface,2013-01-23T02:47:44,,,-1
120464,2013-01-26T05:13:27,-71.569,-30.716,27.0,4.0,mw,,,,,,,,,,,,,,,,,ISC,,slab_interface,33.4010848999,slab_interface,2013-01-26T05:13:27,,,-1
120463,2013-01-26T16:43:36,-72.221,-33.991,17.0044,4.2,mw,,,,,,,,,,,,,,,,,CSN-improved,,slab_interface,22.0461654663,slab_interface,2013-01-26T16:43:36,,,-1
120541,2013-01-28T09:29:09,-74.131,-37.597,13.3,4.1,mw,,,9.2,,,,,,,,,,,,,,CSN-improved,,slab_interface,14.9301652908,slab_interface,2013-01-28T09:29:09,,,-1
120543,2013-01-28T10:19:39,-73.926,-37.698,28.0,4.0,mw,,,0.0,,,,,,,,,,,,,,CSN-improved,,slab_interface,18.3601589203,slab_interface,2013-01-28T10:19:39,,,-1
120539,2013-01-28T22:04:33,-73.68,-16.15,45.0,4.6,mw,,,,,,,,,,,,,,,,,USGS,,slab_interface,44.3758888245,slab_interface,2013-01-28T22:04:33,,,-1
120540,2013-01-28T22:04:34,-73.624,-16.231,35.0,4.1,mw,,,,,,,,,,,,,,,,,ISC,,slab_interface,43.1578865051,slab_interface,2013-01-28T22:04:34,,,-1
120538,2013-01-28T22:04:39,-73.545,-16.771,27.1,5.0,mw,,,999.9,,,,,,,,,,,,,,CSN-improved,,slab_interface,25.7807025909,slab_interface,2013-01-28T22:04:39,,,-1
120588,2013-01-29T04:13:18,-71.927,-31.107,8.0,4.1,mw,,,,,,,,,,,,,,,,,ISC,,slab_interface,20.1915397644,slab_interface,2013-01-29T04:13:18,,,-1
120590,2013-01-29T04:13:24,-71.665,-31.144,41.6392,4.0,mw,,,,,,,,,,,,,,,,,CSN-improved,,slab_interface,30.4878959656,slab_interface,2013-01-29T04:13:24,,,-1
120625,2013-01-30T20:31:08,-72.004,-33.003,13.0,4.0,mw,,,,,,,,,,,,,,,,,ISC,,slab_interface,21.6819496155,slab_interface,2013-01-30T20:31:08,,,-1
120626,2013-01-30T20:31:11,-71.948,-33.188,25.1658,4.0,mw,,,,,,,,,,,,,,,,,CSN-improved,,slab_interface,23.5511493683,slab_interface,2013-01-30T20:31:11,,,-1
120618,2013-01-30T21:14:01,-72.142,-29.666,14.0,4.8,mw,,,,,,,,,,,,,,,,,ISC,,slab_interface,12.6919765472,slab_interface,2013-01-30T21:14:01,,,-1
120624,2013-01-30T22:16:37,-70.923,-28.076,39.4697,4.2,mw,,,,,,,,,,,,,,,,,CSN-improved,,slab_interface,37.3550300598,slab_interface,2013-01-30T22:16:37,,,-1
120662,2013-01-31T00:04:17,-70.832,-28.09,40.4,4.8,mw,,,5.9,,,,,,,,,,,,,,CSN-improved,,slab_interface,39.5281295776,slab_interface,2013-01-31T00:04:17,,,-1
120661,2013-01-31T04:15:56,-70.804,-28.027,44.1,4.9,mw,,,7.8,,,,,,,,,,,,,,CSN-improved,,slab_interface,41.127620697,slab_interface,2013-01-31T04:15:56,,,-1
120659,2013-01-31T05:10:53,-70.813,-28.084,44.2,5.0,mw,,,7.1,,,,,,,,,,,,,,CSN-improved,,slab_interface,41.7585372925,slab_interface,2013-01-31T05:10:53,,,-1
120666,2013-01-31T05:30:18,-70.809,-28.065,52.4,4.1,mw,,,8.6,,,,,,,,,,,,,,CSN-improved,,slab_interface,41.127620697,slab_interface,2013-01-31T05:30:18,,,-1
120667,2013-01-31T06:43:36,-73.518,-36.055,22.9,4.0,mw,,,15.4,,,,,,,,,,,,,,CSN-improved,,slab_interface,18.6276683807,slab_interface,2013-01-31T06:43:36,,,-1
120668,2013-01-31T07:06:36,-73.538,-36.109,41.1,4.0,mw,,,12.9,,,,,,,,,,,,,,CSN-improved,,slab_interface,18.1041622162,slab_interface,2013-01-31T07:06:36,,,-1
120669,2013-01-31T17:56:45,-73.604,-36.069,32.4,4.0,mw,,,9.4,,,,,,,,,,,,,,CSN-improved,,slab_interface,16.7842788696,slab_interface,2013-01-31T17:56:45,,,-1
120670,2013-01-31T20:26:23,-72.077,-31.407,18.2,4.0,mw,,,5.2,,,,,,,,,,,,,,CSN-improved,,slab_interface,16.9458770752,slab_interface,2013-01-31T20:26:23,,,-1
120746,2013-02-02T03:48:06,-71.702,-32.57,29.6899,4.6,mw,,,,,,,,,,,,,,,,,CSN-improved,,slab_interface,30.4841384888,slab_interface,2013-02-02T03:48:06,,,-1
120747,2013-02-02T03:48:06,-71.526,-32.532,28.3,4.4,mw,,,,,,,,,,,,,,,,,USGS,,slab_interface,36.0971603394,slab_interface,2013-02-02T03:48:06,,,-1
120779,2013-02-03T20:54:43,-71.379,-32.335,33.4,5.0,mw,,,,,,,,,,,,,,,,,USGS,,slab_interface,42.256942749,slab_interface,2013-02-03T20:54:43,,,-1
120780,2013-02-03T20:54:44,-71.593,-32.36,31.562,4.6,mw,,,,,,,,,,,,,,,,,CSN-improved,,slab_interface,34.0651092529,slab_interface,2013-02-03T20:54:44,,,-1
120929,2013-02-07T07:40:50,-72.563,-34.659,32.0576,4.0,mw,,,,,,,,,,,,,,,,,CSN-improved,,slab_interface,20.8045253754,slab_interface,2013-02-07T07:40:50,,,-1
120967,2013-02-08T02:43:26,-72.122,-33.7,11.3834,4.1,mw,,,,,,,,,,,,,,,,,CSN-improved,,slab_interface,22.0608615875,slab_interface,2013-02-08T02:43:26,,,-1
120968,2013-02-08T15:57:45,-71.79,-34.891,59.5863,4.1,mw,,,,,,,,,,,,,,,,,CSN-improved,,slab_interface,48.39585495,slab_interface,2013-02-08T15:57:45,,,-1
120994,2013-02-09T22:59:58,-73.4,-35.83,10.0,4.8,mw,,,,,,,,,,,,,,,,,ISC,,slab_interface,18.6270313263,slab_interface,2013-02-09T22:59:58,,,-1
120993,2013-02-09T23:00:00,-73.482,-35.745,20.2,5.1,mw,,,23.6,,,,,,,,,,,,,,USGS,,slab_interface,15.8638467789,slab_interface,2013-02-09T23:00:00,,,-1
121038,2013-02-10T10:53:30,-71.638,-27.688,18.0,4.0,mw,,,,,,,,,,,,,,,,,ISC,,slab_interface,12.4505939484,slab_interface,2013-02-10T10:53:30,,,-1
121032,2013-02-10T19:54:32,-72.21,-33.58,30.9,5.5,mw,0.02,0.02,1.0,,6.0,24.0,100.0,176.0,66.0,86.0,1.3e+17,-4000000000000000.0,-1.25e+17,1.6e+16,-1.05e+17,9000000000000000.0,GCMT,,slab_interface,18.9589862823,slab_interface,2013-02-10T19:54:32,,,-1
121034,2013-02-10T20:00:34,-72.145,-33.521,10.9786,4.7,mw,,,,,,,,,,,,,,,,,CSN-improved,,slab_interface,19.5754947662,slab_interface,2013-02-10T20:00:34,,,-1
121036,2013-02-10T23:59:52,-71.682,-30.915,29.8062,4.4,mw,,,,,,,,,,,,,,,,,CSN-improved,,slab_interface,27.9437618256,slab_interface,2013-02-10T23:59:52,,,-1
121112,2013-02-12T08:12:47,-72.37,-34.179,30.0,4.5,mw,,,,,,,,,,,,,,,,,ISC,,slab_interface,20.400384903,slab_interface,2013-02-12T08:12:47,,,-1
121206,2013-02-15T13:50:37,-71.253,-30.994,62.0591,4.3,mw,,,,,,,,,,,,,,,,,CSN-improved,,slab_interface,48.4857521057,slab_interface,2013-02-15T13:50:37,,,-1
121245,2013-02-16T11:12:53,-72.196,-33.842,16.63,4.0,mw,,,,,,,,,,,,,,,,,CSN-improved,,slab_interface,20.7208328247,slab_interface,2013-02-16T11:12:53,,,-1
121246,2013-02-16T20:28:10,-72.112,-33.964,24.1,4.0,mw,,,14.4,,,,,,,,,,,,,,CSN-improved,,slab_interface,24.1834640503,slab_interface,2013-02-16T20:28:10,,,-1
121275,2013-02-17T13:13:24,-72.893,-35.463,15.0,4.2,mw,,,0.0,,,,,,,,,,,,,,CSN-improved,,slab_interface,23.8288593292,slab_interface,2013-02-17T13:13:24,,,-1
121274,2013-02-17T13:53:20,-71.375,-33.415,46.1899,4.4,mw,,,,,,,,,,,,,,,,,CSN-improved,,slab_interface,43.9772605896,slab_interface,2013-02-17T13:53:20,,,-1
121299,2013-02-18T10:00:13,-72.39,-34.05,17.1,5.4,mw,0.01,0.01,0.6,,5.0,18.0,95.0,180.0,72.0,89.0,1.02e+17,4900000000000000.0,-1.06e+17,500000000000000.0,-1.46e+17,-4900000000000000.0,GCMT,,slab_interface,17.9076499939,slab_interface,2013-02-18T10:00:13,,,-1
121300,2013-02-18T10:31:33,-72.122,-33.976,17.3,5.1,mw,,,13.7,,,,,,,,,,,,,,USGS,,slab_interface,24.6784744263,slab_interface,2013-02-18T10:31:33,,,-1
121306,2013-02-18T17:03:01,-72.879,-34.23,22.0,4.0,mw,,,,,,,,,,,,,,,,,ISC,,slab_interface,11.2091226578,slab_interface,2013-02-18T17:03:01,,,-1
121338,2013-02-19T03:38:26,-72.427,-35.866,29.3,4.1,mw,,,3.8,,,,,,,,,,,,,,CSN-improved,,slab_interface,43.0157318115,slab_interface,2013-02-19T03:38:26,,,-1
121336,2013-02-19T22:05:30,-73.668,-37.449,13.2,4.3,mw,,,8.4,,,,,,,,,,,,,,CSN-improved,,slab_interface,23.064994812,slab_interface,2013-02-19T22:05:30,,,-1
121381,2013-02-21T23:50:35,-71.801,-31.335,27.9,4.1,mw,,,5.4,,,,,,,,,,,,,,CSN-improved,,slab_interface,25.3654689789,slab_interface,2013-02-21T23:50:35,,,-1
121486,2013-02-24T03:46:22,-70.695,-20.756,19.2587,4.1,mw,,,,,,,,,,,,,,,,,CSN-improved,,slab_interface,21.786605835,slab_interface,2013-02-24T03:46:22,,,-1
121521,2013-02-25T05:02:29,-71.528,-18.343,31.1,4.4,mw,,,4.4,,,,,,,,,,,,,,CSN-improved,,slab_interface,25.7269973755,slab_interface,2013-02-25T05:02:29,,,-1
121519,2013-02-25T05:02:31,-71.448,-18.238,40.8,4.8,mw,,,7.8,,,,,,,,,,,,,,USGS,,slab_interface,30.8839836121,slab_interface,2013-02-25T05:02:31,,,-1
121541,2013-02-26T03:14:43,-71.435,-27.354,27.0,4.5,mw,,,,,,,,,,,,,,,,,ISC,,slab_interface,14.5471591949,slab_interface,2013-02-26T03:14:43,,,-1
121599,2013-02-28T23:27:07,-71.916,-28.992,7.0,4.1,mw,,,,,,,,,,,,,,,,,ISC,,slab_interface,14.9809122086,slab_interface,2013-02-28T23:27:07,,,-1
121622,2013-03-01T15:39:02,-71.067,-28.108,38.0,4.0,mw,,,,,,,,,,,,,,,,,ISC,,slab_interface,31.2591648102,slab_interface,2013-03-01T15:39:02,,,-1
121623,2013-03-01T17:14:34,-71.812,-32.561,21.83,4.0,mw,,,,,,,,,,,,,,,,,CSN-improved,,slab_interface,27.0791702271,slab_interface,2013-03-01T17:14:34,,,-1
121620,2013-03-01T20:04:15,-72.62,-33.701,2.0,4.2,mw,,,,,,,,,,,,,,,,,ISC,,slab_interface,12.0105829239,slab_interface,2013-03-01T20:04:15,,,-1
121624,2013-03-01T20:04:17,-72.485,-33.704,9.1661,4.0,mw,,,,,,,,,,,,,,,,,CSN-improved,,slab_interface,13.5845127106,slab_interface,2013-03-01T20:04:17,,,-1
121697,2013-03-03T05:17:21,-70.553,-22.482,22.2088,4.4,mw,,,,,,,,,,,,,,,,,CSN-improved,,slab_interface,25.0284385681,slab_interface,2013-03-03T05:17:21,,,-1
121698,2013-03-03T05:17:21,-70.516,-22.463,27.0,4.1,mw,,,,,,,,,,,,,,,,,ISC,,slab_interface,26.3249816895,slab_interface,2013-03-03T05:17:21,,,-1
121701,2013-03-03T06:22:47,-71.247,-17.915,40.0,4.0,mw,,,,,,,,,,,,,,,,,ISC,,slab_interface,48.6254615784,slab_interface,2013-03-03T06:22:47,,,-1
121702,2013-03-03T06:29:09,-70.448,-21.231,37.2939,4.0,mw,,,,,,,,,,,,,,,,,CSN-improved,,slab_interface,27.8688430786,slab_interface,2013-03-03T06:29:09,,,-1
121699,2013-03-03T10:12:23,-70.867,-24.982,32.0,4.1,mw,,,,,,,,,,,,,,,,,ISC,,slab_interface,25.3055648804,slab_interface,2013-03-03T10:12:23,,,-1
121740,2013-03-04T07:50:10,-70.688,-19.556,31.8958,4.1,mw,,,,,,,,,,,,,,,,,CSN-improved,,slab_interface,30.9726448059,slab_interface,2013-03-04T07:50:10,,,-1
121768,2013-03-05T23:45:55,-73.563,-35.893,13.8,4.0,mw,,,9.0,,,,,,,,,,,,,,CSN-improved,,slab_interface,16.3909358978,slab_interface,2013-03-05T23:45:55,,,-1
121803,2013-03-06T14:23:01,-71.326,-18.886,35.0,4.1,mw,,,,,,,,,,,,,,,,,ISC,,slab_interface,21.1358203888,slab_interface,2013-03-06T14:23:01,,,-1
121844,2013-03-07T20:52:59,-71.732,-32.692,21.5,4.8,mw,,,,,,,,,,,,,,,,,USGS,,slab_interface,28.8757305145,slab_interface,2013-03-07T20:52:59,,,-1
122165,2013-03-15T16:30:03,-73.712,-35.912,9.7,4.0,mw,,,14.7,,,,,,,,,,,,,,CSN-improved,,slab_interface,13.9670696259,slab_interface,2013-03-15T16:30:03,,,-1
122160,2013-03-15T17:13:50,-70.249,-19.988,44.5485,4.4,mw,,,,,,,,,,,,,,,,,CSN-improved,,slab_interface,42.2739944458,slab_interface,2013-03-15T17:13:50,,,-1
122164,2013-03-15T17:13:50,-70.2,-19.956,51.0,4.1,mw,,,,,,,,,,,,,,,,,ISC,,slab_interface,44.7842674255,slab_interface,2013-03-15T17:13:50,,,-1
122222,2013-03-17T22:56:30,-70.672,-24.823,43.6,5.3,mw,,,,,,,,,,,,,,,,,USGS,,slab_interface,30.6330509186,slab_interface,2013-03-17T22:56:30,,,-1
122223,2013-03-17T22:56:31,-70.746,-24.868,39.01,4.7,mw,,,,,,,,,,,,,,,,,CSN-improved,,slab_interface,27.7890911102,slab_interface,2013-03-17T22:56:31,,,-1
122263,2013-03-18T09:55:11,-71.44,-33.932,48.0198,4.1,mw,,,,,,,,,,,,,,,,,CSN-improved,,slab_interface,47.0254325867,slab_interface,2013-03-18T09:55:11,,,-1
122253,2013-03-18T19:15:04,-71.8,-32.508,27.3,4.8,mw,,,12.6,,,,,,,,,,,,,,CSN-improved,,slab_interface,27.0367126465,slab_interface,2013-03-18T19:15:04,,,-1
122264,2013-03-18T19:44:14,-71.876,-32.465,12.6276,4.0,mw,,,,,,,,,,,,,,,,,CSN-improved,,slab_interface,23.8646678925,slab_interface,2013-03-18T19:44:14,,,-1
122254,2013-03-18T20:40:10,-72.18,-32.531,8.0,4.6,mw,,,,,,,,,,,,,,,,,ISC,,slab_interface,16.2589550018,slab_interface,2013-03-18T20:40:10,,,-1
122252,2013-03-18T20:40:13,-71.972,-32.508,20.4,5.1,mw,,,5.6,,,,,,,,,,,,,,USGS,,slab_interface,22.4552879333,slab_interface,2013-03-18T20:40:13,,,-1
122257,2013-03-18T20:40:15,-71.854,-32.436,20.6981,4.4,mw,,,,,,,,,,,,,,,,,CSN-improved,,slab_interface,25.3932571411,slab_interface,2013-03-18T20:40:15,,,-1
122405,2013-03-22T22:06:55,-71.609,-30.1,14.0,4.0,mw,,,,,,,,,,,,,,,,,ISC,,slab_interface,28.9933624268,slab_interface,2013-03-22T22:06:55,,,-1
122402,2013-03-22T22:06:58,-71.422,-30.217,42.1265,4.3,mw,,,,,,,,,,,,,,,,,CSN-improved,,slab_interface,37.8312950134,slab_interface,2013-03-22T22:06:58,,,-1
122435,2013-03-23T08:00:12,-74.042,-16.104,35.0,4.5,mw,,,,,,,,,,,,,,,,,USGS,,slab_interface,36.126159668,slab_interface,2013-03-23T08:00:12,,,-1
122439,2013-03-23T13:04:34,-73.228,-35.048,23.4,4.2,mw,,,4.7,,,,,,,,,,,,,,CSN-improved,,slab_interface,12.8649024963,slab_interface,2013-03-23T13:04:34,,,-1
122440,2013-03-23T14:37:15,-71.067,-28.077,38.0,4.1,mw,,,,,,,,,,,,,,,,,ISC,,slab_interface,31.2591648102,slab_interface,2013-03-23T14:37:15,,,-1
122545,2013-03-26T10:52:49,-72.184,-30.304,12.7996,4.0,mw,,,,,,,,,,,,,,,,,CSN-improved,,slab_interface,13.0588293076,slab_interface,2013-03-26T10:52:49,,,-1
122651,2013-03-29T07:31:00,-73.28,-35.44,13.9,5.4,mw,0.01,0.01,0.6,,23.0,19.0,111.0,181.0,72.0,83.0,6.800000000000001e+16,-1.2e+16,-5.600000000000001e+16,-1.7000000000000002e+16,-1.5e+17,-2.7e+16,GCMT,,slab_interface,16.093372345,slab_interface,2013-03-29T07:31:00,,,-1
122663,2013-03-29T20:41:26,-69.947,-21.419,42.7123,4.0,mw,,,,,,,,,,,,,,,,,CSN-improved,,slab_interface,46.1522026062,slab_interface,2013-03-29T20:41:26,,,-1
122742,2013-04-01T18:38:44,-71.563,-30.562,34.0,4.0,mw,,,,,,,,,,,,,,,,,ISC,,slab_interface,32.8706016541,slab_interface,2013-04-01T18:38:44,,,-1
122743,2013-04-01T22:23:28,-71.877,-31.674,13.9218,4.0,mw,,,,,,,,,,,,,,,,,CSN-improved,,slab_interface,22.7516937256,slab_interface,2013-04-01T22:23:28,,,-1
122769,2013-04-02T11:03:59,-70.73,-24.795,27.0,4.3,mw,,,,,,,,,,,,,,,,,ISC,,slab_interface,27.613073349,slab_interface,2013-04-02T11:03:59,,,-1
122843,2013-04-04T11:29:56,-71.532,-32.305,22.8,4.3,mw,,,9.0,,,,,,,,,,,,,,CSN-improved,,slab_interface,36.0118865967,slab_interface,2013-04-04T11:29:56,,,-1
122842,2013-04-04T18:50:16,-73.939,-38.193,31.7,4.4,mw,,,5.0,,,,,,,,,,,,,,CSN-improved,,slab_interface,19.8746547699,slab_interface,2013-04-04T18:50:16,,,-1
122844,2013-04-04T18:50:16,-73.831,-38.099,18.0,4.0,mw,,,,,,,,,,,,,,,,,ISC,,slab_interface,21.413564682,slab_interface,2013-04-04T18:50:16,,,-1
122870,2013-04-05T09:56:45,-71.219,-27.743,23.0,4.0,mw,,,,,,,,,,,,,,,,,ISC,,slab_interface,22.8713359833,slab_interface,2013-04-05T09:56:45,,,-1
122929,2013-04-07T22:36:56,-71.866,-17.555,47.7,4.5,mw,,,999.9,,,,,,,,,,,,,,CSN-improved,,slab_interface,42.5133781433,slab_interface,2013-04-07T22:36:56,,,-1
122991,2013-04-09T16:40:47,-74.635,-38.399,6.2,4.1,mw,,,6.9,,,,,,,,,,,,,,CSN-improved,,slab_interface,9.86487770081,slab_interface,2013-04-09T16:40:47,,,-1
123097,2013-04-12T10:15:10,-71.461,-31.999,34.003,4.0,mw,,,,,,,,,,,,,,,,,CSN-improved,,slab_interface,40.1530380249,slab_interface,2013-04-12T10:15:10,,,-1
123129,2013-04-14T21:50:43,-71.847,-30.735,12.6,4.5,mw,,,3.6,,,,,,,,,,,,,,CSN-improved,,slab_interface,22.411365509,slab_interface,2013-04-14T21:50:43,,,-1
123130,2013-04-14T21:50:43,-71.882,-30.729,10.0,4.2,mw,,,,,,,,,,,,,,,,,ISC,,slab_interface,20.8994407654,slab_interface,2013-04-14T21:50:43,,,-1
123181,2013-04-16T06:39:48,-71.978,-34.88,35.0,5.1,mw,,,6.6,,,,,,,,,,,,,,CSN-improved,,slab_interface,40.7079582214,slab_interface,2013-04-16T06:39:48,,,-1
123183,2013-04-16T06:39:53,-71.831,-34.724,43.0,4.8,mw,,,,,,,,,,,,,,,,,ISC,,slab_interface,42.7270889282,slab_interface,2013-04-16T06:39:53,,,-1
123191,2013-04-16T19:24:22,-70.592,-23.415,26.9334,4.0,mw,,,,,,,,,,,,,,,,,CSN-improved,,slab_interface,26.1409034729,slab_interface,2013-04-16T19:24:22,,,-1
123260,2013-04-18T22:33:00,-71.527,-32.719,28.1651,4.1,mw,,,,,,,,,,,,,,,,,CSN-improved,,slab_interface,36.1808013916,slab_interface,2013-04-18T22:33:00,,,-1
123298,2013-04-19T23:10:46,-70.83,-27.933,50.2,4.0,mw,,,9.1,,,,,,,,,,,,,,CSN-improved,,slab_interface,37.7221565247,slab_interface,2013-04-19T23:10:46,,,-1
123332,2013-04-20T14:09:11,-74.113,-36.105,22.6,5.1,mw,,,,,,,,,,,,,,,,,USGS,,slab_interface,10.0192136765,slab_interface,2013-04-20T14:09:11,,,-1
123334,2013-04-20T14:09:12,-74.052,-36.142,10.1,4.8,mw,,,7.5,,,,,,,,,,,,,,CSN-improved,,slab_interface,10.8177518845,slab_interface,2013-04-20T14:09:12,,,-1
123368,2013-04-21T09:06:03,-71.596,-32.492,24.3757,4.1,mw,,,,,,,,,,,,,,,,,CSN-improved,,slab_interface,34.1357727051,slab_interface,2013-04-21T09:06:03,,,-1
123369,2013-04-21T13:57:48,-72.894,-35.267,13.52,4.1,mw,,,,,,,,,,,,,,,,,CSN-improved,,slab_interface,20.985666275,slab_interface,2013-04-21T13:57:48,,,-1
123421,2013-04-23T18:52:24,-74.026,-38.184,13.8,4.0,mw,,,7.6,,,,,,,,,,,,,,CSN-improved,,slab_interface,18.0772857666,slab_interface,2013-04-23T18:52:24,,,-1
123494,2013-04-25T11:22:56,-71.684,-29.375,7.0,4.0,mw,,,,,,,,,,,,,,,,,ISC,,slab_interface,21.8278541565,slab_interface,2013-04-25T11:22:56,,,-1
123662,2013-04-29T14:27:24,-71.926,-34.909,56.0493,4.2,mw,,,,,,,,,,,,,,,,,CSN-improved,,slab_interface,42.5598182678,slab_interface,2013-04-29T14:27:24,,,-1
123689,2013-04-30T00:28:07,-72.608,-33.802,2.5196,4.4,mw,,,,,,,,,,,,,,,,,CSN-improved,,slab_interface,12.5405359268,slab_interface,2013-04-30T00:28:07,,,-1
123822,2013-05-04T03:12:03,-72.865,-36.888,31.1814,4.5,mw,,,,,,,,,,,,,,,,,CSN-improved,,slab_interface,41.4413528442,slab_interface,2013-05-04T03:12:03,,,-1
123824,2013-05-04T03:12:06,-72.821,-36.851,56.0,4.1,mw,,,,,,,,,,,,,,,,,ISC,,slab_interface,42.8231773376,slab_interface,2013-05-04T03:12:06,,,-1
123825,2013-05-04T07:23:57,-73.094,-35.494,24.9,4.0,mw,,,13.0,,,,,,,,,,,,,,CSN-improved,,slab_interface,20.3063564301,slab_interface,2013-05-04T07:23:57,,,-1
123857,2013-05-05T21:51:26,-74.276,-40.573,26.0,4.2,mw,,,0.0,,,,,,,,,,,,,,CSN-improved,,slab_interface,17.9187393188,slab_interface,2013-05-05T21:51:26,,,-1
123854,2013-05-05T21:51:27,-74.185,-40.373,24.7,4.7,mw,,,10.1,,,,,,,,,,,,,,USGS,,slab_interface,19.7312107086,slab_interface,2013-05-05T21:51:27,,,-1
124024,2013-05-10T15:43:21,-70.338,-22.075,36.3402,4.1,mw,,,,,,,,,,,,,,,,,CSN-improved,,slab_interface,30.4638328552,slab_interface,2013-05-10T15:43:21,,,-1
124119,2013-05-13T04:38:02,-71.675,-32.089,16.0,4.2,mw,,,,,,,,,,,,,,,,,ISC,,slab_interface,30.1407432556,slab_interface,2013-05-13T04:38:02,,,-1
124154,2013-05-14T20:04:24,-70.895,-19.817,20.6722,4.0,mw,,,,,,,,,,,,,,,,,CSN-improved,,slab_interface,22.4862670898,slab_interface,2013-05-14T20:04:24,,,-1
124186,2013-05-15T05:08:01,-74.151,-37.575,8.9,4.4,mw,,,5.2,,,,,,,,,,,,,,CSN-improved,,slab_interface,14.9301652908,slab_interface,2013-05-15T05:08:01,,,-1
124190,2013-05-15T05:08:07,-73.745,-37.571,35.0,4.1,mw,,,,,,,,,,,,,,,,,ISC,,slab_interface,21.4803943634,slab_interface,2013-05-15T05:08:07,,,-1
124185,2013-05-15T16:31:23,-71.2,-18.421,41.3,4.7,mw,,,,,,,,,,,,,,,,,USGS,,slab_interface,34.7620506287,slab_interface,2013-05-15T16:31:23,,,-1
124188,2013-05-15T16:31:24,-71.196,-18.385,46.4,4.4,mw,,,3.0,,,,,,,,,,,,,,CSN-improved,,slab_interface,34.7620506287,slab_interface,2013-05-15T16:31:24,,,-1
124425,2013-05-22T17:55:25,-71.569,-28.078,6.0,4.0,mw,,,,,,,,,,,,,,,,,ISC,,slab_interface,16.4312744141,slab_interface,2013-05-22T17:55:25,,,-1
124452,2013-05-23T11:04:02,-71.607,-34.035,37.0,5.2,mw,,,,,,,,,,,,,,,,,ISC,,slab_interface,42.2124938965,slab_interface,2013-05-23T11:04:02,,,-1
124587,2013-05-27T09:01:47,-70.109,-24.566,55.95,5.0,mw,,,,,,,,,,,,,,,,,CSN-improved,,slab_interface,47.7524375916,slab_interface,2013-05-27T09:01:47,,,-1
124591,2013-05-27T10:22:17,-71.96,-33.571,22.8555,4.4,mw,,,,,,,,,,,,,,,,,CSN-improved,,slab_interface,25.1545372009,slab_interface,2013-05-27T10:22:17,,,-1
124637,2013-05-29T07:52:50,-71.398,-29.893,48.8702,4.0,mw,,,,,,,,,,,,,,,,,CSN-improved,,slab_interface,36.1612739563,slab_interface,2013-05-29T07:52:50,,,-1
124649,2013-05-30T21:17:16,-70.96,-23.619,14.6012,4.2,mw,,,,,,,,,,,,,,,,,CSN-improved,,slab_interface,18.0094032288,slab_interface,2013-05-30T21:17:16,,,-1
124672,2013-05-31T10:51:46,-71.879,-34.779,47.2789,4.0,mw,,,,,,,,,,,,,,,,,CSN-improved,,slab_interface,42.6123313904,slab_interface,2013-05-31T10:51:46,,,-1
124701,2013-06-01T15:04:31,-71.486,-30.697,47.3,4.0,mw,,,6.3,,,,,,,,,,,,,,CSN-improved,,slab_interface,35.5739936829,slab_interface,2013-06-01T15:04:31,,,-1
124750,2013-06-03T03:55:26,-72.074,-31.514,5.0,4.2,mw,,,,,,,,,,,,,,,,,ISC,,slab_interface,18.3295612335,slab_interface,2013-06-03T03:55:26,,,-1
124749,2013-06-03T10:31:53,-71.219,-27.04,25.0,4.3,mw,,,,,,,,,,,,,,,,,ISC,,slab_interface,18.7778778076,slab_interface,2013-06-03T10:31:53,,,-1
124782,2013-06-04T05:01:35,-71.85,-34.851,59.7052,4.8,mw,,,,,,,,,,,,,,,,,CSN-improved,,slab_interface,45.4616317749,slab_interface,2013-06-04T05:01:35,,,-1
124778,2013-06-04T05:01:37,-71.801,-34.675,43.5,5.1,mw,,,6.3,,,,,,,,,,,,,,USGS,,slab_interface,43.7777023315,slab_interface,2013-06-04T05:01:37,,,-1
124814,2013-06-05T13:37:26,-73.234,-35.822,29.7679,4.4,mw,,,,,,,,,,,,,,,,,CSN-improved,,slab_interface,21.0366859436,slab_interface,2013-06-05T13:37:26,,,-1
124815,2013-06-05T15:11:19,-73.362,-35.618,29.8,4.3,mw,,,4.3,,,,,,,,,,,,,,CSN-improved,,slab_interface,16.8793525696,slab_interface,2013-06-05T15:11:19,,,-1
124844,2013-06-06T06:40:03,-71.529,-32.543,25.0569,4.8,mw,,,,,,,,,,,,,,,,,CSN-improved,,slab_interface,36.0971603394,slab_interface,2013-06-06T06:40:03,,,-1
124847,2013-06-06T21:20:32,-73.001,-34.071,19.8,4.7,mw,,,,,,,,,,,,,,,,,USGS,,slab_interface,8.97336864471,slab_interface,2013-06-06T21:20:32,,,-1
124869,2013-06-07T06:28:15,-71.701,-32.561,25.9694,4.5,mw,,,,,,,,,,,,,,,,,CSN-improved,,slab_interface,30.4841384888,slab_interface,2013-06-07T06:28:15,,,-1
124873,2013-06-07T06:45:24,-71.706,-32.63,24.9654,4.0,mw,,,,,,,,,,,,,,,,,CSN-improved,,slab_interface,30.5613155365,slab_interface,2013-06-07T06:45:24,,,-1
124907,2013-06-08T03:19:30,-72.563,-36.171,40.7,4.2,mw,,,7.4,,,,,,,,,,,,,,CSN-improved,,slab_interface,44.4554519653,slab_interface,2013-06-08T03:19:30,,,-1
125005,2013-06-11T10:58:55,-71.386,-28.766,16.9726,4.4,mw,,,,,,,,,,,,,,,,,CSN-improved,,slab_interface,26.302947998,slab_interface,2013-06-11T10:58:55,,,-1
125010,2013-06-11T22:07:11,-71.984,-33.845,8.9,4.0,mw,,,10.4,,,,,,,,,,,,,,CSN-improved,,slab_interface,26.0512218475,slab_interface,2013-06-11T22:07:11,,,-1
125045,2013-06-12T20:19:09,-70.995,-27.912,39.5722,4.0,mw,,,,,,,,,,,,,,,,,CSN-improved,,slab_interface,31.0333786011,slab_interface,2013-06-12T20:19:09,,,-1
125078,2013-06-13T09:44:28,-71.259,-29.79,46.0,4.4,mw,,,1.6,,,,,,,,,,,,,,CSN-improved,,slab_interface,42.2746658325,slab_interface,2013-06-13T09:44:28,,,-1
125081,2013-06-13T09:44:28,-71.557,-29.782,23.0,4.0,mw,,,,,,,,,,,,,,,,,ISC,,slab_interface,29.4393196106,slab_interface,2013-06-13T09:44:28,,,-1
125133,2013-06-15T20:46:43,-70.18,-24.036,30.0,4.2,mw,,,,,,,,,,,,,,,,,ISC,,slab_interface,41.3479118347,slab_interface,2013-06-15T20:46:43,,,-1
125163,2013-06-16T04:19:32,-74.225,-41.024,34.7,4.5,mw,,,9.3,,,,,,,,,,,,,,CSN-improved,,slab_interface,19.8999958038,slab_interface,2013-06-16T04:19:32,,,-1
125240,2013-06-19T05:24:27,-71.797,-30.735,33.2,4.4,mw,,,5.5,,,,,,,,,,,,,,CSN-improved,,slab_interface,24.0231132507,slab_interface,2013-06-19T05:24:27,,,-1
125241,2013-06-19T13:48:38,-71.2,-29.62,50.4,4.2,mw,,,2.6,,,,,,,,,,,,,,CSN-improved,,slab_interface,43.1004333496,slab_interface,2013-06-19T13:48:38,,,-1
125244,2013-06-19T14:53:34,-71.46,-30.055,47.7,4.0,mw,,,3.7,,,,,,,,,,,,,,CSN-improved,,slab_interface,34.8412742615,slab_interface,2013-06-19T14:53:34,,,-1
125237,2013-06-19T15:24:31,-71.459,-30.013,27.4,5.2,mw,,,4.9,,,,,,,,,,,,,,USGS,,slab_interface,34.5722312927,slab_interface,2013-06-19T15:24:31,,,-1
125239,2013-06-19T15:24:33,-71.185,-29.975,51.1,4.6,mw,,,2.2,,,,,,,,,,,,,,CSN-improved,,slab_interface,45.9311408997,slab_interface,2013-06-19T15:24:33,,,-1
125296,2013-06-21T09:47:03,-71.65,-30.43,27.7329,4.0,mw,,,,,,,,,,,,,,,,,CSN-improved,,slab_interface,28.494052887,slab_interface,2013-06-21T09:47:03,,,-1
125365,2013-06-24T02:18:12,-74.089,-37.548,24.0,4.0,mw,,,7.7,,,,,,,,,,,,,,CSN-improved,,slab_interface,15.5670337677,slab_interface,2013-06-24T02:18:12,,,-1
125364,2013-06-24T10:07:09,-74.355,-37.368,10.3,4.2,mw,,,8.4,,,,,,,,,,,,,,CSN-improved,,slab_interface,11.6588773727,slab_interface,2013-06-24T10:07:09,,,-1
125415,2013-06-26T08:39:50,-72.649,-32.877,1.0,4.0,mw,,,,,,,,,,,,,,,,,ISC,,slab_interface,9.18888759613,slab_interface,2013-06-26T08:39:50,,,-1
125416,2013-06-26T08:39:56,-71.978,-32.203,15.3494,4.0,mw,,,,,,,,,,,,,,,,,CSN-improved,,slab_interface,20.7636089325,slab_interface,2013-06-26T08:39:56,,,-1
125413,2013-06-26T15:47:06,-71.07,-27.607,29.0,4.4,mw,,,3.5,,,,,,,,,,,,,,USGS,,slab_interface,26.5509910583,slab_interface,2013-06-26T15:47:06,,,-1
125418,2013-06-26T22:18:36,-71.32,-18.188,47.0,4.0,mw,,,4.4,,,,,,,,,,,,,,CSN-improved,,slab_interface,36.9007034302,slab_interface,2013-06-26T22:18:36,,,-1
125461,2013-06-27T23:23:41,-71.497,-29.584,35.0,5.0,mw,,,2.9,,,,,,,,,,,,,,USGS,,slab_interface,30.2031002045,slab_interface,2013-06-27T23:23:41,,,-1
125495,2013-06-28T02:08:15,-71.575,-29.825,34.0,4.5,mw,,,3.1,,,,,,,,,,,,,,CSN-improved,,slab_interface,29.4393196106,slab_interface,2013-06-28T02:08:15,,,-1
125572,2013-07-01T10:17:52,-72.452,-31.369,7.0,4.0,mw,,,,,,,,,,,,,,,,,ISC,,slab_interface,10.5767621994,slab_interface,2013-07-01T10:17:52,,,-1
125634,2013-07-03T05:27:10,-72.126,-32.958,18.7483,4.0,mw,,,,,,,,,,,,,,,,,CSN-improved,,slab_interface,17.834810257,slab_interface,2013-07-03T05:27:10,,,-1
125632,2013-07-03T07:43:08,-74.075,-38.736,16.3,4.4,mw,,,7.8,,,,,,,,,,,,,,CSN-improved,,slab_interface,19.6084213257,slab_interface,2013-07-03T07:43:08,,,-1
125631,2013-07-03T07:43:20,-73.831,-37.992,10.0,4.4,mw,,,,,,,,,,,,,,,,,ISC,,slab_interface,21.05950737,slab_interface,2013-07-03T07:43:20,,,-1
125630,2013-07-03T10:40:36,-70.746,-19.299,25.3779,4.9,mw,,,,,,,,,,,,,,,,,CSN-improved,,slab_interface,32.630657196,slab_interface,2013-07-03T10:40:36,,,-1
125659,2013-07-04T22:01:24,-70.428,-25.868,47.0,4.6,mw,,,,,,,,,,,,,,,,,USGS,,slab_interface,40.9125900269,slab_interface,2013-07-04T22:01:24,,,-1
125661,2013-07-04T22:01:25,-70.36,-25.898,47.0022,4.2,mw,,,,,,,,,,,,,,,,,CSN-improved,,slab_interface,45.3225326538,slab_interface,2013-07-04T22:01:25,,,-1
125662,2013-07-04T23:20:44,-71.607,-29.765,40.4,4.1,mw,,,3.5,,,,,,,,,,,,,,CSN-improved,,slab_interface,27.3127155304,slab_interface,2013-07-04T23:20:44,,,-1
125690,2013-07-05T22:27:55,-71.306,-29.688,50.0,4.0,mw,,,,,,,,,,,,,,,,,ISC,,slab_interface,39.3001251221,slab_interface,2013-07-05T22:27:55,,,-1
125713,2013-07-06T09:46:43,-70.312,-19.976,39.0844,4.0,mw,,,,,,,,,,,,,,,,,CSN-improved,,slab_interface,40.310218811,slab_interface,2013-07-06T09:46:43,,,-1
125757,2013-07-08T13:43:32,-72.154,-34.151,11.3,5.0,mw,,,2.6,,,,,,,,,,,,,,USGS,,slab_interface,24.8983020782,slab_interface,2013-07-08T13:43:32,,,-1
125795,2013-07-09T00:29:09,-70.629,-25.998,43.3,4.9,mw,,,,,,,,,,,,,,,,,USGS,,slab_interface,33.0721855164,slab_interface,2013-07-09T00:29:09,,,-1
125796,2013-07-09T11:01:24,-72.411,-34.814,24.7,4.5,mw,,,3.5,,,,,,,,,,,,,,CSN-improved,,slab_interface,26.4006614685,slab_interface,2013-07-09T11:01:24,,,-1
125851,2013-07-11T06:25:54,-73.518,-35.853,23.7,4.4,mw,,,6.8,,,,,,,,,,,,,,CSN-improved,,slab_interface,16.8051834106,slab_interface,2013-07-11T06:25:54,,,-1
125919,2013-07-13T06:39:36,-72.003,-34.427,32.5065,4.0,mw,,,,,,,,,,,,,,,,,CSN-improved,,slab_interface,33.2953071594,slab_interface,2013-07-13T06:39:36,,,-1
125934,2013-07-14T02:12:10,-72.865,-35.636,27.6,4.7,mw,,,,,,,,,,,,,,,,,USGS,,slab_interface,28.0613384247,slab_interface,2013-07-14T02:12:10,,,-1
125935,2013-07-14T02:12:10,-72.801,-35.675,28.72,4.4,mw,,,,,,,,,,,,,,,,,CSN-improved,,slab_interface,29.3322486877,slab_interface,2013-07-14T02:12:10,,,-1
125936,2013-07-14T21:56:08,-71.464,-28.591,20.0888,4.4,mw,,,,,,,,,,,,,,,,,CSN-improved,,slab_interface,23.1601028442,slab_interface,2013-07-14T21:56:08,,,-1
126076,2013-07-18T02:07:30,-70.509,-20.674,48.4,4.3,mw,,,276.3,,,,,,,,,,,,,,CSN-improved,,slab_interface,28.2783222198,slab_interface,2013-07-18T02:07:30,,,-1
126106,2013-07-19T00:46:28,-70.832,-20.228,20.2391,4.5,mw,,,,,,,,,,,,,,,,,CSN-improved,,slab_interface,20.3863945007,slab_interface,2013-07-19T00:46:28,,,-1
126109,2013-07-19T03:52:10,-70.872,-20.255,9.0,4.1,mw,,,,,,,,,,,,,,,,,ISC,,slab_interface,20.3863945007,slab_interface,2013-07-19T03:52:10,,,-1
126108,2013-07-19T03:52:12,-70.868,-20.221,24.3552,4.3,mw,,,,,,,,,,,,,,,,,CSN-improved,,slab_interface,20.7109947205,slab_interface,2013-07-19T03:52:12,,,-1
126143,2013-07-20T01:16:35,-71.527,-27.909,15.1,4.0,mw,,,9.3,,,,,,,,,,,,,,CSN-improved,,slab_interface,15.2086219788,slab_interface,2013-07-20T01:16:35,,,-1
126211,2013-07-22T00:02:43,-73.586,-36.527,11.6,5.1,mw,,,,,,,,,,,,,,,,,USGS,,slab_interface,20.2910137177,slab_interface,2013-07-22T00:02:43,,,-1
126212,2013-07-22T00:02:44,-73.586,-36.527,11.6,4.4,mw,,,3.0,,,,,,,,,,,,,,CSN-improved,,slab_interface,20.2910137177,slab_interface,2013-07-22T00:02:44,,,-1
126214,2013-07-22T16:12:08,-70.529,-22.469,25.071,4.0,mw,,,,,,,,,,,,,,,,,CSN-improved,,slab_interface,24.928150177,slab_interface,2013-07-22T16:12:08,,,-1
126238,2013-07-23T17:27:19,-71.12,-20.19,24.3,5.1,mw,0.02,0.02,0.7,,343.0,32.0,81.0,174.0,59.0,96.0,4.61e+16,160000000000000.0,-4.62e+16,190000000000000.0,-2.43e+16,1.01e+16,GCMT,,slab_interface,15.0460596085,slab_interface,2013-07-23T17:27:19,,,-1
126250,2013-07-23T20:10:21,-70.849,-20.215,22.1,4.0,mw,,,4.1,,,,,,,,,,,,,,CSN-improved,,slab_interface,20.7109947205,slab_interface,2013-07-23T20:10:21,,,-1
126245,2013-07-23T20:16:22,-70.854,-20.263,11.1,4.6,mw,,,5.4,,,,,,,,,,,,,,CSN-improved,,slab_interface,20.3863945007,slab_interface,2013-07-23T20:16:22,,,-1
126242,2013-07-23T21:12:20,-70.921,-20.213,20.4927,4.8,mw,,,,,337.0,26.0,77.0,172.0,64.0,96.0,2.76e+16,-1480000000000000.0,-2.62e+16,1400000000000000.2,-2.21e+16,7340000000000000.0,CSN-improved,,slab_interface,19.4568786621,slab_interface,2013-07-23T21:12:20,,,-1
126239,2013-07-23T21:12:25,-71.13,-20.16,24.9,5.0,mw,0.03,0.02,1.2,,337.0,26.0,77.0,172.0,64.0,96.0,2.76e+16,-1480000000000000.0,-2.62e+16,1400000000000000.2,-2.21e+16,7340000000000000.0,GCMT,,slab_interface,14.3563537598,slab_interface,2013-07-23T21:12:25,,,-1
126243,2013-07-23T21:30:18,-70.886,-20.21,20.897,4.8,mw,,,,,,,,,,,,,,,,,CSN-improved,,slab_interface,19.4568786621,slab_interface,2013-07-23T21:30:18,,,-1
126246,2013-07-23T22:36:51,-70.899,-20.22,22.2277,4.4,mw,,,,,,,,,,,,,,,,,CSN-improved,,slab_interface,19.4568786621,slab_interface,2013-07-23T22:36:51,,,-1
126278,2013-07-24T01:59:50,-71.944,-30.695,6.0,4.2,mw,,,,,,,,,,,,,,,,,ISC,,slab_interface,19.3805351257,slab_interface,2013-07-24T01:59:50,,,-1
126276,2013-07-24T13:29:58,-71.15,-20.11,22.3,5.0,mw,0.03,0.03,1.4,,348.0,30.0,85.0,174.0,60.0,93.0,3.05e+16,-1460000000000000.0,-2.9e+16,870000000000000.0,-1.76e+16,4340000000000000.0,GCMT,,slab_interface,14.6346225739,slab_interface,2013-07-24T13:29:58,,,-1
126311,2013-07-25T14:27:27,-71.803,-31.023,31.4133,4.3,mw,,,,,,,,,,,,,,,,,CSN-improved,,slab_interface,24.6087226868,slab_interface,2013-07-25T14:27:27,,,-1
126310,2013-07-25T17:26:32,-72.25,-31.497,3.0,4.3,mw,,,,,,,,,,,,,,,,,ISC,,slab_interface,13.9918422699,slab_interface,2013-07-25T17:26:32,,,-1
126309,2013-07-25T17:26:33,-72.087,-31.514,6.9,4.8,mw,,,4.0,,,,,,,,,,,,,,USGS,,slab_interface,17.1280612946,slab_interface,2013-07-25T17:26:33,,,-1
126344,2013-07-26T04:06:22,-70.557,-19.947,23.8,4.8,mw,,,,,,,,,,,,,,,,,USGS,,slab_interface,31.668138504,slab_interface,2013-07-26T04:06:22,,,-1
126346,2013-07-26T04:06:22,-70.579,-19.955,22.5967,4.4,mw,,,,,,,,,,,,,,,,,CSN-improved,,slab_interface,30.0014610291,slab_interface,2013-07-26T04:06:22,,,-1
126345,2013-07-26T09:50:20,-71.879,-34.68,38.4301,4.6,mw,,,,,,,,,,,,,,,,,CSN-improved,,slab_interface,40.8362693787,slab_interface,2013-07-26T09:50:20,,,-1
126348,2013-07-26T09:50:20,-72.067,-34.665,31.0,4.3,mw,,,,,,,,,,,,,,,,,ISC,,slab_interface,34.6786689758,slab_interface,2013-07-26T09:50:20,,,-1
126385,2013-07-27T00:02:10,-72.32,-29.7,2.0,4.1,mw,,,,,,,,,,,,,,,,,ISC,,slab_interface,10.530330658,slab_interface,2013-07-27T00:02:10,,,-1
126384,2013-07-27T10:34:02,-71.925,-34.767,27.9,4.8,mw,,,5.5,,,,,,,,,,,,,,CSN-improved,,slab_interface,39.8595161438,slab_interface,2013-07-27T10:34:02,,,-1
126419,2013-07-28T02:04:48,-72.108,-29.778,9.5,4.5,mw,,,2.5,,,,,,,,,,,,,,USGS,,slab_interface,13.9369707108,slab_interface,2013-07-28T02:04:48,,,-1
126422,2013-07-28T02:04:48,-72.139,-29.772,5.0,4.1,mw,,,,,,,,,,,,,,,,,ISC,,slab_interface,12.9212751389,slab_interface,2013-07-28T02:04:48,,,-1
126424,2013-07-28T02:04:49,-72.222,-29.757,16.5355,4.1,mw,,,,,,,,,,,,,,,,,CSN-improved,,slab_interface,12.0917749405,slab_interface,2013-07-28T02:04:49,,,-1
126482,2013-07-30T04:53:29,-73.57,-36.143,31.7,4.1,mw,,,4.2,,,,,,,,,,,,,,CSN-improved,,slab_interface,18.5102577209,slab_interface,2013-07-30T04:53:29,,,-1
126480,2013-07-30T07:21:21,-74.147,-41.555,11.3,4.3,mw,,,5.3,,,,,,,,,,,,,,CSN-improved,,slab_interface,24.1919708252,slab_interface,2013-07-30T07:21:21,,,-1
126518,2013-07-31T15:05:18,-71.94,-32.572,8.0,4.0,mw,,,,,,,,,,,,,,,,,ISC,,slab_interface,22.5020484924,slab_interface,2013-07-31T15:05:18,,,-1
126581,2013-08-02T06:13:12,-71.918,-29.45,20.2,5.0,mw,,,3.8,0.173,,,,,,,,,,,,,USGS,,slab_interface,17.0468387604,slab_interface,2013-08-02T06:13:12,,,-1
126586,2013-08-02T06:13:13,-71.901,-29.449,23.08,4.5,mw,,,,,,,,,,,,,,,,,CSN-improved,,slab_interface,17.0468387604,slab_interface,2013-08-02T06:13:13,,,-1
126588,2013-08-02T13:57:17,-72.154,-34.461,30.4295,4.4,mw,,,,,,,,,,,,,,,,,CSN-improved,,slab_interface,28.5802097321,slab_interface,2013-08-02T13:57:17,,,-1
126594,2013-08-02T16:24:51,-70.377,-20.534,37.8,4.0,mw,,,2.1,,,,,,,,,,,,,,CSN-improved,,slab_interface,32.2612113953,slab_interface,2013-08-02T16:24:51,,,-1
126621,2013-08-03T03:15:04,-71.806,-30.657,30.1,4.0,mw,,,9.0,,,,,,,,,,,,,,CSN-improved,,slab_interface,23.7699718475,slab_interface,2013-08-03T03:15:04,,,-1
126650,2013-08-04T15:27:39,-71.797,-32.504,34.6,5.1,mw,,,2.4,0.207,,,,,,,,,,,,,USGS,,slab_interface,27.0367126465,slab_interface,2013-08-04T15:27:39,,,-1
126652,2013-08-04T15:27:40,-71.825,-32.504,23.5854,4.4,mw,,,,,,,,,,,,,,,,,CSN-improved,,slab_interface,27.0367126465,slab_interface,2013-08-04T15:27:40,,,-1
126693,2013-08-05T05:08:41,-73.937,-38.118,18.0,4.0,mw,,,,,,,,,,,,,,,,,ISC,,slab_interface,19.5449295044,slab_interface,2013-08-05T05:08:41,,,-1
126682,2013-08-05T05:41:02,-71.01,-20.14,22.8,5.3,mw,0.01,0.01,0.6,,356.0,27.0,97.0,168.0,63.0,86.0,8.85e+16,1.22e+16,-1.01e+17,1.7000000000000002e+16,-6.850000000000001e+16,1.77e+16,GCMT,,slab_interface,17.4361763,slab_interface,2013-08-05T05:41:02,,,-1
126690,2013-08-05T06:41:05,-72.921,-35.64,18.98,4.3,mw,,,,,,,,,,,,,,,,,CSN-improved,,slab_interface,26.8303489685,slab_interface,2013-08-05T06:41:05,,,-1
126686,2013-08-05T06:46:05,-73.823,-38.434,26.3922,4.6,mw,,,,,,,,,,,,,,,,,CSN-improved,,slab_interface,23.8126945496,slab_interface,2013-08-05T06:46:05,,,-1
126757,2013-08-07T22:42:16,-71.384,-28.036,25.0,4.1,mw,,,11.6,,,,,,,,,,,,,,CSN-improved,,slab_interface,19.60496521,slab_interface,2013-08-07T22:42:16,,,-1
126785,2013-08-08T17:51:56,-71.685,-30.737,27.5739,4.0,mw,,,,,,,,,,,,,,,,,CSN-improved,,slab_interface,27.5486850739,slab_interface,2013-08-08T17:51:56,,,-1
126782,2013-08-08T18:16:06,-71.606,-30.742,40.0,4.6,mw,,,5.8,,,,,,,,,,,,,,CSN-improved,,slab_interface,31.4673957825,slab_interface,2013-08-08T18:16:06,,,-1
126800,2013-08-09T20:20:13,-70.376,-22.63,34.8,4.4,mw,,,3.6,,,,,,,,,,,,,,CSN-improved,,slab_interface,29.6952877045,slab_interface,2013-08-09T20:20:13,,,-1
126884,2013-08-13T06:43:28,-73.684,-35.939,29.0545,4.4,mw,,,,,,,,,,,,,,,,,CSN-improved,,slab_interface,14.3438959122,slab_interface,2013-08-13T06:43:28,,,-1
126932,2013-08-15T00:31:47,-70.861,-20.122,14.6,4.0,mw,,,91.7,,,,,,,,,,,,,,CSN-improved,,slab_interface,21.4027614594,slab_interface,2013-08-15T00:31:47,,,-1
126927,2013-08-15T10:26:46,-71.706,-32.514,43.7015,5.1,mw,,,,,,,,,,,,,,,,,CSN-improved,,slab_interface,30.4482765198,slab_interface,2013-08-15T10:26:46,,,-1
126926,2013-08-15T11:13:46,-74.033,-37.051,19.1928,5.2,mw,,,,,,,,,,,,,,,,,CSN-improved,,slab_interface,14.9033699036,slab_interface,2013-08-15T11:13:46,,,-1
126929,2013-08-15T11:13:47,-73.861,-36.897,10.0,4.7,mw,,,,,,,,,,,,,,,,,ISC,,slab_interface,17.4623908997,slab_interface,2013-08-15T11:13:47,,,-1
126928,2013-08-15T11:13:50,-73.672,-36.898,28.26,4.9,mw,,,3.3,0.171,,,,,,,,,,,,,USGS,,slab_interface,21.0586128235,slab_interface,2013-08-15T11:13:50,,,-1
126931,2013-08-15T13:17:30,-70.941,-20.104,11.0,4.2,mw,,,,,,,,,,,,,,,,,ISC,,slab_interface,18.9102344513,slab_interface,2013-08-15T13:17:30,,,-1
126930,2013-08-15T13:17:33,-70.876,-20.102,23.6193,4.7,mw,,,,,,,,,,,,,,,,,CSN-improved,,slab_interface,20.1263484955,slab_interface,2013-08-15T13:17:33,,,-1
126962,2013-08-16T06:51:08,-70.879,-20.114,9.0,4.4,mw,,,,,,,,,,,,,,,,,ISC,,slab_interface,20.1263484955,slab_interface,2013-08-16T06:51:08,,,-1
126961,2013-08-16T06:51:10,-70.836,-20.101,21.433,4.7,mw,,,,,,,,,,,,,,,,,CSN-improved,,slab_interface,21.4027614594,slab_interface,2013-08-16T06:51:10,,,-1
126960,2013-08-16T06:51:13,-70.643,-20.151,35.7,4.9,mw,,,4.6,0.205,,,,,,,,,,,,,USGS,,slab_interface,26.7245903015,slab_interface,2013-08-16T06:51:13,,,-1
127053,2013-08-19T19:21:55,-72.129,-34.715,18.9621,4.4,mw,,,,,,,,,,,,,,,,,CSN-improved,,slab_interface,32.2007484436,slab_interface,2013-08-19T19:21:55,,,-1
127070,2013-08-20T09:19:01,-73.313,-35.396,25.9,4.1,mw,,,9.7,,,,,,,,,,,,,,CSN-improved,,slab_interface,15.5576143265,slab_interface,2013-08-20T09:19:01,,,-1
127072,2013-08-20T23:24:39,-70.854,-27.325,35.0,4.0,mw,,,4.3,,,,,,,,,,,,,,CSN-improved,,slab_interface,31.7068080902,slab_interface,2013-08-20T23:24:39,,,-1
127097,2013-08-21T03:25:13,-70.25,-25.268,33.4,4.4,mw,,,2.6,,,,,,,,,,,,,,CSN-improved,,slab_interface,46.5742835999,slab_interface,2013-08-21T03:25:13,,,-1
127102,2013-08-21T05:29:54,-73.722,-36.22,7.2,4.0,mw,,,2.2,,,,,,,,,,,,,,CSN-improved,,slab_interface,16.1601352692,slab_interface,2013-08-21T05:29:54,,,-1
127170,2013-08-24T14:00:07,-70.538,-19.612,33.0,4.1,mw,,,,,,,,,,,,,,,,,ISC,,slab_interface,35.4530715942,slab_interface,2013-08-24T14:00:07,,,-1
127168,2013-08-24T15:04:00,-73.649,-17.187,20.0,4.4,mw,,,0.0,,,,,,,,,,,,,,CSN-improved,,slab_interface,13.4492025375,slab_interface,2013-08-24T15:04:00,,,-1
127169,2013-08-24T15:04:11,-73.099,-17.208,35.0,4.2,mw,,,,,,,,,,,,,,,,,ISC,,slab_interface,21.685760498,slab_interface,2013-08-24T15:04:11,,,-1
127221,2013-08-26T10:03:41,-72.069,-33.643,23.9354,4.0,mw,,,,,,,,,,,,,,,,,CSN-improved,,slab_interface,23.0229587555,slab_interface,2013-08-26T10:03:41,,,-1
127218,2013-08-26T11:59:14,-70.892,-20.211,20.3763,4.3,mw,,,,,,,,,,,,,,,,,CSN-improved,,slab_interface,19.4568786621,slab_interface,2013-08-26T11:59:14,,,-1
127247,2013-08-27T14:32:19,-70.511,-19.593,47.2,4.0,mw,,,1.8,,,,,,,,,,,,,,CSN-improved,,slab_interface,37.2495918274,slab_interface,2013-08-27T14:32:19,,,-1
127272,2013-08-28T23:00:40,-70.826,-20.049,19.0622,4.0,mw,,,,,,,,,,,,,,,,,CSN-improved,,slab_interface,21.7702121735,slab_interface,2013-08-28T23:00:40,,,-1
127392,2013-09-02T11:55:37,-71.439,-29.158,36.7472,4.0,mw,,,,,,,,,,,,,,,,,CSN-improved,,slab_interface,28.6209564209,slab_interface,2013-09-02T11:55:37,,,-1
127430,2013-09-03T20:56:10,-70.928,-26.957,32.44,4.2,mw,,,5.1,0.089,,,,,,,,,,,,,USGS,,slab_interface,25.7028179169,slab_interface,2013-09-03T20:56:10,,,-1
127571,2013-09-07T23:03:31,-71.487,-29.507,40.0,4.2,mw,,,4.2,,,,,,,,,,,,,,CSN-improved,,slab_interface,29.5449943542,slab_interface,2013-09-07T23:03:31,,,-1
127610,2013-09-08T17:37:48,-71.827,-34.69,36.1,4.1,mw,,,2.1,,,,,,,,,,,,,,CSN-improved,,slab_interface,42.7270889282,slab_interface,2013-09-08T17:37:48,,,-1
127612,2013-09-08T18:17:28,-71.396,-32.055,30.4682,4.0,mw,,,,,,,,,,,,,,,,,CSN-improved,,slab_interface,42.3530960083,slab_interface,2013-09-08T18:17:28,,,-1
127665,2013-09-09T07:24:56,-71.811,-34.795,51.0899,4.0,mw,,,,,,,,,,,,,,,,,CSN-improved,,slab_interface,46.4985542297,slab_interface,2013-09-09T07:24:56,,,-1
127706,2013-09-10T08:33:26,-73.747,-36.129,19.1,4.1,mw,,,7.8,,,,,,,,,,,,,,CSN-improved,,slab_interface,14.9829521179,slab_interface,2013-09-10T08:33:26,,,-1
127703,2013-09-10T09:57:52,-72.876,-34.686,16.0,4.1,mw,,,,,,,,,,,,,,,,,ISC,,slab_interface,14.7377376556,slab_interface,2013-09-10T09:57:52,,,-1
127702,2013-09-10T09:57:53,-72.887,-34.609,27.4,4.4,mw,,,3.7,,,,,,,,,,,,,,CSN-improved,,slab_interface,13.8482570648,slab_interface,2013-09-10T09:57:53,,,-1
127735,2013-09-11T02:33:52,-73.914,-37.859,35.1,4.3,mw,,,4.7,,,,,,,,,,,,,,CSN-improved,,slab_interface,19.6579418182,slab_interface,2013-09-11T02:33:52,,,-1
127752,2013-09-12T01:30:36,-71.799,-34.688,45.0188,4.0,mw,,,,,,,,,,,,,,,,,CSN-improved,,slab_interface,44.6668128967,slab_interface,2013-09-12T01:30:36,,,-1
127805,2013-09-14T06:08:43,-73.661,-37.726,18.74,5.0,mw,,,5.2,0.243,,,,,,,,,,,,,USGS,,slab_interface,24.0902709961,slab_interface,2013-09-14T06:08:43,,,-1
127894,2013-09-17T13:11:10,-70.785,-28.11,47.2,4.4,mw,,,7.7,,,,,,,,,,,,,,CSN-improved,,slab_interface,41.7585372925,slab_interface,2013-09-17T13:11:10,,,-1
127913,2013-09-18T05:29:05,-70.479,-24.828,36.7,4.4,mw,,,1.8,,,,,,,,,,,,,,CSN-improved,,slab_interface,35.6778144836,slab_interface,2013-09-18T05:29:05,,,-1
127910,2013-09-18T05:29:06,-70.325,-24.822,36.83,4.7,mw,,,3.0,0.202,,,,,,,,,,,,,USGS,,slab_interface,42.2691993713,slab_interface,2013-09-18T05:29:06,,,-1
127911,2013-09-18T12:42:41,-70.778,-25.297,25.0,4.4,mw,,,1.7,0.068,,,,,,,,,,,,,USGS,,slab_interface,27.2973442078,slab_interface,2013-09-18T12:42:41,,,-1
127949,2013-09-19T15:46:01,-71.867,-31.408,35.8,4.4,mw,,,3.6,,,,,,,,,,,,,,CSN-improved,,slab_interface,23.813085556,slab_interface,2013-09-19T15:46:01,,,-1
127991,2013-09-20T20:05:47,-73.472,-35.47,20.4,4.2,mw,,,6.2,,,,,,,,,,,,,,CSN-improved,,slab_interface,13.7916221619,slab_interface,2013-09-20T20:05:47,,,-1
128069,2013-09-23T13:02:26,-72.136,-33.465,5.0,4.8,mw,,,,,,,,,,,,,,,,,ISC,,slab_interface,19.3268051147,slab_interface,2013-09-23T13:02:26,,,-1
128067,2013-09-23T13:02:29,-72.064,-33.492,27.46,5.3,mw,,,4.7,0.14,,,,,,,,,,,,,USGS,,slab_interface,22.0873451233,slab_interface,2013-09-23T13:02:29,,,-1
128070,2013-09-23T13:02:30,-72.02,-33.506,34.6875,4.6,mw,,,,,,,,,,,,,,,,,CSN-improved,,slab_interface,23.437582016,slab_interface,2013-09-23T13:02:30,,,-1
128091,2013-09-24T14:36:44,-71.572,-32.63,40.2,4.8,mw,,,2.7,,,,,,,,,,,,,,CSN-improved,,slab_interface,36.1485481262,slab_interface,2013-09-24T14:36:44,,,-1
128092,2013-09-24T17:08:08,-71.325,-29.833,56.3,4.7,mw,,,6.9,0.143,,,,,,,,,,,,,USGS,,slab_interface,40.3131828308,slab_interface,2013-09-24T17:08:08,,,-1
128156,2013-09-26T02:15:17,-72.268,-33.695,22.3884,4.0,mw,,,,,,,,,,,,,,,,,CSN-improved,,slab_interface,18.452703476,slab_interface,2013-09-26T02:15:17,,,-1
128157,2013-09-26T05:41:27,-71.676,-30.009,23.949,4.0,mw,,,,,,,,,,,,,,,,,CSN-improved,,slab_interface,24.9600296021,slab_interface,2013-09-26T05:41:27,,,-1
128214,2013-09-28T07:28:14,-71.024,-18.544,29.6,4.5,mw,,,7.9,0.261,,,,,,,,,,,,,USGS,,slab_interface,37.9333496094,slab_interface,2013-09-28T07:28:14,,,-1
128246,2013-09-29T23:07:02,-73.89,-37.53,20.3,5.3,mw,0.02,0.01,0.7,,4.0,20.0,92.0,182.0,70.0,89.0,7.42e+16,3500000000000000.5,-7.77e+16,-2800000000000000.0,-9.25e+16,-3900000000000000.0,GCMT,,slab_interface,18.8025798798,slab_interface,2013-09-29T23:07:02,,,-1
128245,2013-09-29T23:23:20,-73.81,-37.57,21.7,5.6,mw,0.01,0.01,0.5,,358.0,20.0,86.0,182.0,70.0,91.0,1.72e+17,-1900000000000000.0,-1.7e+17,-9300000000000000.0,-1.98e+17,-200000000000000.0,GCMT,,slab_interface,20.5625629425,slab_interface,2013-09-29T23:23:20,,,-1
128253,2013-09-29T23:47:33,-73.695,-37.534,35.5,4.1,mw,,,3.4,,,,,,,,,,,,,,CSN-improved,,slab_interface,22.4249916077,slab_interface,2013-09-29T23:47:33,,,-1
128287,2013-09-30T00:59:10,-73.583,-37.556,29.0,5.1,mw,,,5.9,,,,,,,,,,,,,,CSN-improved,,slab_interface,24.4006595612,slab_interface,2013-09-30T00:59:10,,,-1
128296,2013-09-30T04:42:15,-73.673,-37.543,28.9,4.0,mw,,,5.6,,,,,,,,,,,,,,CSN-improved,,slab_interface,23.3978347778,slab_interface,2013-09-30T04:42:15,,,-1
128291,2013-09-30T05:50:10,-70.509,-22.472,33.1,4.2,mw,,,3.9,,,,,,,,,,,,,,CSN-improved,,slab_interface,26.3249816895,slab_interface,2013-09-30T05:50:10,,,-1
128293,2013-09-30T07:12:38,-73.42,-35.729,22.4856,4.2,mw,,,,,,,,,,,,,,,,,CSN-improved,,slab_interface,17.592754364,slab_interface,2013-09-30T07:12:38,,,-1
128290,2013-09-30T07:44:37,-73.495,-35.758,14.2748,4.4,mw,,,,,,,,,,,,,,,,,CSN-improved,,slab_interface,15.8638467789,slab_interface,2013-09-30T07:44:37,,,-1
128334,2013-10-01T00:39:56,-72.499,-34.304,15.8,4.0,mw,,,11.9,,,,,,,,,,,,,,CSN-improved,,slab_interface,18.1335105896,slab_interface,2013-10-01T00:39:56,,,-1
128332,2013-10-01T22:30:27,-70.976,-27.459,32.0,4.4,mw,,,,,,,,,,,,,,,,,ISC,,slab_interface,27.1670780182,slab_interface,2013-10-01T22:30:27,,,-1
128433,2013-10-04T00:14:13,-73.528,-36.94,24.5964,4.2,mw,,,,,,,,,,,,,,,,,CSN-improved,,slab_interface,23.2575149536,slab_interface,2013-10-04T00:14:13,,,-1
128434,2013-10-04T14:23:58,-73.719,-37.573,31.9,4.2,mw,,,6.2,,,,,,,,,,,,,,CSN-improved,,slab_interface,22.4249916077,slab_interface,2013-10-04T14:23:58,,,-1
128435,2013-10-04T14:26:29,-73.852,-37.639,28.9417,4.0,mw,,,,,,,,,,,,,,,,,CSN-improved,,slab_interface,19.9594249725,slab_interface,2013-10-04T14:26:29,,,-1
128508,2013-10-06T19:27:12,-70.245,-23.039,44.3847,4.0,mw,,,,,,,,,,,,,,,,,CSN-improved,,slab_interface,35.5367774963,slab_interface,2013-10-06T19:27:12,,,-1
128555,2013-10-07T11:04:58,-72.23,-17.1,48.0,4.4,mw,,,10.1,,,,,,,,,,,,,,USGS,,slab_interface,47.97838974,slab_interface,2013-10-07T11:04:58,,,-1
128631,2013-10-09T12:11:00,-73.279,-35.856,12.2278,4.0,mw,,,,,,,,,,,,,,,,,CSN-improved,,slab_interface,20.5880489349,slab_interface,2013-10-09T12:11:00,,,-1
128626,2013-10-09T13:19:06,-71.702,-32.518,31.8,4.9,mw,,,2.1,0.164,,,,,,,,,,,,,USGS,,slab_interface,30.4482765198,slab_interface,2013-10-09T13:19:06,,,-1
128630,2013-10-09T13:19:07,-71.724,-32.514,28.8365,4.4,mw,,,,,,,,,,,,,,,,,CSN-improved,,slab_interface,30.4482765198,slab_interface,2013-10-09T13:19:07,,,-1
128632,2013-10-09T21:00:32,-70.3,-22.063,32.7123,4.0,mw,,,,,,,,,,,,,,,,,CSN-improved,,slab_interface,32.1273536682,slab_interface,2013-10-09T21:00:32,,,-1
128673,2013-10-10T08:11:45,-71.547,-31.757,36.9,4.0,mw,,,3.8,,,,,,,,,,,,,,CSN-improved,,slab_interface,35.703502655,slab_interface,2013-10-10T08:11:45,,,-1
128674,2013-10-10T12:21:17,-71.829,-29.189,24.6624,4.0,mw,,,,,,,,,,,,,,,,,CSN-improved,,slab_interface,17.0757312775,slab_interface,2013-10-10T12:21:17,,,-1
128670,2013-10-10T12:31:50,-73.669,-36.111,19.2898,4.1,mw,,,,,,,,,,,,,,,,,CSN-improved,,slab_interface,16.2985286713,slab_interface,2013-10-10T12:31:50,,,-1
128675,2013-10-10T15:09:50,-73.72,-36.096,20.0,4.0,mw,,,0.0,,,,,,,,,,,,,,CSN-improved,,slab_interface,15.4510135651,slab_interface,2013-10-10T15:09:50,,,-1
128765,2013-10-13T18:30:15,-71.951,-34.615,29.0,4.2,mw,,,5.8,,,,,,,,,,,,,,CSN-improved,,slab_interface,37.33253479,slab_interface,2013-10-13T18:30:15,,,-1
128838,2013-10-15T10:39:23,-74.147,-37.21,10.935,4.3,mw,,,,,,,,,,,,,,,,,CSN-improved,,slab_interface,13.9382677078,slab_interface,2013-10-15T10:39:23,,,-1
128867,2013-10-16T22:28:40,-72.163,-30.467,19.5402,4.0,mw,,,,,,,,,,,,,,,,,CSN-improved,,slab_interface,14.2403421402,slab_interface,2013-10-16T22:28:40,,,-1
128900,2013-10-17T00:10:58,-71.896,-34.764,49.1,4.0,mw,,,6.7,0.291,,,,,,,,,,,,,USGS,,slab_interface,41.7149162292,slab_interface,2013-10-17T00:10:58,,,-1
128896,2013-10-17T00:10:59,-71.846,-34.779,46.7733,4.4,mw,,,,,,,,,,,,,,,,,CSN-improved,,slab_interface,44.5325584412,slab_interface,2013-10-17T00:10:59,,,-1
128897,2013-10-17T10:52:22,-71.802,-30.735,11.0,4.2,mw,,,,,,,,,,,,,,,,,ISC,,slab_interface,24.0231132507,slab_interface,2013-10-17T10:52:22,,,-1
128935,2013-10-18T22:12:52,-74.079,-37.066,37.0,4.4,mw,,,45.6,,,,,,,,,,,,,,CSN-improved,,slab_interface,14.1774950027,slab_interface,2013-10-18T22:12:52,,,-1
128976,2013-10-19T00:32:56,-73.217,-35.77,15.0,4.0,mw,,,9.6,,,,,,,,,,,,,,CSN-improved,,slab_interface,21.4684410095,slab_interface,2013-10-19T00:32:56,,,-1
129072,2013-10-22T04:54:15,-74.507,-39.953,25.0,4.3,mw,,,0.0,,,,,,,,,,,,,,CSN-improved,,slab_interface,13.7231311798,slab_interface,2013-10-22T04:54:15,,,-1
129197,2013-10-25T14:18:15,-71.806,-30.732,28.2445,4.0,mw,,,,,,,,,,,,,,,,,CSN-improved,,slab_interface,24.0231132507,slab_interface,2013-10-25T14:18:15,,,-1
129237,2013-10-26T03:24:31,-70.631,-23.017,32.5292,4.4,mw,,,,,,,,,,,,,,,,,CSN-improved,,slab_interface,23.6445598602,slab_interface,2013-10-26T03:24:31,,,-1
129238,2013-10-26T03:24:31,-70.607,-23.013,37.5,4.0,mw,,,6.1,0.505,,,,,,,,,,,,,USGS,,slab_interface,24.952337265,slab_interface,2013-10-26T03:24:31,,,-1
129306,2013-10-28T01:14:53,-70.506,-19.616,35.86,4.0,mw,,,,,,,,,,,,,,,,,CSN-improved,,slab_interface,37.2495918274,slab_interface,2013-10-28T01:14:53,,,-1
129301,2013-10-28T12:39:50,-71.972,-34.385,41.3,4.7,mw,,,7.5,0.218,,,,,,,,,,,,,USGS,,slab_interface,34.2475318909,slab_interface,2013-10-28T12:39:50,,,-1
129305,2013-10-28T12:39:50,-71.987,-34.405,26.7135,4.3,mw,,,,,,,,,,,,,,,,,CSN-improved,,slab_interface,32.5734825134,slab_interface,2013-10-28T12:39:50,,,-1
129333,2013-10-29T03:40:49,-71.279,-30.705,46.9,5.2,mw,,,4.5,,,,,,,,,,,,,,CSN-improved,,slab_interface,44.9208374023,slab_interface,2013-10-29T03:40:49,,,-1
129360,2013-10-30T02:29:19,-73.36,-35.46,12.7,5.9,mw,0.01,0.01,0.4,,15.0,18.0,91.0,194.0,72.0,90.0,4.31e+17,-3.1e+16,-4e+17,1.49e+17,-1.93e+17,-2.74e+17,GCMT,,slab_interface,15.2913322449,slab_interface,2013-10-30T02:29:19,,,-1
129359,2013-10-30T02:51:57,-73.48,-35.43,12.0,6.3,mw,0.0,0.0,0.0,,19.0,17.0,92.0,196.0,73.0,89.0,1.41e+18,-2.4e+17,-1.17e+18,-3.1e+17,-1.74e+18,-6.5e+17,GCMT,,slab_interface,13.0932598114,slab_interface,2013-10-30T02:51:57,,,-1
129374,2013-10-30T03:21:40,-73.348,-35.356,25.1,4.3,mw,,,57.1,,,,,,,,,,,,,,CSN-improved,,slab_interface,14.2825708389,slab_interface,2013-10-30T03:21:40,,,-1
129370,2013-10-30T03:28:12,-73.365,-35.37,15.0,4.6,mw,,,999.9,,,,,,,,,,,,,,CSN-improved,,slab_interface,14.2825708389,slab_interface,2013-10-30T03:28:12,,,-1
129377,2013-10-30T05:06:16,-73.226,-35.428,45.1,4.2,mw,,,308.4,,,,,,,,,,,,,,CSN-improved,,slab_interface,16.9307174683,slab_interface,2013-10-30T05:06:16,,,-1
129372,2013-10-30T06:21:23,-73.227,-35.417,23.936,4.4,mw,,,,,,,,,,,,,,,,,CSN-improved,,slab_interface,16.3697052002,slab_interface,2013-10-30T06:21:23,,,-1
129378,2013-10-30T07:51:53,-73.246,-35.401,18.0964,4.2,mw,,,,,,,,,,,,,,,,,CSN-improved,,slab_interface,16.3697052002,slab_interface,2013-10-30T07:51:53,,,-1
129376,2013-10-30T08:11:13,-73.383,-35.544,22.892,4.3,mw,,,,,,,,,,,,,,,,,CSN-improved,,slab_interface,15.524725914,slab_interface,2013-10-30T08:11:13,,,-1
129368,2013-10-30T10:45:17,-73.377,-35.456,25.1,4.7,mw,,,11.8,,,,,,,,,,,,,,CSN-improved,,slab_interface,14.5242013931,slab_interface,2013-10-30T10:45:17,,,-1
129373,2013-10-30T22:58:42,-73.28,-35.376,29.4,4.4,mw,,,7.1,,,,,,,,,,,,,,CSN-improved,,slab_interface,15.5576143265,slab_interface,2013-10-30T22:58:42,,,-1
129428,2013-10-31T08:51:50,-70.661,-20.064,30.5726,4.3,mw,,,,,,,,,,,,,,,,,CSN-improved,,slab_interface,27.5263538361,slab_interface,2013-10-31T08:51:50,,,-1
129430,2013-10-31T10:33:12,-73.524,-36.898,20.1,4.2,mw,,,3.1,,,,,,,,,,,,,,CSN-improved,,slab_interface,24.0970611572,slab_interface,2013-10-31T10:33:12,,,-1
129422,2013-10-31T15:39:46,-71.22,-24.95,21.3,5.2,mw,0.02,0.02,0.9,,356.0,24.0,101.0,164.0,67.0,85.0,-1.9809e+16,2308000000000000.0,1.7501e+16,1.8627e+16,-4.1762e+16,-2525000000000000.0,GCMT,,slab_interface,16.3900985718,slab_interface,2013-10-31T15:39:46,,,-1
129429,2013-10-31T21:05:05,-72.171,-35.062,50.067,4.3,mw,,,,,,,,,,,,,,,,,CSN-improved,,slab_interface,38.1294555664,slab_interface,2013-10-31T21:05:05,,,-1
129469,2013-11-01T00:50:35,-71.574,-30.46,30.3076,4.0,mw,,,,,,,,,,,,,,,,,CSN-improved,,slab_interface,32.4838371277,slab_interface,2013-11-01T00:50:35,,,-1
129463,2013-11-01T02:45:59,-71.464,-30.374,41.0605,4.8,mw,,,,,,,,,,,,,,,,,CSN-improved,,slab_interface,36.3501472473,slab_interface,2013-11-01T02:45:59,,,-1
129470,2013-11-01T07:20:22,-71.467,-30.432,45.1,4.0,mw,,,4.3,,,,,,,,,,,,,,CSN-improved,,slab_interface,36.8070144653,slab_interface,2013-11-01T07:20:22,,,-1
129466,2013-11-01T09:31:07,-71.515,-30.468,48.6,4.1,mw,,,4.7,,,,,,,,,,,,,,CSN-improved,,slab_interface,34.6073989868,slab_interface,2013-11-01T09:31:07,,,-1
129467,2013-11-01T19:20:16,-71.492,-30.479,38.3,4.1,mw,,,6.0,,,,,,,,,,,,,,CSN-improved,,slab_interface,34.8148803711,slab_interface,2013-11-01T19:20:16,,,-1
129510,2013-11-02T13:04:36,-71.536,-30.572,35.2588,4.2,mw,,,,,,,,,,,,,,,,,CSN-improved,,slab_interface,32.8706016541,slab_interface,2013-11-02T13:04:36,,,-1
129516,2013-11-02T17:20:43,-71.766,-29.033,6.3527,4.0,mw,,,,,,,,,,,,,,,,,CSN-improved,,slab_interface,18.6302700043,slab_interface,2013-11-02T17:20:43,,,-1
129565,2013-11-03T01:56:04,-71.495,-30.422,39.6,4.3,mw,,,4.4,,,,,,,,,,,,,,CSN-improved,,slab_interface,34.3932342529,slab_interface,2013-11-03T01:56:04,,,-1
129568,2013-11-03T22:31:49,-71.526,-30.394,31.3664,4.0,mw,,,,,,,,,,,,,,,,,CSN-improved,,slab_interface,32.2808990479,slab_interface,2013-11-03T22:31:49,,,-1
129614,2013-11-04T17:18:41,-70.737,-27.373,40.0,4.0,mw,,,4.8,,,,,,,,,,,,,,CSN-improved,,slab_interface,36.2788047791,slab_interface,2013-11-04T17:18:41,,,-1
129613,2013-11-04T22:42:50,-71.574,-30.405,33.6182,4.3,mw,,,,,,,,,,,,,,,,,CSN-improved,,slab_interface,32.2808990479,slab_interface,2013-11-04T22:42:50,,,-1
129651,2013-11-05T17:25:24,-72.937,-35.371,34.4,4.6,mw,,,8.5,,,,,,,,,,,,,,CSN-improved,,slab_interface,21.32264328,slab_interface,2013-11-05T17:25:24,,,-1
129649,2013-11-05T17:25:26,-72.761,-35.333,32.49,5.0,mw,,,4.2,0.114,,,,,,,,,,,,,USGS,,slab_interface,25.8015384674,slab_interface,2013-11-05T17:25:26,,,-1
129721,2013-11-07T05:04:38,-71.864,-28.976,16.0631,4.2,mw,,,,,,,,,,,,,,,,,CSN-improved,,slab_interface,16.0150661469,slab_interface,2013-11-07T05:04:38,,,-1
129718,2013-11-07T12:47:52,-73.836,-38.69,33.2,4.9,mw,,,4.5,0.191,,,,,,,,,,,,,USGS,,slab_interface,23.708398819,slab_interface,2013-11-07T12:47:52,,,-1
129716,2013-11-07T17:01:07,-73.794,-37.583,22.0,5.2,mw,,,25.0,0.1,339.0,30.0,69.0,183.0,62.0,102.0,6.82e+16,-1.3700000000000002e+16,-5.45e+16,-1.4e+16,-4.03e+16,8970000000000000.0,ISC-GEM,,slab_interface,20.7125244141,slab_interface,2013-11-07T17:01:07,,,-1
129717,2013-11-07T17:01:09,-74.25,-37.6,22.0,5.2,mw,0.03,0.03,1.2,,339.0,30.0,69.0,183.0,62.0,102.0,6.82e+16,-1.3700000000000002e+16,-5.45e+16,-1.4e+16,-4.03e+16,8970000000000000.0,GCMT,,slab_interface,13.4919128418,slab_interface,2013-11-07T17:01:09,,,-1
129778,2013-11-08T10:19:03,-74.099,-37.541,29.8,4.1,mw,,,8.9,,,,,,,,,,,,,,CSN-improved,,slab_interface,15.5670337677,slab_interface,2013-11-08T10:19:03,,,-1
129812,2013-11-09T05:34:00,-71.659,-30.419,33.9347,4.4,mw,,,,,,,,,,,,,,,,,CSN-improved,,slab_interface,28.3139076233,slab_interface,2013-11-09T05:34:00,,,-1
129813,2013-11-09T23:20:54,-72.117,-31.767,3.0,4.2,mw,,,,,,,,,,,,,,,,,ISC,,slab_interface,17.5720443726,slab_interface,2013-11-09T23:20:54,,,-1
129853,2013-11-10T02:01:56,-72.168,-33.55,20.1507,4.9,mw,,,,,18.0,24.0,98.0,189.0,67.0,87.0,4.89e+16,2710000000000000.0,-5.16e+16,-6700000000000000.0,-4.81e+16,-1.36e+16,CSN-improved,,slab_interface,19.8464393616,slab_interface,2013-11-10T02:01:56,,,-1
129855,2013-11-10T02:05:54,-72.305,-33.436,10.06,4.5,mw,,,3.1,0.522,,,,,,,,,,,,,USGS,,slab_interface,16.0340385437,slab_interface,2013-11-10T02:05:54,,,-1
129858,2013-11-10T02:05:54,-72.409,-33.478,12.0,4.1,mw,,,,,,,,,,,,,,,,,ISC,,slab_interface,14.3390045166,slab_interface,2013-11-10T02:05:54,,,-1
129857,2013-11-10T11:40:12,-72.093,-34.437,39.7429,4.4,mw,,,,,,,,,,,,,,,,,CSN-improved,,slab_interface,30.0910587311,slab_interface,2013-11-10T11:40:12,,,-1
129960,2013-11-12T23:14:42,-71.579,-30.45,40.0,4.1,mw,,,5.6,,,,,,,,,,,,,,CSN-improved,,slab_interface,30.4440116882,slab_interface,2013-11-12T23:14:42,,,-1
129999,2013-11-13T03:55:17,-71.811,-28.533,7.0,4.5,mw,,,,,,,,,,,,,,,,,ISC,,slab_interface,14.3467340469,slab_interface,2013-11-13T03:55:17,,,-1
130000,2013-11-13T03:55:23,-71.483,-28.512,65.1,4.3,mw,,,36.1,,,,,,,,,,,,,,CSN-improved,,slab_interface,20.7873725891,slab_interface,2013-11-13T03:55:23,,,-1
130002,2013-11-13T17:02:23,-73.434,-36.042,14.8422,4.2,mw,,,,,,,,,,,,,,,,,CSN-improved,,slab_interface,19.6029338837,slab_interface,2013-11-13T17:02:23,,,-1
130003,2013-11-13T17:33:07,-73.393,-36.036,13.1,4.0,mw,,,13.7,,,,,,,,,,,,,,CSN-improved,,slab_interface,20.6132164001,slab_interface,2013-11-13T17:33:07,,,-1
130089,2013-11-15T04:14:57,-71.482,-30.503,27.9,4.2,mw,,,3.6,,,,,,,,,,,,,,CSN-improved,,slab_interface,34.8148803711,slab_interface,2013-11-15T04:14:57,,,-1
130081,2013-11-15T05:37:38,-72.256,-33.439,10.0,5.0,mw,,,,,,,,,,,,,,,,,ISC,,slab_interface,17.0727005005,slab_interface,2013-11-15T05:37:38,,,-1
130085,2013-11-15T06:29:53,-73.741,-36.211,30.1641,4.4,mw,,,,,,,,,,,,,,,,,CSN-improved,,slab_interface,15.3194618225,slab_interface,2013-11-15T06:29:53,,,-1
130090,2013-11-15T06:40:33,-73.787,-36.19,32.0,4.0,mw,,,12.1,,,,,,,,,,,,,,CSN-improved,,slab_interface,14.5164766312,slab_interface,2013-11-15T06:40:33,,,-1
130091,2013-11-15T11:03:56,-74.478,-37.418,25.4,4.0,mw,,,8.7,,,,,,,,,,,,,,CSN-improved,,slab_interface,10.0155467987,slab_interface,2013-11-15T11:03:56,,,-1
130131,2013-11-16T18:58:17,-72.55,-35.262,20.0,4.2,mw,,,0.0,,,,,,,,,,,,,,CSN-improved,,slab_interface,29.3213596344,slab_interface,2013-11-16T18:58:17,,,-1
130166,2013-11-17T12:51:20,-70.453,-20.529,40.0,4.4,mw,,,3.3,,,,,,,,,,,,,,CSN-improved,,slab_interface,30.5142841339,slab_interface,2013-11-17T12:51:20,,,-1
130167,2013-11-17T20:00:19,-74.022,-37.496,31.6893,4.1,mw,,,,,,,,,,,,,,,,,CSN-improved,,slab_interface,17.0091495514,slab_interface,2013-11-17T20:00:19,,,-1
130207,2013-11-18T05:41:00,-71.541,-31.003,46.0,4.0,mw,,,,,,,,,,,,,,,,,ISC,,slab_interface,34.2926216125,slab_interface,2013-11-18T05:41:00,,,-1
130208,2013-11-18T19:38:26,-71.503,-30.367,41.797,4.0,mw,,,,,,,,,,,,,,,,,CSN-improved,,slab_interface,34.172706604,slab_interface,2013-11-18T19:38:26,,,-1
130298,2013-11-20T14:49:24,-72.673,-33.901,5.4156,4.0,mw,,,,,,,,,,,,,,,,,CSN-improved,,slab_interface,12.3739261627,slab_interface,2013-11-20T14:49:24,,,-1
130333,2013-11-21T04:59:34,-72.868,-17.228,25.0,4.8,mw,,,0.0,,,,,,,,,,,,,,CSN-improved,,slab_interface,25.3659648895,slab_interface,2013-11-21T04:59:34,,,-1
130334,2013-11-21T08:28:54,-71.893,-31.485,26.8,4.7,mw,,,4.7,0.216,,,,,,,,,,,,,USGS,,slab_interface,22.4566860199,slab_interface,2013-11-21T08:28:54,,,-1
130337,2013-11-21T08:28:55,-71.893,-31.485,26.8,4.3,mw,,,3.2,,,,,,,,,,,,,,CSN-improved,,slab_interface,22.4566860199,slab_interface,2013-11-21T08:28:55,,,-1
130385,2013-11-22T18:41:20,-71.765,-32.427,15.805,4.0,mw,,,,,,,,,,,,,,,,,CSN-improved,,slab_interface,28.6680717468,slab_interface,2013-11-22T18:41:20,,,-1
130437,2013-11-23T08:24:13,-71.026,-27.397,32.0,4.3,mw,,,,,,,,,,,,,,,,,ISC,,slab_interface,25.1099052429,slab_interface,2013-11-23T08:24:13,,,-1
130436,2013-11-23T20:55:10,-70.629,-23.003,33.8,4.5,mw,,,2.1,0.302,,,,,,,,,,,,,USGS,,slab_interface,23.6445598602,slab_interface,2013-11-23T20:55:10,,,-1
130438,2013-11-23T20:55:10,-70.612,-23.006,34.0,4.2,mw,,,,,,,,,,,,,,,,,ISC,,slab_interface,24.952337265,slab_interface,2013-11-23T20:55:10,,,-1
130441,2013-11-23T20:55:10,-70.622,-23.011,34.0,4.0,mw,,,7.5,,,,,,,,,,,,,,CSN-improved,,slab_interface,24.952337265,slab_interface,2013-11-23T20:55:10,,,-1
130494,2013-11-24T16:56:26,-73.247,-35.793,11.3954,4.0,mw,,,,,,,,,,,,,,,,,CSN-improved,,slab_interface,21.0366859436,slab_interface,2013-11-24T16:56:26,,,-1
130538,2013-11-25T04:45:39,-73.57,-36.844,11.6,4.0,mw,,,2.4,,,,,,,,,,,,,,CSN-improved,,slab_interface,22.8334217072,slab_interface,2013-11-25T04:45:39,,,-1
130535,2013-11-25T08:21:17,-73.557,-36.841,12.4,4.4,mw,,,2.4,,,,,,,,,,,,,,CSN-improved,,slab_interface,22.8334217072,slab_interface,2013-11-25T08:21:17,,,-1
130582,2013-11-26T08:33:26,-71.932,-30.503,13.0,4.0,mw,,,56.2,,,,,,,,,,,,,,CSN-improved,,slab_interface,18.9436759949,slab_interface,2013-11-26T08:33:26,,,-1
130682,2013-11-28T20:25:13,-71.553,-18.204,45.0,4.0,mw,,,17.3,,,,,,,,,,,,,,CSN-improved,,slab_interface,29.3720302582,slab_interface,2013-11-28T20:25:13,,,-1
130683,2013-11-28T23:20:01,-72.267,-33.42,19.5338,4.0,mw,,,,,,,,,,,,,,,,,CSN-improved,,slab_interface,16.8581180573,slab_interface,2013-11-28T23:20:01,,,-1
130681,2013-11-28T23:24:08,-72.292,-33.436,8.3792,4.1,mw,,,,,,,,,,,,,,,,,CSN-improved,,slab_interface,16.0340385437,slab_interface,2013-11-28T23:24:08,,,-1
130748,2013-11-29T03:17:58,-72.34,-33.388,13.497,4.0,mw,,,,,,,,,,,,,,,,,CSN-improved,,slab_interface,14.8515481949,slab_interface,2013-11-29T03:17:58,,,-1
130742,2013-11-29T04:23:53,-72.284,-33.396,12.0797,4.2,mw,,,,,,,,,,,,,,,,,CSN-improved,,slab_interface,15.82604599,slab_interface,2013-11-29T04:23:53,,,-1
130730,2013-11-29T05:21:34,-72.44,-33.33,24.1,5.0,mw,0.03,0.02,1.2,,16.0,28.0,91.0,195.0,62.0,90.0,3.23e+16,-2270000000000000.0,-3e+16,-5240000000000000.0,-2.03e+16,-8100000000000002.0,GCMT,,slab_interface,12.8994989395,slab_interface,2013-11-29T05:21:34,,,-1
130747,2013-11-29T06:05:49,-72.259,-33.409,18.1445,4.1,mw,,,,,,,,,,,,,,,,,CSN-improved,,slab_interface,16.8581180573,slab_interface,2013-11-29T06:05:49,,,-1
130744,2013-11-29T06:38:15,-72.249,-33.42,5.6035,4.2,mw,,,,,,,,,,,,,,,,,CSN-improved,,slab_interface,16.8581180573,slab_interface,2013-11-29T06:38:15,,,-1
130745,2013-11-29T12:01:07,-70.326,-24.293,45.1431,4.2,mw,,,,,,,,,,,,,,,,,CSN-improved,,slab_interface,37.7069015503,slab_interface,2013-11-29T12:01:07,,,-1
130738,2013-11-29T12:01:08,-70.441,-24.328,36.0,4.4,mw,,,,,,,,,,,,,,,,,ISC,,slab_interface,34.7376976013,slab_interface,2013-11-29T12:01:08,,,-1
130908,2013-12-02T10:12:27,-71.695,-29.16,32.34,4.9,mw,,,2.6,0.383,,,,,,,,,,,,,USGS,,slab_interface,20.592124939,slab_interface,2013-12-02T10:12:27,,,-1
130960,2013-12-03T03:04:15,-71.759,-28.611,2.0,4.6,mw,,,,,,,,,,,,,,,,,ISC,,slab_interface,15.6437702179,slab_interface,2013-12-03T03:04:15,,,-1
130964,2013-12-03T17:30:27,-71.903,-31.532,32.7,4.2,mw,,,5.4,,,,,,,,,,,,,,CSN-improved,,slab_interface,22.5565185547,slab_interface,2013-12-03T17:30:27,,,-1
130994,2013-12-04T14:04:24,-71.406,-30.335,48.7,4.0,mw,,,4.5,,,,,,,,,,,,,,CSN-improved,,slab_interface,38.5953941345,slab_interface,2013-12-04T14:04:24,,,-1
131064,2013-12-06T03:19:24,-71.919,-32.216,23.3149,4.9,mw,,,,,,,,,,,,,,,,,CSN-improved,,slab_interface,23.6096725464,slab_interface,2013-12-06T03:19:24,,,-1
131074,2013-12-06T03:25:04,-71.774,-32.193,26.5,4.3,mw,,,8.4,,,,,,,,,,,,,,CSN-improved,,slab_interface,28.4581375122,slab_interface,2013-12-06T03:25:04,,,-1
131070,2013-12-06T04:36:35,-71.944,-29.113,18.0,4.4,mw,,,,,,,,,,,,,,,,,ISC,,slab_interface,14.4803295135,slab_interface,2013-12-06T04:36:35,,,-1
131071,2013-12-06T14:06:24,-71.896,-28.642,17.0,4.4,mw,,,,,,,,,,,,,,,,,ISC,,slab_interface,13.1296567917,slab_interface,2013-12-06T14:06:24,,,-1
131062,2013-12-06T21:00:42,-71.982,-30.515,2.4,5.0,mw,,,4.3,0.245,,,,,,,,,,,,,USGS,,slab_interface,17.6594734192,slab_interface,2013-12-06T21:00:42,,,-1
131068,2013-12-06T21:00:44,-71.971,-30.535,9.5,4.7,mw,,,3.5,,,,,,,,,,,,,,CSN-improved,,slab_interface,19.055934906,slab_interface,2013-12-06T21:00:44,,,-1
131116,2013-12-07T08:59:27,-72.487,-33.947,3.0525,4.8,mw,,,,,,,,,,,,,,,,,CSN-improved,,slab_interface,15.1695137024,slab_interface,2013-12-07T08:59:27,,,-1
131114,2013-12-07T08:59:31,-72.334,-33.926,16.66,5.2,mw,,,3.4,0.065,,,,,,,,,,,,,USGS,,slab_interface,18.1249332428,slab_interface,2013-12-07T08:59:31,,,-1
131115,2013-12-07T09:23:56,-72.58,-33.88,19.9,5.1,mw,0.02,0.02,1.2,,14.0,17.0,92.0,192.0,73.0,89.0,2.62e+16,-1800000000000000.0,-2.44e+16,-8120000000000002.0,-3.82e+16,-5590000000000001.0,GCMT,,slab_interface,13.1379022598,slab_interface,2013-12-07T09:23:56,,,-1
131156,2013-12-08T00:52:09,-72.484,-33.889,18.1042,4.4,mw,,,,,,,,,,,,,,,,,CSN-improved,,slab_interface,14.8162698746,slab_interface,2013-12-08T00:52:09,,,-1
131154,2013-12-08T18:56:51,-72.661,-33.897,8.96,4.7,mw,,,1.9,0.168,,,,,,,,,,,,,USGS,,slab_interface,12.3739261627,slab_interface,2013-12-08T18:56:51,,,-1
131280,2013-12-11T23:23:37,-70.098,-23.995,47.1,4.6,mw,,,4.2,,,,,,,,,,,,,,CSN-improved,,slab_interface,44.50989151,slab_interface,2013-12-11T23:23:37,,,-1
131278,2013-12-11T23:23:38,-70.132,-24.005,52.0,4.8,mw,,,,,,,,,,,,,,,,,ISC,,slab_interface,42.7887153625,slab_interface,2013-12-11T23:23:38,,,-1
131279,2013-12-11T23:55:13,-73.158,-36.849,30.2844,4.8,mw,,,,,,,,,,,,,,,,,CSN-improved,,slab_interface,32.2896766663,slab_interface,2013-12-11T23:55:13,,,-1
131282,2013-12-11T23:55:13,-73.061,-36.873,29.0,4.1,mw,,,,,,,,,,,,,,,,,ISC,,slab_interface,35.0675544739,slab_interface,2013-12-11T23:55:13,,,-1
131404,2013-12-15T08:01:01,-71.39,-30.771,35.4,4.8,mw,,,4.6,,,,,,,,,,,,,,CSN-improved,,slab_interface,40.3251190186,slab_interface,2013-12-15T08:01:01,,,-1
131486,2013-12-18T02:17:35,-73.53,-35.815,22.402,4.7,mw,,,,,,,,,,,,,,,,,CSN-improved,,slab_interface,15.5003509521,slab_interface,2013-12-18T02:17:35,,,-1
131488,2013-12-18T08:21:35,-73.643,-35.902,10.0,4.3,mw,,,,,,,,,,,,,,,,,ISC,,slab_interface,14.7387399673,slab_interface,2013-12-18T08:21:35,,,-1
131487,2013-12-18T23:51:49,-72.131,-30.175,20.4407,4.4,mw,,,,,,,,,,,,,,,,,CSN-improved,,slab_interface,13.8093128204,slab_interface,2013-12-18T23:51:49,,,-1
131593,2013-12-21T10:36:05,-72.232,-34.712,36.1398,4.0,mw,,,,,,,,,,,,,,,,,CSN-improved,,slab_interface,29.1531982422,slab_interface,2013-12-21T10:36:05,,,-1
131591,2013-12-21T23:49:26,-73.634,-36.292,25.7,4.6,mw,,,5.5,0.176,,,,,,,,,,,,,USGS,,slab_interface,17.7418556213,slab_interface,2013-12-21T23:49:26,,,-1
131592,2013-12-21T23:49:26,-73.613,-36.281,16.4752,4.1,mw,,,,,,,,,,,,,,,,,CSN-improved,,slab_interface,18.6817646027,slab_interface,2013-12-21T23:49:26,,,-1
131804,2013-12-27T18:52:13,-71.849,-32.089,17.29,5.2,mw,,,3.0,0.111,,,,,,,,,,,,,USGS,,slab_interface,25.0302066803,slab_interface,2013-12-27T18:52:13,,,-1
131805,2013-12-27T18:52:14,-71.957,-32.122,22.0065,4.8,mw,,,,,,,,,,,,,,,,,CSN-improved,,slab_interface,22.0239219666,slab_interface,2013-12-27T18:52:14,,,-1
131835,2013-12-28T10:14:58,-70.214,-22.977,49.752,4.1,mw,,,,,,,,,,,,,,,,,CSN-improved,,slab_interface,37.0579948425,slab_interface,2013-12-28T10:14:58,,,-1
131889,2013-12-30T08:50:04,-70.191,-20.459,44.6287,4.1,mw,,,,,,,,,,,,,,,,,CSN-improved,,slab_interface,40.4581069946,slab_interface,2013-12-30T08:50:04,,,-1
132020,2014-01-04T00:11:55,-70.98,-20.6,20.3,5.7,mw,0.01,0.01,0.3,,352.0,24.0,88.0,174.0,66.0,91.0,3.947e+17,-3.28e+16,-3.62e+17,9.34e+16,-2.939e+17,8.12e+16,GCMT,,slab_interface,15.1874265671,slab_interface,2014-01-04T00:11:55,5.3,1.998631074606434,9
132171,2014-01-08T04:22:15,-70.97,-20.72,22.8,5.7,mw,0.01,0.01,0.4,,355.0,22.0,92.0,173.0,68.0,89.0,2.527e+17,2.06e+16,-2.733e+17,1.125e+17,-3.728e+17,7.16e+16,GCMT,,slab_interface,15.8755226135,slab_interface,2014-01-08T04:22:15,5.3,1.998631074606434,9
133224,2014-02-10T04:13:42,-73.883,-38.413,52.7,5.6,mw,,,999.9,,,,,,,,,,,,,,CSN-improved,,slab_interface,21.535610199,slab_interface,2014-02-10T04:13:42,5.3,1.998631074606434,9
133288,2014-02-12T13:35:23,-71.764,-34.852,48.5133,5.3,mw,,,,,,,,,,,,,,,,,CSN-improved,,slab_interface,49.4577140808,slab_interface,2014-02-12T13:35:23,5.3,1.998631074606434,9
133770,2014-02-28T16:31:29,-72.02,-33.1,30.0,5.3,mw,,,3.8,0.177,,,,,,,,,,,,,USGS,,slab_interface,21.8939990997,slab_interface,2014-02-28T16:31:29,5.3,1.998631074606434,9
133887,2014-03-04T10:51:19,-72.16,-33.63,23.4,5.8,mw,0.01,0.01,0.4,,15.0,22.0,104.0,180.0,68.0,84.0,2.35e+17,-2.04e+16,-2.145e+17,4.83e+16,-4.655e+17,-8.71e+16,GCMT,,slab_interface,20.4573497772,slab_interface,2014-03-04T10:51:19,5.3,1.998631074606434,9
134157,2014-03-15T09:48:46,-69.891,-21.32,53.6,5.3,mw,,,4.8,0.087,,,,,,,,,,,,,USGS,,slab_interface,48.4980392456,slab_interface,2014-03-15T09:48:46,5.3,1.998631074606434,9
134158,2014-03-15T14:46:29,-71.784,-34.742,44.6,5.3,mw,,,3.4,,175.0,50.0,83.0,6.0,40.0,98.0,6.236e+16,2690000000000000.0,-6.505e+16,5690000000000000.0,-1.127e+16,-660000000000000.0,CSN-improved,,slab_interface,45.574016571,slab_interface,2014-03-15T14:46:29,5.3,1.998631074606434,9
134241,2014-03-17T05:11:35,-70.944,-19.928,28.3,6.2,mw,,,5.2,,152.0,72.0,81.0,358.0,19.0,115.0,2.527e+18,-3.7e+16,-2.49e+18,1.857e+18,-3.079e+18,6.99e+17,CSN-improved,,slab_interface,19.9838504791,slab_interface,2014-03-17T05:11:35,5.3,1.998631074606434,9
134240,2014-03-17T05:11:45,-71.05,-20.01,17.8,6.4,mw,0.0,0.0,0.2,,352.0,17.0,94.0,168.0,73.0,89.0,2.527e+18,-3.7e+16,-2.49e+18,1.857e+18,-3.079e+18,6.99e+17,GCMT,,slab_interface,17.3057174683,slab_interface,2014-03-17T05:11:45,5.3,1.998631074606434,9
134379,2014-03-18T21:26:53,-71.02,-20.01,13.6,5.8,mw,0.01,0.01,0.3,,13.0,17.0,101.0,182.0,73.0,87.0,2.601e+17,-1.028e+17,-1.572e+17,-2.52e+16,-5.125e+17,3.15e+16,GCMT,,slab_interface,18.4296951294,slab_interface,2014-03-18T21:26:53,5.3,1.998631074606434,9
134380,2014-03-18T21:33:06,-70.914,-19.983,9.14,5.5,mw,,,3.4,0.065,,,,,,,,,,,,,USGS,,slab_interface,20.8524131775,slab_interface,2014-03-18T21:33:06,5.3,1.998631074606434,9
134575,2014-03-22T12:59:55,-71.196,-19.82,4.9913,5.8,mw,,,,,164.0,75.0,88.0,352.0,15.0,98.0,1.308e+18,-1.92e+17,-1.115e+18,6.56e+17,-2.12e+18,1.9e+17,CSN-improved,,slab_interface,15.5596084595,slab_interface,2014-03-22T12:59:55,5.3,1.998631074606434,9
134573,2014-03-22T13:00:08,-71.14,-19.73,18.9,6.2,mw,0.0,0.0,0.2,,346.0,20.0,90.0,167.0,70.0,90.0,1.308e+18,-1.92e+17,-1.115e+18,6.56e+17,-2.12e+18,1.9e+17,GCMT,,slab_interface,16.9487609863,slab_interface,2014-03-22T13:00:08,5.3,1.998631074606434,9
134577,2014-03-22T13:14:57,-70.881,-19.821,20.1,5.4,mw,,,9.5,,171.0,66.0,96.0,336.0,24.0,77.0,5.294e+16,8200000000000000.0,-6.114e+16,7460000000000000.0,-5.427e+16,2.082e+16,CSN-improved,,slab_interface,22.4862670898,slab_interface,2014-03-22T13:14:57,5.3,1.998631074606434,9
134576,2014-03-22T13:30:04,-71.2,-19.67,22.8,5.6,mw,0.02,0.02,0.8,,349.0,26.0,88.0,170.0,64.0,91.0,1.308e+17,-1.17e+16,-1.191e+17,1.111e+17,-2.526e+17,4.35e+16,GCMT,,slab_interface,16.6754684448,slab_interface,2014-03-22T13:30:04,5.3,1.998631074606434,9
134647,2014-03-23T18:20:01,-70.943,-19.794,33.8,6.0,mw,,,3.9,,151.0,69.0,84.0,347.0,22.0,105.0,2.197e+18,-2.97e+17,-1.9e+18,1.313e+18,-2.065e+18,7.15e+17,CSN-improved,,slab_interface,21.1916389465,slab_interface,2014-03-23T18:20:01,5.3,1.998631074606434,9
134646,2014-03-23T18:20:08,-71.05,-19.7,21.7,6.2,mw,0.0,0.0,0.2,,350.0,21.0,100.0,160.0,69.0,86.0,2.197e+18,-2.97e+17,-1.9e+18,1.313e+18,-2.065e+18,7.15e+17,GCMT,,slab_interface,19.5983104706,slab_interface,2014-03-23T18:20:08,5.3,1.998631074606434,9
134714,2014-03-24T11:26:46,-71.05,-19.8,21.9,5.8,mw,0.01,0.01,0.4,,352.0,22.0,94.0,168.0,68.0,89.0,3.378e+17,-3200000000000000.0,-3.346e+17,1.107e+17,-3.57e+17,6.73e+16,GCMT,,slab_interface,18.7724246979,slab_interface,2014-03-24T11:26:46,5.3,1.998631074606434,9
134715,2014-03-24T11:40:50,-71.12,-19.8,27.4,5.7,mw,0.01,0.01,0.7,,353.0,20.0,91.0,171.0,70.0,90.0,1.365e+17,-1.14e+16,-1.251e+17,8.69e+16,-2.401e+17,4.58e+16,GCMT,,slab_interface,17.6466655731,slab_interface,2014-03-24T11:40:50,5.3,1.998631074606434,9
134716,2014-03-24T15:45:38,-71.06,-19.54,29.1,5.7,mw,0.01,0.01,0.5,,347.0,21.0,90.0,166.0,69.0,90.0,2.146e+17,-1.24e+16,-2.022e+17,9.76e+16,-3.413e+17,8.37e+16,GCMT,,slab_interface,20.9691429138,slab_interface,2014-03-24T15:45:38,5.3,1.998631074606434,9
134817,2014-03-25T00:15:17,-71.01,-19.83,23.5,5.3,mw,0.01,0.01,0.6,,338.0,24.0,90.0,158.0,66.0,90.0,4.694e+16,-3740000000000000.0,-4.32e+16,3.475e+16,-5.089e+16,1.901e+16,GCMT,,slab_interface,19.5500450134,slab_interface,2014-03-25T00:15:17,5.3,1.998631074606434,9
135106,2014-04-01T23:47:31,-70.81,-19.7,21.6,8.2,mw,0.01,0.01,0.4,,355.0,15.0,106.0,159.0,76.0,86.0,8.68e+20,5e+18,-8.73e+20,7.48e+20,-2.041e+21,1.77e+20,GCMT,,slab_interface,26.2225322723,slab_interface,2014-04-01T23:47:31,5.3,1.998631074606434,9
135108,2014-04-01T23:52:18,-70.588,-19.644,28.89,6.6,mw,,,,,,,,,,,,,,,,,CSN-improved,,slab_interface,33.1137733459,slab_interface,2014-04-01T23:52:18,5.3,1.998631074606434,9
135109,2014-04-01T23:59:58,-70.229,-19.517,25.0,5.8,mw,,,15.0,0.2,,,,,,,,,,,,,ISC-GEM,,slab_interface,48.3211708069,slab_interface,2014-04-01T23:59:58,5.3,1.998631074606434,9
135129,2014-04-02T00:03:13,-70.934,-19.839,22.5,5.9,mw,,,10.2,,,,,,,,,,,,,,CSN-improved,,slab_interface,20.7732315063,slab_interface,2014-04-02T00:03:13,5.3,1.998631074606434,9
135128,2014-04-02T00:03:14,-70.719,-19.783,20.72,6.1,mw,,,1.2,0.059,,,,,,,,,,,,,USGS,,slab_interface,28.2413978577,slab_interface,2014-04-02T00:03:14,5.3,1.998631074606434,9
135132,2014-04-02T00:06:46,-70.919,-19.793,5.7,5.4,mw,,,6.4,,,,,,,,,,,,,,CSN-improved,,slab_interface,22.4862670898,slab_interface,2014-04-02T00:06:46,5.3,1.998631074606434,9
135131,2014-04-02T00:33:48,-70.821,-20.191,23.3,5.5,mw,,,7.0,,,,,,,,,,,,,,CSN-improved,,slab_interface,22.0268878937,slab_interface,2014-04-02T00:33:48,5.3,1.998631074606434,9
135133,2014-04-02T01:21:01,-70.998,-19.635,34.1,5.4,mw,,,2.0,,,,,,,,,,,,,,CSN-improved,,slab_interface,21.2660369873,slab_interface,2014-04-02T01:21:01,5.3,1.998631074606434,9
135130,2014-04-02T04:46:21,-70.823,-20.142,21.5775,5.7,mw,,,,,5.92,18.69,109.94,164.97,72.47,83.42,1.2886e+17,-1.116e+16,-1.177e+17,5.438e+16,-1.6411e+17,5010000000000000.0,CSN-improved,,slab_interface,22.3761444092,slab_interface,2014-04-02T04:46:21,5.3,1.998631074606434,9
135134,2014-04-02T17:12:32,-70.306,-19.779,37.68,5.3,mw,,,5.7,0.071,,,,,,,,,,,,,USGS,,slab_interface,42.424747467,slab_interface,2014-04-02T17:12:32,5.3,1.998631074606434,9
135135,2014-04-02T19:45:56,-70.87,-20.36,31.5,5.3,mw,0.02,0.02,0.8,,1.0,27.0,98.0,173.0,63.0,86.0,8.86e+16,4640000000000000.0,-9.325e+16,1.007e+16,-4.494e+16,1.665e+16,GCMT,,slab_interface,19.7797908783,slab_interface,2014-04-02T19:45:56,5.3,1.998631074606434,9
135314,2014-04-03T02:43:35,-70.6,-20.43,28.7,7.7,mw,0.01,0.01,0.3,,358.0,14.0,103.0,165.0,76.0,87.0,2.32e+20,4.4e+18,-2.364e+20,1.022e+20,-3.933e+20,3.89e+19,GCMT,,slab_interface,26.2040634155,slab_interface,2014-04-03T02:43:35,5.3,1.998631074606434,9
135321,2014-04-03T02:56:09,-70.54,-20.737,12.9,5.4,mw,,,3.4,,,,,,,,,,,,,,CSN-improved,,slab_interface,26.1991004944,slab_interface,2014-04-03T02:56:09,5.3,1.998631074606434,9
135320,2014-04-03T05:51:46,-70.437,-20.769,31.0,5.6,mw,,,3.2,,339.6,19.01,81.61,168.47,71.2,92.88,6.606e+16,-9310000000000000.0,-5.675e+16,1.445e+16,-8.117e+16,1.534e+16,CSN-improved,,slab_interface,29.451757431,slab_interface,2014-04-03T05:51:46,5.3,1.998631074606434,9
135323,2014-04-03T09:23:23,-70.767,-20.595,16.1,5.3,mw,,,12.9,,172.0,63.0,96.0,338.0,28.0,78.0,1.307e+17,2.17e+16,-1.524e+17,9300000000000000.0,-1.031e+17,4.53e+16,CSN-improved,,slab_interface,21.0639476776,slab_interface,2014-04-03T09:23:23,5.3,1.998631074606434,9
135488,2014-04-04T01:37:51,-70.654,-20.643,13.71,6.3,mw,,,2.6,,159.0,65.0,79.0,3.0,27.0,112.0,2.324e+18,6.9e+16,-2.393e+18,9.55e+17,-1.809e+18,4.01e+17,USGS,,slab_interface,23.6253910065,slab_interface,2014-04-04T01:37:51,5.3,1.998631074606434,9
135489,2014-04-04T01:37:57,-70.91,-20.61,19.5,6.2,mw,0.0,0.0,0.2,,1.0,25.0,109.0,160.0,67.0,81.0,2.324e+18,6.9e+16,-2.393e+18,9.55e+17,-1.809e+18,4.01e+17,GCMT,,slab_interface,17.3459587097,slab_interface,2014-04-04T01:37:57,5.3,1.998631074606434,9
135635,2014-04-05T02:22:39,-71.465,-32.682,41.0386,5.7,mw,,,,,193.0,64.0,96.0,358.0,27.0,77.0,2.14e+17,4.1e+16,-2.55e+17,-4.73e+16,-1.72e+17,-3.38e+16,CSN-improved,,slab_interface,40.1917419434,slab_interface,2014-04-05T02:22:39,5.3,1.998631074606434,9
135637,2014-04-05T05:44:57,-70.513,-20.146,29.5,5.3,mw,,,11.7,0.1,358.0,28.0,104.0,162.0,63.0,83.0,5.044e+16,6530000000000000.0,-5.697e+16,3.567e+16,-5.172e+16,1.473e+16,ISC-GEM,,slab_interface,31.6187400818,slab_interface,2014-04-05T05:44:57,5.3,1.998631074606434,9
135638,2014-04-05T05:45:01,-70.79,-20.13,29.5,5.3,mw,0.01,0.01,0.5,,358.0,28.0,104.0,162.0,63.0,83.0,5.044e+16,6530000000000000.0,-5.697e+16,3.567e+16,-5.172e+16,1.473e+16,GCMT,,slab_interface,22.3761444092,slab_interface,2014-04-05T05:45:01,5.3,1.998631074606434,9
135802,2014-04-07T13:43:26,-70.88,-20.13,16.8,5.8,mw,0.01,0.01,0.4,,46.0,26.0,35.0,284.0,76.0,112.0,3.191e+17,-3.113e+17,-7800000000000000.0,-1.673e+17,2.008e+17,-3.09e+16,GCMT,,slab_interface,19.7846355438,slab_interface,2014-04-07T13:43:26,5.3,1.998631074606434,9
135880,2014-04-08T10:14:38,-71.15,-20.62,12.4,5.6,mw,0.01,0.01,0.4,,1.0,18.0,70.0,202.0,73.0,97.0,1.689e+17,3500000000000000.0,-1.723e+17,-1.573e+17,-2.769e+17,-5.91e+16,GCMT,,slab_interface,12.4122924805,slab_interface,2014-04-08T10:14:38,5.3,1.998631074606434,9
136059,2014-04-11T00:01:44,-70.662,-20.695,10.0,5.9,mw,,,,,185.0,74.0,101.0,330.0,19.0,57.0,1.113e+18,3.62e+17,-1.475e+18,-2.07e+17,-2.04e+18,3.14e+17,ISC,,slab_interface,23.4013595581,slab_interface,2014-04-11T00:01:44,5.3,1.998631074606434,9
136058,2014-04-11T00:01:51,-70.88,-20.64,14.5,6.1,mw,0.0,0.01,0.3,,328.0,28.0,43.0,198.0,72.0,111.0,1.113e+18,3.62e+17,-1.475e+18,-2.07e+17,-2.04e+18,3.14e+17,GCMT,,slab_interface,17.1494178772,slab_interface,2014-04-11T00:01:51,5.3,1.998631074606434,9
136061,2014-04-11T08:39:45,-70.855,-20.592,22.26,5.3,mw,,,4.3,0.053,,,,,,,,,,,,,USGS,,slab_interface,18.5207424164,slab_interface,2014-04-11T08:39:45,5.3,1.998631074606434,9
136164,2014-04-13T12:11:36,-71.01,-20.58,21.8,5.4,mw,0.02,0.02,1.0,,350.0,21.0,97.0,162.0,69.0,87.0,9.63e+16,4600000000000000.0,-1.009e+17,4.71e+16,-1.665e+17,2.64e+16,GCMT,,slab_interface,15.1874265671,slab_interface,2014-04-13T12:11:36,5.3,1.998631074606434,9
136213,2014-04-14T05:56:23,-70.98,-20.73,18.9,5.3,mw,0.01,0.01,0.8,,356.0,21.0,95.0,170.0,69.0,88.0,7.01e+16,5100000000000000.0,-7.52e+16,2.33e+16,-6.94e+16,5300000000000000.0,GCMT,,slab_interface,14.6974945068,slab_interface,2014-04-14T05:56:23,5.3,1.998631074606434,9
136247,2014-04-15T16:09:40,-70.99,-20.12,19.5,5.3,mw,0.01,0.01,0.5,,343.0,26.0,81.0,173.0,64.0,95.0,7.395e+16,8790000000000000.0,-8.273e+16,4.214e+16,-7.408e+16,1.092e+16,GCMT,,slab_interface,17.7538070679,slab_interface,2014-04-15T16:09:40,5.3,1.998631074606434,9
136382,2014-04-19T20:54:49,-71.32,-19.91,21.8,5.8,mw,0.01,0.02,0.7,,339.0,26.0,79.0,171.0,64.0,96.0,4.001e+17,-6.18e+16,-3.383e+17,2.002e+17,-4.161e+17,8.81e+16,GCMT,,slab_interface,13.0813655853,slab_interface,2014-04-19T20:54:49,5.3,1.998631074606434,9
136458,2014-04-21T13:39:12,-71.19,-19.69,20.9,5.3,mw,0.01,0.01,0.6,,349.0,24.0,93.0,166.0,66.0,89.0,6.766e+16,4320000000000000.0,-7.198e+16,2.678e+16,-7.539e+16,1.568e+16,GCMT,,slab_interface,16.2878017426,slab_interface,2014-04-21T13:39:12,5.3,1.998631074606434,9
136873,2014-05-05T11:21:25,-70.99,-20.19,24.3,5.4,mw,0.02,0.02,0.9,,354.0,30.0,91.0,173.0,60.0,89.0,8.835e+16,320000000000000.0,-8.867e+16,5.493e+16,-9.538e+16,1.944e+16,GCMT,,slab_interface,17.1318798065,slab_interface,2014-05-05T11:21:25,5.3,1.998631074606434,9
137109,2014-05-14T05:51:48,-71.13,-19.693,23.0513,5.5,mw,,,,,143.0,69.0,83.0,343.0,22.0,108.0,5.958e+16,-9690000000000000.0,-4.989e+16,4.366e+16,-5.323e+16,2.862e+16,CSN-improved,,slab_interface,17.3372268677,slab_interface,2014-05-14T05:51:48,5.3,1.998631074606434,9
137110,2014-05-14T05:51:53,-71.26,-19.64,17.8,5.3,mw,0.01,0.01,0.6,,332.0,23.0,78.0,164.0,67.0,95.0,5.958e+16,-9690000000000000.0,-4.989e+16,4.366e+16,-5.323e+16,2.862e+16,GCMT,,slab_interface,15.6620121002,slab_interface,2014-05-14T05:51:53,5.3,1.998631074606434,9
137193,2014-05-17T09:11:12,-71.15,-19.98,18.5,5.5,mw,0.01,0.01,0.3,,344.0,25.0,86.0,169.0,65.0,92.0,1.627e+17,5000000000000000.0,-1.678e+17,6.77e+16,-2.26e+17,5.35e+16,GCMT,,slab_interface,15.2286863327,slab_interface,2014-05-17T09:11:12,5.3,1.998631074606434,9
137396,2014-05-27T09:04:10,-74.0,-36.02,15.0,5.3,mw,0.01,0.01,0.0,,19.0,13.0,98.0,191.0,77.0,88.0,4.119e+16,-1480000000000000.0,-3.971e+16,1590000000000000.0,-4.329e+16,-7130000000000000.0,GCMT,,slab_interface,10.6267528534,slab_interface,2014-05-27T09:04:10,5.3,1.998631074606434,9
137813,2014-06-19T09:38:44,-71.13,-19.88,21.6,5.8,mw,0.01,0.01,0.4,,349.0,24.0,89.0,170.0,66.0,90.0,4.357e+17,-2.12e+16,-4.144e+17,8.73e+16,-2.734e+17,1.15e+17,GCMT,,slab_interface,15.8746538162,slab_interface,2014-06-19T09:38:44,5.3,1.998631074606434,9
137812,2014-06-19T19:54:05,-70.954,-19.831,21.7058,6.0,mw,,,,,150.0,71.0,77.0,6.0,22.0,124.0,3.772e+17,4.86e+16,-4.258e+17,2.911e+17,-4.309e+17,1.194e+17,CSN-improved,,slab_interface,20.7732315063,slab_interface,2014-06-19T19:54:05,5.3,1.998631074606434,9
137814,2014-06-19T19:54:11,-71.15,-19.8,23.0,5.8,mw,0.01,0.01,0.3,,351.0,22.0,91.0,169.0,68.0,90.0,3.772e+17,4.86e+16,-4.258e+17,2.911e+17,-4.309e+17,1.194e+17,GCMT,,slab_interface,16.5759525299,slab_interface,2014-06-19T19:54:11,5.3,1.998631074606434,9
137845,2014-06-20T19:53:37,-71.19,-19.75,20.7,5.5,mw,0.01,0.01,0.4,,349.0,24.0,94.0,164.0,66.0,88.0,1.859e+17,-1.94e+16,-1.665e+17,1.212e+17,-1.831e+17,6.9e+16,GCMT,,slab_interface,15.9160842896,slab_interface,2014-06-20T19:53:37,5.3,1.998631074606434,9
137844,2014-06-20T20:22:36,-71.21,-19.72,18.4,5.8,mw,0.01,0.01,0.3,,344.0,21.0,84.0,171.0,70.0,92.0,4.316e+17,-2.11e+16,-4.105e+17,2.199e+17,-4.334e+17,7.35e+16,GCMT,,slab_interface,16.2878017426,slab_interface,2014-06-20T20:22:36,5.3,1.998631074606434,9
138181,2014-07-08T16:04:20,-70.569,-20.781,24.86,5.3,mw,,,3.1,0.126,,,,,,,,,,,,,USGS,,slab_interface,25.9905109406,slab_interface,2014-07-08T16:04:20,5.3,1.998631074606434,9
138676,2014-08-08T04:10:21,-72.27,-33.64,24.2,5.3,mw,0.01,0.01,0.6,,5.0,27.0,87.0,189.0,63.0,92.0,5.868e+16,3540000000000000.0,-6.222e+16,1.336e+16,-2.577e+16,-3540000000000000.0,GCMT,,slab_interface,18.134059906,slab_interface,2014-08-08T04:10:21,5.3,1.998631074606434,9
138768,2014-08-14T00:02:56,-70.033,-20.167,52.5699,5.6,mw,,,,,163.0,59.0,89.0,345.0,31.0,91.0,1.078e+17,-7100000000000000.0,-1.006e+17,1.74e+16,-5.53e+16,2.91e+16,CSN-improved,,slab_interface,49.0205078125,slab_interface,2014-08-14T00:02:56,5.3,1.998631074606434,9
138920,2014-08-23T22:32:24,-71.532,-32.731,36.3984,6.3,mw,,,,,183.0,69.0,92.0,359.0,21.0,86.0,3.729e+18,5.8e+16,-3.787e+18,-3.07e+17,-4.096e+18,-9.5e+16,CSN-improved,,slab_interface,36.2186012268,slab_interface,2014-08-23T22:32:24,5.3,1.998631074606434,9
139497,2014-09-28T08:46:36,-73.38,-35.63,20.3,5.3,mw,0.02,0.01,0.8,,21.0,19.0,106.0,185.0,72.0,85.0,7.684e+16,-1450000000000000.0,-7.539e+16,-1.244e+16,-4.337e+16,-5030000000000000.0,GCMT,,slab_interface,16.5529689789,slab_interface,2014-09-28T08:46:36,5.3,1.998631074606434,9
139896,2014-10-23T23:38:57,-72.39,-34.02,17.2,5.3,mw,0.02,0.01,0.9,,3.0,13.0,97.0,176.0,77.0,88.0,8306000000000000.0,-8221000000000000.0,-85000000000000.0,6071000000000000.0,-4.3009e+16,-2971000000000000.0,GCMT,,slab_interface,17.4872264862,slab_interface,2014-10-23T23:38:57,5.3,1.998631074606434,9
140481,2014-11-29T14:18:15,-71.26,-19.89,13.4,5.4,mw,0.01,0.01,0.4,,339.0,22.0,78.0,172.0,69.0,95.0,9.213e+16,-1320000000000000.0,-9.081e+16,2070000000000000.0,-3.437e+16,3.61e+16,GCMT,,slab_interface,13.9590167999,slab_interface,2014-11-29T14:18:15,5.3,1.998631074606434,9
141410,2015-01-25T08:47:05,-71.797,-34.764,48.0114,5.3,mw,,,,,,,,,,,,,,,,,CSN-improved,,slab_interface,45.574016571,slab_interface,2015-01-25T08:47:05,5.3,1.998631074606434,9
142339,2015-03-18T18:27:29,-73.689,-36.111,10.0,5.7,mw,,,,,189.0,76.0,87.0,19.0,14.0,100.0,1.265e+18,8.8e+16,-1.352e+18,-3.9e+17,-2.475e+18,-3.75e+17,ISC,,slab_interface,15.4510135651,slab_interface,2015-03-18T18:27:29,5.3,1.998631074606434,9
142338,2015-03-18T18:27:35,-73.9,-36.16,12.0,6.1,mw,0.0,0.0,0.0,,9.0,17.0,87.0,192.0,73.0,91.0,1.265e+18,8.8e+16,-1.352e+18,-3.9e+17,-2.475e+18,-3.75e+17,GCMT,,slab_interface,12.7312059402,slab_interface,2015-03-18T18:27:35,5.3,1.998631074606434,9
142340,2015-03-18T19:07:54,-74.06,-36.09,14.7,5.4,mw,0.01,0.01,0.8,,2.0,22.0,82.0,190.0,68.0,93.0,1.173e+17,-3200000000000000.0,-1.141e+17,-1800000000000000.0,-1.472e+17,-1.32e+16,GCMT,,slab_interface,10.5687141418,slab_interface,2015-03-18T19:07:54,5.3,1.998631074606434,9
143435,2015-05-22T19:39:39,-71.08,-20.13,21.5,5.3,mw,0.01,0.01,0.5,,349.0,26.0,84.0,175.0,64.0,93.0,8.347e+16,8560000000000000.0,-9.202e+16,6400000000000000.0,-4.914e+16,1.802e+16,GCMT,,slab_interface,15.3251552582,slab_interface,2015-05-22T19:39:39,5.3,1.998631074606434,9
143867,2015-06-20T02:10:08,-73.667,-36.335,17.0,5.9,mw,,,,,187.0,80.0,83.0,40.0,12.0,123.0,1.963e+18,-3.3e+17,-1.634e+18,-4.35e+17,-5.009e+18,-7.87e+17,ISC,,slab_interface,18.0785522461,slab_interface,2015-06-20T02:10:08,5.3,1.998631074606434,9
143866,2015-06-20T02:10:13,-74.1,-36.35,12.0,6.4,mw,0.0,0.0,0.0,,9.0,18.0,84.0,196.0,72.0,92.0,1.963e+18,-3.3e+17,-1.634e+18,-4.35e+17,-5.009e+18,-7.87e+17,GCMT,,slab_interface,11.1978616714,slab_interface,2015-06-20T02:10:13,5.3,1.998631074606434,9
143868,2015-06-20T05:22:22,-74.1,-36.47,12.0,5.4,mw,0.01,0.02,0.0,,11.0,18.0,93.0,188.0,72.0,89.0,1.099e+17,2.92e+16,-1.391e+17,6.93e+16,-1.367e+17,-1e+16,GCMT,,slab_interface,11.6690998077,slab_interface,2015-06-20T05:22:22,5.3,1.998631074606434,9
144289,2015-07-17T11:11:26,-73.42,-35.57,21.5,5.3,mw,0.02,0.01,0.9,,24.0,19.0,109.0,184.0,72.0,83.0,3.255e+16,1.33e+16,-4.586e+16,-1.748e+16,-8.006e+16,-7010000000000000.0,GCMT,,slab_interface,15.524725914,slab_interface,2015-07-17T11:11:26,5.3,1.998631074606434,9
144623,2015-08-10T09:40:09,-71.285,-29.479,37.9,5.4,mw,,,19.1,0.2,,,,,,,,,,,,,ISC-GEM,,slab_interface,37.7754173279,slab_interface,2015-08-10T09:40:09,5.3,1.998631074606434,9
144836,2015-08-24T05:13:50,-71.295,-29.762,44.6784,5.3,mw,,,,,,,,,,,,,,,,,CSN-improved,,slab_interface,39.6479988098,slab_interface,2015-08-24T05:13:50,5.3,1.998631074606434,9
144995,2015-09-03T13:37:59,-72.579,-36.81,60.0,5.4,mw,,,5.6,0.08,,,,,,,,,,,,,USGS,,slab_interface,49.5069046021,slab_interface,2015-09-03T13:37:59,5.3,1.998631074606434,9
145193,2015-09-16T22:55:22,-72.09,-31.13,17.4,8.4,mw,0.01,0.01,0.4,,7.0,19.0,109.0,166.0,72.0,83.0,1.915e+21,3.5e+19,-1.949e+21,-3.6e+19,-2.536e+21,1.19e+20,GCMT,,slab_interface,16.4954891205,slab_interface,2015-09-16T22:55:22,5.3,1.998631074606434,9
145195,2015-09-16T22:59:15,-71.732,-31.62,15.242,6.2,mw,,,,,,,,,,,,,,,,,CSN-improved,,slab_interface,27.6174488068,slab_interface,2015-09-16T22:59:15,5.3,1.998631074606434,9
145197,2015-09-16T23:09:07,-71.405,-31.106,37.8,6.0,mw,,,4.8,0.07,,,,,,,,,,,,,USGS,,slab_interface,41.4122276306,slab_interface,2015-09-16T23:09:07,5.3,1.998631074606434,9
145200,2015-09-16T23:28:23,-71.804,-30.718,20.71,5.9,mw,,,4.0,0.099,,,,,,,,,,,,,USGS,,slab_interface,23.8981742859,slab_interface,2015-09-16T23:28:23,5.3,1.998631074606434,9
145199,2015-09-16T23:38:03,-71.908,-31.888,27.7,6.0,mw,,,6.3,,,,,,,,,,,,,,CSN-improved,,slab_interface,23.1959686279,slab_interface,2015-09-16T23:38:03,5.3,1.998631074606434,9
145236,2015-09-17T00:06:17,-71.732,-30.911,27.6,5.4,mw,,,4.6,,,,,,,,,,,,,,CSN-improved,,slab_interface,26.1119403839,slab_interface,2015-09-17T00:06:17,5.3,1.998631074606434,9
145233,2015-09-17T00:22:15,-72.077,-31.485,26.4,5.5,mw,,,2.5,,,,,,,,,,,,,,CSN-improved,,slab_interface,17.1280612946,slab_interface,2015-09-17T00:22:15,5.3,1.998631074606434,9
145231,2015-09-17T02:20:55,-72.086,-30.738,30.0,5.6,mw,,,0.0,,,,,,,,,,,,,,CSN-improved,,slab_interface,15.795835495,slab_interface,2015-09-17T02:20:55,5.3,1.998631074606434,9
145229,2015-09-17T04:02:09,-71.899,-31.248,32.1,5.7,mw,,,4.4,,,,,,,,,,,,,,CSN-improved,,slab_interface,21.9471549988,slab_interface,2015-09-17T04:02:09,5.3,1.998631074606434,9
145228,2015-09-17T04:18:32,-71.386,-30.892,35.0,5.8,mw,,,1.9,0.042,,,,,,,,,,,,,USGS,,slab_interface,40.8395614624,slab_interface,2015-09-17T04:18:32,5.3,1.998631074606434,9
145232,2015-09-17T04:26:37,-72.017,-31.382,6.5809,5.6,mw,,,,,0.85,29.46,68.89,204.76,62.69,101.5,1.7711e+17,-1360000000000000.0,-1.7574e+17,-7.109e+16,-1.0561e+17,-4.174e+16,CSN-improved,,slab_interface,19.420917511,slab_interface,2015-09-17T04:26:37,5.3,1.998631074606434,9
145234,2015-09-17T05:44:41,-71.958,-31.825,25.1,5.5,mw,,,13.1,,29.85,36.5,117.9,176.47,58.29,70.9,1.8024e+17,1530000000000000.0,-1.8178e+17,4.396e+16,-8.693e+16,-4.631e+16,CSN-improved,,slab_interface,21.559009552,slab_interface,2015-09-17T05:44:41,5.3,1.998631074606434,9
145226,2015-09-17T12:14:45,-72.41,-32.27,22.3,5.9,mw,0.01,0.02,0.7,,351.0,26.0,90.0,172.0,64.0,90.0,4.131e+17,-4.16e+16,-3.714e+17,2.139e+17,-8.593e+17,1.093e+17,GCMT,,slab_interface,12.2359552383,slab_interface,2015-09-17T12:14:45,5.3,1.998631074606434,9
145227,2015-09-17T13:32:34,-72.28,-32.23,17.5,5.9,mw,0.01,0.01,0.5,,357.0,22.0,87.0,181.0,68.0,91.0,4.744e+17,-1.269e+17,-3.475e+17,-7900000000000000.0,-7.463e+17,-3.77e+16,GCMT,,slab_interface,13.9934110641,slab_interface,2015-09-17T13:32:34,5.3,1.998631074606434,9
145230,2015-09-17T14:19:15,-72.093,-30.922,26.7,5.7,mw,,,4.4,,,,,,,,,,,,,,CSN-improved,,slab_interface,16.0568771362,slab_interface,2015-09-17T14:19:15,5.3,1.998631074606434,9
145238,2015-09-17T16:04:05,-71.959,-31.408,22.5214,5.4,mw,,,,,,,,,,,,,,,,,CSN-improved,,slab_interface,20.7910442352,slab_interface,2015-09-17T16:04:05,5.3,1.998631074606434,9
145239,2015-09-17T20:40:34,-71.662,-30.053,26.6,5.4,mw,,,4.1,,357.0,30.0,103.0,162.0,61.0,82.0,8.42e+16,600000000000000.0,-8.49e+16,2.2e+16,-4.8e+16,1.66e+16,CSN-improved,,slab_interface,26.9179000854,slab_interface,2015-09-17T20:40:34,5.3,1.998631074606434,9
145454,2015-09-18T08:18:22,-72.6,-32.32,12.0,5.5,mw,0.01,0.01,0.0,,348.0,20.0,85.0,173.0,70.0,92.0,1.433e+17,-9100000000000000.0,-1.342e+17,4.82e+16,-2.714e+17,1.99e+16,GCMT,,slab_interface,9.42548370361,slab_interface,2015-09-18T08:18:22,5.3,1.998631074606434,9
145453,2015-09-18T09:10:52,-72.3,-32.31,13.4,6.1,mw,0.0,0.01,0.2,,347.0,24.0,81.0,177.0,67.0,94.0,1.477e+18,-3.2e+16,-1.445e+18,3.8e+17,-2.355e+18,3.26e+17,GCMT,,slab_interface,14.0336294174,slab_interface,2015-09-18T09:10:52,5.3,1.998631074606434,9
145645,2015-09-19T02:49:41,-71.736,-31.528,25.2125,5.5,mw,,,,,,,,,,,,,,,,,CSN-improved,,slab_interface,27.5229377747,slab_interface,2015-09-19T02:49:41,5.3,1.998631074606434,9
145639,2015-09-19T05:06:47,-72.125,-29.68,5.211,6.1,mw,,,,,179.0,69.0,93.0,351.0,21.0,83.0,1.039e+18,-6.1e+16,-9.78e+17,-1.3e+16,-1.111e+18,8.3e+16,CSN-improved,,slab_interface,12.808429718,slab_interface,2015-09-19T05:06:47,5.3,1.998631074606434,9
145643,2015-09-19T05:06:49,-72.027,-29.67,14.0,5.7,mw,,,,,179.0,69.0,93.0,351.0,21.0,83.0,1.039e+18,-6.1e+16,-9.78e+17,-1.3e+16,-1.111e+18,8.3e+16,ISC,,slab_interface,14.5118083954,slab_interface,2015-09-19T05:06:49,5.3,1.998631074606434,9
145640,2015-09-19T05:06:51,-72.3,-29.73,12.0,6.0,mw,0.0,0.0,0.0,,349.0,30.0,81.0,180.0,60.0,95.0,1.039e+18,-6.1e+16,-9.78e+17,-1.3e+16,-1.111e+18,8.3e+16,GCMT,,slab_interface,10.6162233353,slab_interface,2015-09-19T05:06:51,5.3,1.998631074606434,9
145647,2015-09-19T06:27:14,-71.305,-28.853,45.0,5.3,mw,,,7.2,,,,,,,,,,,,,,CSN-improved,,slab_interface,31.0137252808,slab_interface,2015-09-19T06:27:14,5.3,1.998631074606434,9
145646,2015-09-19T08:31:30,-72.3,-30.26,13.5,5.4,mw,0.01,0.01,0.4,,0.0,24.0,91.0,180.0,66.0,90.0,1.604e+17,-200000000000000.0,-1.602e+17,3.98e+16,-6.8e+16,1900000000000000.0,GCMT,,slab_interface,11.3455219269,slab_interface,2015-09-19T08:31:30,5.3,1.998631074606434,9
145641,2015-09-19T12:52:19,-71.943,-32.276,8.0,5.8,mw,,,,,178.0,68.0,88.0,4.0,22.0,96.0,1.835e+18,-8.2e+16,-1.753e+18,1.02e+17,-1.918e+18,-4.3e+16,ISC,,slab_interface,22.2597484589,slab_interface,2015-09-19T12:52:19,5.3,1.998631074606434,9
145638,2015-09-19T12:52:26,-72.05,-32.34,19.7,6.2,mw,0.0,0.0,0.2,,6.0,23.0,98.0,178.0,67.0,87.0,1.835e+18,-8.2e+16,-1.753e+18,1.02e+17,-1.918e+18,-4.3e+16,GCMT,,slab_interface,19.6133804321,slab_interface,2015-09-19T12:52:26,5.3,1.998631074606434,9
145644,2015-09-19T13:09:05,-72.18,-30.71,23.0,5.6,mw,0.01,0.01,0.8,,359.0,26.0,100.0,168.0,65.0,85.0,1.957e+17,-1.09e+16,-1.848e+17,-6800000000000000.0,-2.63e+17,1.44e+16,GCMT,,slab_interface,13.6782779694,slab_interface,2015-09-19T13:09:05,5.3,1.998631074606434,9
145784,2015-09-20T14:31:09,-71.714,-30.6,29.7755,5.3,mw,,,,,,,,,,,,,,,,,CSN-improved,,slab_interface,27.115354538,slab_interface,2015-09-20T14:31:09,5.3,1.998631074606434,9
145938,2015-09-21T15:37:12,-71.95,-31.17,31.0,5.5,mw,0.01,0.01,0.5,,353.0,24.0,90.0,172.0,66.0,90.0,1.118e+17,800000000000000.0,-1.127e+17,9000000000000000.0,-1.364e+17,5100000000000000.0,GCMT,,slab_interface,20.2911243439,slab_interface,2015-09-21T15:37:12,5.3,1.998631074606434,9
146376,2015-09-26T03:03:20,-71.573,-30.735,29.03,5.4,mw,,,4.7,0.113,,,,,,,,,,,,,USGS,,slab_interface,33.5647239685,slab_interface,2015-09-26T03:03:20,5.3,1.998631074606434,9
146802,2015-10-03T06:03:48,-73.71,-37.57,21.5,5.7,mw,0.01,0.01,0.4,,4.0,19.0,93.0,181.0,72.0,89.0,3.247e+17,4.66e+16,-3.713e+17,4.95e+16,-5.128e+17,-1.57e+16,GCMT,,slab_interface,22.4249916077,slab_interface,2015-10-03T06:03:48,5.3,1.998631074606434,9
146864,2015-10-04T03:49:53,-72.26,-30.41,12.2,5.4,mw,0.01,0.01,0.4,,358.0,26.0,94.0,173.0,64.0,88.0,1.632e+17,-4500000000000000.0,-1.587e+17,3.5e+16,-1.679e+17,1900000000000000.0,GCMT,,slab_interface,12.3454780579,slab_interface,2015-10-04T03:49:53,5.3,1.998631074606434,9
147058,2015-10-09T18:27:39,-71.82,-31.81,36.2,5.4,mw,0.01,0.01,0.6,,342.0,25.0,75.0,179.0,66.0,97.0,1.515e+17,2.71e+16,-1.786e+17,-4000000000000000.0,-9.72e+16,4200000000000000.0,GCMT,,slab_interface,26.2281856537,slab_interface,2015-10-09T18:27:39,5.3,1.998631074606434,9
147876,2015-11-06T08:44:14,-72.28,-30.26,12.5,5.3,mw,0.01,0.01,0.4,,6.0,25.0,97.0,178.0,65.0,87.0,1.166e+17,-1800000000000000.0,-1.148e+17,1.6e+16,-9.94e+16,-1100000000000000.0,GCMT,,slab_interface,11.3455219269,slab_interface,2015-11-06T08:44:14,5.3,1.998631074606434,9
147907,2015-11-07T07:04:35,-71.866,-29.687,10.0,6.1,mw,,,16.0,0.1,1.0,25.0,79.0,193.0,65.0,95.0,1.332e+18,-1.02e+17,-1.23e+18,-4.41e+17,-1.809e+18,-2.73e+17,ISC-GEM,,slab_interface,19.2610683441,slab_interface,2015-11-07T07:04:35,5.3,1.998631074606434,9
147910,2015-11-07T07:04:38,-71.921,-29.666,25.0,5.7,mw,,,,,194.0,72.0,90.0,12.0,18.0,89.0,1.332e+18,-1.02e+17,-1.23e+18,-4.41e+17,-1.809e+18,-2.73e+17,ISC,,slab_interface,17.8053607941,slab_interface,2015-11-07T07:04:38,5.3,1.998631074606434,9
147908,2015-11-07T07:04:41,-72.33,-29.54,12.0,6.1,mw,0.01,0.01,0.0,,1.0,25.0,79.0,193.0,65.0,95.0,1.332e+18,-1.02e+17,-1.23e+18,-4.41e+17,-1.809e+18,-2.73e+17,GCMT,,slab_interface,9.63095188141,slab_interface,2015-11-07T07:04:41,5.3,1.998631074606434,9
148077,2015-11-11T01:54:37,-71.94,-29.481,4.0,6.1,mw,,,,,,,,,,,,,,,,,ISC,,slab_interface,16.1089038849,slab_interface,2015-11-11T01:54:37,5.3,1.998631074606434,9
148075,2015-11-11T01:54:47,-72.18,-29.47,12.4,6.8,mw,0.0,0.0,0.2,,2.0,22.0,93.0,179.0,68.0,89.0,1.479e+19,6.9e+17,-1.548e+19,2.25e+18,-2.809e+19,-6.4e+17,GCMT,,slab_interface,11.4174089432,slab_interface,2015-11-11T01:54:47,5.3,1.998631074606434,9
148079,2015-11-11T02:01:06,-72.11,-29.56,10.0,5.5,mw,,,1.9,0.124,,,,,,,,,,,,,USGS,,slab_interface,13.3012619019,slab_interface,2015-11-11T02:01:06,5.3,1.998631074606434,9
148078,2015-11-11T02:46:20,-72.047,-29.522,8.0,6.1,mw,,,,,,,,,,,,,,,,,ISC,,slab_interface,14.0715665817,slab_interface,2015-11-11T02:46:20,5.3,1.998631074606434,9
148076,2015-11-11T02:46:33,-72.29,-29.7,12.0,6.8,mw,0.0,0.0,0.0,,358.0,21.0,90.0,178.0,69.0,90.0,1.256e+19,2.6e+17,-1.282e+19,3.3e+17,-2.097e+19,-5.9e+17,GCMT,,slab_interface,10.530330658,slab_interface,2015-11-11T02:46:33,5.3,1.998631074606434,9
148596,2015-11-28T05:44:45,-72.26,-30.39,12.0,5.6,mw,0.01,0.01,0.0,,0.0,22.0,95.0,175.0,68.0,88.0,2.337e+17,-3.52e+16,-1.985e+17,-9300000000000000.0,-1.779e+17,2.27e+16,GCMT,,slab_interface,12.3454780579,slab_interface,2015-11-28T05:44:45,5.3,1.998631074606434,9
148796,2015-12-07T07:51:11,-71.372,-31.381,46.6,5.7,mw,,,6.0,0.22,174.01,69.91,85.08,8.07,20.66,103.19,3.6192e+16,8130000000000000.0,-4.4322e+16,5837000000000000.0,-4.6919e+16,108000000000000.0,ISC-GEM,,slab_interface,44.4297866821,slab_interface,2015-12-07T07:51:11,5.3,1.998631074606434,9
148862,2015-12-10T00:09:37,-73.45,-35.97,18.9,5.5,mw,0.01,0.01,0.6,,23.0,13.0,103.0,190.0,77.0,87.0,1.337e+17,-1.91e+16,-1.146e+17,-6e+16,-1.913e+17,-4.85e+16,GCMT,,slab_interface,18.6674575806,slab_interface,2015-12-10T00:09:37,5.3,1.998631074606434,9
148943,2015-12-13T17:31:06,-72.13,-30.59,9.7,5.3,mw,,,4.1,,,,,,,,,,,,,,CSN-improved,,slab_interface,14.4898366928,slab_interface,2015-12-13T17:31:06,5.3,1.998631074606434,9
149078,2015-12-19T19:25:04,-71.255,-30.617,48.0,6.1,mw,,,,,166.0,54.0,86.0,353.0,36.0,96.0,6.005e+17,-2.09e+16,-5.796e+17,7.65e+16,-1.94e+17,1.099e+17,ISC,,slab_interface,46.9130859375,slab_interface,2015-12-19T19:25:04,5.3,1.998631074606434,9
149718,2016-01-17T17:05:38,-70.856,-26.437,36.87,5.4,mw,,,6.5,0.17,,,,,,,,,,,,,USGS,,slab_interface,26.7698898315,slab_interface,2016-01-17T17:05:38,5.3,6.997675171749436,10
150132,2016-02-04T17:55:00,-71.778,-31.069,32.0,5.3,mw,,,7.1,,,,,,,,,,,,,,CSN-improved,,slab_interface,24.7201042175,slab_interface,2016-02-04T17:55:00,5.3,6.997675171749436,10
150239,2016-02-10T00:47:09,-71.666,-30.581,28.79,5.4,mw,,,5.1,0.162,,,,,,,,,,,,,USGS,,slab_interface,29.0017337799,slab_interface,2016-02-10T00:47:09,5.3,6.997675171749436,10
150380,2016-02-16T10:46:34,-73.91,-16.59,34.1,5.7,mw,0.01,0.01,0.7,,310.0,24.0,48.0,175.0,72.0,107.0,2.023e+17,-8.22e+16,-1.201e+17,5700000000000000.0,-3.608e+17,1.524e+17,GCMT,,slab_interface,22.9069271088,slab_interface,2016-02-16T10:46:34,5.3,6.997675171749436,10
150554,2016-02-22T06:37:08,-72.26,-30.56,12.2,6.0,mw,0.0,0.0,0.2,,359.0,23.0,90.0,179.0,67.0,90.0,9.98e+17,-2.1e+16,-9.77e+17,9.8e+16,-8.34e+17,1e+17,GCMT,,slab_interface,12.5593719482,slab_interface,2016-02-22T06:37:08,5.3,6.997675171749436,10
151508,2016-04-04T12:32:49,-72.0,-31.26,28.8,5.4,mw,0.01,0.01,0.6,,1.0,23.0,99.0,171.0,67.0,86.0,9.68e+16,6300000000000000.0,-1.03e+17,2.4e+16,-7.52e+16,1.04e+16,GCMT,,slab_interface,19.1288471222,slab_interface,2016-04-04T12:32:49,5.3,6.997675171749436,10
151554,2016-04-06T17:35:43,-71.82,-31.46,34.2,5.4,mw,0.01,0.01,0.7,,5.0,27.0,95.0,178.0,63.0,87.0,8.19e+16,1.64e+16,-9.84e+16,1.64e+16,-5.44e+16,1e+16,GCMT,,slab_interface,25.572101593,slab_interface,2016-04-06T17:35:43,5.3,6.997675171749436,10
152394,2016-05-11T13:11:38,-71.95,-30.73,30.1,5.4,mw,0.01,0.01,0.5,,3.0,27.0,101.0,171.0,64.0,85.0,1.012e+17,900000000000000.0,-1.021e+17,5400000000000000.0,-1.003e+17,600000000000000.0,GCMT,,slab_interface,19.4852466583,slab_interface,2016-05-11T13:11:38,5.3,6.997675171749436,10
153431,2016-06-27T12:51:13,-71.423,-31.752,47.0,5.3,mw,,,,,179.0,66.0,110.0,319.0,31.0,53.0,2.28e+16,5950000000000000.0,-2.875e+16,-1570000000000000.0,-2.188e+16,1.281e+16,ISC,,slab_interface,42.3578224182,slab_interface,2016-06-27T12:51:13,5.3,6.997675171749436,10
153930,2016-07-19T05:18:44,-72.29,-30.27,14.2,5.7,mw,0.01,0.01,0.3,,359.0,25.0,91.0,178.0,65.0,89.0,4.003e+17,-1700000000000000.0,-3.985e+17,1.6e+16,-5.861e+17,-1.1e+16,GCMT,,slab_interface,11.3455219269,slab_interface,2016-07-19T05:18:44,5.3,6.997675171749436,10
154983,2016-08-30T08:09:14,-72.67,-34.91,30.5,5.4,mw,0.01,0.01,0.6,,20.0,20.0,98.0,191.0,70.0,87.0,1.066e+17,-8100000000000000.0,-9.85e+16,-4.35e+16,-1.353e+17,-3.41e+16,GCMT,,slab_interface,21.6617584229,slab_interface,2016-08-30T08:09:14,5.3,6.997675171749436,10
156307,2016-10-27T20:33:02,-72.75,-33.83,12.0,6.0,mw,0.0,0.01,0.0,,11.0,17.0,90.0,190.0,73.0,90.0,8.64e+17,2.4e+16,-8.89e+17,-4.2e+16,-1.097e+18,-1.51e+17,GCMT,,slab_interface,10.7248439789,slab_interface,2016-10-27T20:33:02,5.3,6.997675171749436,10
156606,2016-11-08T04:55:50,-73.71,-36.66,20.0,6.0,mw,0.01,0.01,0.3,,8.0,17.0,95.0,182.0,73.0,88.0,6.38e+17,1.8e+16,-6.56e+17,-1.64e+17,-1.301e+18,-1.37e+17,GCMT,,slab_interface,18.9213695526,slab_interface,2016-11-08T04:55:50,5.3,6.997675171749436,10
157489,2016-12-08T20:42:36,-71.798,-31.548,41.2,5.6,mw,,,5.5,,,,,,,,,,,,,,CSN-improved,,slab_interface,25.7723140717,slab_interface,2016-12-08T20:42:36,5.3,6.997675171749436,10
157950,2016-12-25T14:22:38,-74.43,-43.41,32.8,7.6,mw,0.01,0.01,0.3,,4.0,19.0,96.0,178.0,71.0,88.0,1.803e+20,-8.9e+18,-1.713e+20,-2.13e+19,-2.881e+20,1.8e+18,GCMT,,slab_interface,22.2438755035,slab_interface,2016-12-25T14:22:38,5.3,6.997675171749436,10
158290,2017-01-03T21:19:11,-74.63,-43.33,23.8,5.4,mw,0.02,0.01,0.9,,320.0,26.0,61.0,172.0,68.0,103.0,7.176e+16,2.859e+16,-1.0035e+17,8.818e+16,-1.924e+17,1.494e+16,GCMT,,slab_interface,17.5729618073,slab_interface,2017-01-03T21:19:11,5.3,6.997675171749436,10
159446,2017-02-16T07:02:09,-72.35,-30.26,13.8,5.3,mw,0.01,0.01,0.5,,359.0,27.0,91.0,178.0,63.0,90.0,7.097e+16,430000000000000.0,-7.139e+16,1310000000000000.0,-1.2023e+17,-2590000000000000.0,GCMT,,slab_interface,10.6220636368,slab_interface,2017-02-16T07:02:09,5.3,6.997675171749436,10
160247,2017-03-17T08:02:56,-71.682,-32.395,27.0,5.3,mw,,,,,,,,,,,,,,,,,ISC,,slab_interface,30.378452301,slab_interface,2017-03-17T08:02:56,5.3,6.997675171749436,10
160649,2017-03-31T18:44:44,-71.61,-30.83,41.6,5.3,mw,0.01,0.01,0.6,,358.0,30.0,97.0,171.0,60.0,86.0,8.1363e+16,776000000000000.0,-8.2139e+16,7781000000000000.0,-3.3272e+16,7033000000000000.0,GCMT,,slab_interface,31.7618541718,slab_interface,2017-03-31T18:44:44,5.3,6.997675171749436,10
160800,2017-04-06T17:15:27,-72.78,-17.71,19.0,5.3,mw,0.02,0.02,0.0,,305.0,14.0,44.0,171.0,80.0,100.0,2.3332e+16,-6638000000000000.0,-1.6694e+16,1.9366e+16,-3.9695e+16,1.6643e+16,GCMT,,slab_interface,15.5633554459,slab_interface,2017-04-06T17:15:27,5.3,6.997675171749436,10
161281,2017-04-23T02:36:11,-72.04,-33.06,23.0,6.0,mw,0.01,0.01,0.3,,1.0,22.0,88.0,184.0,68.0,91.0,6.062e+17,1.56e+16,-6.218e+17,-6.79e+16,-9.484e+17,-3.26e+16,GCMT,,slab_interface,20.462884903,slab_interface,2017-04-23T02:36:11,5.3,6.997675171749436,10
161282,2017-04-23T19:40:14,-72.17,-33.16,22.3,5.6,mw,0.01,0.01,0.4,,355.0,24.0,87.0,178.0,66.0,91.0,1.2395e+17,2.823e+16,-1.5218e+17,-1.613e+16,-3.1806e+17,-6580000000000000.0,GCMT,,slab_interface,18.2489738464,slab_interface,2017-04-23T19:40:14,5.3,6.997675171749436,10
161396,2017-04-24T21:38:37,-72.07,-33.13,26.0,6.9,mw,0.0,0.0,0.2,,3.0,16.0,94.0,179.0,74.0,89.0,1.258e+19,1.2e+17,-1.27e+19,2.74e+18,-2.455e+19,2.3e+17,GCMT,,slab_interface,20.6993484497,slab_interface,2017-04-24T21:38:37,5.3,6.997675171749436,10
161398,2017-04-24T21:41:29,-71.79,-33.106,30.1,5.5,mw,,,4.4,,,,,,,,,,,,,,CSN-improved,,slab_interface,27.8353443146,slab_interface,2017-04-24T21:41:29,5.3,6.997675171749436,10
161906,2017-04-28T15:30:10,-72.03,-33.3,23.4,5.9,mw,0.01,0.01,0.3,,0.0,20.0,99.0,171.0,70.0,87.0,5.0252e+17,2.171e+16,-5.2423e+17,1.1312e+17,-6.6395e+17,3.261e+16,GCMT,,slab_interface,21.1730213165,slab_interface,2017-04-28T15:30:10,5.3,6.997675171749436,10
161908,2017-04-28T15:58:37,-72.06,-33.35,24.0,5.5,mw,0.02,0.02,0.0,,349.0,18.0,97.0,162.0,72.0,88.0,1.0274e+17,3.362e+16,-1.3636e+17,2.164e+16,-9.173e+16,6200000000000000.0,GCMT,,slab_interface,21.3686752319,slab_interface,2017-04-28T15:58:37,5.3,6.997675171749436,10
161907,2017-04-28T16:06:00,-71.83,-33.3,30.5,5.9,mw,0.01,0.01,0.4,,334.0,20.0,73.0,172.0,71.0,96.0,2.7053e+17,-7430000000000000.0,-2.631e+17,8.02e+16,-5.7156e+17,7.281e+16,GCMT,,slab_interface,26.8809604645,slab_interface,2017-04-28T16:06:00,5.3,6.997675171749436,10
161909,2017-04-28T17:41:55,-72.0,-33.27,24.2,5.5,mw,0.02,0.01,0.9,,5.0,18.0,90.0,185.0,72.0,90.0,1.0463e+17,2.19e+16,-1.2653e+17,-3590000000000000.0,-6.25e+16,240000000000000.0,GCMT,,slab_interface,22.3227920532,slab_interface,2017-04-28T17:41:55,5.3,6.997675171749436,10
162624,2017-05-13T16:54:51,-72.12,-32.9,28.4,5.3,mw,0.02,0.01,0.8,,360.0,20.0,84.0,186.0,70.0,92.0,4.0931e+16,7284000000000000.0,-4.8215e+16,-1595000000000000.0,-5.4856e+16,-1.4223e+16,GCMT,,slab_interface,18.9446220398,slab_interface,2017-05-13T16:54:51,5.3,6.997675171749436,10
163532,2017-06-12T02:43:32,-71.87,-31.49,33.8,5.7,mw,0.01,0.01,0.4,,5.0,26.0,99.0,175.0,64.0,86.0,3.9187e+17,9420000000000000.0,-4.0129e+17,6160000000000000.0,-1.9019e+17,7.804e+16,GCMT,,slab_interface,24.0170326233,slab_interface,2017-06-12T02:43:32,5.3,6.997675171749436,10
164146,2017-07-04T16:06:04,-73.56,-35.59,12.0,5.9,mw,0.01,0.01,0.0,,25.0,19.0,104.0,190.0,71.0,85.0,4.7939e+17,-2870000000000000.0,-4.7653e+17,-3.0681e+17,-5.8832e+17,-1.739e+17,GCMT,,slab_interface,13.7161006927,slab_interface,2017-07-04T16:06:04,5.3,6.997675171749436,10
164381,2017-07-12T09:08:23,-73.34,-35.5,12.3,5.5,mw,0.01,0.01,0.5,,28.0,16.0,112.0,185.0,75.0,84.0,7.551e+16,1.594e+16,-9.145e+16,-4.351e+16,-2.5234e+17,-4.399e+16,GCMT,,slab_interface,15.8124885559,slab_interface,2017-07-12T09:08:23,5.3,6.997675171749436,10
164438,2017-07-14T12:00:34,-72.7,-33.8,14.2,5.4,mw,0.01,0.01,0.5,,16.0,19.0,97.0,189.0,71.0,88.0,9.549e+16,1.398e+16,-1.0947e+17,2.347e+16,-1.5193e+17,-1.383e+16,GCMT,,slab_interface,11.1157979965,slab_interface,2017-07-14T12:00:34,5.3,6.997675171749436,10
164982,2017-08-02T20:03:33,-71.28,-28.61,24.5,5.5,mw,0.01,0.01,0.4,,57.0,4.0,-57.0,203.0,86.0,-92.0,-5.719e+16,3.679e+16,2.041e+16,3.693e+16,7.064e+16,4.288e+16,GCMT,,slab_interface,28.0278587341,slab_interface,2017-08-02T20:03:33,5.3,6.997675171749436,10
165286,2017-08-12T12:54:18,-72.26,-30.39,13.1,5.7,mw,0.01,0.01,0.3,,5.0,24.0,84.0,191.0,66.0,93.0,3.4751e+17,3860000000000000.0,-3.5137e+17,-1.5234e+17,-5.4623e+17,-6.727e+16,GCMT,,slab_interface,12.3454780579,slab_interface,2017-08-12T12:54:18,5.3,6.997675171749436,10
165404,2017-08-15T19:03:24,-72.098,-30.004,15.0068,5.3,mw,,,,,15.95,35.11,105.1,177.7,56.27,79.62,5.7663e+16,864000000000000.0,-5.8527e+16,7269000000000000.0,-2.3695e+16,-7196000000000000.0,CSN-improved,,slab_interface,14.384513855,slab_interface,2017-08-15T19:03:24,5.3,6.997675171749436,10
166429,2017-09-18T13:47:02,-72.15,-31.91,21.5,5.8,mw,0.01,0.01,0.3,,351.0,23.0,84.0,177.0,67.0,93.0,2.6874e+17,3.738e+16,-3.0612e+17,7.808e+16,-7.8411e+17,2.578e+16,GCMT,,slab_interface,16.6661090851,slab_interface,2017-09-18T13:47:02,5.3,6.997675171749436,10
167386,2017-10-17T04:20:15,-73.575,-36.182,10.0,5.3,mw,,,,,,,,,,,,,,,,,ISC,,slab_interface,18.9052009583,slab_interface,2017-10-17T04:20:15,5.3,6.997675171749436,10
168084,2017-11-09T07:36:58,-71.491,-30.704,44.0,5.4,mw,,,,,,,,,,,,,,,,,ISC,,slab_interface,35.5739936829,slab_interface,2017-11-09T07:36:58,5.3,6.997675171749436,10
169010,2017-12-11T19:01:01,-71.3,-19.62,14.3,5.4,mw,0.01,0.01,0.4,,342.0,28.0,91.0,161.0,62.0,89.0,1.3016e+17,-9800000000000000.0,-1.2036e+17,7.88e+16,-1.7473e+17,4.358e+16,GCMT,,slab_interface,15.0699090958,slab_interface,2017-12-11T19:01:01,5.3,6.997675171749436,10
170676,2018-02-08T21:19:28,-74.19,-37.58,12.2,5.5,mw,0.01,0.01,0.5,,27.0,17.0,111.0,185.0,74.0,84.0,1.4059e+17,2.138e+16,-1.6197e+17,-4.711e+16,-2.5189e+17,-5.369e+16,GCMT,,slab_interface,14.1987934113,slab_interface,2018-02-08T21:19:28,5.3,6.997675171749436,10
174056,2018-06-02T06:17:22,-73.9,-38.35,29.0,5.3,mw,0.02,0.01,0.8,,354.0,19.0,87.0,177.0,72.0,91.0,5.0536e+16,5030000000000000.0,-5.5566e+16,3790000000000000.0,-7.2682e+16,1513000000000000.0,GCMT,,slab_interface,21.3545951843,slab_interface,2018-06-02T06:17:22,5.3,6.997675171749436,10
175706,2018-08-01T06:19:05,-72.081,-31.372,10.0,5.3,mw,,,1.9,0.041,,,,,,,,,,,,,USGS,,slab_interface,16.8549365997,slab_interface,2018-08-01T06:19:05,5.3,6.997675171749436,10
179481,2018-12-01T23:55:29,-72.55,-33.95,19.7,5.6,mw,0.01,0.01,0.4,,8.0,20.0,93.0,185.0,70.0,89.0,1.5739e+17,-920000000000000.0,-1.5647e+17,-1.882e+16,-2.0629e+17,-3.526e+16,GCMT,,slab_interface,14.2902812958,slab_interface,2018-12-01T23:55:29,5.3,6.997675171749436,10
185333,2019-03-02T20:21:57,-72.69,-33.67,16.7,5.5,mw,0.01,0.01,0.5,,352.0,17.0,68.0,195.0,74.0,97.0,9.273e+16,-1.907e+16,-7.366e+16,-3.783e+16,-2.0454e+17,-9600000000000000.0,GCMT,,slab_interface,10.4183998108,slab_interface,2019-03-02T20:21:57,5.3,6.997675171749436,10
186362,2019-04-07T10:52:48,-72.63,-33.84,12.0,5.7,mw,0.01,0.01,0.0,,14.0,17.0,96.0,188.0,73.0,88.0,2.8771e+17,1.959e+16,-3.0731e+17,2.062e+16,-1.7282e+17,-3.703e+16,GCMT,,slab_interface,12.0807533264,slab_interface,2019-04-07T10:52:48,5.3,6.997675171749436,10
188331,2019-06-14T00:19:11,-72.103,-30.075,10.0,5.9,mw,,,,,1.83,15.97,89.77,182.07,74.03,90.07,2.6843e+18,-7.16e+16,-2.6127e+18,-1.552e+17,-4.2474e+18,-8.63e+16,ISC,,slab_interface,14.4896907806,slab_interface,2019-06-14T00:19:11,5.3,6.997675171749436,10
188330,2019-06-14T00:19:18,-72.16,-30.12,12.0,6.3,mw,0.0,0.0,0.0,,1.0,21.0,88.0,183.0,69.0,91.0,2.6843e+18,-7.16e+16,-2.6127e+18,-1.552e+17,-4.2474e+18,-8.63e+16,GCMT,,slab_interface,13.6277513504,slab_interface,2019-06-14T00:19:18,5.3,6.997675171749436,10
189658,2019-08-01T18:28:16,-72.24,-34.32,25.0,6.8,mw,0.01,0.0,0.2,,19.0,14.0,106.0,183.0,77.0,86.0,7.446e+18,-2.35e+17,-7.211e+18,-1.16e+18,-1.499e+19,-1.437e+18,GCMT,,slab_interface,23.9268360138,slab_interface,2019-08-01T18:28:16,5.3,6.997675171749436,10
189715,2019-08-02T00:55:22,-72.3,-34.18,23.9,5.4,mw,0.01,0.01,0.5,,350.0,24.0,69.0,193.0,68.0,99.0,1.3501e+17,1.192e+16,-1.4694e+17,-9840000000000000.0,-9.602e+16,1.305e+16,GCMT,,slab_interface,21.5780029297,slab_interface,2019-08-02T00:55:22,5.3,6.997675171749436,10
191236,2019-09-23T08:24:46,-73.96,-36.18,12.7,5.3,mw,0.01,0.01,0.7,,4.0,16.0,81.0,194.0,74.0,93.0,4.3288e+16,2606000000000000.0,-4.5893e+16,-2.7301e+16,-8.2499e+16,-9118000000000000.0,GCMT,,slab_interface,12.3344526291,slab_interface,2019-09-23T08:24:46,5.3,6.997675171749436,10
191408,2019-09-29T15:58:00,-73.1,-35.56,16.7,6.7,mw,0.0,0.0,0.2,,16.0,12.0,106.0,180.0,78.0,87.0,6.476e+18,-4.41e+17,-6.035e+18,-8.4e+16,-1.1176e+19,-9.71e+17,GCMT,,slab_interface,20.9616985321,slab_interface,2019-09-29T15:58:00,5.3,6.997675171749436,10
191409,2019-09-29T16:09:46,-73.239,-35.453,10.0,5.6,mw,,,1.9,0.173,,,,,,,,,,,,,USGS,,slab_interface,16.9307174683,slab_interface,2019-09-29T16:09:46,5.3,6.997675171749436,10
192457,2019-11-04T13:03:44,-70.34,-21.36,25.0,5.4,mw,0.01,0.01,0.0,,5.0,5.0,103.0,171.0,85.0,89.0,2.3962e+16,9486000000000000.0,-3.3448e+16,2.4855e+16,-5.2549e+16,-9182000000000000.0,GCMT,,slab_interface,30.9902839661,slab_interface,2019-11-04T13:03:44,5.3,6.997675171749436,10
193261,2019-12-03T07:29:35,-70.9,-20.84,14.1,5.4,mw,0.01,0.01,0.5,,349.0,18.0,87.0,172.0,72.0,91.0,7.319e+16,9320000000000000.0,-8.25e+16,3.11e+16,-9.679e+16,1.724e+16,GCMT,,slab_interface,16.5223999023,slab_interface,2019-12-03T07:29:35,5.3,6.997675171749436,10
194917,2020-01-28T18:16:52,-72.26,-30.35,12.0,5.4,mw,0.01,0.02,0.0,,342.0,23.0,69.0,185.0,69.0,99.0,1.0896e+17,-250000000000000.0,-1.0871e+17,6160000000000000.0,-1.5379e+17,5000000000000000.0,GCMT,,slab_interface,12.274058342,slab_interface,2020-01-28T18:16:52,5.3,6.997675171749436,10
195380,2020-02-14T13:50:45,-73.085,-16.699,50.45,5.3,mw,,,5.6,0.042,,,,,,,,,,,,,USGS,,slab_interface,38.6115226746,slab_interface,2020-02-14T13:50:45,5.3,6.997675171749436,10
195871,2020-03-03T06:00:10,-73.406,-16.297,40.52,5.3,mw,,,4.9,0.043,,,,,,,,,,,,,USGS,,slab_interface,46.8266639709,slab_interface,2020-03-03T06:00:10,5.3,6.997675171749436,10
199785,2020-07-22T19:45:08,-73.896,-16.401,35.0,5.3,mw,,,1.9,0.04,,,,,,,,,,,,,USGS,,slab_interface,29.1883907318,slab_interface,2020-07-22T19:45:08,5.3,6.997675171749436,10
200943,2020-09-01T05:29:39,-71.363,-28.058,24.1,5.4,mw,,,2.9,,,,,,,,,,,,,,CSN-improved,,slab_interface,20.9298458099,slab_interface,2020-09-01T05:29:39,5.3,6.997675171749436,10
200942,2020-09-01T10:31:58,-71.53,-27.94,23.1,5.7,mw,0.01,0.01,0.5,,7.0,24.0,104.0,172.0,67.0,84.0,2.7639e+17,1.966e+16,-2.9606e+17,-5.052e+16,-3.7861e+17,-5.258e+16,GCMT,,slab_interface,15.4952306747,slab_interface,2020-09-01T10:31:58,5.3,6.997675171749436,10
200940,2020-09-01T21:09:18,-71.348,-27.945,16.0,5.9,mw,,,,,28.8,18.79,122.14,175.22,74.17,79.74,3.6588e+18,5.1e+16,-3.7098e+18,8.564e+17,-5.7893e+18,-8.858e+17,ISC,,slab_interface,20.1483669281,slab_interface,2020-09-01T21:09:18,5.3,6.997675171749436,10
200938,2020-09-01T21:09:26,-71.46,-28.03,23.6,6.4,mw,0.0,0.0,0.2,,17.0,22.0,116.0,169.0,70.0,80.0,3.6588e+18,5.1e+16,-3.7098e+18,8.564e+17,-5.7893e+18,-8.858e+17,GCMT,,slab_interface,18.3615932465,slab_interface,2020-09-01T21:09:26,5.3,6.997675171749436,10
202765,2020-10-21T09:13:12,-71.06,-25.47,27.6,5.8,mw,0.01,0.01,0.3,,12.0,26.0,117.0,163.0,67.0,78.0,3.1646e+17,8.925e+16,-4.0571e+17,4.949e+16,-1.8618e+17,-1.233e+16,GCMT,,slab_interface,20.0895423889,slab_interface,2020-10-21T09:13:12,5.3,6.997675171749436,10
202908,2020-10-25T21:17:20,-71.1,-19.94,12.2,5.4,mw,0.01,0.01,0.4,,351.0,19.0,94.0,167.0,71.0,89.0,8.024e+16,8020000000000000.0,-8.826e+16,4.819e+16,-7.673e+16,1.874e+16,GCMT,,slab_interface,16.569852829,slab_interface,2020-10-25T21:17:20,5.3,6.997675171749436,10
203686,2020-11-21T02:11:31,-72.08,-31.94,30.0,6.3,mw,,,,,356.47,39.13,101.09,162.29,51.73,81.11,2.3994e+17,-1.019e+16,-2.2975e+17,4.084e+16,-4.665e+16,4.24e+16,CSN-improved,,slab_interface,17.8913326263,slab_interface,2020-11-21T02:11:31,5.3,6.997675171749436,10
203949,2020-11-30T23:30:41,-72.194,-31.546,14.0,5.3,mw,,,,,,,,,,,,,,,,,ISC,,slab_interface,15.0458784103,slab_interface,2020-11-30T23:30:41,5.3,6.997675171749436,10
206543,2021-02-28T02:16:00,-72.79,-17.68,20.0,5.6,mw,,,,,317.0,20.0,70.0,158.0,72.0,97.0,1.041e+17,-4.023e+16,-6.387e+16,1.175e+17,-1.8781e+17,6.78e+16,GCMT,,slab_interface,15.5633554459,slab_interface,2021-02-28T02:16:00,5.3,6.997675171749436,10
206544,2021-02-28T02:16:04,-72.63,-17.654,10.0,5.4,mw,,,,,310.19,13.93,73.36,147.31,76.66,94.06,1.041e+17,-4.023e+16,-6.387e+16,1.175e+17,-1.8781e+17,6.78e+16,ISC,,slab_interface,18.9657745361,slab_interface,2021-02-28T02:16:04,5.3,6.997675171749436,10
207508,2021-04-10T07:52:48,-73.653,-37.913,24.9,5.3,mw,,,6.8,,,,,,,,,,,,,,CSN-improved,,slab_interface,24.6574058533,slab_interface,2021-04-10T07:52:48,5.3,6.997675171749436,10
207729,2021-04-19T04:11:00,-72.44,-34.03,20.0,5.3,mw,,,,,7.0,19.0,98.0,179.0,71.0,87.0,3.0676e+16,4064000000000000.0,-3.474e+16,1.5699e+16,-8.4882e+16,3216000000000000.0,GCMT,,slab_interface,16.8919124603,slab_interface,2021-04-19T04:11:00,5.3,6.997675171749436,10
207833,2021-04-22T00:17:00,-72.46,-34.03,21.0,5.5,mw,,,,,7.0,21.0,96.0,181.0,69.0,88.0,1.4271e+17,8710000000000000.0,-1.5142e+17,570000000000000.0,-1.2186e+17,-1.216e+16,GCMT,,slab_interface,16.8919124603,slab_interface,2021-04-22T00:17:00,5.3,6.997675171749436,10
209853,2021-07-04T01:01:00,-71.74,-28.84,31.0,5.9,mw,,,,,11.0,29.0,111.0,167.0,63.0,79.0,5.9385e+17,-8.074e+16,-5.1312e+17,2.223e+16,-6.2476e+17,-1.1152e+17,GCMT,,slab_interface,17.320898056,slab_interface,2021-07-04T01:01:00,5.3,6.997675171749436,10
209852,2021-07-04T01:29:00,-71.6,-28.79,21.0,6.0,mw,,,,,7.0,18.0,95.0,181.0,72.0,88.0,4.68e+17,2600000000000000.0,-4.706e+17,-4.35e+16,-1.2358e+18,-1.396e+17,GCMT,,slab_interface,20.7128601074,slab_interface,2021-07-04T01:29:00,5.3,6.997675171749436,10
210121,2021-07-08T20:38:00,-71.68,-28.88,33.0,5.5,mw,,,,,2.0,24.0,108.0,162.0,68.0,82.0,5.061e+16,5420000000000000.0,-5.603e+16,7.63e+16,-1.1586e+17,1.322e+16,GCMT,,slab_interface,18.8702011108,slab_interface,2021-07-08T20:38:00,5.3,6.997675171749436,10
212614,2021-09-21T13:14:00,-74.28,-36.82,12.0,6.4,mw,,,,,6.0,16.0,86.0,190.0,74.0,91.0,4.3515e+18,-3.141e+17,-4.0374e+18,-3.82e+17,-3.4132e+18,-6.431e+17,GCMT,,slab_interface,10.740814209,slab_interface,2021-09-21T13:14:00,5.3,6.997675171749436,10
212615,2021-09-21T13:14:32,-73.921,-36.774,6.0,5.7,mw,,,,,11.27,25.57,93.31,187.6,64.48,88.42,4.3515e+18,-3.141e+17,-4.0374e+18,-3.82e+17,-3.4132e+18,-6.431e+17,ISC,,slab_interface,15.9698486328,slab_interface,2021-09-21T13:14:32,5.3,6.997675171749436,10
216041,2021-12-07T09:39:00,-71.35,-18.67,36.0,5.6,mw,,,,,332.0,24.0,77.0,167.0,66.0,96.0,1.5987e+17,5460000000000000.0,-1.6534e+17,7.884e+16,-1.8459e+17,8.531e+16,GCMT,,slab_interface,25.0058441162,slab_interface,2021-12-07T09:39:00,5.3,6.997675171749436,10
216334,2021-12-14T04:23:57,-71.275,-28.611,36.8,5.5,mw,,,3.7,,,,,,,,,,,,,,CSN-improved,,slab_interface,29.8187427521,slab_interface,2021-12-14T04:23:57,5.3,6.997675171749436,10
217226,2022-01-08T03:22:20,-71.252,-26.675,10.0,5.3,mw,,,1.8,0.108,,,,,,,,,,,,,USGS,,slab_interface,16.188583374,slab_interface,2022-01-08T03:22:20,5.3,6.997675171749436,10
217225,2022-01-08T03:24:00,-71.28,-26.73,15.0,5.9,mw,,,,,3.0,20.0,99.0,174.0,70.0,87.0,5.5608e+17,6540000000000000.0,-5.6261e+17,1.7211e+17,-6.714e+17,-1.626e+16,GCMT,,slab_interface,15.2928142548,slab_interface,2022-01-08T03:24:00,5.3,6.997675171749436,10
219088,2022-02-27T20:49:48,-71.773,-29.888,27.21,5.5,mw,,,5.0,0.202,,,,,,,,,,,,,USGS,,slab_interface,22.9252567291,slab_interface,2022-02-27T20:49:48,5.3,6.997675171749436,10
219136,2022-02-28T01:15:00,-73.99,-37.07,13.0,5.6,mw,,,,,5.0,17.0,90.0,185.0,73.0,90.0,1.9006e+17,1740000000000000.0,-1.918e+17,-5.092e+16,-4.7904e+17,-1.35e+16,GCMT,,slab_interface,15.6549901962,slab_interface,2022-02-28T01:15:00,5.3,6.997675171749436,10
221383,2022-05-04T11:59:00,-71.99,-32.29,32.0,5.3,mw,,,,,359.0,23.0,65.0,206.0,69.0,100.0,3.5073e+16,-3400000000000000.0,-3.1673e+16,-3.5938e+16,-4.8983e+16,-1.737e+16,GCMT,,slab_interface,20.8748416901,slab_interface,2022-05-04T11:59:00,5.3,6.997675171749436,10
228250,2022-11-13T02:24:00,-73.68,-37.59,21.0,6.3,mw,,,,,354.0,18.0,84.0,180.0,72.0,92.0,,,,,,,GCMT,,slab_interface,22.58710289,slab_interface,2022-11-13T02:24:00,5.3,6.997675171749436,10
228251,2022-11-13T02:25:00,-73.691,-37.562,23.6,6.1,mw,,,3.4,,354.75,19.35,90.09,174.65,70.65,89.97,1.7714e+18,-3.517e+17,-1.4197e+18,1.869e+17,-1.9885e+18,9.96e+16,CSN-improved,,slab_interface,22.4249916077,slab_interface,2022-11-13T02:25:00,5.3,6.997675171749436,10
228655,2022-11-24T16:22:23,-73.707,-16.031,57.035,5.3,mw,,,5.272,0.05,,,,,,,,,,,,,USGS,,slab_interface,48.549446106,slab_interface,2022-11-24T16:22:23,5.3,6.997675171749436,10
229187,2022-12-10T07:25:00,-72.11,-33.64,24.0,5.5,mw,,,,,16.0,21.0,103.0,182.0,70.0,85.0,1.1583e+17,1.359e+16,-1.2941e+17,-1.032e+16,-1.137e+17,-2.252e+16,GCMT,,slab_interface,21.7092418671,slab_interface,2022-12-10T07:25:00,5.3,6.997675171749436,10
229699,2022-12-27T23:43:53,-72.64,-32.654,10.0,5.5,mw,,,1.808,0.112,,,,,,,,,,,,,USGS,,slab_interface,8.99173641205,slab_interface,2022-12-27T23:43:53,5.3,6.997675171749436,10
229790,2022-12-30T21:37:14,-71.443,-30.703,48.9,4.1,mw,,,2.6,,,,,,,,,,,,,,CSN-improved,,slab_interface,37.8224601746,slab_interface,2022-12-30T21:37:14,,,-1
