site,imt,return_period,family,axis,iml_ref,lo,hi,row_lo,row_hi,range
iquique,PGA,475,interface,Z_BOTTOM 40 / 60 km,1.2013948297785708,-1.2452999706122903,3.3110863983808914,zbot60,zbot40,4.556386368993182
iquique,PGA,475,interface,Z_TOP 10 km,1.2013948297785708,0.0,1.6307964393033947,ztop10,ztop10,1.6307964393033947
iquique,PGA,475,interface,declustering,1.2013948297785708,0.0,1.0939836886558751,dc_gruenthal,dc_gk74sym,1.0939836886558751
iquique,PGA,475,interface,no declustering (full catalog),1.2013948297785708,-5.9439049957412005,0.0,raw,raw,5.9439049957412005
iquique,PGA,475,interface,classification tolerance -5 / +5 km,1.2013948297785708,-0.16254952890486507,0.7879003655297812,cls_m5,cls_p5,0.9504498944346462
iquique,PGA,475,interface,default-depth events to interface,1.2013948297785708,-0.08429257492994502,0.0,cls_fix,cls_fix,0.08429257492994502
iquique,PGA,475,interface,"completeness table, ends of the ensemble",1.2013948297785708,-2.458388052575511,1.0620247376968317,mc_lo,mc_hi,3.5204127902723426
iquique,PGA,475,interface,keep 1962 / 1998 events,1.2013948297785708,0.0,0.4584175155552206,keep6298,keep6298,0.4584175155552206
iquique,PGA,475,interface,b: fit floor 5.4 / 6.0,1.2013948297785708,-3.4139613273767355,2.2405143053901844,fit54,fit60,5.6544756327669194
iquique,PGA,475,interface,MMIN_HAZ 6.5,1.2013948297785708,0.0,0.057237421108746744,mmin65,mmin65,0.057237421108746744
iquique,PGA,475,interface,geometry: segmented,1.2013948297785708,-6.331652488981132,0.0,seg,seg,6.331652488981132
iquique,PGA,475,interface,rate: geodetic (mid),1.2013948297785708,0.0,1.2191175584053138,geo,geo,1.2191175584053138
iquique,PGA,475,interface,MFD: tapered,1.2013948297785708,0.0,1.117197139609294,tapered,tapered,1.117197139609294
iquique,PGA,475,interface,full 16-branch tree,1.2013948297785708,0.0,4.295285736673482,tree,tree,4.295285736673482
iquique,PGA,475,interface,rupture scaling: Allen & Hayes,1.2013948297785708,-0.6121681059611528,0.0,msr_ah,msr_ah,0.6121681059611528
iquique,PGA,475,interface,rupture aspect ratio 1.5 / 2 / 3,1.2013948297785708,0.0,3.864096783753612,asp15,asp30,3.864096783753612
iquique,PGA,475,interface,GMM (single vs tree),1.2013948297785708,-4.28067094060115,7.623904798359704,gmm_ag,gmm_ku,11.904575738960855
iquique,PGA,475,intraslab,class domain cut at 50 km,1.2013948297785708,-1.5215432056424616,0.0,classmask,classmask,1.5215432056424616
iquique,PGA,475,intraslab,declustering,1.2013948297785708,0.0,2.451072855902514,dc_gk74sym,dc_gruenthal,2.451072855902514
iquique,PGA,475,intraslab,no declustering (full catalog),1.2013948297785708,-0.22562729712729546,0.0,raw,raw,0.22562729712729546
iquique,PGA,475,intraslab,classification tolerance -5 / +5 km,1.2013948297785708,-3.8191791551350995,3.0897476806452495,cls_p5,cls_m5,6.908926835780349
iquique,PGA,475,intraslab,default-depth events to interface,1.2013948297785708,0.0,0.6626612288611167,cls_fix,cls_fix,0.6626612288611167
iquique,PGA,475,intraslab,"completeness table, ends of the ensemble",1.2013948297785708,-1.9195335796355795,0.525279564172032,mc_lo,mc_hi,2.4448131438076115
iquique,PGA,475,intraslab,slab_deep b: floor 5.7 / 6.0,1.2013948297785708,-1.287899156053296,1.5801593129199043,sd_fit57,sd_fit60,2.8680584689732003
iquique,PGA,475,intraslab,intra_slab b: floor 5.5 / 5.8,1.2013948297785708,-2.339724237181051,2.0892402819825184,is_fit55,is_fit58,4.42896451916357
iquique,PGA,475,intraslab,Mmax pad 0 / 0.4,1.2013948297785708,-2.9301355121111095,2.4537076280622294,pad0,pad04,5.383843140173338
iquique,PGA,475,intraslab,"depths by slab-top regime, not thickness fraction",1.2013948297785708,0.0,0.8138697276142803,regime,regime,0.8138697276142803
iquique,PGA,475,intraslab,"previous geometry: top + 7.5 km, depth-rule band",1.2013948297785708,0.0,4.612724265181378,band_rule,band_rule,4.612724265181378
iquique,PGA,475,intraslab,smoothing neighbours 10 / 50,1.2013948297785708,-0.8567742588929783,0.7256693610945941,nn10,nn50,1.5824436199875724
iquique,PGA,475,intraslab,pattern from all complete events / + calibrated kernel,1.2013948297785708,-2.2345675031256396,1.5553605070550702e-07,smooth_cv,smooth_all,2.2345676586616903
iquique,PGA,475,intraslab,kernel gaussian / cut-off 200 km,1.2013948297785708,-2.0287744026900367,0.0,gauss,dmax200,2.0287744026900367
iquique,PGA,475,intraslab,rupture scaling: Allen & Hayes,1.2013948297785708,-2.6088942039089735,0.0,msr_ah,msr_ah,2.6088942039089735
iquique,PGA,475,intraslab,rupture aspect ratio 2,1.2013948297785708,-0.5124420410600905,0.0,asp20,asp20,0.5124420410600905
iquique,PGA,475,intraslab,rupture dip 45 / 90,1.2013948297785708,-1.7587832733623188,1.8695157570048027,dip45,dip90,3.6282990303671214
iquique,PGA,475,intraslab,sources from M5.5,1.2013948297785708,0.0,1.3060909243023389e-06,mmin55,mmin55,1.3060909243023389e-06
iquique,PGA,475,intraslab,GMM (single vs tree),1.2013948297785708,-17.74597508264586,19.896327510152577,gmm_mv,gmm_pk,37.64230259279844
iquique,PGA,475,crustal,faults vs no faults,1.2013948297785708,-0.44239779362854614,0.0,nofaults,nofaults,0.44239779362854614
iquique,PGA,475,crustal,buffer margin 0 / 20 km,1.2013948297785708,-0.020629262533267134,0.09862251371477448,margin20,margin0,0.11925177624804162
iquique,PGA,475,crustal,cap and fault Mmin 6.5,1.2013948297785708,-0.06929196737269772,0.0,cap65,cap65,0.06929196737269772
iquique,PGA,475,crustal,declustering,1.2013948297785708,0.0,0.0006048049842055647,dc_gruenthal,dc_gruenthal,0.0006048049842055647
iquique,PGA,475,crustal,no declustering (full catalog),1.2013948297785708,0.0,0.008551216176422294,raw,raw,0.008551216176422294
iquique,PGA,475,crustal,classification tolerance -5 / +5 km,1.2013948297785708,-0.0025570060210866608,0.0020901579924625935,cls_p5,cls_m5,0.004647164013549254
iquique,PGA,475,crustal,default-depth events to interface,1.2013948297785708,-0.002253439744548391,0.0,cls_fix,cls_fix,0.002253439744548391
iquique,PGA,475,crustal,background Mmax 7.5,1.2013948297785708,0.0,0.025289971733366556,mmax75,mmax75,0.025289971733366556
iquique,PGA,475,crustal,GMM (single vs tree),1.2013948297785708,-0.13960144488111004,0.24087022356220622,gmm_cy,gmm_cb,0.38047166844331626
iquique,PGA,475,all,truncation 2.5 / 4.0,1.2013948297785708,-5.0001774456276955,3.1107316375704297,tr25,tr40,8.110909083198125
iquique,PGA,475,all,truncation 2.0,1.2013948297785708,-13.331325302750518,0.0,tr20,tr20,13.331325302750518
iquique,PGA,475,all,"numerics: mesh 5 km, point-source distance 100 km",1.2013948297785708,0.0,0.5694888780966911,num,num,0.5694888780966911
iquique,PGA,475,all,"no declustering, all families",1.2013948297785708,-5.918590875784169,0.0,raw,raw,5.918590875784169
iquique,PGA,475,all,"classification tolerance -5 / +5 km, all families",1.2013948297785708,-2.9982733520118376,2.943314616539472,cls_p5,cls_m5,5.9415879685513096
iquique,PGA,475,all,"default-depth events to interface, all families",1.2013948297785708,0.0,0.5761486853356645,cls_fix,cls_fix,0.5761486853356645
iquique,PGA,2475,interface,Z_BOTTOM 40 / 60 km,2.2677983639172306,-1.788312193758812,3.9972767900579242,zbot60,zbot40,5.785588983816736
iquique,PGA,2475,interface,Z_TOP 10 km,2.2677983639172306,0.0,1.513428340611389,ztop10,ztop10,1.513428340611389
iquique,PGA,2475,interface,declustering,2.2677983639172306,0.0,1.043959404151984,dc_gruenthal,dc_gk74sym,1.043959404151984
iquique,PGA,2475,interface,no declustering (full catalog),2.2677983639172306,-5.937072794437615,0.0,raw,raw,5.937072794437615
iquique,PGA,2475,interface,classification tolerance -5 / +5 km,2.2677983639172306,0.0,0.5864805450575217,cls_m5,cls_p5,0.5864805450575217
iquique,PGA,2475,interface,default-depth events to interface,2.2677983639172306,-0.0980173594425926,0.0,cls_fix,cls_fix,0.0980173594425926
iquique,PGA,2475,interface,"completeness table, ends of the ensemble",2.2677983639172306,-2.0153224412541637,0.9256744532357697,mc_lo,mc_hi,2.9409968944899334
iquique,PGA,2475,interface,keep 1962 / 1998 events,2.2677983639172306,0.0,0.3810009295969419,keep6298,keep6298,0.3810009295969419
iquique,PGA,2475,interface,b: fit floor 5.4 / 6.0,2.2677983639172306,-3.0210455207740017,1.9821293478544222,fit54,fit60,5.003174868628424
iquique,PGA,2475,interface,MMIN_HAZ 6.5,2.2677983639172306,0.0,0.046213624168367495,mmin65,mmin65,0.046213624168367495
iquique,PGA,2475,interface,geometry: segmented,2.2677983639172306,-6.534163294221706,0.0,seg,seg,6.534163294221706
iquique,PGA,2475,interface,rate: geodetic (mid),2.2677983639172306,0.0,0.9493108108253434,geo,geo,0.9493108108253434
iquique,PGA,2475,interface,MFD: tapered,2.2677983639172306,0.0,1.08863019843628,tapered,tapered,1.08863019843628
iquique,PGA,2475,interface,full 16-branch tree,2.2677983639172306,0.0,1.92861959184778,tree,tree,1.92861959184778
iquique,PGA,2475,interface,rupture scaling: Allen & Hayes,2.2677983639172306,-0.7255646356782885,0.0,msr_ah,msr_ah,0.7255646356782885
iquique,PGA,2475,interface,rupture aspect ratio 1.5 / 2 / 3,2.2677983639172306,0.0,3.157175438088178,asp15,asp30,3.157175438088178
iquique,PGA,2475,interface,GMM (single vs tree),2.2677983639172306,-4.896917374595223,7.694057315689551,gmm_ag,gmm_ku,12.590974690284774
iquique,PGA,2475,intraslab,class domain cut at 50 km,2.2677983639172306,-1.6872623165397505,0.0,classmask,classmask,1.6872623165397505
iquique,PGA,2475,intraslab,declustering,2.2677983639172306,0.0,2.7239871447998,dc_gk74sym,dc_gruenthal,2.7239871447998
iquique,PGA,2475,intraslab,no declustering (full catalog),2.2677983639172306,-2.331623595736476,0.0,raw,raw,2.331623595736476
iquique,PGA,2475,intraslab,classification tolerance -5 / +5 km,2.2677983639172306,-3.3747663000073924,2.585068844213523,cls_p5,cls_m5,5.959835144220915
iquique,PGA,2475,intraslab,default-depth events to interface,2.2677983639172306,0.0,0.6848476374550883,cls_fix,cls_fix,0.6848476374550883
iquique,PGA,2475,intraslab,"completeness table, ends of the ensemble",2.2677983639172306,-2.03517445960697,0.825773367246363,mc_lo,mc_hi,2.860947826853333
iquique,PGA,2475,intraslab,slab_deep b: floor 5.7 / 6.0,2.2677983639172306,-1.3919233868704417,1.8089165367825677,sd_fit57,sd_fit60,3.2008399236530094
iquique,PGA,2475,intraslab,intra_slab b: floor 5.5 / 5.8,2.2677983639172306,-2.322191030003451,2.1655996208948425,is_fit55,is_fit58,4.487790650898294
iquique,PGA,2475,intraslab,Mmax pad 0 / 0.4,2.2677983639172306,-3.6555352630780025,3.280724792717171,pad0,pad04,6.936260055795174
iquique,PGA,2475,intraslab,"depths by slab-top regime, not thickness fraction",2.2677983639172306,0.0,0.4910382601075902,regime,regime,0.4910382601075902
iquique,PGA,2475,intraslab,"previous geometry: top + 7.5 km, depth-rule band",2.2677983639172306,0.0,0.6497936617113176,band_rule,band_rule,0.6497936617113176
iquique,PGA,2475,intraslab,smoothing neighbours 10 / 50,2.2677983639172306,-1.1688062264331278,0.862585473537103,nn10,nn50,2.031391699970231
iquique,PGA,2475,intraslab,pattern from all complete events / + calibrated kernel,2.2677983639172306,-2.6681138651657,0.0,smooth_cv,smooth_all,2.6681138651657
iquique,PGA,2475,intraslab,kernel gaussian / cut-off 200 km,2.2677983639172306,-2.169660615620572,0.0,gauss,dmax200,2.169660615620572
iquique,PGA,2475,intraslab,rupture scaling: Allen & Hayes,2.2677983639172306,-3.0713588113975288,0.0,msr_ah,msr_ah,3.0713588113975288
iquique,PGA,2475,intraslab,rupture aspect ratio 2,2.2677983639172306,-1.3669301484614094,0.0,asp20,asp20,1.3669301484614094
iquique,PGA,2475,intraslab,rupture dip 45 / 90,2.2677983639172306,-2.45437804460511,2.2470431531913304,dip45,dip90,4.70142119779644
iquique,PGA,2475,intraslab,sources from M5.5,2.2677983639172306,0.0,5.579573914005209e-07,mmin55,mmin55,5.579573914005209e-07
iquique,PGA,2475,intraslab,GMM (single vs tree),2.2677983639172306,-21.193490191119214,20.665738727836303,gmm_mv,gmm_pk,41.859228918955516
iquique,PGA,2475,crustal,faults vs no faults,2.2677983639172306,-0.11255064075983423,0.0,nofaults,nofaults,0.11255064075983423
iquique,PGA,2475,crustal,buffer margin 0 / 20 km,2.2677983639172306,-0.0016102657602545811,0.012999080626330262,margin20,margin0,0.014609346386584843
iquique,PGA,2475,crustal,cap and fault Mmin 6.5,2.2677983639172306,0.0,0.002508294830172453,cap65,cap65,0.002508294830172453
iquique,PGA,2475,crustal,declustering,2.2677983639172306,0.0,0.00014272502846246482,dc_gruenthal,dc_gruenthal,0.00014272502846246482
iquique,PGA,2475,crustal,no declustering (full catalog),2.2677983639172306,-1.8205114027392e-05,0.0,raw,raw,1.8205114027392e-05
iquique,PGA,2475,crustal,classification tolerance -5 / +5 km,2.2677983639172306,-6.008602573270849e-05,0.0,cls_m5,cls_p5,6.008602573270849e-05
iquique,PGA,2475,crustal,default-depth events to interface,2.2677983639172306,-6.351428505357859e-06,0.0,cls_fix,cls_fix,6.351428505357859e-06
iquique,PGA,2475,crustal,background Mmax 7.5,2.2677983639172306,0.0,0.005396428172477208,mmax75,mmax75,0.005396428172477208
iquique,PGA,2475,crustal,GMM (single vs tree),2.2677983639172306,-0.09613029505846082,0.11132238899740354,gmm_bssa,gmm_cb,0.20745268405586437
iquique,PGA,2475,all,truncation 2.5 / 4.0,2.2677983639172306,-7.072972845932412,4.598142184017084,tr25,tr40,11.671115029949497
iquique,PGA,2475,all,truncation 2.0,2.2677983639172306,-18.22198816902413,0.0,tr20,tr20,18.22198816902413
iquique,PGA,2475,all,"numerics: mesh 5 km, point-source distance 100 km",2.2677983639172306,0.0,0.8184698858157979,num,num,0.8184698858157979
iquique,PGA,2475,all,"no declustering, all families",2.2677983639172306,-8.273264808261827,0.0,raw,raw,8.273264808261827
iquique,PGA,2475,all,"classification tolerance -5 / +5 km, all families",2.2677983639172306,-2.7501441570080165,2.595772787541617,cls_p5,cls_m5,5.345916944549634
iquique,PGA,2475,all,"default-depth events to interface, all families",2.2677983639172306,0.0,0.5875595837086633,cls_fix,cls_fix,0.5875595837086633
antofagasta,PGA,475,interface,Z_BOTTOM 40 / 60 km,1.3902837109955062,-2.1919716560420133,5.262293642679006,zbot60,zbot40,7.454265298721019
antofagasta,PGA,475,interface,Z_TOP 10 km,1.3902837109955062,0.0,3.461656084887421,ztop10,ztop10,3.461656084887421
antofagasta,PGA,475,interface,declustering,1.3902837109955062,0.0,2.035592217226756,dc_gruenthal,dc_gk74sym,2.035592217226756
antofagasta,PGA,475,interface,no declustering (full catalog),1.3902837109955062,-10.920288608632323,0.0,raw,raw,10.920288608632323
antofagasta,PGA,475,interface,classification tolerance -5 / +5 km,1.3902837109955062,-0.17768210842320498,1.333908930167671,cls_m5,cls_p5,1.511591038590876
antofagasta,PGA,475,interface,default-depth events to interface,1.3902837109955062,-0.1694956249203461,0.0,cls_fix,cls_fix,0.1694956249203461
antofagasta,PGA,475,interface,"completeness table, ends of the ensemble",1.3902837109955062,-4.323550412274146,1.903881156893994,mc_lo,mc_hi,6.22743156916814
antofagasta,PGA,475,interface,keep 1962 / 1998 events,1.3902837109955062,0.0,0.8072680490932571,keep6298,keep6298,0.8072680490932571
antofagasta,PGA,475,interface,b: fit floor 5.4 / 6.0,1.3902837109955062,-6.146044920063998,4.043312417231815,fit54,fit60,10.189357337295814
antofagasta,PGA,475,interface,MMIN_HAZ 6.5,1.3902837109955062,0.0,0.09985007069670537,mmin65,mmin65,0.09985007069670537
antofagasta,PGA,475,interface,geometry: segmented,1.3902837109955062,-16.116359763109212,0.0,seg,seg,16.116359763109212
antofagasta,PGA,475,interface,rate: geodetic (mid),1.3902837109955062,0.0,2.0946844236499507,geo,geo,2.0946844236499507
antofagasta,PGA,475,interface,MFD: tapered,1.3902837109955062,0.0,2.2060969517249784,tapered,tapered,2.2060969517249784
antofagasta,PGA,475,interface,full 16-branch tree,1.3902837109955062,0.0,2.0280089482084707,tree,tree,2.0280089482084707
antofagasta,PGA,475,interface,rupture scaling: Allen & Hayes,1.3902837109955062,-0.5258259030317181,0.0,msr_ah,msr_ah,0.5258259030317181
antofagasta,PGA,475,interface,rupture aspect ratio 1.5 / 2 / 3,1.3902837109955062,0.0,5.559774093049108,asp15,asp30,5.559774093049108
antofagasta,PGA,475,interface,GMM (single vs tree),1.3902837109955062,-7.816511739726895,14.879100898672014,gmm_ag,gmm_ku,22.69561263839891
antofagasta,PGA,475,intraslab,class domain cut at 50 km,1.3902837109955062,0.0,0.8865720071392191,classmask,classmask,0.8865720071392191
antofagasta,PGA,475,intraslab,declustering,1.3902837109955062,0.0,1.8867717905189263,dc_gk74sym,dc_gruenthal,1.8867717905189263
antofagasta,PGA,475,intraslab,no declustering (full catalog),1.3902837109955062,-2.757456301870864,0.0,raw,raw,2.757456301870864
antofagasta,PGA,475,intraslab,classification tolerance -5 / +5 km,1.3902837109955062,-4.944578674414258,2.7854781523459993,cls_p5,cls_m5,7.730056826760257
antofagasta,PGA,475,intraslab,default-depth events to interface,1.3902837109955062,0.0,0.666661146803138,cls_fix,cls_fix,0.666661146803138
antofagasta,PGA,475,intraslab,"completeness table, ends of the ensemble",1.3902837109955062,-2.1771563209099454,1.9736904013600842,mc_lo,mc_hi,4.15084672227003
antofagasta,PGA,475,intraslab,slab_deep b: floor 5.7 / 6.0,1.3902837109955062,-0.7860802107034215,1.0182811354336074,sd_fit57,sd_fit60,1.804361346137029
antofagasta,PGA,475,intraslab,intra_slab b: floor 5.5 / 5.8,1.3902837109955062,-0.07595878448077853,0.08539001539955571,is_fit55,is_fit58,0.16134879988033424
antofagasta,PGA,475,intraslab,Mmax pad 0 / 0.4,1.3902837109955062,-2.031318752166089,1.8592642657416336,pad0,pad04,3.8905830179077228
antofagasta,PGA,475,intraslab,"depths by slab-top regime, not thickness fraction",1.3902837109955062,0.0,0.25122767091545484,regime,regime,0.25122767091545484
antofagasta,PGA,475,intraslab,"previous geometry: top + 7.5 km, depth-rule band",1.3902837109955062,0.0,3.034557451136921,band_rule,band_rule,3.034557451136921
antofagasta,PGA,475,intraslab,smoothing neighbours 10 / 50,1.3902837109955062,-1.1332997079798623,0.39689125730359986,nn10,nn50,1.5301909652834622
antofagasta,PGA,475,intraslab,pattern from all complete events / + calibrated kernel,1.3902837109955062,-2.1029975256957267,8.480324664716932e-07,smooth_cv,smooth_all,2.102998373728193
antofagasta,PGA,475,intraslab,kernel gaussian / cut-off 200 km,1.3902837109955062,-0.3399172069154299,0.8990282954464801,gauss,dmax200,1.23894550236191
antofagasta,PGA,475,intraslab,rupture scaling: Allen & Hayes,1.3902837109955062,-1.6802343496185368,0.0,msr_ah,msr_ah,1.6802343496185368
antofagasta,PGA,475,intraslab,rupture aspect ratio 2,1.3902837109955062,0.0,0.33444222889811304,asp20,asp20,0.33444222889811304
antofagasta,PGA,475,intraslab,rupture dip 45 / 90,1.3902837109955062,-0.948661302669318,1.2820139047116097,dip45,dip90,2.2306752073809277
antofagasta,PGA,475,intraslab,sources from M5.5,1.3902837109955062,-2.511617891443052e-06,0.0,mmin55,mmin55,2.511617891443052e-06
antofagasta,PGA,475,intraslab,GMM (single vs tree),1.3902837109955062,-7.89526653878958,13.175815047478846,gmm_mv,gmm_pk,21.071081586268427
antofagasta,PGA,475,crustal,faults vs no faults,1.3902837109955062,0.0,0.048877995936580376,nofaults,nofaults,0.048877995936580376
antofagasta,PGA,475,crustal,buffer margin 0 / 20 km,1.3902837109955062,-0.024497629418440692,0.046537416003156196,margin20,margin0,0.07103504542159689
antofagasta,PGA,475,crustal,cap and fault Mmin 6.5,1.3902837109955062,0.0,0.010461175565756875,cap65,cap65,0.010461175565756875
antofagasta,PGA,475,crustal,declustering,1.3902837109955062,-0.0020140595663131755,0.0,dc_gruenthal,dc_gruenthal,0.0020140595663131755
antofagasta,PGA,475,crustal,no declustering (full catalog),1.3902837109955062,-0.0041433920913269695,0.0,raw,raw,0.0041433920913269695
antofagasta,PGA,475,crustal,classification tolerance -5 / +5 km,1.3902837109955062,-0.00669979338883131,0.0021069702945908375,cls_p5,cls_m5,0.008806763683422147
antofagasta,PGA,475,crustal,default-depth events to interface,1.3902837109955062,-0.004649982708537781,0.0,cls_fix,cls_fix,0.004649982708537781
antofagasta,PGA,475,crustal,background Mmax 7.5,1.3902837109955062,0.0,0.0067815631194179105,mmax75,mmax75,0.0067815631194179105
antofagasta,PGA,475,crustal,GMM (single vs tree),1.3902837109955062,-0.02597139478945909,0.029934875108694747,gmm_cy,gmm_bssa,0.05590626989815384
antofagasta,PGA,475,all,truncation 2.5 / 4.0,1.3902837109955062,-4.161276351171028,2.50076148014442,tr25,tr40,6.662037831315448
antofagasta,PGA,475,all,truncation 2.0,1.3902837109955062,-11.367590253517335,0.0,tr20,tr20,11.367590253517335
antofagasta,PGA,475,all,"numerics: mesh 5 km, point-source distance 100 km",1.3902837109955062,0.0,1.1439000368431484,num,num,1.1439000368431484
antofagasta,PGA,475,all,"no declustering, all families",1.3902837109955062,-14.01873864713654,0.0,raw,raw,14.01873864713654
antofagasta,PGA,475,all,"classification tolerance -5 / +5 km, all families",1.3902837109955062,-3.528755774964376,2.6278400282170766,cls_p5,cls_m5,6.156595803181453
antofagasta,PGA,475,all,"default-depth events to interface, all families",1.3902837109955062,0.0,0.4929908615486367,cls_fix,cls_fix,0.4929908615486367
antofagasta,PGA,2475,interface,Z_BOTTOM 40 / 60 km,2.6631934009843268,-2.3114343984740104,5.600144734486334,zbot60,zbot40,7.911579132960345
antofagasta,PGA,2475,interface,Z_TOP 10 km,2.6631934009843268,0.0,3.5089335308942315,ztop10,ztop10,3.5089335308942315
antofagasta,PGA,2475,interface,declustering,2.6631934009843268,0.0,1.8988315794010946,dc_gruenthal,dc_gk74sym,1.8988315794010946
antofagasta,PGA,2475,interface,no declustering (full catalog),2.6631934009843268,-11.20577622277269,0.0,raw,raw,11.20577622277269
antofagasta,PGA,2475,interface,classification tolerance -5 / +5 km,2.6631934009843268,0.0,1.0096069656658102,cls_m5,cls_p5,1.0096069656658102
antofagasta,PGA,2475,interface,default-depth events to interface,2.6631934009843268,-0.18485487804607015,0.0,cls_fix,cls_fix,0.18485487804607015
antofagasta,PGA,2475,interface,"completeness table, ends of the ensemble",2.6631934009843268,-3.5990520198044718,1.6519992131780237,mc_lo,mc_hi,5.251051232982496
antofagasta,PGA,2475,interface,keep 1962 / 1998 events,2.6631934009843268,0.0,0.6742780833815187,keep6298,keep6298,0.6742780833815187
antofagasta,PGA,2475,interface,b: fit floor 5.4 / 6.0,2.6631934009843268,-5.500770169572178,3.5353966808064907,fit54,fit60,9.036166850378669
antofagasta,PGA,2475,interface,MMIN_HAZ 6.5,2.6631934009843268,0.0,0.08073839724600518,mmin65,mmin65,0.08073839724600518
antofagasta,PGA,2475,interface,geometry: segmented,2.6631934009843268,-16.776328077477043,0.0,seg,seg,16.776328077477043
antofagasta,PGA,2475,interface,rate: geodetic (mid),2.6631934009843268,0.0,1.649822845528881,geo,geo,1.649822845528881
antofagasta,PGA,2475,interface,MFD: tapered,2.6631934009843268,0.0,2.074335531085292,tapered,tapered,2.074335531085292
antofagasta,PGA,2475,interface,full 16-branch tree,2.6631934009843268,-0.9182729684211521,0.0,tree,tree,0.9182729684211521
antofagasta,PGA,2475,interface,rupture scaling: Allen & Hayes,2.6631934009843268,-0.6753448041806998,0.0,msr_ah,msr_ah,0.6753448041806998
antofagasta,PGA,2475,interface,rupture aspect ratio 1.5 / 2 / 3,2.6631934009843268,0.0,4.651102538326146,asp15,asp30,4.651102538326146
antofagasta,PGA,2475,interface,GMM (single vs tree),2.6631934009843268,-9.328087043505306,0.0,gmm_ag,gmm_pk,9.328087043505306
antofagasta,PGA,2475,intraslab,class domain cut at 50 km,2.6631934009843268,0.0,0.5821452610108135,classmask,classmask,0.5821452610108135
antofagasta,PGA,2475,intraslab,declustering,2.6631934009843268,0.0,1.6346845008816446,dc_gruenthal,dc_gk74sym,1.6346845008816446
antofagasta,PGA,2475,intraslab,no declustering (full catalog),2.6631934009843268,-2.382655223718866,0.0,raw,raw,2.382655223718866
antofagasta,PGA,2475,intraslab,classification tolerance -5 / +5 km,2.6631934009843268,-3.6174203037900865,2.019027404925766,cls_p5,cls_m5,5.636447708715853
antofagasta,PGA,2475,intraslab,default-depth events to interface,2.6631934009843268,0.0,0.5537399444680569,cls_fix,cls_fix,0.5537399444680569
antofagasta,PGA,2475,intraslab,"completeness table, ends of the ensemble",2.6631934009843268,-1.5826571494390929,1.7206181140650978,mc_lo,mc_hi,3.3032752635041907
antofagasta,PGA,2475,intraslab,slab_deep b: floor 5.7 / 6.0,2.6631934009843268,-0.6380018202107096,0.8686714244802385,sd_fit57,sd_fit60,1.506673244690948
antofagasta,PGA,2475,intraslab,intra_slab b: floor 5.5 / 5.8,2.6631934009843268,-0.3508690672819337,0.3374715587704413,is_fit55,is_fit58,0.688340626052375
antofagasta,PGA,2475,intraslab,Mmax pad 0 / 0.4,2.6631934009843268,-2.1795383589514494,2.1647295363164787,pad0,pad04,4.344267895267928
antofagasta,PGA,2475,intraslab,"depths by slab-top regime, not thickness fraction",2.6631934009843268,-0.08884483302139534,0.0,regime,regime,0.08884483302139534
antofagasta,PGA,2475,intraslab,"previous geometry: top + 7.5 km, depth-rule band",2.6631934009843268,0.0,0.01904614073127142,band_rule,band_rule,0.01904614073127142
antofagasta,PGA,2475,intraslab,smoothing neighbours 10 / 50,2.6631934009843268,-0.8992194963622357,0.3365220443033001,nn10,nn50,1.2357415406655359
antofagasta,PGA,2475,intraslab,pattern from all complete events / + calibrated kernel,2.6631934009843268,-1.639601012935532,0.0,smooth_cv,smooth_all,1.639601012935532
antofagasta,PGA,2475,intraslab,kernel gaussian / cut-off 200 km,2.6631934009843268,-0.31390400710488153,0.6431410083847178,gauss,dmax200,0.9570450154895993
antofagasta,PGA,2475,intraslab,rupture scaling: Allen & Hayes,2.6631934009843268,-1.7321926376338115,0.0,msr_ah,msr_ah,1.7321926376338115
antofagasta,PGA,2475,intraslab,rupture aspect ratio 2,2.6631934009843268,-0.15197561876929555,0.0,asp20,asp20,0.15197561876929555
antofagasta,PGA,2475,intraslab,rupture dip 45 / 90,2.6631934009843268,-1.2614270209378442,1.3087803930380115,dip45,dip90,2.5702074139758557
antofagasta,PGA,2475,intraslab,sources from M5.5,2.6631934009843268,0.0,3.1894063612369905e-06,mmin55,mmin55,3.1894063612369905e-06
antofagasta,PGA,2475,intraslab,GMM (single vs tree),2.6631934009843268,-9.003692653633754,0.0,gmm_mv,gmm_ag,9.003692653633754
antofagasta,PGA,2475,crustal,faults vs no faults,2.6631934009843268,0.0,0.003936756701650168,nofaults,nofaults,0.003936756701650168
antofagasta,PGA,2475,crustal,buffer margin 0 / 20 km,2.6631934009843268,-0.0019676262755008445,0.0038677541368103974,margin20,margin0,0.005835380412311242
antofagasta,PGA,2475,crustal,cap and fault Mmin 6.5,2.6631934009843268,0.0,1.1127494481399935e-06,cap65,cap65,1.1127494481399935e-06
antofagasta,PGA,2475,crustal,declustering,2.6631934009843268,-1.3312512336938198e-05,0.0,dc_gruenthal,dc_gruenthal,1.3312512336938198e-05
antofagasta,PGA,2475,crustal,no declustering (full catalog),2.6631934009843268,-0.0005259473863206132,0.0,raw,raw,0.0005259473863206132
antofagasta,PGA,2475,crustal,classification tolerance -5 / +5 km,2.6631934009843268,-0.0003217322302573322,0.0,cls_p5,cls_m5,0.0003217322302573322
antofagasta,PGA,2475,crustal,default-depth events to interface,2.6631934009843268,-0.00018568160358167773,0.0,cls_fix,cls_fix,0.00018568160358167773
antofagasta,PGA,2475,crustal,background Mmax 7.5,2.6631934009843268,0.0,0.0013805188418647418,mmax75,mmax75,0.0013805188418647418
antofagasta,PGA,2475,crustal,GMM (single vs tree),2.6631934009843268,-0.0015971606853293352,0.003160840935367837,gmm_cy,gmm_cb,0.004758001620697172
antofagasta,PGA,2475,all,truncation 2.5 / 4.0,2.6631934009843268,-6.219770323841112,3.7415790558719797,tr25,tr40,9.961349379713091
antofagasta,PGA,2475,all,truncation 2.0,2.6631934009843268,-17.494155282848624,0.0,tr20,tr20,17.494155282848624
antofagasta,PGA,2475,all,"numerics: mesh 5 km, point-source distance 100 km",2.6631934009843268,0.0,0.8917033038392086,num,num,0.8917033038392086
antofagasta,PGA,2475,all,"no declustering, all families",2.6631934009843268,-14.284779159328808,0.0,raw,raw,14.284779159328808
antofagasta,PGA,2475,all,"classification tolerance -5 / +5 km, all families",2.6631934009843268,-2.5355613277769695,2.0903436906501316,cls_p5,cls_m5,4.625905018427101
antofagasta,PGA,2475,all,"default-depth events to interface, all families",2.6631934009843268,0.0,0.37007180274353235,cls_fix,cls_fix,0.37007180274353235
copiapo,PGA,475,interface,Z_BOTTOM 40 / 60 km,1.0681792873583542,-4.4282997554429215,3.1100341919352292,zbot60,zbot40,7.538333947378151
copiapo,PGA,475,interface,Z_TOP 10 km,1.0681792873583542,0.0,4.353459633849299,ztop10,ztop10,4.353459633849299
copiapo,PGA,475,interface,declustering,1.0681792873583542,0.0,2.369888968530942,dc_gruenthal,dc_gk74sym,2.369888968530942
copiapo,PGA,475,interface,no declustering (full catalog),1.0681792873583542,-13.315087596435504,0.0,raw,raw,13.315087596435504
copiapo,PGA,475,interface,classification tolerance -5 / +5 km,1.0681792873583542,0.0,1.2111537881178247,cls_m5,cls_p5,1.2111537881178247
copiapo,PGA,475,interface,default-depth events to interface,1.0681792873583542,-0.23271699495356346,0.0,cls_fix,cls_fix,0.23271699495356346
copiapo,PGA,475,interface,"completeness table, ends of the ensemble",1.0681792873583542,-4.297176764871924,2.0350011475676055,mc_lo,mc_hi,6.33217791243953
copiapo,PGA,475,interface,keep 1962 / 1998 events,1.0681792873583542,0.0,0.8216216284495426,keep6298,keep6298,0.8216216284495426
copiapo,PGA,475,interface,b: fit floor 5.4 / 6.0,1.0681792873583542,-6.568110637905733,4.400584459259926,fit54,fit60,10.968695097165659
copiapo,PGA,475,interface,MMIN_HAZ 6.5,1.0681792873583542,0.0,0.09683251015040195,mmin65,mmin65,0.09683251015040195
copiapo,PGA,475,interface,geometry: segmented,1.0681792873583542,-18.379015396677122,0.0,seg,seg,18.379015396677122
copiapo,PGA,475,interface,rate: geodetic (mid),1.0681792873583542,0.0,1.998765189761209,geo,geo,1.998765189761209
copiapo,PGA,475,interface,MFD: tapered,1.0681792873583542,0.0,2.681112134820829,tapered,tapered,2.681112134820829
copiapo,PGA,475,interface,full 16-branch tree,1.0681792873583542,-2.828833527503838,0.0,tree,tree,2.828833527503838
copiapo,PGA,475,interface,rupture scaling: Allen & Hayes,1.0681792873583542,-3.06771309109124,0.0,msr_ah,msr_ah,3.06771309109124
copiapo,PGA,475,interface,rupture aspect ratio 1.5 / 2 / 3,1.0681792873583542,0.0,1.9475681350507923,asp15,asp30,1.9475681350507923
copiapo,PGA,475,interface,GMM (single vs tree),1.0681792873583542,-7.910494673756463,10.393878938370428,gmm_ag,gmm_ku,18.30437361212689
copiapo,PGA,475,intraslab,class domain cut at 50 km,1.0681792873583542,-2.167909400836854,0.0,classmask,classmask,2.167909400836854
copiapo,PGA,475,intraslab,declustering,1.0681792873583542,0.0,0.6462969201181945,dc_gruenthal,dc_gk74sym,0.6462969201181945
copiapo,PGA,475,intraslab,no declustering (full catalog),1.0681792873583542,-1.28850758317135,0.0,raw,raw,1.28850758317135
copiapo,PGA,475,intraslab,classification tolerance -5 / +5 km,1.0681792873583542,-1.6594314101090135,3.21517171654655,cls_p5,cls_m5,4.874603126655563
copiapo,PGA,475,intraslab,default-depth events to interface,1.0681792873583542,0.0,0.025329772832094477,cls_fix,cls_fix,0.025329772832094477
copiapo,PGA,475,intraslab,"completeness table, ends of the ensemble",1.0681792873583542,-1.825806666081542,2.8269615548646376,mc_lo,mc_hi,4.65276822094618
copiapo,PGA,475,intraslab,slab_deep b: floor 5.7 / 6.0,1.0681792873583542,-1.5663512950622072,2.077493619861981,sd_fit57,sd_fit60,3.643844914924188
copiapo,PGA,475,intraslab,intra_slab b: floor 5.5 / 5.8,1.0681792873583542,-2.3221906444529816,2.083741994867183,is_fit55,is_fit58,4.405932639320165
copiapo,PGA,475,intraslab,Mmax pad 0 / 0.4,1.0681792873583542,-2.166878663567895,1.9134225754033451,pad0,pad04,4.08030123897124
copiapo,PGA,475,intraslab,"depths by slab-top regime, not thickness fraction",1.0681792873583542,-0.24195788484854264,0.0,regime,regime,0.24195788484854264
copiapo,PGA,475,intraslab,"previous geometry: top + 7.5 km, depth-rule band",1.0681792873583542,0.0,1.722884295100524,band_rule,band_rule,1.722884295100524
copiapo,PGA,475,intraslab,smoothing neighbours 10 / 50,1.0681792873583542,-1.1755110119776369,1.0682340594583284,nn10,nn50,2.2437450714359652
copiapo,PGA,475,intraslab,pattern from all complete events / + calibrated kernel,1.0681792873583542,-2.8934626730413027,0.0,smooth_cv,smooth_all,2.8934626730413027
copiapo,PGA,475,intraslab,kernel gaussian / cut-off 200 km,1.0681792873583542,-0.904999024493025,0.0,gauss,dmax200,0.904999024493025
copiapo,PGA,475,intraslab,rupture scaling: Allen & Hayes,1.0681792873583542,-1.7634550164532525,0.0,msr_ah,msr_ah,1.7634550164532525
copiapo,PGA,475,intraslab,rupture aspect ratio 2,1.0681792873583542,-0.3624883726275008,0.0,asp20,asp20,0.3624883726275008
copiapo,PGA,475,intraslab,rupture dip 45 / 90,1.0681792873583542,-0.6604813318435987,0.45341261477087613,dip45,dip90,1.1138939466144748
copiapo,PGA,475,intraslab,sources from M5.5,1.0681792873583542,-7.951653779869616e-07,0.0,mmin55,mmin55,7.951653779869616e-07
copiapo,PGA,475,intraslab,GMM (single vs tree),1.0681792873583542,-12.717806750840799,14.838843204140929,gmm_mv,gmm_pk,27.55664995498173
copiapo,PGA,475,crustal,faults vs no faults,1.0681792873583542,0.0,1.5455792201635177e-08,nofaults,nofaults,1.5455792201635177e-08
copiapo,PGA,475,crustal,buffer margin 0 / 20 km,1.0681792873583542,-5.714717588034546e-09,2.066307125403455e-08,margin0,margin20,2.6377788842069094e-08
copiapo,PGA,475,crustal,cap and fault Mmin 6.5,1.0681792873583542,-5.714717588034546e-09,0.0,cap65,cap65,5.714717588034546e-09
copiapo,PGA,475,crustal,declustering,1.0681792873583542,0.0,0.012455305896974522,dc_gruenthal,dc_gruenthal,0.012455305896974522
copiapo,PGA,475,crustal,no declustering (full catalog),1.0681792873583542,-0.0319794704013554,0.0,raw,raw,0.0319794704013554
copiapo,PGA,475,crustal,classification tolerance -5 / +5 km,1.0681792873583542,-0.02429604055512735,0.013782259738892577,cls_p5,cls_m5,0.03807830029401993
copiapo,PGA,475,crustal,default-depth events to interface,1.0681792873583542,-0.009626277772567526,0.0,cls_fix,cls_fix,0.009626277772567526
copiapo,PGA,475,crustal,background Mmax 7.5,1.0681792873583542,0.0,0.07735928985255214,mmax75,mmax75,0.07735928985255214
copiapo,PGA,475,crustal,GMM (single vs tree),1.0681792873583542,-0.17989841346017776,0.1398224796786307,gmm_cy,gmm_bssa,0.31972089313880847
copiapo,PGA,475,all,truncation 2.5 / 4.0,1.0681792873583542,-3.825402863861882,2.3032163497330282,tr25,tr40,6.12861921359491
copiapo,PGA,475,all,truncation 2.0,1.0681792873583542,-10.844004012952603,0.0,tr20,tr20,10.844004012952603
copiapo,PGA,475,all,"numerics: mesh 5 km, point-source distance 100 km",1.0681792873583542,0.0,0.42071640357117523,num,num,0.42071640357117523
copiapo,PGA,475,all,"no declustering, all families",1.0681792873583542,-14.69400262110694,0.0,raw,raw,14.69400262110694
copiapo,PGA,475,all,"classification tolerance -5 / +5 km, all families",1.0681792873583542,-0.44820929623914374,3.3595565132466865,cls_p5,cls_m5,3.80776580948583
copiapo,PGA,475,all,"default-depth events to interface, all families",1.0681792873583542,-0.2175127911387853,0.0,cls_fix,cls_fix,0.2175127911387853
copiapo,PGA,2475,interface,Z_BOTTOM 40 / 60 km,2.0716832448839835,-4.865612336302982,2.505843860623669,zbot60,zbot40,7.371456196926651
copiapo,PGA,2475,interface,Z_TOP 10 km,2.0716832448839835,0.0,4.237624805443274,ztop10,ztop10,4.237624805443274
copiapo,PGA,2475,interface,declustering,2.0716832448839835,0.0,2.0331307121334463,dc_gruenthal,dc_gk74sym,2.0331307121334463
copiapo,PGA,2475,interface,no declustering (full catalog),2.0716832448839835,-12.370470424667278,0.0,raw,raw,12.370470424667278
copiapo,PGA,2475,interface,classification tolerance -5 / +5 km,2.0716832448839835,0.0,0.9079862956199225,cls_m5,cls_p5,0.9079862956199225
copiapo,PGA,2475,interface,default-depth events to interface,2.0716832448839835,-0.215856442701301,0.0,cls_fix,cls_fix,0.215856442701301
copiapo,PGA,2475,interface,"completeness table, ends of the ensemble",2.0716832448839835,-3.475917998766176,1.6765823550078718,mc_lo,mc_hi,5.152500353774048
copiapo,PGA,2475,interface,keep 1962 / 1998 events,2.0716832448839835,0.0,0.6618899542620627,keep6298,keep6298,0.6618899542620627
copiapo,PGA,2475,interface,b: fit floor 5.4 / 6.0,2.0716832448839835,-5.587137061800096,3.629986375120997,fit54,fit60,9.217123436921092
copiapo,PGA,2475,interface,MMIN_HAZ 6.5,2.0716832448839835,0.0,0.07554676041372499,mmin65,mmin65,0.07554676041372499
copiapo,PGA,2475,interface,geometry: segmented,2.0716832448839835,-20.78948367746203,0.0,seg,seg,20.78948367746203
copiapo,PGA,2475,interface,rate: geodetic (mid),2.0716832448839835,0.0,1.54390981454553,geo,geo,1.54390981454553
copiapo,PGA,2475,interface,MFD: tapered,2.0716832448839835,0.0,2.3477630694256346,tapered,tapered,2.3477630694256346
copiapo,PGA,2475,interface,full 16-branch tree,2.0716832448839835,-5.91667356158545,0.0,tree,tree,5.91667356158545
copiapo,PGA,2475,interface,rupture scaling: Allen & Hayes,2.0716832448839835,-3.594335506646329,0.0,msr_ah,msr_ah,3.594335506646329
copiapo,PGA,2475,interface,rupture aspect ratio 1.5 / 2 / 3,2.0716832448839835,0.0,1.1867828287180249,asp15,asp30,1.1867828287180249
copiapo,PGA,2475,interface,GMM (single vs tree),2.0716832448839835,-9.257592162779504,10.28791413690966,gmm_ag,gmm_ku,19.545506299689166
copiapo,PGA,2475,intraslab,class domain cut at 50 km,2.0716832448839835,-1.8323035514864916,0.0,classmask,classmask,1.8323035514864916
copiapo,PGA,2475,intraslab,declustering,2.0716832448839835,0.0,0.8296249191855676,dc_gruenthal,dc_gk74sym,0.8296249191855676
copiapo,PGA,2475,intraslab,no declustering (full catalog),2.0716832448839835,-1.5631240354976539,0.0,raw,raw,1.5631240354976539
copiapo,PGA,2475,intraslab,classification tolerance -5 / +5 km,2.0716832448839835,-1.250357971156535,2.4012516992479638,cls_p5,cls_m5,3.6516096704044987
copiapo,PGA,2475,intraslab,default-depth events to interface,2.0716832448839835,0.0,0.10924836929673276,cls_fix,cls_fix,0.10924836929673276
copiapo,PGA,2475,intraslab,"completeness table, ends of the ensemble",2.0716832448839835,-1.4559938056541544,2.4262331136961857,mc_lo,mc_hi,3.88222691935034
copiapo,PGA,2475,intraslab,slab_deep b: floor 5.7 / 6.0,2.0716832448839835,-1.2971671812124441,1.8119209025902139,sd_fit57,sd_fit60,3.109088083802658
copiapo,PGA,2475,intraslab,intra_slab b: floor 5.5 / 5.8,2.0716832448839835,-1.9023481082644178,1.7890059274052295,is_fit55,is_fit58,3.6913540356696473
copiapo,PGA,2475,intraslab,Mmax pad 0 / 0.4,2.0716832448839835,-2.4135028192832753,2.3020771301620613,pad0,pad04,4.7155799494453365
copiapo,PGA,2475,intraslab,"depths by slab-top regime, not thickness fraction",2.0716832448839835,-0.289373379227853,0.0,regime,regime,0.289373379227853
copiapo,PGA,2475,intraslab,"previous geometry: top + 7.5 km, depth-rule band",2.0716832448839835,-0.040354434963341124,0.0,band_rule,band_rule,0.040354434963341124
copiapo,PGA,2475,intraslab,smoothing neighbours 10 / 50,2.0716832448839835,-0.9724631308719367,0.892292033058184,nn10,nn50,1.8647551639301208
copiapo,PGA,2475,intraslab,pattern from all complete events / + calibrated kernel,2.0716832448839835,-2.3474135630046966,0.0,smooth_cv,smooth_all,2.3474135630046966
copiapo,PGA,2475,intraslab,kernel gaussian / cut-off 200 km,2.0716832448839835,-0.688151933444725,0.0,gauss,dmax200,0.688151933444725
copiapo,PGA,2475,intraslab,rupture scaling: Allen & Hayes,2.0716832448839835,-1.8764472292443823,0.0,msr_ah,msr_ah,1.8764472292443823
copiapo,PGA,2475,intraslab,rupture aspect ratio 2,2.0716832448839835,-0.8309291911217098,0.0,asp20,asp20,0.8309291911217098
copiapo,PGA,2475,intraslab,rupture dip 45 / 90,2.0716832448839835,-1.0508938816724434,0.7518443476932202,dip45,dip90,1.8027382293656635
copiapo,PGA,2475,intraslab,sources from M5.5,2.0716832448839835,0.0,1.6213690168243033e-06,mmin55,mmin55,1.6213690168243033e-06
copiapo,PGA,2475,intraslab,GMM (single vs tree),2.0716832448839835,-13.286852382802628,13.712959605084052,gmm_mv,gmm_pk,26.99981198788668
copiapo,PGA,2475,crustal,faults vs no faults,2.0716832448839835,0.0,6.749489855906177e-10,nofaults,nofaults,6.749489855906177e-10
copiapo,PGA,2475,crustal,buffer margin 0 / 20 km,2.0716832448839835,0.0,6.621370118864434e-11,margin0,margin20,6.621370118864434e-11
copiapo,PGA,2475,crustal,cap and fault Mmin 6.5,2.0716832448839835,0.0,0.0,cap65,cap65,0.0
copiapo,PGA,2475,crustal,declustering,2.0716832448839835,0.0,0.002352544551698088,dc_gruenthal,dc_gruenthal,0.002352544551698088
copiapo,PGA,2475,crustal,no declustering (full catalog),2.0716832448839835,-0.006757009737368147,0.0,raw,raw,0.006757009737368147
copiapo,PGA,2475,crustal,classification tolerance -5 / +5 km,2.0716832448839835,-0.0021457274339775623,8.245395852757298e-05,cls_p5,cls_m5,0.0022281813925051352
copiapo,PGA,2475,crustal,default-depth events to interface,2.0716832448839835,-0.0003085137673997096,0.0,cls_fix,cls_fix,0.0003085137673997096
copiapo,PGA,2475,crustal,background Mmax 7.5,2.0716832448839835,0.0,0.02239710341906953,mmax75,mmax75,0.02239710341906953
copiapo,PGA,2475,crustal,GMM (single vs tree),2.0716832448839835,-0.023118818084810755,0.02926883224463328,gmm_cy,gmm_cb,0.052387650329444035
copiapo,PGA,2475,all,truncation 2.5 / 4.0,2.0716832448839835,-5.810999986940302,3.3989267978609794,tr25,tr40,9.209926784801281
copiapo,PGA,2475,all,truncation 2.0,2.0716832448839835,-17.11806475474128,0.0,tr20,tr20,17.11806475474128
copiapo,PGA,2475,all,"numerics: mesh 5 km, point-source distance 100 km",2.0716832448839835,0.0,0.6190478004771904,num,num,0.6190478004771904
copiapo,PGA,2475,all,"no declustering, all families",2.0716832448839835,-14.345947411925819,0.0,raw,raw,14.345947411925819
copiapo,PGA,2475,all,"classification tolerance -5 / +5 km, all families",2.0716832448839835,-0.3229673080517803,2.6387104183149823,cls_p5,cls_m5,2.9616777263667626
copiapo,PGA,2475,all,"default-depth events to interface, all families",2.0716832448839835,-0.10678440100500008,0.0,cls_fix,cls_fix,0.10678440100500008
valparaiso,PGA,475,interface,Z_BOTTOM 40 / 60 km,1.509811182452578,-4.1233640063521815,5.600030984249682,zbot60,zbot40,9.723394990601864
valparaiso,PGA,475,interface,Z_TOP 10 km,1.509811182452578,0.0,3.989931883669784,ztop10,ztop10,3.989931883669784
valparaiso,PGA,475,interface,declustering,1.509811182452578,0.0,1.9803216697875436,dc_gruenthal,dc_gk74sym,1.9803216697875436
valparaiso,PGA,475,interface,no declustering (full catalog),1.509811182452578,-10.52613132527921,0.0,raw,raw,10.52613132527921
valparaiso,PGA,475,interface,classification tolerance -5 / +5 km,1.509811182452578,0.0,1.0536921141411248,cls_m5,cls_p5,1.0536921141411248
valparaiso,PGA,475,interface,default-depth events to interface,1.509811182452578,-0.18927894725241368,0.0,cls_fix,cls_fix,0.18927894725241368
valparaiso,PGA,475,interface,"completeness table, ends of the ensemble",1.509811182452578,-3.6617204319345342,1.7218128166330615,mc_lo,mc_hi,5.383533248567596
valparaiso,PGA,475,interface,keep 1962 / 1998 events,1.509811182452578,0.0,0.7000814350833107,keep6298,keep6298,0.7000814350833107
valparaiso,PGA,475,interface,b: fit floor 5.4 / 6.0,1.509811182452578,-5.512343547818565,3.6190014440915297,fit54,fit60,9.131344991910094
valparaiso,PGA,475,interface,MMIN_HAZ 6.5,1.509811182452578,0.0,0.08358130643466577,mmin65,mmin65,0.08358130643466577
valparaiso,PGA,475,interface,geometry: segmented,1.509811182452578,-5.030458093782575,0.0,seg,seg,5.030458093782575
valparaiso,PGA,475,interface,rate: geodetic (mid),1.509811182452578,0.0,1.7239665383075975,geo,geo,1.7239665383075975
valparaiso,PGA,475,interface,MFD: tapered,1.509811182452578,0.0,2.298094220748692,tapered,tapered,2.298094220748692
valparaiso,PGA,475,interface,full 16-branch tree,1.509811182452578,-0.9197190893002194,0.0,tree,tree,0.9197190893002194
valparaiso,PGA,475,interface,rupture scaling: Allen & Hayes,1.509811182452578,-4.454199183702434,0.0,msr_ah,msr_ah,4.454199183702434
valparaiso,PGA,475,interface,rupture aspect ratio 1.5 / 2 / 3,1.509811182452578,0.0,3.745827353858444,asp15,asp30,3.745827353858444
valparaiso,PGA,475,interface,GMM (single vs tree),1.509811182452578,-6.854610319087362,10.506568445533615,gmm_ag,gmm_ku,17.361178764620977
valparaiso,PGA,475,intraslab,class domain cut at 50 km,1.509811182452578,-1.4649052119105943,0.0,classmask,classmask,1.4649052119105943
valparaiso,PGA,475,intraslab,declustering,1.509811182452578,0.0,1.2077757664529676,dc_gk74sym,dc_gruenthal,1.2077757664529676
valparaiso,PGA,475,intraslab,no declustering (full catalog),1.509811182452578,0.0,3.5104203124176614,raw,raw,3.5104203124176614
valparaiso,PGA,475,intraslab,classification tolerance -5 / +5 km,1.509811182452578,-5.266030439710601,3.8526198229353437,cls_p5,cls_m5,9.118650262645945
valparaiso,PGA,475,intraslab,default-depth events to interface,1.509811182452578,0.0,0.813662155979511,cls_fix,cls_fix,0.813662155979511
valparaiso,PGA,475,intraslab,"completeness table, ends of the ensemble",1.509811182452578,0.0,11.933204862590951,mc_hi,mc_lo,11.933204862590951
valparaiso,PGA,475,intraslab,slab_deep b: floor 5.7 / 6.0,1.509811182452578,-0.4549163607553086,0.361435666063592,sd_fit60,sd_fit57,0.8163520268189006
valparaiso,PGA,475,intraslab,intra_slab b: floor 5.5 / 5.8,1.509811182452578,-2.6233929494919095,2.294529472714113,is_fit55,is_fit58,4.917922422206022
valparaiso,PGA,475,intraslab,Mmax pad 0 / 0.4,1.509811182452578,-2.3235061673194335,2.0633808402644727,pad0,pad04,4.386887007583907
valparaiso,PGA,475,intraslab,"depths by slab-top regime, not thickness fraction",1.509811182452578,-0.3024211757180373,0.0,regime,regime,0.3024211757180373
valparaiso,PGA,475,intraslab,"previous geometry: top + 7.5 km, depth-rule band",1.509811182452578,0.0,3.171514294310107,band_rule,band_rule,3.171514294310107
valparaiso,PGA,475,intraslab,smoothing neighbours 10 / 50,1.509811182452578,-1.150417219035993,0.4464149741885137,nn50,nn10,1.5968321932245066
valparaiso,PGA,475,intraslab,pattern from all complete events / + calibrated kernel,1.509811182452578,0.0,2.1400268478393825,smooth_all,smooth_cv,2.1400268478393825
valparaiso,PGA,475,intraslab,kernel gaussian / cut-off 200 km,1.509811182452578,0.0,1.9185577152470046,dmax200,gauss,1.9185577152470046
valparaiso,PGA,475,intraslab,rupture scaling: Allen & Hayes,1.509811182452578,-2.0864773184253393,0.0,msr_ah,msr_ah,2.0864773184253393
valparaiso,PGA,475,intraslab,rupture aspect ratio 2,1.509811182452578,0.0,0.04853588277367038,asp20,asp20,0.04853588277367038
valparaiso,PGA,475,intraslab,rupture dip 45 / 90,1.509811182452578,-1.320831764090824,1.484332941044575,dip45,dip90,2.805164705135399
valparaiso,PGA,475,intraslab,sources from M5.5,1.509811182452578,-0.00021850417082358575,0.0,mmin55,mmin55,0.00021850417082358575
valparaiso,PGA,475,intraslab,GMM (single vs tree),1.509811182452578,-7.921461575240629,14.284740631557892,gmm_ag,gmm_pk,22.206202206798523
valparaiso,PGA,475,crustal,faults vs no faults,1.509811182452578,0.0,0.06424069412935829,nofaults,nofaults,0.06424069412935829
valparaiso,PGA,475,crustal,buffer margin 0 / 20 km,1.509811182452578,-0.016948117494142156,0.04573204881130888,margin20,margin0,0.06268016630545103
valparaiso,PGA,475,crustal,cap and fault Mmin 6.5,1.509811182452578,0.0,0.017762596661774488,cap65,cap65,0.017762596661774488
valparaiso,PGA,475,crustal,declustering,1.509811182452578,-0.0018843446724203794,0.0,dc_gruenthal,dc_gruenthal,0.0018843446724203794
valparaiso,PGA,475,crustal,no declustering (full catalog),1.509811182452578,0.0,0.0006076885707972934,raw,raw,0.0006076885707972934
valparaiso,PGA,475,crustal,classification tolerance -5 / +5 km,1.509811182452578,-0.007788948833853393,0.012684224234926766,cls_p5,cls_m5,0.02047317306878016
valparaiso,PGA,475,crustal,default-depth events to interface,1.509811182452578,-0.0005277924926994082,0.0,cls_fix,cls_fix,0.0005277924926994082
valparaiso,PGA,475,crustal,background Mmax 7.5,1.509811182452578,0.0,0.019074716969380567,mmax75,mmax75,0.019074716969380567
valparaiso,PGA,475,crustal,GMM (single vs tree),1.509811182452578,-0.03388849020848905,0.044246209036780115,gmm_cy,gmm_bssa,0.07813469924526917
valparaiso,PGA,475,all,truncation 2.5 / 4.0,1.509811182452578,-4.5962253988068635,2.760420618491999,tr25,tr40,7.356646017298862
valparaiso,PGA,475,all,truncation 2.0,1.509811182452578,-12.474361329194728,0.0,tr20,tr20,12.474361329194728
valparaiso,PGA,475,all,"numerics: mesh 5 km, point-source distance 100 km",1.509811182452578,0.0,1.13443653783043,num,num,1.13443653783043
valparaiso,PGA,475,all,"no declustering, all families",1.509811182452578,-6.321653774845082,0.0,raw,raw,6.321653774845082
valparaiso,PGA,475,all,"classification tolerance -5 / +5 km, all families",1.509811182452578,-4.148377529595992,3.9296832051905595,cls_p5,cls_m5,8.07806073478655
valparaiso,PGA,475,all,"default-depth events to interface, all families",1.509811182452578,0.0,0.624497627115983,cls_fix,cls_fix,0.624497627115983
valparaiso,PGA,2475,interface,Z_BOTTOM 40 / 60 km,2.8195329810994223,-4.1938780591179725,6.008070622567829,zbot60,zbot40,10.201948681685803
valparaiso,PGA,2475,interface,Z_TOP 10 km,2.8195329810994223,0.0,4.825446615682272,ztop10,ztop10,4.825446615682272
valparaiso,PGA,2475,interface,declustering,2.8195329810994223,0.0,1.7494053676049504,dc_gruenthal,dc_gk74sym,1.7494053676049504
valparaiso,PGA,2475,interface,no declustering (full catalog),2.8195329810994223,-9.93279490841582,0.0,raw,raw,9.93279490841582
valparaiso,PGA,2475,interface,classification tolerance -5 / +5 km,2.8195329810994223,0.0,0.7925804805329228,cls_m5,cls_p5,0.7925804805329228
valparaiso,PGA,2475,interface,default-depth events to interface,2.8195329810994223,-0.1835277938445734,0.0,cls_fix,cls_fix,0.1835277938445734
valparaiso,PGA,2475,interface,"completeness table, ends of the ensemble",2.8195329810994223,-2.9906365134467316,1.4481765340237374,mc_lo,mc_hi,4.438813047470469
valparaiso,PGA,2475,interface,keep 1962 / 1998 events,2.8195329810994223,0.0,0.5725291465012328,keep6298,keep6298,0.5725291465012328
valparaiso,PGA,2475,interface,b: fit floor 5.4 / 6.0,2.8195329810994223,-4.761865221949169,3.1425243256280933,fit54,fit60,7.904389547577262
valparaiso,PGA,2475,interface,MMIN_HAZ 6.5,2.8195329810994223,0.0,0.06559449284160301,mmin65,mmin65,0.06559449284160301
valparaiso,PGA,2475,interface,geometry: segmented,2.8195329810994223,-6.816159103336528,0.0,seg,seg,6.816159103336528
valparaiso,PGA,2475,interface,rate: geodetic (mid),2.8195329810994223,0.0,1.3434686212956182,geo,geo,1.3434686212956182
valparaiso,PGA,2475,interface,MFD: tapered,2.8195329810994223,0.0,2.056323459199838,tapered,tapered,2.056323459199838
valparaiso,PGA,2475,interface,full 16-branch tree,2.8195329810994223,-2.031152039225703,0.0,tree,tree,2.031152039225703
valparaiso,PGA,2475,interface,rupture scaling: Allen & Hayes,2.8195329810994223,-4.5709697923697945,0.0,msr_ah,msr_ah,4.5709697923697945
valparaiso,PGA,2475,interface,rupture aspect ratio 1.5 / 2 / 3,2.8195329810994223,0.0,2.9102539953717255,asp15,asp30,2.9102539953717255
valparaiso,PGA,2475,interface,GMM (single vs tree),2.8195329810994223,-7.853767395989319,0.0,gmm_ag,gmm_pk,7.853767395989319
valparaiso,PGA,2475,intraslab,class domain cut at 50 km,2.8195329810994223,-1.4826221091295277,0.0,classmask,classmask,1.4826221091295277
valparaiso,PGA,2475,intraslab,declustering,2.8195329810994223,0.0,1.215831193040362,dc_gk74sym,dc_gruenthal,1.215831193040362
valparaiso,PGA,2475,intraslab,no declustering (full catalog),2.8195329810994223,0.0,1.6821482475305016,raw,raw,1.6821482475305016
valparaiso,PGA,2475,intraslab,classification tolerance -5 / +5 km,2.8195329810994223,-3.9295495797497693,2.9118509401318438,cls_p5,cls_m5,6.8414005198816135
valparaiso,PGA,2475,intraslab,default-depth events to interface,2.8195329810994223,0.0,0.73530288575685,cls_fix,cls_fix,0.73530288575685
valparaiso,PGA,2475,intraslab,"completeness table, ends of the ensemble",2.8195329810994223,0.0,2.250265796387896,mc_hi,mc_hi,2.250265796387896
valparaiso,PGA,2475,intraslab,slab_deep b: floor 5.7 / 6.0,2.8195329810994223,-0.17778542950239729,0.10862484258673533,sd_fit60,sd_fit57,0.2864102720891326
valparaiso,PGA,2475,intraslab,intra_slab b: floor 5.5 / 5.8,2.8195329810994223,-2.2012044504023165,2.0225965987251238,is_fit55,is_fit58,4.22380104912744
valparaiso,PGA,2475,intraslab,Mmax pad 0 / 0.4,2.8195329810994223,-2.6608002511690043,2.540990605677873,pad0,pad04,5.201790856846877
valparaiso,PGA,2475,intraslab,"depths by slab-top regime, not thickness fraction",2.8195329810994223,-0.1633695601696017,0.0,regime,regime,0.1633695601696017
valparaiso,PGA,2475,intraslab,"previous geometry: top + 7.5 km, depth-rule band",2.8195329810994223,-0.07516032588260613,0.0,band_rule,band_rule,0.07516032588260613
valparaiso,PGA,2475,intraslab,smoothing neighbours 10 / 50,2.8195329810994223,-0.8464220640023168,0.2577830037454598,nn50,nn10,1.1042050677477766
valparaiso,PGA,2475,intraslab,pattern from all complete events / + calibrated kernel,2.8195329810994223,0.0,1.585853287903971,smooth_all,smooth_cv,1.585853287903971
valparaiso,PGA,2475,intraslab,kernel gaussian / cut-off 200 km,2.8195329810994223,0.0,1.4809318847577746,dmax200,gauss,1.4809318847577746
valparaiso,PGA,2475,intraslab,rupture scaling: Allen & Hayes,2.8195329810994223,-2.243395426118544,0.0,msr_ah,msr_ah,2.243395426118544
valparaiso,PGA,2475,intraslab,rupture aspect ratio 2,2.8195329810994223,-0.3607903643578547,0.0,asp20,asp20,0.3607903643578547
valparaiso,PGA,2475,intraslab,rupture dip 45 / 90,2.8195329810994223,-1.7542072713288448,1.6193240934431419,dip45,dip90,3.3735313647719867
valparaiso,PGA,2475,intraslab,sources from M5.5,2.8195329810994223,-1.1521800180602781e-06,0.0,mmin55,mmin55,1.1521800180602781e-06
valparaiso,PGA,2475,intraslab,GMM (single vs tree),2.8195329810994223,-10.45739846448347,0.0,gmm_mv,gmm_ag,10.45739846448347
valparaiso,PGA,2475,crustal,faults vs no faults,2.8195329810994223,0.0,0.005053166006674381,nofaults,nofaults,0.005053166006674381
valparaiso,PGA,2475,crustal,buffer margin 0 / 20 km,2.8195329810994223,-0.0011857842265761143,0.0031024079688135586,margin20,margin0,0.004288192195389673
valparaiso,PGA,2475,crustal,cap and fault Mmin 6.5,2.8195329810994223,0.0,1.9487691971242782e-05,cap65,cap65,1.9487691971242782e-05
valparaiso,PGA,2475,crustal,declustering,2.8195329810994223,-6.6500974060801354e-06,0.0,dc_gruenthal,dc_gruenthal,6.6500974060801354e-06
valparaiso,PGA,2475,crustal,no declustering (full catalog),2.8195329810994223,-0.00019880779424941153,0.0,raw,raw,0.00019880779424941153
valparaiso,PGA,2475,crustal,classification tolerance -5 / +5 km,2.8195329810994223,-0.00026181277433812156,0.00034344834596300444,cls_p5,cls_m5,0.000605261120301126
valparaiso,PGA,2475,crustal,default-depth events to interface,2.8195329810994223,0.0,3.2453272935661914e-05,cls_fix,cls_fix,3.2453272935661914e-05
valparaiso,PGA,2475,crustal,background Mmax 7.5,2.8195329810994223,0.0,0.0026227655060440114,mmax75,mmax75,0.0026227655060440114
valparaiso,PGA,2475,crustal,GMM (single vs tree),2.8195329810994223,-0.0010636961835230885,0.002451801049074831,gmm_cy,gmm_cb,0.0035154972325979195
valparaiso,PGA,2475,all,truncation 2.5 / 4.0,2.8195329810994223,-7.009112229236236,4.248581556341291,tr25,tr40,11.257693785577526
valparaiso,PGA,2475,all,truncation 2.0,2.8195329810994223,-18.73632780051111,0.0,tr20,tr20,18.73632780051111
valparaiso,PGA,2475,all,"numerics: mesh 5 km, point-source distance 100 km",2.8195329810994223,0.0,0.7907861141146055,num,num,0.7907861141146055
valparaiso,PGA,2475,all,"no declustering, all families",2.8195329810994223,-7.734126011058395,0.0,raw,raw,7.734126011058395
valparaiso,PGA,2475,all,"classification tolerance -5 / +5 km, all families",2.8195329810994223,-3.0720112037787906,3.1036168598438607,cls_p5,cls_m5,6.175628063622652
valparaiso,PGA,2475,all,"default-depth events to interface, all families",2.8195329810994223,0.0,0.5536712832598045,cls_fix,cls_fix,0.5536712832598045
santiago_centro,PGA,475,interface,Z_BOTTOM 40 / 60 km,0.8788891880756893,-3.9612002336884555,1.2056139635065355,zbot40,zbot60,5.1668141971949915
santiago_centro,PGA,475,interface,Z_TOP 10 km,0.8788891880756893,0.0,2.2658749240002996,ztop10,ztop10,2.2658749240002996
santiago_centro,PGA,475,interface,declustering,0.8788891880756893,0.0,1.7305256079394704,dc_gruenthal,dc_gk74sym,1.7305256079394704
santiago_centro,PGA,475,interface,no declustering (full catalog),0.8788891880756893,-9.386624011629252,0.0,raw,raw,9.386624011629252
santiago_centro,PGA,475,interface,classification tolerance -5 / +5 km,0.8788891880756893,0.0,0.7912353291877894,cls_m5,cls_p5,0.7912353291877894
santiago_centro,PGA,475,interface,default-depth events to interface,0.8788891880756893,-0.17919150678499252,0.0,cls_fix,cls_fix,0.17919150678499252
santiago_centro,PGA,475,interface,"completeness table, ends of the ensemble",0.8788891880756893,-2.9210985107568477,1.4364852557900543,mc_lo,mc_hi,4.357583766546902
santiago_centro,PGA,475,interface,keep 1962 / 1998 events,0.8788891880756893,0.0,0.5672471529098111,keep6298,keep6298,0.5672471529098111
santiago_centro,PGA,475,interface,b: fit floor 5.4 / 6.0,0.8788891880756893,-4.602259862643754,3.1352624545532004,fit54,fit60,7.737522317196954
santiago_centro,PGA,475,interface,MMIN_HAZ 6.5,0.8788891880756893,0.0,0.06509153893503594,mmin65,mmin65,0.06509153893503594
santiago_centro,PGA,475,interface,geometry: segmented,0.8788891880756893,-5.524909586588567,0.0,seg,seg,5.524909586588567
santiago_centro,PGA,475,interface,rate: geodetic (mid),0.8788891880756893,0.0,1.340288226712305,geo,geo,1.340288226712305
santiago_centro,PGA,475,interface,MFD: tapered,0.8788891880756893,0.0,2.0228625940488465,tapered,tapered,2.0228625940488465
santiago_centro,PGA,475,interface,full 16-branch tree,0.8788891880756893,-1.4586384060963242,0.0,tree,tree,1.4586384060963242
santiago_centro,PGA,475,interface,rupture scaling: Allen & Hayes,0.8788891880756893,-4.129017058311835,0.0,msr_ah,msr_ah,4.129017058311835
santiago_centro,PGA,475,interface,rupture aspect ratio 1.5 / 2 / 3,0.8788891880756893,0.0,0.5164208978553964,asp20,asp30,0.5164208978553964
santiago_centro,PGA,475,interface,GMM (single vs tree),0.8788891880756893,-6.012973155523382,5.0003218977183295,gmm_ag,gmm_ku,11.013295053241713
santiago_centro,PGA,475,intraslab,class domain cut at 50 km,0.8788891880756893,-1.8252791853609729,0.0,classmask,classmask,1.8252791853609729
santiago_centro,PGA,475,intraslab,declustering,0.8788891880756893,0.0,3.26565037915465,dc_gruenthal,dc_gk74sym,3.26565037915465
santiago_centro,PGA,475,intraslab,no declustering (full catalog),0.8788891880756893,-3.915535542624504,0.0,raw,raw,3.915535542624504
santiago_centro,PGA,475,intraslab,classification tolerance -5 / +5 km,0.8788891880756893,-2.167563993534183,1.2453463805558007,cls_p5,cls_m5,3.4129103740899835
santiago_centro,PGA,475,intraslab,default-depth events to interface,0.8788891880756893,0.0,0.6831937918238884,cls_fix,cls_fix,0.6831937918238884
santiago_centro,PGA,475,intraslab,"completeness table, ends of the ensemble",0.8788891880756893,0.0,4.208201208135631,mc_lo,mc_hi,4.208201208135631
santiago_centro,PGA,475,intraslab,slab_deep b: floor 5.7 / 6.0,0.8788891880756893,-1.6444549427760968,2.2345735911957876,sd_fit57,sd_fit60,3.8790285339718844
santiago_centro,PGA,475,intraslab,intra_slab b: floor 5.5 / 5.8,0.8788891880756893,-1.68958524503936,1.5609144756549398,is_fit55,is_fit58,3.2504997206943
santiago_centro,PGA,475,intraslab,Mmax pad 0 / 0.4,0.8788891880756893,-2.7152012142131032,2.3954890088933256,pad0,pad04,5.110690223106429
santiago_centro,PGA,475,intraslab,"depths by slab-top regime, not thickness fraction",0.8788891880756893,-1.4344496930092765,0.0,regime,regime,1.4344496930092765
santiago_centro,PGA,475,intraslab,"previous geometry: top + 7.5 km, depth-rule band",0.8788891880756893,0.0,3.7075033272422564,band_rule,band_rule,3.7075033272422564
santiago_centro,PGA,475,intraslab,smoothing neighbours 10 / 50,0.8788891880756893,-1.3732000918945997,1.1915069498395825,nn10,nn50,2.564707041734182
santiago_centro,PGA,475,intraslab,pattern from all complete events / + calibrated kernel,0.8788891880756893,-2.489575634559138,3.669474279988094e-07,smooth_cv,smooth_all,2.489576001506566
santiago_centro,PGA,475,intraslab,kernel gaussian / cut-off 200 km,0.8788891880756893,-0.22162160370877704,0.0,gauss,dmax200,0.22162160370877704
santiago_centro,PGA,475,intraslab,rupture scaling: Allen & Hayes,0.8788891880756893,-2.145282527737624,0.0,msr_ah,msr_ah,2.145282527737624
santiago_centro,PGA,475,intraslab,rupture aspect ratio 2,0.8788891880756893,-0.017109904103718154,0.0,asp20,asp20,0.017109904103718154
santiago_centro,PGA,475,intraslab,rupture dip 45 / 90,0.8788891880756893,-1.5485807012975306,2.3832867277644443,dip45,dip90,3.931867429061975
santiago_centro,PGA,475,intraslab,sources from M5.5,0.8788891880756893,0.0,5.2603348787982895e-06,mmin55,mmin55,5.2603348787982895e-06
santiago_centro,PGA,475,intraslab,GMM (single vs tree),0.8788891880756893,-18.050234197287473,17.291297041025544,gmm_mv,gmm_pk,35.34153123831302
santiago_centro,PGA,475,crustal,faults vs no faults,0.8788891880756893,0.0,0.5938745476445018,nofaults,nofaults,0.5938745476445018
santiago_centro,PGA,475,crustal,buffer margin 0 / 20 km,0.8788891880756893,-0.32997724038211773,0.5611110307643052,margin20,margin0,0.891088271146423
santiago_centro,PGA,475,crustal,cap and fault Mmin 6.5,0.8788891880756893,0.0,0.2196328528660363,cap65,cap65,0.2196328528660363
santiago_centro,PGA,475,crustal,declustering,0.8788891880756893,-0.016633268370380705,0.0,dc_gruenthal,dc_gruenthal,0.016633268370380705
santiago_centro,PGA,475,crustal,no declustering (full catalog),0.8788891880756893,-0.020437363523329033,0.0,raw,raw,0.020437363523329033
santiago_centro,PGA,475,crustal,classification tolerance -5 / +5 km,0.8788891880756893,-0.018845785585674957,0.0,cls_m5,cls_p5,0.018845785585674957
santiago_centro,PGA,475,crustal,default-depth events to interface,0.8788891880756893,0.0,0.023025861876879716,cls_fix,cls_fix,0.023025861876879716
santiago_centro,PGA,475,crustal,background Mmax 7.5,0.8788891880756893,0.0,0.1759679996883312,mmax75,mmax75,0.1759679996883312
santiago_centro,PGA,475,crustal,GMM (single vs tree),0.8788891880756893,-0.5287080520598897,0.5337289552241664,gmm_cy,gmm_bssa,1.062437007284056
santiago_centro,PGA,475,all,truncation 2.5 / 4.0,0.8788891880756893,-4.506467392987956,2.794496712468586,tr25,tr40,7.300964105456542
santiago_centro,PGA,475,all,truncation 2.0,0.8788891880756893,-12.338545917169242,0.0,tr20,tr20,12.338545917169242
santiago_centro,PGA,475,all,"numerics: mesh 5 km, point-source distance 100 km",0.8788891880756893,0.0,1.8384154029051025,num,num,1.8384154029051025
santiago_centro,PGA,475,all,"no declustering, all families",0.8788891880756893,-13.756688168533692,0.0,raw,raw,13.756688168533692
santiago_centro,PGA,475,all,"classification tolerance -5 / +5 km, all families",0.8788891880756893,-1.3569916633918266,1.4097800071755984,cls_p5,cls_m5,2.766771670567425
santiago_centro,PGA,475,all,"default-depth events to interface, all families",0.8788891880756893,0.0,0.5277268912623256,cls_fix,cls_fix,0.5277268912623256
santiago_centro,PGA,2475,interface,Z_BOTTOM 40 / 60 km,1.6591288906149906,-4.698194055474958,1.727430624939874,zbot40,zbot60,6.425624680414832
santiago_centro,PGA,2475,interface,Z_TOP 10 km,1.6591288906149906,0.0,2.3213147118283706,ztop10,ztop10,2.3213147118283706
santiago_centro,PGA,2475,interface,declustering,1.6591288906149906,0.0,1.4226161884889788,dc_gruenthal,dc_gk74sym,1.4226161884889788
santiago_centro,PGA,2475,interface,no declustering (full catalog),1.6591288906149906,-8.146752339282958,0.0,raw,raw,8.146752339282958
santiago_centro,PGA,2475,interface,classification tolerance -5 / +5 km,1.6591288906149906,0.0,0.5824242905296817,cls_m5,cls_p5,0.5824242905296817
santiago_centro,PGA,2475,interface,default-depth events to interface,1.6591288906149906,-0.15549185381640296,0.0,cls_fix,cls_fix,0.15549185381640296
santiago_centro,PGA,2475,interface,"completeness table, ends of the ensemble",1.6591288906149906,-2.290223033909511,1.144668389297121,mc_lo,mc_hi,3.434891423206632
santiago_centro,PGA,2475,interface,keep 1962 / 1998 events,1.6591288906149906,0.0,0.4438628031121272,keep6298,keep6298,0.4438628031121272
santiago_centro,PGA,2475,interface,b: fit floor 5.4 / 6.0,1.6591288906149906,-3.7482776565155085,2.5021960455170023,fit54,fit60,6.250473702032511
santiago_centro,PGA,2475,interface,MMIN_HAZ 6.5,1.6591288906149906,0.0,0.04939857044246043,mmin65,mmin65,0.04939857044246043
santiago_centro,PGA,2475,interface,geometry: segmented,1.6591288906149906,-6.650998931189589,0.0,seg,seg,6.650998931189589
santiago_centro,PGA,2475,interface,rate: geodetic (mid),1.6591288906149906,0.0,1.0129294523604893,geo,geo,1.0129294523604893
santiago_centro,PGA,2475,interface,MFD: tapered,1.6591288906149906,0.0,1.7046173286260125,tapered,tapered,1.7046173286260125
santiago_centro,PGA,2475,interface,full 16-branch tree,1.6591288906149906,-2.2470406749515726,0.0,tree,tree,2.2470406749515726
santiago_centro,PGA,2475,interface,rupture scaling: Allen & Hayes,1.6591288906149906,-4.206450950117146,0.0,msr_ah,msr_ah,4.206450950117146
santiago_centro,PGA,2475,interface,rupture aspect ratio 1.5 / 2 / 3,1.6591288906149906,0.0,0.34760558389721474,asp15,asp30,0.34760558389721474
santiago_centro,PGA,2475,interface,GMM (single vs tree),1.6591288906149906,-6.5076022336043255,4.61242901886505,gmm_ag,gmm_ku,11.120031252469374
santiago_centro,PGA,2475,intraslab,class domain cut at 50 km,1.6591288906149906,-1.3472518121050436,0.0,classmask,classmask,1.3472518121050436
santiago_centro,PGA,2475,intraslab,declustering,1.6591288906149906,0.0,3.099508284964836,dc_gruenthal,dc_gk74sym,3.099508284964836
santiago_centro,PGA,2475,intraslab,no declustering (full catalog),1.6591288906149906,-4.066573826859465,0.0,raw,raw,4.066573826859465
santiago_centro,PGA,2475,intraslab,classification tolerance -5 / +5 km,1.6591288906149906,-1.7323602214639466,0.9377541040664461,cls_p5,cls_m5,2.6701143255303927
santiago_centro,PGA,2475,intraslab,default-depth events to interface,1.6591288906149906,0.0,0.5923098805599158,cls_fix,cls_fix,0.5923098805599158
santiago_centro,PGA,2475,intraslab,"completeness table, ends of the ensemble",1.6591288906149906,0.0,3.650568594743553,mc_lo,mc_hi,3.650568594743553
santiago_centro,PGA,2475,intraslab,slab_deep b: floor 5.7 / 6.0,1.6591288906149906,-1.6917464086883438,2.3385767068081265,sd_fit57,sd_fit60,4.03032311549647
santiago_centro,PGA,2475,intraslab,intra_slab b: floor 5.5 / 5.8,1.6591288906149906,-1.460829216228321,1.4009133207969482,is_fit55,is_fit58,2.861742537025269
santiago_centro,PGA,2475,intraslab,Mmax pad 0 / 0.4,1.6591288906149906,-3.3614548269553457,3.1379901956493983,pad0,pad04,6.499445022604744
santiago_centro,PGA,2475,intraslab,"depths by slab-top regime, not thickness fraction",1.6591288906149906,-1.4893853250752764,0.0,regime,regime,1.4893853250752764
santiago_centro,PGA,2475,intraslab,"previous geometry: top + 7.5 km, depth-rule band",1.6591288906149906,0.0,1.9924392818415848,band_rule,band_rule,1.9924392818415848
santiago_centro,PGA,2475,intraslab,smoothing neighbours 10 / 50,1.6591288906149906,-1.1633485289695433,1.0017049374966724,nn10,nn50,2.1650534664662158
santiago_centro,PGA,2475,intraslab,pattern from all complete events / + calibrated kernel,1.6591288906149906,-2.067292116667918,3.933480430262648e-07,smooth_cv,smooth_all,2.067292510015961
santiago_centro,PGA,2475,intraslab,kernel gaussian / cut-off 200 km,1.6591288906149906,-0.13157442271315434,0.0,gauss,dmax200,0.13157442271315434
santiago_centro,PGA,2475,intraslab,rupture scaling: Allen & Hayes,1.6591288906149906,-2.495603710399119,0.0,msr_ah,msr_ah,2.495603710399119
santiago_centro,PGA,2475,intraslab,rupture aspect ratio 2,1.6591288906149906,-0.48830402109828475,0.0,asp20,asp20,0.48830402109828475
santiago_centro,PGA,2475,intraslab,rupture dip 45 / 90,1.6591288906149906,-1.9541209283832628,2.392290797114427,dip45,dip90,4.34641172549769
santiago_centro,PGA,2475,intraslab,sources from M5.5,1.6591288906149906,-1.1209060124528492e-06,0.0,mmin55,mmin55,1.1209060124528492e-06
santiago_centro,PGA,2475,intraslab,GMM (single vs tree),1.6591288906149906,-20.967895521561918,16.735031495122897,gmm_mv,gmm_pk,37.70292701668481
santiago_centro,PGA,2475,crustal,faults vs no faults,1.6591288906149906,0.0,0.17034869301528754,nofaults,nofaults,0.17034869301528754
santiago_centro,PGA,2475,crustal,buffer margin 0 / 20 km,1.6591288906149906,-0.08794904743780751,0.16373396244333538,margin20,margin0,0.2516830098811429
santiago_centro,PGA,2475,crustal,cap and fault Mmin 6.5,1.6591288906149906,0.0,0.03328944710354609,cap65,cap65,0.03328944710354609
santiago_centro,PGA,2475,crustal,declustering,1.6591288906149906,0.0,0.0004816418591513383,dc_gruenthal,dc_gruenthal,0.0004816418591513383
santiago_centro,PGA,2475,crustal,no declustering (full catalog),1.6591288906149906,-0.018224149013734703,0.0,raw,raw,0.018224149013734703
santiago_centro,PGA,2475,crustal,classification tolerance -5 / +5 km,1.6591288906149906,-0.005572718090240958,0.0008045033459413986,cls_m5,cls_p5,0.0063772214361823565
santiago_centro,PGA,2475,crustal,default-depth events to interface,1.6591288906149906,0.0,0.005345873765083553,cls_fix,cls_fix,0.005345873765083553
santiago_centro,PGA,2475,crustal,background Mmax 7.5,1.6591288906149906,0.0,0.0819993669042729,mmax75,mmax75,0.0819993669042729
santiago_centro,PGA,2475,crustal,GMM (single vs tree),1.6591288906149906,-0.08160684985002442,0.08955427521535331,gmm_cy,gmm_bssa,0.17116112506537773
santiago_centro,PGA,2475,all,truncation 2.5 / 4.0,1.6591288906149906,-6.525680085480767,4.080402618445511,tr25,tr40,10.606082703926278
santiago_centro,PGA,2475,all,truncation 2.0,1.6591288906149906,-18.278713891014633,0.0,tr20,tr20,18.278713891014633
santiago_centro,PGA,2475,all,"numerics: mesh 5 km, point-source distance 100 km",1.6591288906149906,0.0,1.8683067880557402,num,num,1.8683067880557402
santiago_centro,PGA,2475,all,"no declustering, all families",1.6591288906149906,-13.249844471162653,0.0,raw,raw,13.249844471162653
santiago_centro,PGA,2475,all,"classification tolerance -5 / +5 km, all families",1.6591288906149906,-1.1273081516749661,1.1494473943445938,cls_p5,cls_m5,2.27675554601956
santiago_centro,PGA,2475,all,"default-depth events to interface, all families",1.6591288906149906,0.0,0.4437100150790352,cls_fix,cls_fix,0.4437100150790352
santiago_penalolen,PGA,475,interface,Z_BOTTOM 40 / 60 km,0.8095567080084848,-3.8752383547633773,2.218587760154689,zbot40,zbot60,6.093826114918066
santiago_penalolen,PGA,475,interface,Z_TOP 10 km,0.8095567080084848,0.0,1.8764217297354557,ztop10,ztop10,1.8764217297354557
santiago_penalolen,PGA,475,interface,declustering,0.8095567080084848,0.0,1.4573038173122832,dc_gruenthal,dc_gk74sym,1.4573038173122832
santiago_penalolen,PGA,475,interface,no declustering (full catalog),0.8095567080084848,-8.323730314810529,0.0,raw,raw,8.323730314810529
santiago_penalolen,PGA,475,interface,classification tolerance -5 / +5 km,0.8095567080084848,0.0,0.650882678135245,cls_m5,cls_p5,0.650882678135245
santiago_penalolen,PGA,475,interface,default-depth events to interface,0.8095567080084848,-0.15260463947881497,0.0,cls_fix,cls_fix,0.15260463947881497
santiago_penalolen,PGA,475,interface,"completeness table, ends of the ensemble",0.8095567080084848,-2.506010687307192,1.2015673764853574,mc_lo,mc_hi,3.7075780637925493
santiago_penalolen,PGA,475,interface,keep 1962 / 1998 events,0.8095567080084848,0.0,0.4724567230165899,keep6298,keep6298,0.4724567230165899
santiago_penalolen,PGA,475,interface,b: fit floor 5.4 / 6.0,0.8095567080084848,-4.027758022906214,2.6256049913629287,fit54,fit60,6.653363014269143
santiago_penalolen,PGA,475,interface,MMIN_HAZ 6.5,0.8095567080084848,0.0,0.05385414134115862,mmin65,mmin65,0.05385414134115862
santiago_penalolen,PGA,475,interface,geometry: segmented,0.8095567080084848,-5.441333680503712,0.0,seg,seg,5.441333680503712
santiago_penalolen,PGA,475,interface,rate: geodetic (mid),0.8095567080084848,0.0,1.1088360540634223,geo,geo,1.1088360540634223
santiago_penalolen,PGA,475,interface,MFD: tapered,0.8095567080084848,0.0,1.7106702476492153,tapered,tapered,1.7106702476492153
santiago_penalolen,PGA,475,interface,full 16-branch tree,0.8095567080084848,-1.5170068074364829,0.0,tree,tree,1.5170068074364829
santiago_penalolen,PGA,475,interface,rupture scaling: Allen & Hayes,0.8095567080084848,-3.7325432023477045,0.0,msr_ah,msr_ah,3.7325432023477045
santiago_penalolen,PGA,475,interface,rupture aspect ratio 1.5 / 2 / 3,0.8095567080084848,0.0,0.3377461957219774,asp20,asp30,0.3377461957219774
santiago_penalolen,PGA,475,interface,GMM (single vs tree),0.8095567080084848,-5.562560832051055,3.5742498154067937,gmm_ag,gmm_ku,9.13681064745785
santiago_penalolen,PGA,475,intraslab,class domain cut at 50 km,0.8095567080084848,-1.6083257641781645,0.0,classmask,classmask,1.6083257641781645
santiago_penalolen,PGA,475,intraslab,declustering,0.8095567080084848,0.0,3.312418331989342,dc_gruenthal,dc_gk74sym,3.312418331989342
santiago_penalolen,PGA,475,intraslab,no declustering (full catalog),0.8095567080084848,-4.4643852364917525,0.0,raw,raw,4.4643852364917525
santiago_penalolen,PGA,475,intraslab,classification tolerance -5 / +5 km,0.8095567080084848,-1.8848350488975263,1.0764002994069877,cls_p5,cls_m5,2.961235348304514
santiago_penalolen,PGA,475,intraslab,default-depth events to interface,0.8095567080084848,0.0,0.6408568568724293,cls_fix,cls_fix,0.6408568568724293
santiago_penalolen,PGA,475,intraslab,"completeness table, ends of the ensemble",0.8095567080084848,0.0,4.371282812583699,mc_lo,mc_hi,4.371282812583699
santiago_penalolen,PGA,475,intraslab,slab_deep b: floor 5.7 / 6.0,0.8095567080084848,-2.0177692753999943,2.6680831203582445,sd_fit57,sd_fit60,4.685852395758239
santiago_penalolen,PGA,475,intraslab,intra_slab b: floor 5.5 / 5.8,0.8095567080084848,-1.5472636130318018,1.4267589498675903,is_fit55,is_fit58,2.974022562899392
santiago_penalolen,PGA,475,intraslab,Mmax pad 0 / 0.4,0.8095567080084848,-2.7782136060728213,2.364481156013354,pad0,pad04,5.142694762086175
santiago_penalolen,PGA,475,intraslab,"depths by slab-top regime, not thickness fraction",0.8095567080084848,-1.447266387217916,0.0,regime,regime,1.447266387217916
santiago_penalolen,PGA,475,intraslab,"previous geometry: top + 7.5 km, depth-rule band",0.8095567080084848,0.0,3.998599208275788,band_rule,band_rule,3.998599208275788
santiago_penalolen,PGA,475,intraslab,smoothing neighbours 10 / 50,0.8095567080084848,-1.1863292521269164,1.1355975476078806,nn10,nn50,2.321926799734797
santiago_penalolen,PGA,475,intraslab,pattern from all complete events / + calibrated kernel,0.8095567080084848,-2.2231736912505906,0.0,smooth_cv,smooth_all,2.2231736912505906
santiago_penalolen,PGA,475,intraslab,kernel gaussian / cut-off 200 km,0.8095567080084848,-0.28267426965924436,0.0,gauss,dmax200,0.28267426965924436
santiago_penalolen,PGA,475,intraslab,rupture scaling: Allen & Hayes,0.8095567080084848,-2.193896367222914,0.0,msr_ah,msr_ah,2.193896367222914
santiago_penalolen,PGA,475,intraslab,rupture aspect ratio 2,0.8095567080084848,0.0,0.024273533638408118,asp20,asp20,0.024273533638408118
santiago_penalolen,PGA,475,intraslab,rupture dip 45 / 90,0.8095567080084848,-1.575173950219022,2.329725316026243,dip45,dip90,3.9048992662452653
santiago_penalolen,PGA,475,intraslab,sources from M5.5,0.8095567080084848,0.0,6.748361669473013e-06,mmin55,mmin55,6.748361669473013e-06
santiago_penalolen,PGA,475,intraslab,GMM (single vs tree),0.8095567080084848,-18.703076600964984,16.936764832162844,gmm_mv,gmm_pk,35.63984143312783
santiago_penalolen,PGA,475,crustal,faults vs no faults,0.8095567080084848,0.0,0.2351517304261197,nofaults,nofaults,0.2351517304261197
santiago_penalolen,PGA,475,crustal,buffer margin 0 / 20 km,0.8095567080084848,-0.05571398664330207,0.7621294120358169,margin20,margin0,0.8178433986791189
santiago_penalolen,PGA,475,crustal,cap and fault Mmin 6.5,0.8095567080084848,0.0,0.25191185120656545,cap65,cap65,0.25191185120656545
santiago_penalolen,PGA,475,crustal,declustering,0.8095567080084848,-0.037209061029319646,0.0,dc_gruenthal,dc_gruenthal,0.037209061029319646
santiago_penalolen,PGA,475,crustal,no declustering (full catalog),0.8095567080084848,0.0,0.12220864124394826,raw,raw,0.12220864124394826
santiago_penalolen,PGA,475,crustal,classification tolerance -5 / +5 km,0.8095567080084848,-0.008651568646422803,0.0,cls_m5,cls_p5,0.008651568646422803
santiago_penalolen,PGA,475,crustal,default-depth events to interface,0.8095567080084848,0.0,0.012054386605453438,cls_fix,cls_fix,0.012054386605453438
santiago_penalolen,PGA,475,crustal,background Mmax 7.5,0.8095567080084848,0.0,0.12479015719855102,mmax75,mmax75,0.12479015719855102
santiago_penalolen,PGA,475,crustal,GMM (single vs tree),0.8095567080084848,-0.7355957728483187,0.4623814236386581,gmm_cy,gmm_cb,1.1979771964869768
santiago_penalolen,PGA,475,all,truncation 2.5 / 4.0,0.8095567080084848,-4.718290379686174,2.7942725848453698,tr25,tr40,7.5125629645315435
santiago_penalolen,PGA,475,all,truncation 2.0,0.8095567080084848,-12.874278311498665,0.0,tr20,tr20,12.874278311498665
santiago_penalolen,PGA,475,all,"numerics: mesh 5 km, point-source distance 100 km",0.8095567080084848,0.0,0.9569932282968985,num,num,0.9569932282968985
santiago_penalolen,PGA,475,all,"no declustering, all families",0.8095567080084848,-12.882321344845959,0.0,raw,raw,12.882321344845959
santiago_penalolen,PGA,475,all,"classification tolerance -5 / +5 km, all families",0.8095567080084848,-1.1822203714205393,1.2368088049470982,cls_p5,cls_m5,2.4190291763676375
santiago_penalolen,PGA,475,all,"default-depth events to interface, all families",0.8095567080084848,0.0,0.5010874112360009,cls_fix,cls_fix,0.5010874112360009
santiago_penalolen,PGA,2475,interface,Z_BOTTOM 40 / 60 km,1.5141430662429765,-4.555462589994486,2.9750989076857692,zbot40,zbot60,7.530561497680255
santiago_penalolen,PGA,2475,interface,Z_TOP 10 km,1.5141430662429765,0.0,2.01663391887148,ztop10,ztop10,2.01663391887148
santiago_penalolen,PGA,2475,interface,declustering,1.5141430662429765,0.0,1.273329548078772,dc_gruenthal,dc_gk74sym,1.273329548078772
santiago_penalolen,PGA,2475,interface,no declustering (full catalog),1.5141430662429765,-7.0273679488549785,0.0,raw,raw,7.0273679488549785
santiago_penalolen,PGA,2475,interface,classification tolerance -5 / +5 km,1.5141430662429765,0.0,0.5105221936157811,cls_m5,cls_p5,0.5105221936157811
santiago_penalolen,PGA,2475,interface,default-depth events to interface,1.5141430662429765,-0.13968867097302606,0.0,cls_fix,cls_fix,0.13968867097302606
santiago_penalolen,PGA,2475,interface,"completeness table, ends of the ensemble",1.5141430662429765,-2.0120799991147686,1.0186424723091614,mc_lo,mc_hi,3.03072247142393
santiago_penalolen,PGA,2475,interface,keep 1962 / 1998 events,1.5141430662429765,0.0,0.3930416892769406,keep6298,keep6298,0.3930416892769406
santiago_penalolen,PGA,2475,interface,b: fit floor 5.4 / 6.0,1.5141430662429765,-3.2988588601509883,2.2347502612323877,fit54,fit60,5.5336091213833765
santiago_penalolen,PGA,2475,interface,MMIN_HAZ 6.5,1.5141430662429765,0.0,0.043484033971630254,mmin65,mmin65,0.043484033971630254
santiago_penalolen,PGA,2475,interface,geometry: segmented,1.5141430662429765,-6.3253934311955025,0.0,seg,seg,6.3253934311955025
santiago_penalolen,PGA,2475,interface,rate: geodetic (mid),1.5141430662429765,0.0,0.8931060688562642,geo,geo,0.8931060688562642
santiago_penalolen,PGA,2475,interface,MFD: tapered,1.5141430662429765,0.0,1.534036129819616,tapered,tapered,1.534036129819616
santiago_penalolen,PGA,2475,interface,full 16-branch tree,1.5141430662429765,-2.2359673271418523,0.0,tree,tree,2.2359673271418523
santiago_penalolen,PGA,2475,interface,rupture scaling: Allen & Hayes,1.5141430662429765,-3.8453504744699774,0.0,msr_ah,msr_ah,3.8453504744699774
santiago_penalolen,PGA,2475,interface,rupture aspect ratio 1.5 / 2 / 3,1.5141430662429765,0.0,0.23620043935141943,asp15,asp30,0.23620043935141943
santiago_penalolen,PGA,2475,interface,GMM (single vs tree),1.5141430662429765,-5.979553893144751,3.301745558105873,gmm_ag,gmm_ku,9.281299451250625
santiago_penalolen,PGA,2475,intraslab,class domain cut at 50 km,1.5141430662429765,-1.2690320086933604,0.0,classmask,classmask,1.2690320086933604
santiago_penalolen,PGA,2475,intraslab,declustering,1.5141430662429765,0.0,3.4041613138019677,dc_gruenthal,dc_gk74sym,3.4041613138019677
santiago_penalolen,PGA,2475,intraslab,no declustering (full catalog),1.5141430662429765,-4.785139091511481,0.0,raw,raw,4.785139091511481
santiago_penalolen,PGA,2475,intraslab,classification tolerance -5 / +5 km,1.5141430662429765,-1.6630242794995254,0.9081432256635269,cls_p5,cls_m5,2.5711675051630523
santiago_penalolen,PGA,2475,intraslab,default-depth events to interface,1.5141430662429765,0.0,0.6154002866137542,cls_fix,cls_fix,0.6154002866137542
santiago_penalolen,PGA,2475,intraslab,"completeness table, ends of the ensemble",1.5141430662429765,0.0,4.100656589327589,mc_lo,mc_hi,4.100656589327589
santiago_penalolen,PGA,2475,intraslab,slab_deep b: floor 5.7 / 6.0,1.5141430662429765,-2.25253712171698,3.0413111362505685,sd_fit57,sd_fit60,5.293848257967548
santiago_penalolen,PGA,2475,intraslab,intra_slab b: floor 5.5 / 5.8,1.5141430662429765,-1.4803880118357537,1.4280795847336325,is_fit55,is_fit58,2.9084675965693862
santiago_penalolen,PGA,2475,intraslab,Mmax pad 0 / 0.4,1.5141430662429765,-3.695259744785173,3.323548341101601,pad0,pad04,7.018808085886774
santiago_penalolen,PGA,2475,intraslab,"depths by slab-top regime, not thickness fraction",1.5141430662429765,-1.6694778635330199,0.0,regime,regime,1.6694778635330199
santiago_penalolen,PGA,2475,intraslab,"previous geometry: top + 7.5 km, depth-rule band",1.5141430662429765,0.0,2.6196045114049493,band_rule,band_rule,2.6196045114049493
santiago_penalolen,PGA,2475,intraslab,smoothing neighbours 10 / 50,1.5141430662429765,-1.1262280146575376,1.0688217523372456,nn10,nn50,2.1950497669947833
santiago_penalolen,PGA,2475,intraslab,pattern from all complete events / + calibrated kernel,1.5141430662429765,-1.9648617322992057,1.436028629342445e-07,smooth_cv,smooth_all,1.9648618759020686
santiago_penalolen,PGA,2475,intraslab,kernel gaussian / cut-off 200 km,1.5141430662429765,-0.14068030839279322,0.0,dmax200,gauss,0.14068030839279322
santiago_penalolen,PGA,2475,intraslab,rupture scaling: Allen & Hayes,1.5141430662429765,-2.7856243851599793,0.0,msr_ah,msr_ah,2.7856243851599793
santiago_penalolen,PGA,2475,intraslab,rupture aspect ratio 2,1.5141430662429765,-0.4452032772507719,0.0,asp20,asp20,0.4452032772507719
santiago_penalolen,PGA,2475,intraslab,rupture dip 45 / 90,1.5141430662429765,-2.2274775247342338,2.5740607555349238,dip45,dip90,4.801538280269158
santiago_penalolen,PGA,2475,intraslab,sources from M5.5,1.5141430662429765,0.0,7.183913242059248e-07,mmin55,mmin55,7.183913242059248e-07
santiago_penalolen,PGA,2475,intraslab,GMM (single vs tree),1.5141430662429765,-22.40251642658614,16.451377015585834,gmm_mv,gmm_pk,38.85389344217197
santiago_penalolen,PGA,2475,crustal,faults vs no faults,1.5141430662429765,-0.19754937832706654,0.0,nofaults,nofaults,0.19754937832706654
santiago_penalolen,PGA,2475,crustal,buffer margin 0 / 20 km,1.5141430662429765,-0.0022691042839362296,0.26024005399261085,margin20,margin0,0.2625091582765471
santiago_penalolen,PGA,2475,crustal,cap and fault Mmin 6.5,1.5141430662429765,0.0,0.022721975540807016,cap65,cap65,0.022721975540807016
santiago_penalolen,PGA,2475,crustal,declustering,1.5141430662429765,-0.0038294483347578456,0.0,dc_gruenthal,dc_gruenthal,0.0038294483347578456
santiago_penalolen,PGA,2475,crustal,no declustering (full catalog),1.5141430662429765,0.0,0.011915636624948434,raw,raw,0.011915636624948434
santiago_penalolen,PGA,2475,crustal,classification tolerance -5 / +5 km,1.5141430662429765,-0.00106194764909473,0.0,cls_m5,cls_p5,0.00106194764909473
santiago_penalolen,PGA,2475,crustal,default-depth events to interface,1.5141430662429765,0.0,0.0013805056451765552,cls_fix,cls_fix,0.0013805056451765552
santiago_penalolen,PGA,2475,crustal,background Mmax 7.5,1.5141430662429765,0.0,0.05379962572076291,mmax75,mmax75,0.05379962572076291
santiago_penalolen,PGA,2475,crustal,GMM (single vs tree),1.5141430662429765,-0.2546971618804017,0.3878378128251647,gmm_cy,gmm_cb,0.6425349747055664
santiago_penalolen,PGA,2475,all,truncation 2.5 / 4.0,1.5141430662429765,-7.13145265580204,4.227094224691119,tr25,tr40,11.358546880493158
santiago_penalolen,PGA,2475,all,truncation 2.0,1.5141430662429765,-18.267188279782566,0.0,tr20,tr20,18.267188279782566
santiago_penalolen,PGA,2475,all,"numerics: mesh 5 km, point-source distance 100 km",1.5141430662429765,0.0,1.1571222903107747,num,num,1.1571222903107747
santiago_penalolen,PGA,2475,all,"no declustering, all families",1.5141430662429765,-12.388550896021632,0.0,raw,raw,12.388550896021632
santiago_penalolen,PGA,2475,all,"classification tolerance -5 / +5 km, all families",1.5141430662429765,-1.1357305878240243,1.1107447995980513,cls_p5,cls_m5,2.2464753874220755
santiago_penalolen,PGA,2475,all,"default-depth events to interface, all families",1.5141430662429765,0.0,0.47846048786570616,cls_fix,cls_fix,0.47846048786570616
concepcion,PGA,475,interface,Z_BOTTOM 40 / 60 km,1.4180990107563132,-3.8869610429075996,5.627354678091279,zbot60,zbot40,9.514315720998878
concepcion,PGA,475,interface,Z_TOP 10 km,1.4180990107563132,0.0,2.587776278417353,ztop10,ztop10,2.587776278417353
concepcion,PGA,475,interface,declustering,1.4180990107563132,0.0,1.9306147379603011,dc_gruenthal,dc_gk74sym,1.9306147379603011
concepcion,PGA,475,interface,no declustering (full catalog),1.4180990107563132,-10.334410349235712,0.0,raw,raw,10.334410349235712
concepcion,PGA,475,interface,classification tolerance -5 / +5 km,1.4180990107563132,-0.04045093659541532,1.1341909462623256,cls_m5,cls_p5,1.174641882857741
concepcion,PGA,475,interface,default-depth events to interface,1.4180990107563132,-0.17390059717388162,0.0,cls_fix,cls_fix,0.17390059717388162
concepcion,PGA,475,interface,"completeness table, ends of the ensemble",1.4180990107563132,-3.811817910065529,1.735495820418942,mc_lo,mc_hi,5.547313730484471
concepcion,PGA,475,interface,keep 1962 / 1998 events,1.4180990107563132,0.0,0.719911425133346,keep6298,keep6298,0.719911425133346
concepcion,PGA,475,interface,b: fit floor 5.4 / 6.0,1.4180990107563132,-5.586858765380054,3.718977814455693,fit54,fit60,9.305836579835747
concepcion,PGA,475,interface,MMIN_HAZ 6.5,1.4180990107563132,0.0,0.08758906780297337,mmin65,mmin65,0.08758906780297337
concepcion,PGA,475,interface,geometry: segmented,1.4180990107563132,-7.664843291316092,0.0,seg,seg,7.664843291316092
concepcion,PGA,475,interface,rate: geodetic (mid),1.4180990107563132,0.0,1.81801184737036,geo,geo,1.81801184737036
concepcion,PGA,475,interface,MFD: tapered,1.4180990107563132,0.0,2.1630341271967835,tapered,tapered,2.1630341271967835
concepcion,PGA,475,interface,full 16-branch tree,1.4180990107563132,-1.833411025730458,0.0,tree,tree,1.833411025730458
concepcion,PGA,475,interface,rupture scaling: Allen & Hayes,1.4180990107563132,-3.1693478202325043,0.0,msr_ah,msr_ah,3.1693478202325043
concepcion,PGA,475,interface,rupture aspect ratio 1.5 / 2 / 3,1.4180990107563132,0.0,5.848088485326075,asp15,asp30,5.848088485326075
concepcion,PGA,475,interface,GMM (single vs tree),1.4180990107563132,-7.037877841975215,11.900836066302233,gmm_ag,gmm_ku,18.93871390827745
concepcion,PGA,475,intraslab,class domain cut at 50 km,1.4180990107563132,0.0,3.781706179787525,classmask,classmask,3.781706179787525
concepcion,PGA,475,intraslab,declustering,1.4180990107563132,-0.17079040264450507,0.04522003688609555,dc_gruenthal,dc_gk74sym,0.21601043953060062
concepcion,PGA,475,intraslab,no declustering (full catalog),1.4180990107563132,0.0,1.8677237428917914,raw,raw,1.8677237428917914
concepcion,PGA,475,intraslab,classification tolerance -5 / +5 km,1.4180990107563132,-1.7225568608731479,2.6775279329383617,cls_p5,cls_m5,4.4000847938115095
concepcion,PGA,475,intraslab,default-depth events to interface,1.4180990107563132,-0.4740815045980007,0.0,cls_fix,cls_fix,0.4740815045980007
concepcion,PGA,475,intraslab,"completeness table, ends of the ensemble",1.4180990107563132,-0.9035164142312979,0.0,mc_hi,mc_lo,0.9035164142312979
concepcion,PGA,475,intraslab,slab_deep b: floor 5.7 / 6.0,1.4180990107563132,-0.47462956469755957,0.35966653325754105,sd_fit60,sd_fit57,0.8342960979551006
concepcion,PGA,475,intraslab,intra_slab b: floor 5.5 / 5.8,1.4180990107563132,-1.299331496772338,1.5028932806662842,is_fit58,is_fit55,2.802224777438622
concepcion,PGA,475,intraslab,Mmax pad 0 / 0.4,1.4180990107563132,-2.038689494678192,1.700363401688132,pad0,pad04,3.739052896366324
concepcion,PGA,475,intraslab,"depths by slab-top regime, not thickness fraction",1.4180990107563132,-0.5469908739993645,0.0,regime,regime,0.5469908739993645
concepcion,PGA,475,intraslab,"previous geometry: top + 7.5 km, depth-rule band",1.4180990107563132,0.0,2.0857455868733776,band_rule,band_rule,2.0857455868733776
concepcion,PGA,475,intraslab,smoothing neighbours 10 / 50,1.4180990107563132,-3.424089930015184,1.9477763610732834,nn50,nn10,5.371866291088468
concepcion,PGA,475,intraslab,pattern from all complete events / + calibrated kernel,1.4180990107563132,-1.8343906393880616e-07,3.9373072205494797,smooth_all,smooth_cv,3.9373074039885436
concepcion,PGA,475,intraslab,kernel gaussian / cut-off 200 km,1.4180990107563132,0.0,3.7579194839948427,gauss,dmax200,3.7579194839948427
concepcion,PGA,475,intraslab,rupture scaling: Allen & Hayes,1.4180990107563132,-1.7091026573914925,0.0,msr_ah,msr_ah,1.7091026573914925
concepcion,PGA,475,intraslab,rupture aspect ratio 2,1.4180990107563132,-0.1489247756588763,0.0,asp20,asp20,0.1489247756588763
concepcion,PGA,475,intraslab,rupture dip 45 / 90,1.4180990107563132,-1.1090082282784963,1.134408382162544,dip45,dip90,2.2434166104410402
concepcion,PGA,475,intraslab,sources from M5.5,1.4180990107563132,-0.0007190040498761263,0.0,mmin55,mmin55,0.0007190040498761263
concepcion,PGA,475,intraslab,GMM (single vs tree),1.4180990107563132,-6.940461713294111,13.120866552485078,gmm_ag,gmm_pk,20.06132826577919
concepcion,PGA,475,crustal,faults vs no faults,1.4180990107563132,-6.348621628404771e-09,0.0,nofaults,nofaults,6.348621628404771e-09
concepcion,PGA,475,crustal,buffer margin 0 / 20 km,1.4180990107563132,-2.618116834440798e-09,0.0,margin0,margin20,2.618116834440798e-09
concepcion,PGA,475,crustal,cap and fault Mmin 6.5,1.4180990107563132,-8.572342835577729e-09,0.0,cap65,cap65,8.572342835577729e-09
concepcion,PGA,475,crustal,declustering,1.4180990107563132,-0.004486876230558323,0.0,dc_gruenthal,dc_gruenthal,0.004486876230558323
concepcion,PGA,475,crustal,no declustering (full catalog),1.4180990107563132,0.0,0.027417052052935986,raw,raw,0.027417052052935986
concepcion,PGA,475,crustal,classification tolerance -5 / +5 km,1.4180990107563132,-0.018208090388005527,0.01891888212792736,cls_p5,cls_m5,0.03712697251593289
concepcion,PGA,475,crustal,default-depth events to interface,1.4180990107563132,-0.004775109138999145,0.0,cls_fix,cls_fix,0.004775109138999145
concepcion,PGA,475,crustal,background Mmax 7.5,1.4180990107563132,0.0,0.033375165708737775,mmax75,mmax75,0.033375165708737775
concepcion,PGA,475,crustal,GMM (single vs tree),1.4180990107563132,-0.05380842287437959,0.03649715522857644,gmm_cy,gmm_cb,0.09030557810295603
concepcion,PGA,475,all,truncation 2.5 / 4.0,1.4180990107563132,-4.306421089848012,2.5331674133721505,tr25,tr40,6.839588503220162
concepcion,PGA,475,all,truncation 2.0,1.4180990107563132,-11.779318974552544,0.0,tr20,tr20,11.779318974552544
concepcion,PGA,475,all,"numerics: mesh 5 km, point-source distance 100 km",1.4180990107563132,0.0,0.48141799315430944,num,num,0.48141799315430944
concepcion,PGA,475,all,"no declustering, all families",1.4180990107563132,-8.060100659236745,0.0,raw,raw,8.060100659236745
concepcion,PGA,475,all,"classification tolerance -5 / +5 km, all families",1.4180990107563132,-0.5848186421893775,2.6650611454098305,cls_p5,cls_m5,3.249879787599208
concepcion,PGA,475,all,"default-depth events to interface, all families",1.4180990107563132,-0.6538809593782946,0.0,cls_fix,cls_fix,0.6538809593782946
concepcion,PGA,2475,interface,Z_BOTTOM 40 / 60 km,2.6662471753602612,-4.1040562582520534,6.113563452024784,zbot60,zbot40,10.217619710276837
concepcion,PGA,2475,interface,Z_TOP 10 km,2.6662471753602612,0.0,2.8232036651099746,ztop10,ztop10,2.8232036651099746
concepcion,PGA,2475,interface,declustering,2.6662471753602612,0.0,1.7307273666777645,dc_gruenthal,dc_gk74sym,1.7307273666777645
concepcion,PGA,2475,interface,no declustering (full catalog),2.6662471753602612,-9.916327286946093,0.0,raw,raw,9.916327286946093
concepcion,PGA,2475,interface,classification tolerance -5 / +5 km,2.6662471753602612,0.0,0.8413331280814784,cls_m5,cls_p5,0.8413331280814784
concepcion,PGA,2475,interface,default-depth events to interface,2.6662471753602612,-0.17590803046517722,0.0,cls_fix,cls_fix,0.17590803046517722
concepcion,PGA,2475,interface,"completeness table, ends of the ensemble",2.6662471753602612,-3.0926186142282153,1.463107313346268,mc_lo,mc_hi,4.555725927574484
concepcion,PGA,2475,interface,keep 1962 / 1998 events,2.6662471753602612,0.0,0.5865008687299111,keep6298,keep6298,0.5865008687299111
concepcion,PGA,2475,interface,b: fit floor 5.4 / 6.0,2.6662471753602612,-4.833185926669648,3.156835953203041,fit54,fit60,7.990021879872689
concepcion,PGA,2475,interface,MMIN_HAZ 6.5,2.6662471753602612,0.0,0.06854112612244556,mmin65,mmin65,0.06854112612244556
concepcion,PGA,2475,interface,geometry: segmented,2.6662471753602612,-7.564832911501773,0.0,seg,seg,7.564832911501773
concepcion,PGA,2475,interface,rate: geodetic (mid),2.6662471753602612,0.0,1.4023823390749701,geo,geo,1.4023823390749701
concepcion,PGA,2475,interface,MFD: tapered,2.6662471753602612,0.0,1.9629689649002913,tapered,tapered,1.9629689649002913
concepcion,PGA,2475,interface,full 16-branch tree,2.6662471753602612,-2.0247256415605652,0.0,tree,tree,2.0247256415605652
concepcion,PGA,2475,interface,rupture scaling: Allen & Hayes,2.6662471753602612,-3.3235146456307985,0.0,msr_ah,msr_ah,3.3235146456307985
concepcion,PGA,2475,interface,rupture aspect ratio 1.5 / 2 / 3,2.6662471753602612,0.0,4.836550186626898,asp15,asp30,4.836550186626898
concepcion,PGA,2475,interface,GMM (single vs tree),2.6662471753602612,-7.955812614088654,11.679901969888906,gmm_ag,gmm_ku,19.63571458397756
concepcion,PGA,2475,intraslab,class domain cut at 50 km,2.6662471753602612,0.0,2.819863838310499,classmask,classmask,2.819863838310499
concepcion,PGA,2475,intraslab,declustering,2.6662471753602612,0.0,0.3234990557756001,dc_gruenthal,dc_gk74sym,0.3234990557756001
concepcion,PGA,2475,intraslab,no declustering (full catalog),2.6662471753602612,0.0,0.696967206318444,raw,raw,0.696967206318444
concepcion,PGA,2475,intraslab,classification tolerance -5 / +5 km,2.6662471753602612,-1.4052385369668352,1.93505613605236,cls_p5,cls_m5,3.340294673019195
concepcion,PGA,2475,intraslab,default-depth events to interface,2.6662471753602612,-0.25893251689523833,0.0,cls_fix,cls_fix,0.25893251689523833
concepcion,PGA,2475,intraslab,"completeness table, ends of the ensemble",2.6662471753602612,-0.7941187376896974,0.0,mc_lo,mc_hi,0.7941187376896974
concepcion,PGA,2475,intraslab,slab_deep b: floor 5.7 / 6.0,2.6662471753602612,-0.1955117993316713,0.12353980554129507,sd_fit60,sd_fit57,0.31905160487296635
concepcion,PGA,2475,intraslab,intra_slab b: floor 5.5 / 5.8,2.6662471753602612,-0.6765210230663676,0.7513755652627685,is_fit58,is_fit55,1.4278965883291361
concepcion,PGA,2475,intraslab,Mmax pad 0 / 0.4,2.6662471753602612,-2.2874705126583628,2.0366913091266037,pad0,pad04,4.324161821784966
concepcion,PGA,2475,intraslab,"depths by slab-top regime, not thickness fraction",2.6662471753602612,-0.10320563737720168,0.0,regime,regime,0.10320563737720168
concepcion,PGA,2475,intraslab,"previous geometry: top + 7.5 km, depth-rule band",2.6662471753602612,-0.5551944893514071,0.0,band_rule,band_rule,0.5551944893514071
concepcion,PGA,2475,intraslab,smoothing neighbours 10 / 50,2.6662471753602612,-2.507834948583343,1.355625257105153,nn50,nn10,3.863460205688496
concepcion,PGA,2475,intraslab,pattern from all complete events / + calibrated kernel,2.6662471753602612,-2.4880997262499704e-08,2.5727147244509974,smooth_all,smooth_cv,2.5727147493319946
concepcion,PGA,2475,intraslab,kernel gaussian / cut-off 200 km,2.6662471753602612,0.0,2.754620857553669,gauss,dmax200,2.754620857553669
concepcion,PGA,2475,intraslab,rupture scaling: Allen & Hayes,2.6662471753602612,-1.7720335660719844,0.0,msr_ah,msr_ah,1.7720335660719844
concepcion,PGA,2475,intraslab,rupture aspect ratio 2,2.6662471753602612,-0.4729570143175321,0.0,asp20,asp20,0.4729570143175321
concepcion,PGA,2475,intraslab,rupture dip 45 / 90,2.6662471753602612,-1.3753454592053238,1.2431706927635622,dip45,dip90,2.618516151968886
concepcion,PGA,2475,intraslab,sources from M5.5,2.6662471753602612,0.0,3.429589945369571e-07,mmin55,mmin55,3.429589945369571e-07
concepcion,PGA,2475,intraslab,GMM (single vs tree),2.6662471753602612,-8.953224897001355,0.0,gmm_mv,gmm_ag,8.953224897001355
concepcion,PGA,2475,crustal,faults vs no faults,2.6662471753602612,-3.7354563886538017e-10,0.0,nofaults,nofaults,3.7354563886538017e-10
concepcion,PGA,2475,crustal,buffer margin 0 / 20 km,2.6662471753602612,-3.448130669880811e-10,0.0,margin0,margin0,3.448130669880811e-10
concepcion,PGA,2475,crustal,cap and fault Mmin 6.5,2.6662471753602612,-2.1196377986143489e-10,0.0,cap65,cap65,2.1196377986143489e-10
concepcion,PGA,2475,crustal,declustering,2.6662471753602612,-9.80058926680627e-05,0.0,dc_gruenthal,dc_gruenthal,9.80058926680627e-05
concepcion,PGA,2475,crustal,no declustering (full catalog),2.6662471753602612,0.0,0.0007553686694361517,raw,raw,0.0007553686694361517
concepcion,PGA,2475,crustal,classification tolerance -5 / +5 km,2.6662471753602612,-0.0010109267885138884,0.0008040872168324498,cls_p5,cls_m5,0.0018150140053463382
concepcion,PGA,2475,crustal,default-depth events to interface,2.6662471753602612,-0.00014192357447040393,0.0,cls_fix,cls_fix,0.00014192357447040393
concepcion,PGA,2475,crustal,background Mmax 7.5,2.6662471753602612,0.0,0.006442053374366985,mmax75,mmax75,0.006442053374366985
concepcion,PGA,2475,crustal,GMM (single vs tree),2.6662471753602612,-0.003925160174278464,0.008664043657891085,gmm_cy,gmm_cb,0.012589203832169549
concepcion,PGA,2475,all,truncation 2.5 / 4.0,2.6662471753602612,-6.661304786534073,3.9980885809589806,tr25,tr40,10.659393367493053
concepcion,PGA,2475,all,truncation 2.0,2.6662471753602612,-18.56514201865257,0.0,tr20,tr20,18.56514201865257
concepcion,PGA,2475,all,"numerics: mesh 5 km, point-source distance 100 km",2.6662471753602612,0.0,0.3611640257776383,num,num,0.3611640257776383
concepcion,PGA,2475,all,"no declustering, all families",2.6662471753602612,-8.944996053833476,0.0,raw,raw,8.944996053833476
concepcion,PGA,2475,all,"classification tolerance -5 / +5 km, all families",2.6662471753602612,-0.5421410571747942,2.0740068433591885,cls_p5,cls_m5,2.6161479005339827
concepcion,PGA,2475,all,"default-depth events to interface, all families",2.6662471753602612,-0.4359575893874701,0.0,cls_fix,cls_fix,0.4359575893874701
pucon,PGA,475,interface,Z_BOTTOM 40 / 60 km,0.5414244870529926,-3.499205131565697,3.323310698157722,zbot40,zbot60,6.822515829723419
pucon,PGA,475,interface,Z_TOP 10 km,0.5414244870529926,0.0,1.9603038464802491,ztop10,ztop10,1.9603038464802491
pucon,PGA,475,interface,declustering,0.5414244870529926,0.0,1.2407277809386885,dc_gruenthal,dc_gk74sym,1.2407277809386885
pucon,PGA,475,interface,no declustering (full catalog),0.5414244870529926,-6.8322906556091745,0.0,raw,raw,6.8322906556091745
pucon,PGA,475,interface,classification tolerance -5 / +5 km,0.5414244870529926,0.0,0.5973349551344098,cls_m5,cls_p5,0.5973349551344098
pucon,PGA,475,interface,default-depth events to interface,0.5414244870529926,-0.1252851904175789,0.0,cls_fix,cls_fix,0.1252851904175789
pucon,PGA,475,interface,"completeness table, ends of the ensemble",0.5414244870529926,-2.1470791684080615,1.046361117296235,mc_lo,mc_hi,3.1934402857042965
pucon,PGA,475,interface,keep 1962 / 1998 events,0.5414244870529926,0.0,0.4169343511863044,keep6298,keep6298,0.4169343511863044
pucon,PGA,475,interface,b: fit floor 5.4 / 6.0,0.5414244870529926,-3.3311964516944292,2.2792642763671545,fit54,fit60,5.610460728061584
pucon,PGA,475,interface,MMIN_HAZ 6.5,0.5414244870529926,0.0,0.048494965712309046,mmin65,mmin65,0.048494965712309046
pucon,PGA,475,interface,geometry: segmented,0.5414244870529926,-5.985309699902763,0.0,seg,seg,5.985309699902763
pucon,PGA,475,interface,rate: geodetic (mid),0.5414244870529926,0.0,1.0004814361607606,geo,geo,1.0004814361607606
pucon,PGA,475,interface,MFD: tapered,0.5414244870529926,0.0,1.3712226402736283,tapered,tapered,1.3712226402736283
pucon,PGA,475,interface,full 16-branch tree,0.5414244870529926,-1.55621693415825,0.0,tree,tree,1.55621693415825
pucon,PGA,475,interface,rupture scaling: Allen & Hayes,0.5414244870529926,-1.3963706775425022,0.0,msr_ah,msr_ah,1.3963706775425022
pucon,PGA,475,interface,rupture aspect ratio 1.5 / 2 / 3,0.5414244870529926,0.0,0.8801455292438254,asp20,asp30,0.8801455292438254
pucon,PGA,475,interface,GMM (single vs tree),0.5414244870529926,-4.587473200765646,2.784322662649763,gmm_ag,gmm_pk,7.371795863415409
pucon,PGA,475,intraslab,class domain cut at 50 km,0.5414244870529926,-3.5411606146152685,0.0,classmask,classmask,3.5411606146152685
pucon,PGA,475,intraslab,declustering,0.5414244870529926,0.0,2.335317235634138,dc_gk74sym,dc_gruenthal,2.335317235634138
pucon,PGA,475,intraslab,no declustering (full catalog),0.5414244870529926,-3.774430946824625,0.0,raw,raw,3.774430946824625
pucon,PGA,475,intraslab,classification tolerance -5 / +5 km,0.5414244870529926,0.0,1.1183556020714525,cls_p5,cls_m5,1.1183556020714525
pucon,PGA,475,intraslab,default-depth events to interface,0.5414244870529926,-0.03410441611724213,0.0,cls_fix,cls_fix,0.03410441611724213
pucon,PGA,475,intraslab,"completeness table, ends of the ensemble",0.5414244870529926,-2.6809099459416563,2.3699550955999404,mc_lo,mc_hi,5.050865041541597
pucon,PGA,475,intraslab,slab_deep b: floor 5.7 / 6.0,0.5414244870529926,-0.8344102659596175,1.0462405579304779,sd_fit57,sd_fit60,1.8806508238900954
pucon,PGA,475,intraslab,intra_slab b: floor 5.5 / 5.8,0.5414244870529926,-0.27584002231532123,0.2731459861934127,is_fit55,is_fit58,0.5489860085087339
pucon,PGA,475,intraslab,Mmax pad 0 / 0.4,0.5414244870529926,-1.339194911345154,1.1582918787898855,pad0,pad04,2.4974867901350395
pucon,PGA,475,intraslab,"depths by slab-top regime, not thickness fraction",0.5414244870529926,-1.0490824061574533,0.0,regime,regime,1.0490824061574533
pucon,PGA,475,intraslab,"previous geometry: top + 7.5 km, depth-rule band",0.5414244870529926,0.0,1.1758966383487612,band_rule,band_rule,1.1758966383487612
pucon,PGA,475,intraslab,smoothing neighbours 10 / 50,0.5414244870529926,-0.8155588765065613,1.6605848634149822,nn10,nn50,2.4761437399215436
pucon,PGA,475,intraslab,pattern from all complete events / + calibrated kernel,0.5414244870529926,-3.0086643695090953,0.0,smooth_cv,smooth_all,3.0086643695090953
pucon,PGA,475,intraslab,kernel gaussian / cut-off 200 km,0.5414244870529926,-2.201240894320955,0.0,dmax200,gauss,2.201240894320955
pucon,PGA,475,intraslab,rupture scaling: Allen & Hayes,0.5414244870529926,-0.8791582570221279,0.0,msr_ah,msr_ah,0.8791582570221279
pucon,PGA,475,intraslab,rupture aspect ratio 2,0.5414244870529926,0.0,0.16233973425883175,asp20,asp20,0.16233973425883175
pucon,PGA,475,intraslab,rupture dip 45 / 90,0.5414244870529926,-0.5204070616146472,0.908623446520207,dip45,dip90,1.4290305081348542
pucon,PGA,475,intraslab,sources from M5.5,0.5414244870529926,-3.152528016414635e-07,0.0,mmin55,mmin55,3.152528016414635e-07
pucon,PGA,475,intraslab,GMM (single vs tree),0.5414244870529926,-8.061593479359175,7.443833912393805,gmm_mv,gmm_pk,15.50542739175298
pucon,PGA,475,crustal,faults vs no faults,0.5414244870529926,-12.066829960821646,0.0,nofaults,nofaults,12.066829960821646
pucon,PGA,475,crustal,buffer margin 0 / 20 km,0.5414244870529926,-0.11920840135188904,1.4870589722802752,margin20,margin0,1.6062673736321642
pucon,PGA,475,crustal,cap and fault Mmin 6.5,0.5414244870529926,-3.5534548487749174,0.0,cap65,cap65,3.5534548487749174
pucon,PGA,475,crustal,declustering,0.5414244870529926,0.0,0.020232671216602327,dc_gruenthal,dc_gruenthal,0.020232671216602327
pucon,PGA,475,crustal,no declustering (full catalog),0.5414244870529926,0.0,0.24847181883898006,raw,raw,0.24847181883898006
pucon,PGA,475,crustal,classification tolerance -5 / +5 km,0.5414244870529926,-0.08353685134394606,0.0,cls_p5,cls_m5,0.08353685134394606
pucon,PGA,475,crustal,default-depth events to interface,0.5414244870529926,0.0,0.010199783628728198,cls_fix,cls_fix,0.010199783628728198
pucon,PGA,475,crustal,background Mmax 7.5,0.5414244870529926,0.0,0.06537356157281238,mmax75,mmax75,0.06537356157281238
pucon,PGA,475,crustal,GMM (single vs tree),0.5414244870529926,-4.881680568515401,5.974248597590814,gmm_cy,gmm_cb,10.855929166106215
pucon,PGA,475,all,truncation 2.5 / 4.0,0.5414244870529926,-3.6748084779005152,2.000260635074791,tr25,tr40,5.675069112975306
pucon,PGA,475,all,truncation 2.0,0.5414244870529926,-10.90087481559351,0.0,tr20,tr20,10.90087481559351
pucon,PGA,475,all,"numerics: mesh 5 km, point-source distance 100 km",0.5414244870529926,0.0,0.8813901286997439,num,num,0.8813901286997439
pucon,PGA,475,all,"no declustering, all families",0.5414244870529926,-10.782512539278954,0.0,raw,raw,10.782512539278954
pucon,PGA,475,all,"classification tolerance -5 / +5 km, all families",0.5414244870529926,0.0,1.2097661048055874,cls_p5,cls_m5,1.2097661048055874
pucon,PGA,475,all,"default-depth events to interface, all families",0.5414244870529926,-0.14929703926815918,0.0,cls_fix,cls_fix,0.14929703926815918
pucon,PGA,2475,interface,Z_BOTTOM 40 / 60 km,0.9657210221198079,-4.523582661979497,4.420682775261131,zbot40,zbot60,8.944265437240627
pucon,PGA,2475,interface,Z_TOP 10 km,0.9657210221198079,0.0,2.4354520139780123,ztop10,ztop10,2.4354520139780123
pucon,PGA,2475,interface,declustering,0.9657210221198079,0.0,1.2930940844391392,dc_gruenthal,dc_gk74sym,1.2930940844391392
pucon,PGA,2475,interface,no declustering (full catalog),0.9657210221198079,-7.065041585368936,0.0,raw,raw,7.065041585368936
pucon,PGA,2475,interface,classification tolerance -5 / +5 km,0.9657210221198079,0.0,0.5455602911174529,cls_m5,cls_p5,0.5455602911174529
pucon,PGA,2475,interface,default-depth events to interface,0.9657210221198079,-0.13880295555471767,0.0,cls_fix,cls_fix,0.13880295555471767
pucon,PGA,2475,interface,"completeness table, ends of the ensemble",0.9657210221198079,-2.0918080533790517,1.0490568091352293,mc_lo,mc_hi,3.140864862514281
pucon,PGA,2475,interface,keep 1962 / 1998 events,0.9657210221198079,0.0,0.4082865920856493,keep6298,keep6298,0.4082865920856493
pucon,PGA,2475,interface,b: fit floor 5.4 / 6.0,0.9657210221198079,-3.3752123512931442,2.2988087648692312,fit54,fit60,5.6740211161623755
pucon,PGA,2475,interface,MMIN_HAZ 6.5,0.9657210221198079,0.0,0.045815187699438376,mmin65,mmin65,0.045815187699438376
pucon,PGA,2475,interface,geometry: segmented,0.9657210221198079,-6.024428330140374,0.0,seg,seg,6.024428330140374
pucon,PGA,2475,interface,rate: geodetic (mid),0.9657210221198079,0.0,0.9423583011833658,geo,geo,0.9423583011833658
pucon,PGA,2475,interface,MFD: tapered,0.9657210221198079,0.0,1.479126437457734,tapered,tapered,1.479126437457734
pucon,PGA,2475,interface,full 16-branch tree,0.9657210221198079,-1.5714145173372551,0.0,tree,tree,1.5714145173372551
pucon,PGA,2475,interface,rupture scaling: Allen & Hayes,0.9657210221198079,-2.0580389727642645,0.0,msr_ah,msr_ah,2.0580389727642645
pucon,PGA,2475,interface,rupture aspect ratio 1.5 / 2 / 3,0.9657210221198079,0.0,0.6344272901421366,asp20,asp30,0.6344272901421366
pucon,PGA,2475,interface,GMM (single vs tree),0.9657210221198079,-5.960843571144037,3.9775046782926315,gmm_ag,gmm_pk,9.938348249436668
pucon,PGA,2475,intraslab,class domain cut at 50 km,0.9657210221198079,-3.8627985385486396,0.0,classmask,classmask,3.8627985385486396
pucon,PGA,2475,intraslab,declustering,0.9657210221198079,0.0,2.777785868873117,dc_gk74sym,dc_gruenthal,2.777785868873117
pucon,PGA,2475,intraslab,no declustering (full catalog),0.9657210221198079,-4.581368584964585,0.0,raw,raw,4.581368584964585
pucon,PGA,2475,intraslab,classification tolerance -5 / +5 km,0.9657210221198079,0.0,1.199435019447348,cls_p5,cls_m5,1.199435019447348
pucon,PGA,2475,intraslab,default-depth events to interface,0.9657210221198079,0.0,0.007902122126601796,cls_fix,cls_fix,0.007902122126601796
pucon,PGA,2475,intraslab,"completeness table, ends of the ensemble",0.9657210221198079,-3.1191539142384372,2.861094718588486,mc_lo,mc_hi,5.980248632826923
pucon,PGA,2475,intraslab,slab_deep b: floor 5.7 / 6.0,0.9657210221198079,-1.1207159476670392,1.484814870090756,sd_fit57,sd_fit60,2.605530817757795
pucon,PGA,2475,intraslab,intra_slab b: floor 5.5 / 5.8,0.9657210221198079,-0.5168065316516146,0.5111418886802888,is_fit55,is_fit58,1.0279484203319034
pucon,PGA,2475,intraslab,Mmax pad 0 / 0.4,0.9657210221198079,-2.1364475650749393,1.9654410624265761,pad0,pad04,4.101888627501515
pucon,PGA,2475,intraslab,"depths by slab-top regime, not thickness fraction",0.9657210221198079,-1.4393255588749487,0.0,regime,regime,1.4393255588749487
pucon,PGA,2475,intraslab,"previous geometry: top + 7.5 km, depth-rule band",0.9657210221198079,0.0,0.8855052473889957,band_rule,band_rule,0.8855052473889957
pucon,PGA,2475,intraslab,smoothing neighbours 10 / 50,0.9657210221198079,-0.7100700716129005,1.760240396669599,nn10,nn50,2.4703104682824994
pucon,PGA,2475,intraslab,pattern from all complete events / + calibrated kernel,0.9657210221198079,-3.1388247749831955,0.0,smooth_cv,smooth_all,3.1388247749831955
pucon,PGA,2475,intraslab,kernel gaussian / cut-off 200 km,0.9657210221198079,-2.49266132095739,0.0,dmax200,gauss,2.49266132095739
pucon,PGA,2475,intraslab,rupture scaling: Allen & Hayes,0.9657210221198079,-1.3800833360870235,0.0,msr_ah,msr_ah,1.3800833360870235
pucon,PGA,2475,intraslab,rupture aspect ratio 2,0.9657210221198079,0.0,0.10964016222123618,asp20,asp20,0.10964016222123618
pucon,PGA,2475,intraslab,rupture dip 45 / 90,0.9657210221198079,-0.9697268236615875,1.3211857597325904,dip45,dip90,2.290912583394178
pucon,PGA,2475,intraslab,sources from M5.5,0.9657210221198079,0.0,6.544695230203956e-07,mmin55,mmin55,6.544695230203956e-07
pucon,PGA,2475,intraslab,GMM (single vs tree),0.9657210221198079,-11.36526098129731,9.250803240956863,gmm_mv,gmm_pk,20.616064222254174
pucon,PGA,2475,crustal,faults vs no faults,0.9657210221198079,-5.486609681705401,0.0,nofaults,nofaults,5.486609681705401
pucon,PGA,2475,crustal,buffer margin 0 / 20 km,0.9657210221198079,-0.05793973257488538,1.0625077084703394,margin20,margin0,1.1204474410452248
pucon,PGA,2475,crustal,cap and fault Mmin 6.5,0.9657210221198079,-1.0555083470966675,0.0,cap65,cap65,1.0555083470966675
pucon,PGA,2475,crustal,declustering,0.9657210221198079,0.0,0.011493535097040208,dc_gruenthal,dc_gruenthal,0.011493535097040208
pucon,PGA,2475,crustal,no declustering (full catalog),0.9657210221198079,0.0,0.05715584813148489,raw,raw,0.05715584813148489
pucon,PGA,2475,crustal,classification tolerance -5 / +5 km,0.9657210221198079,-0.02428477066631629,0.0,cls_p5,cls_m5,0.02428477066631629
pucon,PGA,2475,crustal,default-depth events to interface,0.9657210221198079,0.0,0.00651830295670397,cls_fix,cls_fix,0.00651830295670397
pucon,PGA,2475,crustal,background Mmax 7.5,0.9657210221198079,0.0,0.05798632658706726,mmax75,mmax75,0.05798632658706726
pucon,PGA,2475,crustal,GMM (single vs tree),0.9657210221198079,-3.62814071251204,3.850207053576593,gmm_cy,gmm_cb,7.478347766088634
pucon,PGA,2475,all,truncation 2.5 / 4.0,0.9657210221198079,-6.791593896828385,3.8473359196185886,tr25,tr40,10.638929816446973
pucon,PGA,2475,all,truncation 2.0,0.9657210221198079,-17.860566329068874,0.0,tr20,tr20,17.860566329068874
pucon,PGA,2475,all,"numerics: mesh 5 km, point-source distance 100 km",0.9657210221198079,0.0,0.6765983862390135,num,num,0.6765983862390135
pucon,PGA,2475,all,"no declustering, all families",0.9657210221198079,-11.940855221039904,0.0,raw,raw,11.940855221039904
pucon,PGA,2475,all,"classification tolerance -5 / +5 km, all families",0.9657210221198079,0.0,1.3713940925641488,cls_p5,cls_m5,1.3713940925641488
pucon,PGA,2475,all,"default-depth events to interface, all families",0.9657210221198079,-0.12442673692550921,0.0,cls_fix,cls_fix,0.12442673692550921
puerto_montt,PGA,475,interface,Z_BOTTOM 40 / 60 km,0.6270522184333698,-5.499924384602584,0.0,zbot40,zbot60,5.499924384602584
puerto_montt,PGA,475,interface,Z_TOP 10 km,0.6270522184333698,0.0,4.442831317687657,ztop10,ztop10,4.442831317687657
puerto_montt,PGA,475,interface,declustering,0.6270522184333698,0.0,3.0412698742924293,dc_gruenthal,dc_gk74sym,3.0412698742924293
puerto_montt,PGA,475,interface,no declustering (full catalog),0.6270522184333698,-16.58182150369595,0.0,raw,raw,16.58182150369595
puerto_montt,PGA,475,interface,classification tolerance -5 / +5 km,0.6270522184333698,-0.31632628738041957,2.082141722129971,cls_m5,cls_p5,2.3984680095103905
puerto_montt,PGA,475,interface,default-depth events to interface,0.6270522184333698,-0.2553197577327526,0.0,cls_fix,cls_fix,0.2553197577327526
puerto_montt,PGA,475,interface,"completeness table, ends of the ensemble",0.6270522184333698,-6.709069427868508,2.8753038755311655,mc_lo,mc_hi,9.584373303399673
puerto_montt,PGA,475,interface,keep 1962 / 1998 events,0.6270522184333698,0.0,1.2509131294850873,keep6298,keep6298,1.2509131294850873
puerto_montt,PGA,475,interface,b: fit floor 5.4 / 6.0,0.6270522184333698,-9.454443975782779,5.893807771539228,fit54,fit60,15.348251747322006
puerto_montt,PGA,475,interface,MMIN_HAZ 6.5,0.6270522184333698,0.0,0.1465293487137309,mmin65,mmin65,0.1465293487137309
puerto_montt,PGA,475,interface,geometry: segmented,0.6270522184333698,-8.116516739223512,0.0,seg,seg,8.116516739223512
puerto_montt,PGA,475,interface,rate: geodetic (mid),0.6270522184333698,0.0,3.1681901208345797,geo,geo,3.1681901208345797
puerto_montt,PGA,475,interface,MFD: tapered,0.6270522184333698,0.0,3.111544588493631,tapered,tapered,3.111544588493631
puerto_montt,PGA,475,interface,full 16-branch tree,0.6270522184333698,0.0,1.3396984903643494,tree,tree,1.3396984903643494
puerto_montt,PGA,475,interface,rupture scaling: Allen & Hayes,0.6270522184333698,-2.4591746622621535,0.0,msr_ah,msr_ah,2.4591746622621535
puerto_montt,PGA,475,interface,rupture aspect ratio 1.5 / 2 / 3,0.6270522184333698,0.0,4.422213461978175,asp15,asp30,4.422213461978175
puerto_montt,PGA,475,interface,GMM (single vs tree),0.6270522184333698,-8.689971845713096,11.089037604827134,gmm_ag,gmm_ku,19.77900945054023
puerto_montt,PGA,475,intraslab,class domain cut at 50 km,0.6270522184333698,-2.712317800659758,0.0,classmask,classmask,2.712317800659758
puerto_montt,PGA,475,intraslab,declustering,0.6270522184333698,0.0,2.203555491094744,dc_gk74sym,dc_gruenthal,2.203555491094744
puerto_montt,PGA,475,intraslab,no declustering (full catalog),0.6270522184333698,-3.486940417846407,0.0,raw,raw,3.486940417846407
puerto_montt,PGA,475,intraslab,classification tolerance -5 / +5 km,0.6270522184333698,-0.8015842743182899,9.135134604595851,cls_p5,cls_m5,9.936718878914142
puerto_montt,PGA,475,intraslab,default-depth events to interface,0.6270522184333698,-0.18760454839105156,0.0,cls_fix,cls_fix,0.18760454839105156
puerto_montt,PGA,475,intraslab,"completeness table, ends of the ensemble",0.6270522184333698,-1.503861929116812,1.9068310456621607,mc_lo,mc_hi,3.4106929747789727
puerto_montt,PGA,475,intraslab,slab_deep b: floor 5.7 / 6.0,0.6270522184333698,-0.44097300730715494,0.5520452681393229,sd_fit57,sd_fit60,0.9930182754464778
puerto_montt,PGA,475,intraslab,intra_slab b: floor 5.5 / 5.8,0.6270522184333698,-0.961920887918899,0.8306331401157774,is_fit55,is_fit58,1.7925540280346763
puerto_montt,PGA,475,intraslab,Mmax pad 0 / 0.4,0.6270522184333698,-0.8112856189632089,0.7138598882693081,pad0,pad04,1.525145507232517
puerto_montt,PGA,475,intraslab,"depths by slab-top regime, not thickness fraction",0.6270522184333698,-0.9765132204479166,0.0,regime,regime,0.9765132204479166
puerto_montt,PGA,475,intraslab,"previous geometry: top + 7.5 km, depth-rule band",0.6270522184333698,0.0,0.5543307545536447,band_rule,band_rule,0.5543307545536447
puerto_montt,PGA,475,intraslab,smoothing neighbours 10 / 50,0.6270522184333698,-1.7396486986497872,1.3974360679225306,nn10,nn50,3.137084766572318
puerto_montt,PGA,475,intraslab,pattern from all complete events / + calibrated kernel,0.6270522184333698,-3.0600833188772714,0.0,smooth_cv,smooth_all,3.0600833188772714
puerto_montt,PGA,475,intraslab,kernel gaussian / cut-off 200 km,0.6270522184333698,-1.2068023996286592,0.0,gauss,dmax200,1.2068023996286592
puerto_montt,PGA,475,intraslab,rupture scaling: Allen & Hayes,0.6270522184333698,-0.5948931183693329,0.0,msr_ah,msr_ah,0.5948931183693329
puerto_montt,PGA,475,intraslab,rupture aspect ratio 2,0.6270522184333698,0.0,0.0038932901033517098,asp20,asp20,0.0038932901033517098
puerto_montt,PGA,475,intraslab,rupture dip 45 / 90,0.6270522184333698,-0.3386847991105668,0.587474947580735,dip45,dip90,0.9261597466913019
puerto_montt,PGA,475,intraslab,sources from M5.5,0.6270522184333698,-0.0003390552135384972,0.0,mmin55,mmin55,0.0003390552135384972
puerto_montt,PGA,475,intraslab,GMM (single vs tree),0.6270522184333698,-3.7904560588046032,4.873980283146606,gmm_mv,gmm_pk,8.664436341951209
puerto_montt,PGA,475,crustal,faults vs no faults,0.6270522184333698,0.0,0.01640596115135562,nofaults,nofaults,0.01640596115135562
puerto_montt,PGA,475,crustal,buffer margin 0 / 20 km,0.6270522184333698,-0.17775071078423021,0.01989478901478492,margin20,margin0,0.19764549979901513
puerto_montt,PGA,475,crustal,cap and fault Mmin 6.5,0.6270522184333698,0.0,0.004649796321265498,cap65,cap65,0.004649796321265498
puerto_montt,PGA,475,crustal,declustering,0.6270522184333698,-0.007151080944245436,0.0,dc_gruenthal,dc_gruenthal,0.007151080944245436
puerto_montt,PGA,475,crustal,no declustering (full catalog),0.6270522184333698,0.0,0.08599200522230177,raw,raw,0.08599200522230177
puerto_montt,PGA,475,crustal,classification tolerance -5 / +5 km,0.6270522184333698,-0.09028371712366257,0.05704520556095716,cls_p5,cls_m5,0.14732892268461972
puerto_montt,PGA,475,crustal,default-depth events to interface,0.6270522184333698,-0.014390544687359341,0.0,cls_fix,cls_fix,0.014390544687359341
puerto_montt,PGA,475,crustal,background Mmax 7.5,0.6270522184333698,0.0,0.23502550940983635,mmax75,mmax75,0.23502550940983635
puerto_montt,PGA,475,crustal,GMM (single vs tree),0.6270522184333698,-0.8223186655527126,0.48665994645196164,gmm_cy,gmm_cb,1.3089786120046742
puerto_montt,PGA,475,all,truncation 2.5 / 4.0,0.6270522184333698,-3.205226163686703,1.7804509951820702,tr25,tr40,4.985677158868773
puerto_montt,PGA,475,all,truncation 2.0,0.6270522184333698,-9.110840930600473,0.0,tr20,tr20,9.110840930600473
puerto_montt,PGA,475,all,"numerics: mesh 5 km, point-source distance 100 km",0.6270522184333698,0.0,0.01685449971788877,num,num,0.01685449971788877
puerto_montt,PGA,475,all,"no declustering, all families",0.6270522184333698,-20.199359349487988,0.0,raw,raw,20.199359349487988
puerto_montt,PGA,475,all,"classification tolerance -5 / +5 km, all families",0.6270522184333698,0.0,8.960791137424629,cls_p5,cls_m5,8.960791137424629
puerto_montt,PGA,475,all,"default-depth events to interface, all families",0.6270522184333698,-0.4580314928010143,0.0,cls_fix,cls_fix,0.4580314928010143
puerto_montt,PGA,2475,interface,Z_BOTTOM 40 / 60 km,1.3078607515443958,-5.3689102745105295,0.0,zbot40,zbot60,5.3689102745105295
puerto_montt,PGA,2475,interface,Z_TOP 10 km,1.3078607515443958,0.0,5.2156151167204845,ztop10,ztop10,5.2156151167204845
puerto_montt,PGA,2475,interface,declustering,1.3078607515443958,0.0,2.6699019912407085,dc_gruenthal,dc_gk74sym,2.6699019912407085
puerto_montt,PGA,2475,interface,no declustering (full catalog),1.3078607515443958,-17.001999416176695,0.0,raw,raw,17.001999416176695
puerto_montt,PGA,2475,interface,classification tolerance -5 / +5 km,1.3078607515443958,0.0,1.4082556265289758,cls_m5,cls_p5,1.4082556265289758
puerto_montt,PGA,2475,interface,default-depth events to interface,1.3078607515443958,-0.2621245706736941,0.0,cls_fix,cls_fix,0.2621245706736941
puerto_montt,PGA,2475,interface,"completeness table, ends of the ensemble",1.3078607515443958,-5.097138966284898,2.316451408242348,mc_lo,mc_hi,7.413590374527246
puerto_montt,PGA,2475,interface,keep 1962 / 1998 events,1.3078607515443958,0.0,0.9456025974299509,keep6298,keep6298,0.9456025974299509
puerto_montt,PGA,2475,interface,b: fit floor 5.4 / 6.0,1.3078607515443958,-8.109249386261686,4.9440317635887965,fit54,fit60,13.053281149850482
puerto_montt,PGA,2475,interface,MMIN_HAZ 6.5,1.3078607515443958,0.0,0.11312443106934467,mmin65,mmin65,0.11312443106934467
puerto_montt,PGA,2475,interface,geometry: segmented,1.3078607515443958,-4.477025323845973,0.0,seg,seg,4.477025323845973
puerto_montt,PGA,2475,interface,rate: geodetic (mid),1.3078607515443958,0.0,2.302609039639658,geo,geo,2.302609039639658
puerto_montt,PGA,2475,interface,MFD: tapered,1.3078607515443958,0.0,2.8448652035446997,tapered,tapered,2.8448652035446997
puerto_montt,PGA,2475,interface,full 16-branch tree,1.3078607515443958,0.0,1.9758802172505696,tree,tree,1.9758802172505696
puerto_montt,PGA,2475,interface,rupture scaling: Allen & Hayes,1.3078607515443958,-2.725897989031556,0.0,msr_ah,msr_ah,2.725897989031556
puerto_montt,PGA,2475,interface,rupture aspect ratio 1.5 / 2 / 3,1.3078607515443958,0.0,3.36951714061986,asp15,asp30,3.36951714061986
puerto_montt,PGA,2475,interface,GMM (single vs tree),1.3078607515443958,-10.390063296568474,10.676713739168564,gmm_ag,gmm_ku,21.06677703573704
puerto_montt,PGA,2475,intraslab,class domain cut at 50 km,1.3078607515443958,-2.0573390053800322,0.0,classmask,classmask,2.0573390053800322
puerto_montt,PGA,2475,intraslab,declustering,1.3078607515443958,0.0,1.6409059628003764,dc_gk74sym,dc_gruenthal,1.6409059628003764
puerto_montt,PGA,2475,intraslab,no declustering (full catalog),1.3078607515443958,-2.5549918554983675,0.0,raw,raw,2.5549918554983675
puerto_montt,PGA,2475,intraslab,classification tolerance -5 / +5 km,1.3078607515443958,-0.6130486574985161,6.641104405128728,cls_p5,cls_m5,7.254153062627244
puerto_montt,PGA,2475,intraslab,default-depth events to interface,1.3078607515443958,-0.08041636557392096,0.0,cls_fix,cls_fix,0.08041636557392096
puerto_montt,PGA,2475,intraslab,"completeness table, ends of the ensemble",1.3078607515443958,-1.102747716266872,1.485210444059315,mc_lo,mc_hi,2.587958160326187
puerto_montt,PGA,2475,intraslab,slab_deep b: floor 5.7 / 6.0,1.3078607515443958,-0.3708310712471463,0.5056412441335034,sd_fit57,sd_fit60,0.8764723153806497
puerto_montt,PGA,2475,intraslab,intra_slab b: floor 5.5 / 5.8,1.3078607515443958,-0.7994733526826225,0.738914372853916,is_fit55,is_fit58,1.5383877255365386
puerto_montt,PGA,2475,intraslab,Mmax pad 0 / 0.4,1.3078607515443958,-0.9110448352046552,0.889624109936471,pad0,pad04,1.8006689451411262
puerto_montt,PGA,2475,intraslab,"depths by slab-top regime, not thickness fraction",1.3078607515443958,-0.8083580238327226,0.0,regime,regime,0.8083580238327226
puerto_montt,PGA,2475,intraslab,"previous geometry: top + 7.5 km, depth-rule band",1.3078607515443958,-0.06520401503745665,0.0,band_rule,band_rule,0.06520401503745665
puerto_montt,PGA,2475,intraslab,smoothing neighbours 10 / 50,1.3078607515443958,-1.1924249218525418,0.958809326133303,nn10,nn50,2.151234247985845
puerto_montt,PGA,2475,intraslab,pattern from all complete events / + calibrated kernel,1.3078607515443958,-2.093424170565361,0.0,smooth_cv,smooth_all,2.093424170565361
puerto_montt,PGA,2475,intraslab,kernel gaussian / cut-off 200 km,1.3078607515443958,-0.8222040439360923,0.0,gauss,dmax200,0.8222040439360923
puerto_montt,PGA,2475,intraslab,rupture scaling: Allen & Hayes,1.3078607515443958,-0.646101265550092,0.0,msr_ah,msr_ah,0.646101265550092
puerto_montt,PGA,2475,intraslab,rupture aspect ratio 2,1.3078607515443958,-0.10412565399209317,0.0,asp20,asp20,0.10412565399209317
puerto_montt,PGA,2475,intraslab,rupture dip 45 / 90,1.3078607515443958,-0.43127391554499406,0.5259906798908975,dip45,dip90,0.9572645954358916
puerto_montt,PGA,2475,intraslab,sources from M5.5,1.3078607515443958,0.0,1.1122740284363886e-06,mmin55,mmin55,1.1122740284363886e-06
puerto_montt,PGA,2475,intraslab,GMM (single vs tree),1.3078607515443958,-4.4170337045848935,4.958937747497494,gmm_mv,gmm_pk,9.375971452082387
puerto_montt,PGA,2475,crustal,faults vs no faults,1.3078607515443958,0.0,0.0009906988070573775,nofaults,nofaults,0.0009906988070573775
puerto_montt,PGA,2475,crustal,buffer margin 0 / 20 km,1.3078607515443958,-0.0326060326096389,0.0009778377497715596,margin20,margin0,0.03358387035941046
puerto_montt,PGA,2475,crustal,cap and fault Mmin 6.5,1.3078607515443958,-3.6299629968539193e-09,0.0,cap65,cap65,3.6299629968539193e-09
puerto_montt,PGA,2475,crustal,declustering,1.3078607515443958,0.0,0.0052762110558157715,dc_gruenthal,dc_gruenthal,0.0052762110558157715
puerto_montt,PGA,2475,crustal,no declustering (full catalog),1.3078607515443958,-0.018769445606314772,0.0,raw,raw,0.018769445606314772
puerto_montt,PGA,2475,crustal,classification tolerance -5 / +5 km,1.3078607515443958,-0.012784551738365124,0.0021585852331362787,cls_p5,cls_m5,0.014943136971501403
puerto_montt,PGA,2475,crustal,default-depth events to interface,1.3078607515443958,0.0,0.0015962677511360823,cls_fix,cls_fix,0.0015962677511360823
puerto_montt,PGA,2475,crustal,background Mmax 7.5,1.3078607515443958,0.0,0.12037922676044754,mmax75,mmax75,0.12037922676044754
puerto_montt,PGA,2475,crustal,GMM (single vs tree),1.3078607515443958,-0.17992443245451462,0.12415250310677806,gmm_cy,gmm_cb,0.30407693556129267
puerto_montt,PGA,2475,all,truncation 2.5 / 4.0,1.3078607515443958,-4.560089841813264,2.440484089716377,tr25,tr40,7.000573931529641
puerto_montt,PGA,2475,all,truncation 2.0,1.3078607515443958,-14.067665210702607,0.0,tr20,tr20,14.067665210702607
puerto_montt,PGA,2475,all,"numerics: mesh 5 km, point-source distance 100 km",1.3078607515443958,0.0,0.2833021040601347,num,num,0.2833021040601347
puerto_montt,PGA,2475,all,"no declustering, all families",1.3078607515443958,-20.465131199163057,0.0,raw,raw,20.465131199163057
puerto_montt,PGA,2475,all,"classification tolerance -5 / +5 km, all families",1.3078607515443958,0.0,6.7632165292902835,cls_p5,cls_m5,6.7632165292902835
puerto_montt,PGA,2475,all,"default-depth events to interface, all families",1.3078607515443958,-0.34132189186216744,0.0,cls_fix,cls_fix,0.34132189186216744
puerto_aysen,PGA,475,interface,Z_BOTTOM 40 / 60 km,0.48045774866327584,-0.09796103138125511,0.2896286090916078,zbot60,zbot40,0.38758964047286293
puerto_aysen,PGA,475,interface,Z_TOP 10 km,0.48045774866327584,0.0,0.2905940770570936,ztop10,ztop10,0.2905940770570936
puerto_aysen,PGA,475,interface,declustering,0.48045774866327584,0.0,0.19658308619674436,dc_gruenthal,dc_gk74sym,0.19658308619674436
puerto_aysen,PGA,475,interface,no declustering (full catalog),0.48045774866327584,-1.046256860979955,0.0,raw,raw,1.046256860979955
puerto_aysen,PGA,475,interface,classification tolerance -5 / +5 km,0.48045774866327584,0.0,0.09727776892363149,cls_m5,cls_p5,0.09727776892363149
puerto_aysen,PGA,475,interface,default-depth events to interface,0.48045774866327584,-0.019552690791801997,0.0,cls_fix,cls_fix,0.019552690791801997
puerto_aysen,PGA,475,interface,"completeness table, ends of the ensemble",0.48045774866327584,-0.34256926192387516,0.16727253813866305,mc_lo,mc_hi,0.5098418000625382
puerto_aysen,PGA,475,interface,keep 1962 / 1998 events,0.48045774866327584,0.0,0.06690583687678497,keep6298,keep6298,0.06690583687678497
puerto_aysen,PGA,475,interface,b: fit floor 5.4 / 6.0,0.48045774866327584,-0.5267960518799963,0.3646425512924045,fit54,fit60,0.8914386031724009
puerto_aysen,PGA,475,interface,MMIN_HAZ 6.5,0.48045774866327584,0.0,0.00783032224014324,mmin65,mmin65,0.00783032224014324
puerto_aysen,PGA,475,interface,geometry: segmented,0.48045774866327584,0.0,1.5836999154797526,seg,seg,1.5836999154797526
puerto_aysen,PGA,475,interface,rate: geodetic (mid),0.48045774866327584,0.0,0.16213403796154768,geo,geo,0.16213403796154768
puerto_aysen,PGA,475,interface,MFD: tapered,0.48045774866327584,0.0,0.21122290495878548,tapered,tapered,0.21122290495878548
puerto_aysen,PGA,475,interface,full 16-branch tree,0.48045774866327584,0.0,1.3532593793173398,tree,tree,1.3532593793173398
puerto_aysen,PGA,475,interface,rupture scaling: Allen & Hayes,0.48045774866327584,-0.34687993286086627,0.0,msr_ah,msr_ah,0.34687993286086627
puerto_aysen,PGA,475,interface,rupture aspect ratio 1.5 / 2 / 3,0.48045774866327584,-0.09278846130039708,0.0,asp30,asp15,0.09278846130039708
puerto_aysen,PGA,475,interface,GMM (single vs tree),0.48045774866327584,-0.8189939775758215,0.8606702302600633,gmm_ag,gmm_pk,1.6796642078358848
puerto_aysen,PGA,475,intraslab,class domain cut at 50 km,0.48045774866327584,-0.027904087221741758,0.0,classmask,classmask,0.027904087221741758
puerto_aysen,PGA,475,intraslab,declustering,0.48045774866327584,0.0,0.05670831265442988,dc_gk74sym,dc_gruenthal,0.05670831265442988
puerto_aysen,PGA,475,intraslab,no declustering (full catalog),0.48045774866327584,-0.0778496190786182,0.0,raw,raw,0.0778496190786182
puerto_aysen,PGA,475,intraslab,classification tolerance -5 / +5 km,0.48045774866327584,-0.032241981511749174,1.5849133122760595,cls_p5,cls_m5,1.6171552937878086
puerto_aysen,PGA,475,intraslab,default-depth events to interface,0.48045774866327584,0.0,0.016102044313237585,cls_fix,cls_fix,0.016102044313237585
puerto_aysen,PGA,475,intraslab,"completeness table, ends of the ensemble",0.48045774866327584,-0.02110590969588433,0.027441250454018906,mc_lo,mc_hi,0.048547160149903235
puerto_aysen,PGA,475,intraslab,slab_deep b: floor 5.7 / 6.0,0.48045774866327584,-0.01162280966076068,0.01706907433218774,sd_fit57,sd_fit60,0.02869188399294842
puerto_aysen,PGA,475,intraslab,intra_slab b: floor 5.5 / 5.8,0.48045774866327584,-0.02799553229595464,0.026884980695562888,is_fit55,is_fit58,0.05488051299151753
puerto_aysen,PGA,475,intraslab,Mmax pad 0 / 0.4,0.48045774866327584,-0.033711785354961776,0.03910843246412998,pad0,pad04,0.07282021781909176
puerto_aysen,PGA,475,intraslab,"depths by slab-top regime, not thickness fraction",0.48045774866327584,-0.024990726217721804,0.0,regime,regime,0.024990726217721804
puerto_aysen,PGA,475,intraslab,"previous geometry: top + 7.5 km, depth-rule band",0.48045774866327584,-0.02936699888137495,0.0,band_rule,band_rule,0.02936699888137495
puerto_aysen,PGA,475,intraslab,smoothing neighbours 10 / 50,0.48045774866327584,-0.04194282263082494,0.051015704177448384,nn10,nn50,0.09295852680827332
puerto_aysen,PGA,475,intraslab,pattern from all complete events / + calibrated kernel,0.48045774866327584,-0.11892019837472789,0.0,smooth_cv,smooth_all,0.11892019837472789
puerto_aysen,PGA,475,intraslab,kernel gaussian / cut-off 200 km,0.48045774866327584,-0.09203767533725316,0.0,dmax200,gauss,0.09203767533725316
puerto_aysen,PGA,475,intraslab,rupture scaling: Allen & Hayes,0.48045774866327584,-0.02095791970151417,0.0,msr_ah,msr_ah,0.02095791970151417
puerto_aysen,PGA,475,intraslab,rupture aspect ratio 2,0.48045774866327584,0.0,0.0014029265637205413,asp20,asp20,0.0014029265637205413
puerto_aysen,PGA,475,intraslab,rupture dip 45 / 90,0.48045774866327584,-0.012182974945140757,0.03107671862769834,dip45,dip90,0.0432596935728391
puerto_aysen,PGA,475,intraslab,sources from M5.5,0.48045774866327584,0.0,1.5106071948878252e-08,mmin55,mmin55,1.5106071948878252e-08
puerto_aysen,PGA,475,intraslab,GMM (single vs tree),0.48045774866327584,-0.10085485495398006,0.0979804113792504,gmm_mv,gmm_pk,0.19883526633323045
puerto_aysen,PGA,475,crustal,faults vs no faults,0.48045774866327584,-53.53647745729149,0.0,nofaults,nofaults,53.53647745729149
puerto_aysen,PGA,475,crustal,buffer margin 0 / 20 km,0.48045774866327584,-0.28605904442037255,1.8009299842580928,margin20,margin0,2.0869890286784654
puerto_aysen,PGA,475,crustal,cap and fault Mmin 6.5,0.48045774866327584,-14.350160424674396,0.0,cap65,cap65,14.350160424674396
puerto_aysen,PGA,475,crustal,declustering,0.48045774866327584,-0.7897023803575598,0.0,dc_gruenthal,dc_gruenthal,0.7897023803575598
puerto_aysen,PGA,475,crustal,no declustering (full catalog),0.48045774866327584,0.0,8.87257046124532,raw,raw,8.87257046124532
puerto_aysen,PGA,475,crustal,classification tolerance -5 / +5 km,0.48045774866327584,-0.007473515863332114,0.004415374758948154,cls_p5,cls_m5,0.011888890622280268
puerto_aysen,PGA,475,crustal,default-depth events to interface,0.48045774866327584,0.0,0.013142671720833832,cls_fix,cls_fix,0.013142671720833832
puerto_aysen,PGA,475,crustal,background Mmax 7.5,0.48045774866327584,0.0,0.11679735133336422,mmax75,mmax75,0.11679735133336422
puerto_aysen,PGA,475,crustal,GMM (single vs tree),0.48045774866327584,-11.41668594309202,11.335346738123775,gmm_cy,gmm_cb,22.752032681215795
puerto_aysen,PGA,475,all,truncation 2.5 / 4.0,0.48045774866327584,-2.3232990144098853,1.085407362504931,tr25,tr40,3.4087063769148163
puerto_aysen,PGA,475,all,truncation 2.0,0.48045774866327584,-6.7611051534727125,0.0,tr20,tr20,6.7611051534727125
puerto_aysen,PGA,475,all,"numerics: mesh 5 km, point-source distance 100 km",0.48045774866327584,0.0,3.5497768564765497,num,num,3.5497768564765497
puerto_aysen,PGA,475,all,"no declustering, all families",0.48045774866327584,0.0,8.08577631094165,raw,raw,8.08577631094165
puerto_aysen,PGA,475,all,"classification tolerance -5 / +5 km, all families",0.48045774866327584,0.0,1.6027329893553155,cls_p5,cls_m5,1.6027329893553155
puerto_aysen,PGA,475,all,"default-depth events to interface, all families",0.48045774866327584,0.0,0.009697617479842435,cls_fix,cls_fix,0.009697617479842435
puerto_aysen,PGA,2475,interface,Z_BOTTOM 40 / 60 km,0.8679213705439908,-0.06218171592874411,0.21454303499439664,zbot60,zbot40,0.27672475092314075
puerto_aysen,PGA,2475,interface,Z_TOP 10 km,0.8679213705439908,0.0,0.21038193908227143,ztop10,ztop10,0.21038193908227143
puerto_aysen,PGA,2475,interface,declustering,0.8679213705439908,0.0,0.11512170061778182,dc_gruenthal,dc_gk74sym,0.11512170061778182
puerto_aysen,PGA,2475,interface,no declustering (full catalog),0.8679213705439908,-0.5924710082161555,0.0,raw,raw,0.5924710082161555
puerto_aysen,PGA,2475,interface,classification tolerance -5 / +5 km,0.8679213705439908,0.0,0.0473582186816035,cls_m5,cls_p5,0.0473582186816035
puerto_aysen,PGA,2475,interface,default-depth events to interface,0.8679213705439908,-0.012341083608535808,0.0,cls_fix,cls_fix,0.012341083608535808
puerto_aysen,PGA,2475,interface,"completeness table, ends of the ensemble",0.8679213705439908,-0.17965210862985748,0.09273219493546314,mc_lo,mc_hi,0.2723843035653206
puerto_aysen,PGA,2475,interface,keep 1962 / 1998 events,0.8679213705439908,0.0,0.03579199867611571,keep6298,keep6298,0.03579199867611571
puerto_aysen,PGA,2475,interface,b: fit floor 5.4 / 6.0,0.8679213705439908,-0.2890233433154643,0.20521929942745043,fit54,fit60,0.49424264274291474
puerto_aysen,PGA,2475,interface,MMIN_HAZ 6.5,0.8679213705439908,0.0,0.003981589930668328,mmin65,mmin65,0.003981589930668328
puerto_aysen,PGA,2475,interface,geometry: segmented,0.8679213705439908,0.0,1.286305621204109,seg,seg,1.286305621204109
puerto_aysen,PGA,2475,interface,rate: geodetic (mid),0.8679213705439908,0.0,0.0824710707090226,geo,geo,0.0824710707090226
puerto_aysen,PGA,2475,interface,MFD: tapered,0.8679213705439908,0.0,0.1310448852878121,tapered,tapered,0.1310448852878121
puerto_aysen,PGA,2475,interface,full 16-branch tree,0.8679213705439908,0.0,1.0138067706756626,tree,tree,1.0138067706756626
puerto_aysen,PGA,2475,interface,rupture scaling: Allen & Hayes,0.8679213705439908,-0.2497626508323636,0.0,msr_ah,msr_ah,0.2497626508323636
puerto_aysen,PGA,2475,interface,rupture aspect ratio 1.5 / 2 / 3,0.8679213705439908,-0.029127737540746157,0.0,asp30,asp15,0.029127737540746157
puerto_aysen,PGA,2475,interface,GMM (single vs tree),0.8679213705439908,-0.6152985987002313,0.655830417296821,gmm_ag,gmm_pk,1.2711290159970523
puerto_aysen,PGA,2475,intraslab,class domain cut at 50 km,0.8679213705439908,-0.01619882952867968,0.0,classmask,classmask,0.01619882952867968
puerto_aysen,PGA,2475,intraslab,declustering,0.8679213705439908,0.0,0.044623290432155294,dc_gk74sym,dc_gruenthal,0.044623290432155294
puerto_aysen,PGA,2475,intraslab,no declustering (full catalog),0.8679213705439908,-0.06047363897930813,0.0,raw,raw,0.06047363897930813
puerto_aysen,PGA,2475,intraslab,classification tolerance -5 / +5 km,0.8679213705439908,-0.02356088400414791,1.1461693630760328,cls_p5,cls_m5,1.1697302470801807
puerto_aysen,PGA,2475,intraslab,default-depth events to interface,0.8679213705439908,0.0,0.011923251254741807,cls_fix,cls_fix,0.011923251254741807
puerto_aysen,PGA,2475,intraslab,"completeness table, ends of the ensemble",0.8679213705439908,-0.016481429623160793,0.021442989408870794,mc_lo,mc_hi,0.03792441903203159
puerto_aysen,PGA,2475,intraslab,slab_deep b: floor 5.7 / 6.0,0.8679213705439908,-0.011157194775379686,0.017436595255326814,sd_fit57,sd_fit60,0.0285937900307065
puerto_aysen,PGA,2475,intraslab,intra_slab b: floor 5.5 / 5.8,0.8679213705439908,-0.0214613127297425,0.02152507544861404,is_fit55,is_fit58,0.04298638817835654
puerto_aysen,PGA,2475,intraslab,Mmax pad 0 / 0.4,0.8679213705439908,-0.040837303685048454,0.05740424953857293,pad0,pad04,0.09824155322362138
puerto_aysen,PGA,2475,intraslab,"depths by slab-top regime, not thickness fraction",0.8679213705439908,-0.03436030777062005,0.0,regime,regime,0.03436030777062005
puerto_aysen,PGA,2475,intraslab,"previous geometry: top + 7.5 km, depth-rule band",0.8679213705439908,-0.04210758193142761,0.0,band_rule,band_rule,0.04210758193142761
puerto_aysen,PGA,2475,intraslab,smoothing neighbours 10 / 50,0.8679213705439908,-0.030885154543258686,0.03647001942825856,nn10,nn50,0.06735517397151725
puerto_aysen,PGA,2475,intraslab,pattern from all complete events / + calibrated kernel,0.8679213705439908,-0.0880431766059564,0.0,smooth_cv,smooth_all,0.0880431766059564
puerto_aysen,PGA,2475,intraslab,kernel gaussian / cut-off 200 km,0.8679213705439908,-0.0685509839778331,0.0,dmax200,gauss,0.0685509839778331
puerto_aysen,PGA,2475,intraslab,rupture scaling: Allen & Hayes,0.8679213705439908,-0.02879502858090799,0.0,msr_ah,msr_ah,0.02879502858090799
puerto_aysen,PGA,2475,intraslab,rupture aspect ratio 2,0.8679213705439908,0.0,0.00041779617658832535,asp20,asp20,0.00041779617658832535
puerto_aysen,PGA,2475,intraslab,rupture dip 45 / 90,0.8679213705439908,-0.020741789562717106,0.035033593708777566,dip45,dip90,0.05577538327149467
puerto_aysen,PGA,2475,intraslab,sources from M5.5,0.8679213705439908,-2.0367707520563272e-08,0.0,mmin55,mmin55,2.0367707520563272e-08
puerto_aysen,PGA,2475,intraslab,GMM (single vs tree),0.8679213705439908,-0.10287243226787535,0.08754273108206867,gmm_mv,gmm_pk,0.19041516334994402
puerto_aysen,PGA,2475,crustal,faults vs no faults,0.8679213705439908,-49.731896381141084,0.0,nofaults,nofaults,49.731896381141084
puerto_aysen,PGA,2475,crustal,buffer margin 0 / 20 km,0.8679213705439908,-0.10277642670083464,1.1778555789191625,margin20,margin0,1.2806320056199971
puerto_aysen,PGA,2475,crustal,cap and fault Mmin 6.5,0.8679213705439908,-7.7012178818884,0.0,cap65,cap65,7.7012178818884
puerto_aysen,PGA,2475,crustal,declustering,0.8679213705439908,-0.22240465554601574,0.0,dc_gruenthal,dc_gruenthal,0.22240465554601574
puerto_aysen,PGA,2475,crustal,no declustering (full catalog),0.8679213705439908,0.0,2.6957941438736643,raw,raw,2.6957941438736643
puerto_aysen,PGA,2475,crustal,classification tolerance -5 / +5 km,0.8679213705439908,-0.0016814938388232115,0.0002181715614169022,cls_p5,cls_m5,0.0018996654002401137
puerto_aysen,PGA,2475,crustal,default-depth events to interface,0.8679213705439908,0.0,0.004253360347217239,cls_fix,cls_fix,0.004253360347217239
puerto_aysen,PGA,2475,crustal,background Mmax 7.5,0.8679213705439908,0.0,0.06855812474599876,mmax75,mmax75,0.06855812474599876
puerto_aysen,PGA,2475,crustal,GMM (single vs tree),0.8679213705439908,-13.280232971608042,10.007957853943882,gmm_cy,gmm_cb,23.288190825551922
puerto_aysen,PGA,2475,all,truncation 2.5 / 4.0,0.8679213705439908,-3.375932858279862,1.8443841565038532,tr25,tr40,5.220317014783715
puerto_aysen,PGA,2475,all,truncation 2.0,0.8679213705439908,-9.765069967222228,0.0,tr20,tr20,9.765069967222228
puerto_aysen,PGA,2475,all,"numerics: mesh 5 km, point-source distance 100 km",0.8679213705439908,0.0,4.241114504261123,num,num,4.241114504261123
puerto_aysen,PGA,2475,all,"no declustering, all families",0.8679213705439908,0.0,2.1138253979088972,raw,raw,2.1138253979088972
puerto_aysen,PGA,2475,all,"classification tolerance -5 / +5 km, all families",0.8679213705439908,0.0,1.1631828027087066,cls_p5,cls_m5,1.1631828027087066
puerto_aysen,PGA,2475,all,"default-depth events to interface, all families",0.8679213705439908,0.0,0.0038387874043532833,cls_fix,cls_fix,0.0038387874043532833
