site,imt,return_period,family,axis,row,iml_ref,iml,rel_pct
iquique,PGA,475,interface,Z_BOTTOM 40 / 60 km,zbot40,1.2013948297785708,1.2411740505782203,3.3110863983808914
iquique,PGA,475,interface,Z_BOTTOM 40 / 60 km,zbot60,1.2013948297785708,1.1864338603164006,-1.2452999706122903
iquique,PGA,475,interface,Z_TOP 10 km,ztop10,1.2013948297785708,1.2209871338845748,1.6307964393033947
iquique,PGA,475,interface,declustering,dc_gk74sym,1.2013948297785708,1.2145378932527033,1.0939836886558751
iquique,PGA,475,interface,declustering,dc_gruenthal,1.2013948297785708,1.2060049719322588,0.3837324782342888
iquique,PGA,475,interface,no declustering (full catalog),raw,1.2013948297785708,1.1299850624727859,-5.9439049957412005
iquique,PGA,475,interface,classification tolerance -5 / +5 km,cls_m5,1.2013948297785708,1.1994419681424784,-0.16254952890486507
iquique,PGA,475,interface,classification tolerance -5 / +5 km,cls_p5,1.2013948297785708,1.2108606240338522,0.7879003655297812
iquique,PGA,475,interface,default-depth events to interface,cls_fix,1.2013948297785708,1.2003821431414752,-0.08429257492994502
iquique,PGA,475,interface,"completeness table, ends of the ensemble",mc_lo,1.2013948297785708,1.1718598828190345,-2.458388052575511
iquique,PGA,475,interface,"completeness table, ends of the ensemble",mc_hi,1.2013948297785708,1.21415394006823,1.0620247376968317
iquique,PGA,475,interface,keep 1962 / 1998 events,keep6298,1.2013948297785708,1.2069022341092506,0.4584175155552206
iquique,PGA,475,interface,b: fit floor 5.4 / 6.0,fit54,1.2013948297785708,1.1603796749008268,-3.4139613273767355
iquique,PGA,475,interface,b: fit floor 5.4 / 6.0,fit60,1.2013948297785708,1.2283122528039778,2.2405143053901844
iquique,PGA,475,interface,MMIN_HAZ 6.5,mmin65,1.2013948297785708,1.2020824771964698,0.057237421108746744
iquique,PGA,475,interface,geometry: segmented,seg,1.2013948297785708,1.1253266841364054,-6.331652488981132
iquique,PGA,475,interface,rate: geodetic (mid),geo,1.2013948297785708,1.216041245094175,1.2191175584053138
iquique,PGA,475,interface,MFD: tapered,tapered,1.2013948297785708,1.214816778452271,1.117197139609294
iquique,PGA,475,interface,full 16-branch tree,tree,1.2013948297785708,1.2529981705431823,4.295285736673482
iquique,PGA,475,interface,rupture scaling: Allen & Hayes,msr_ah,1.2013948297785708,1.1940402738040001,-0.6121681059611528
iquique,PGA,475,interface,rupture aspect ratio 1.5 / 2 / 3,asp15,1.2013948297785708,1.2114212191625662,0.8345623882735742
iquique,PGA,475,interface,rupture aspect ratio 1.5 / 2 / 3,asp20,1.2013948297785708,1.225516636056674,2.007816721048239
iquique,PGA,475,interface,rupture aspect ratio 1.5 / 2 / 3,asp30,1.2013948297785708,1.2478178887562268,3.864096783753612
iquique,PGA,475,interface,GMM (single vs tree),gmm_ag,1.2013948297785708,1.1499670704183549,-4.28067094060115
iquique,PGA,475,interface,GMM (single vs tree),gmm_pk,1.2013948297785708,1.156998850000886,-3.6953696384615986
iquique,PGA,475,interface,GMM (single vs tree),gmm_ku,1.2013948297785708,1.2929880278533048,7.623904798359704
iquique,PGA,475,intraslab,class domain cut at 50 km,classmask,1.2013948297785708,1.1831150883731352,-1.5215432056424616
iquique,PGA,475,intraslab,declustering,dc_gk74sym,1.2013948297785708,1.224799580769947,1.948131489436311
iquique,PGA,475,intraslab,declustering,dc_gruenthal,1.2013948297785708,1.2308418923434896,2.451072855902514
iquique,PGA,475,intraslab,no declustering (full catalog),raw,1.2013948297785708,1.1986841550963143,-0.22562729712729546
iquique,PGA,475,intraslab,classification tolerance -5 / +5 km,cls_m5,1.2013948297785708,1.2385148986670462,3.0897476806452495
iquique,PGA,475,intraslab,classification tolerance -5 / +5 km,cls_p5,1.2013948297785708,1.1555114088687968,-3.8191791551350995
iquique,PGA,475,intraslab,default-depth events to interface,cls_fix,1.2013948297785708,1.2093560075210554,0.6626612288611167
iquique,PGA,475,intraslab,"completeness table, ends of the ensemble",mc_lo,1.2013948297785708,1.1783336525969654,-1.9195335796355795
iquique,PGA,475,intraslab,"completeness table, ends of the ensemble",mc_hi,1.2013948297785708,1.207705511304417,0.525279564172032
iquique,PGA,475,intraslab,slab_deep b: floor 5.7 / 6.0,sd_fit57,1.2013948297785708,1.1859220759049847,-1.287899156053296
iquique,PGA,475,intraslab,slab_deep b: floor 5.7 / 6.0,sd_fit60,1.2013948297785708,1.220378782066255,1.5801593129199043
iquique,PGA,475,intraslab,intra_slab b: floor 5.5 / 5.8,is_fit55,1.2013948297785708,1.1732855037620016,-2.339724237181051
iquique,PGA,475,intraslab,intra_slab b: floor 5.5 / 5.8,is_fit58,1.2013948297785708,1.2264948545079601,2.0892402819825184
iquique,PGA,475,intraslab,Mmax pad 0 / 0.4,pad0,1.2013948297785708,1.1661923332305622,-2.9301355121111095
iquique,PGA,475,intraslab,Mmax pad 0 / 0.4,pad04,1.2013948297785708,1.230873546359993,2.4537076280622294
iquique,PGA,475,intraslab,"depths by slab-top regime, not thickness fraction",regime,1.2013948297785708,1.2111726186072618,0.8138697276142803
iquique,PGA,475,intraslab,"previous geometry: top + 7.5 km, depth-rule band",band_rule,1.2013948297785708,1.2568118606124015,4.612724265181378
iquique,PGA,475,intraslab,smoothing neighbours 10 / 50,nn10,1.2013948297785708,1.191101588129357,-0.8567742588929783
iquique,PGA,475,intraslab,smoothing neighbours 10 / 50,nn50,1.2013948297785708,1.2101129839640485,0.7256693610945941
iquique,PGA,475,intraslab,pattern from all complete events / + calibrated kernel,smooth_all,1.2013948297785708,1.201394831647173,1.5553605070550702e-07
iquique,PGA,475,intraslab,pattern from all complete events / + calibrated kernel,smooth_cv,1.2013948297785708,1.1745488513281073,-2.2345675031256396
iquique,PGA,475,intraslab,kernel gaussian / cut-off 200 km,gauss,1.2013948297785708,1.1770212389967816,-2.0287744026900367
iquique,PGA,475,intraslab,kernel gaussian / cut-off 200 km,dmax200,1.2013948297785708,1.1932803309042892,-0.6754231559143009
iquique,PGA,475,intraslab,rupture scaling: Allen & Hayes,msr_ah,1.2013948297785708,1.1700517096984155,-2.6088942039089735
iquique,PGA,475,intraslab,rupture aspect ratio 2,asp20,1.2013948297785708,1.195238377591663,-0.5124420410600905
iquique,PGA,475,intraslab,rupture dip 45 / 90,dip45,1.2013948297785708,1.1802648984653856,-1.7587832733623188
iquique,PGA,475,intraslab,rupture dip 45 / 90,dip90,1.2013948297785708,1.2238550954251222,1.8695157570048027
iquique,PGA,475,intraslab,sources from M5.5,mmin55,1.2013948297785708,1.2013948454698797,1.3060909243023389e-06
iquique,PGA,475,intraslab,GMM (single vs tree),gmm_ag,1.2013948297785708,1.1466064340664857,-4.560398825936618
iquique,PGA,475,intraslab,GMM (single vs tree),gmm_pk,1.2013948297785708,1.4404282798013555,19.896327510152577
iquique,PGA,475,intraslab,GMM (single vs tree),gmm_mv,1.2013948297785708,0.98819560264187,-17.74597508264586
iquique,PGA,475,crustal,faults vs no faults,nofaults,1.2013948297785708,1.196079885558863,-0.44239779362854614
iquique,PGA,475,crustal,buffer margin 0 / 20 km,margin0,1.2013948297785708,1.2025796755593376,0.09862251371477448
iquique,PGA,475,crustal,buffer margin 0 / 20 km,margin20,1.2013948297785708,1.2011469908850747,-0.020629262533267134
iquique,PGA,475,crustal,cap and fault Mmin 6.5,cap65,1.2013948297785708,1.2005623596651034,-0.06929196737269772
iquique,PGA,475,crustal,declustering,dc_gruenthal,1.2013948297785708,1.2014020958743814,0.0006048049842055647
iquique,PGA,475,crustal,no declustering (full catalog),raw,1.2013948297785708,1.2014975636475975,0.008551216176422294
iquique,PGA,475,crustal,classification tolerance -5 / +5 km,cls_m5,1.2013948297785708,1.2014199408286266,0.0020901579924625935
iquique,PGA,475,crustal,classification tolerance -5 / +5 km,cls_p5,1.2013948297785708,1.2013641100404364,-0.0025570060210866608
iquique,PGA,475,crustal,default-depth events to interface,cls_fix,1.2013948297785708,1.2013677570699877,-0.002253439744548391
iquique,PGA,475,crustal,background Mmax 7.5,mmax75,1.2013948297785708,1.201698662191428,0.025289971733366556
iquique,PGA,475,crustal,GMM (single vs tree),gmm_ask,1.2013948297785708,1.2010024630094258,-0.03265926899462812
iquique,PGA,475,crustal,GMM (single vs tree),gmm_bssa,1.2013948297785708,1.2005588797122222,-0.06958162675818613
iquique,PGA,475,crustal,GMM (single vs tree),gmm_cb,1.2013948297785708,1.2042886321909232,0.24087022356220622
iquique,PGA,475,crustal,GMM (single vs tree),gmm_cy,1.2013948297785708,1.199717665237473,-0.13960144488111004
iquique,PGA,475,all,truncation 2.5 / 4.0,tr25,1.2013948297785708,1.1413229564670455,-5.0001774456276955
iquique,PGA,475,all,truncation 2.5 / 4.0,tr40,1.2013948297785708,1.2387669988406282,3.1107316375704297
iquique,PGA,475,all,truncation 2.0,tr20,1.2013948297785708,1.0412329768503636,-13.331325302750518
iquique,PGA,475,all,"numerics: mesh 5 km, point-source distance 100 km",num,1.2013948297785708,1.2082366397161886,0.5694888780966911
iquique,PGA,475,all,"no declustering, all families",raw,1.2013948297785708,1.1302891850011536,-5.918590875784169
iquique,PGA,475,all,"classification tolerance -5 / +5 km, all families",cls_m5,1.2013948297785708,1.2367556594057931,2.943314616539472
iquique,PGA,475,all,"classification tolerance -5 / +5 km, all families",cls_p5,1.2013948297785708,1.165373728744872,-2.9982733520118376
iquique,PGA,475,all,"default-depth events to interface, all families",cls_fix,1.2013948297785708,1.2083166502960307,0.5761486853356645
iquique,PGA,2475,interface,Z_BOTTOM 40 / 60 km,zbot40,2.2677983639172306,2.358448541563407,3.9972767900579242
iquique,PGA,2475,interface,Z_BOTTOM 40 / 60 km,zbot60,2.2677983639172306,2.227243049245436,-1.788312193758812
iquique,PGA,2475,interface,Z_TOP 10 km,ztop10,2.2677983639172306,2.3021198670646754,1.513428340611389
iquique,PGA,2475,interface,declustering,dc_gk74sym,2.2677983639172306,2.291473258204549,1.043959404151984
iquique,PGA,2475,interface,declustering,dc_gruenthal,2.2677983639172306,2.2771992840777755,0.41453950713266075
iquique,PGA,2475,interface,no declustering (full catalog),raw,2.2677983639172306,2.1331575242203993,-5.937072794437615
iquique,PGA,2475,interface,classification tolerance -5 / +5 km,cls_m5,2.2677983639172306,2.267937070120831,0.006116337581296705
iquique,PGA,2475,interface,classification tolerance -5 / +5 km,cls_p5,2.2677983639172306,2.281098560122738,0.5864805450575217
iquique,PGA,2475,interface,default-depth events to interface,cls_fix,2.2677983639172306,2.2655755278434366,-0.0980173594425926
iquique,PGA,2475,interface,"completeness table, ends of the ensemble",mc_lo,2.2677983639172306,2.222094914566812,-2.0153224412541637
iquique,PGA,2475,interface,"completeness table, ends of the ensemble",mc_hi,2.2677983639172306,2.288790794022911,0.9256744532357697
iquique,PGA,2475,interface,keep 1962 / 1998 events,keep6298,2.2677983639172306,2.2764386967651395,0.3810009295969419
iquique,PGA,2475,interface,b: fit floor 5.4 / 6.0,fit54,2.2677983639172306,2.199287143023923,-3.0210455207740017
iquique,PGA,2475,interface,b: fit floor 5.4 / 6.0,fit60,2.2677983639172306,2.3127490608385965,1.9821293478544222
iquique,PGA,2475,interface,MMIN_HAZ 6.5,mmin65,2.2677983639172306,2.2688463957300278,0.046213624168367495
iquique,PGA,2475,interface,geometry: segmented,seg,2.2677983639172306,2.1196167156351904,-6.534163294221706
iquique,PGA,2475,interface,rate: geodetic (mid),geo,2.2677983639172306,2.2893268189536173,0.9493108108253434
iquique,PGA,2475,interface,MFD: tapered,tapered,2.2677983639172306,2.2924863017464774,1.08863019843628
iquique,PGA,2475,interface,full 16-branch tree,tree,2.2677983639172306,2.3115355674673417,1.92861959184778
iquique,PGA,2475,interface,rupture scaling: Allen & Hayes,msr_ah,2.2677983639172306,2.2513440209801563,-0.7255646356782885
iquique,PGA,2475,interface,rupture aspect ratio 1.5 / 2 / 3,asp15,2.2677983639172306,2.2805201905225765,0.5609769725458014
iquique,PGA,2475,interface,rupture aspect ratio 1.5 / 2 / 3,asp20,2.2677983639172306,2.30074739178006,1.4529081768061447
iquique,PGA,2475,interface,rupture aspect ratio 1.5 / 2 / 3,asp30,2.2677983639172306,2.3393967368481907,3.157175438088178
iquique,PGA,2475,interface,GMM (single vs tree),gmm_ag,2.2677983639172306,2.1567461518137816,-4.896917374595223
iquique,PGA,2475,interface,GMM (single vs tree),gmm_pk,2.2677983639172306,2.19055569148823,-3.4060643864111895
iquique,PGA,2475,interface,GMM (single vs tree),gmm_ku,2.2677983639172306,2.442284069841292,7.694057315689551
iquique,PGA,2475,intraslab,class domain cut at 50 km,classmask,2.2677983639172306,2.22953465670775,-1.6872623165397505
iquique,PGA,2475,intraslab,declustering,dc_gk74sym,2.2677983639172306,2.3228513870306235,2.427597796582681
iquique,PGA,2475,intraslab,declustering,dc_gruenthal,2.2677983639172306,2.3295728998203162,2.7239871447998
iquique,PGA,2475,intraslab,no declustering (full catalog),raw,2.2677983639172306,2.2149218421604107,-2.331623595736476
iquique,PGA,2475,intraslab,classification tolerance -5 / +5 km,cls_m5,2.2677983639172306,2.3264225128724387,2.585068844213523
iquique,PGA,2475,intraslab,classification tolerance -5 / +5 km,cls_p5,2.2677983639172306,2.191265468979633,-3.3747663000073924
iquique,PGA,2475,intraslab,default-depth events to interface,cls_fix,2.2677983639172306,2.283329327434763,0.6848476374550883
iquique,PGA,2475,intraslab,"completeness table, ends of the ensemble",mc_lo,2.2677983639172306,2.2216447108194024,-2.03517445960697
iquique,PGA,2475,intraslab,"completeness table, ends of the ensemble",mc_hi,2.2677983639172306,2.2865252388293076,0.825773367246363
iquique,PGA,2475,intraslab,slab_deep b: floor 5.7 / 6.0,sd_fit57,2.2677983639172306,2.2362323481228015,-1.3919233868704417
iquique,PGA,2475,intraslab,slab_deep b: floor 5.7 / 6.0,sd_fit60,2.2677983639172306,2.308820943543014,1.8089165367825677
iquique,PGA,2475,intraslab,intra_slab b: floor 5.5 / 5.8,is_fit55,2.2677983639172306,2.2151357537317797,-2.322191030003451
iquique,PGA,2475,intraslab,intra_slab b: floor 5.5 / 5.8,is_fit58,2.2677983639172306,2.3169097966888814,2.1655996208948425
iquique,PGA,2475,intraslab,Mmax pad 0 / 0.4,pad0,2.2677983639172306,2.18489819502873,-3.6555352630780025
iquique,PGA,2475,intraslab,Mmax pad 0 / 0.4,pad04,2.2677983639172306,2.3421985870910977,3.280724792717171
iquique,PGA,2475,intraslab,"depths by slab-top regime, not thickness fraction",regime,2.2677983639172306,2.278934121546158,0.4910382601075902
iquique,PGA,2475,intraslab,"previous geometry: top + 7.5 km, depth-rule band",band_rule,2.2677983639172306,2.2825343739463575,0.6497936617113176
iquique,PGA,2475,intraslab,smoothing neighbours 10 / 50,nn10,2.2677983639172306,2.2412921954368175,-1.1688062264331278
iquique,PGA,2475,intraslab,smoothing neighbours 10 / 50,nn50,2.2677983639172306,2.2873600631734927,0.862585473537103
iquique,PGA,2475,intraslab,pattern from all complete events / + calibrated kernel,smooth_all,2.2677983639172306,2.2677983639172306,0.0
iquique,PGA,2475,intraslab,pattern from all complete events / + calibrated kernel,smooth_cv,2.2677983639172306,2.207290921335554,-2.6681138651657
iquique,PGA,2475,intraslab,kernel gaussian / cut-off 200 km,gauss,2.2677983639172306,2.2185948359736307,-2.169660615620572
iquique,PGA,2475,intraslab,kernel gaussian / cut-off 200 km,dmax200,2.2677983639172306,2.2529611330866945,-0.6542570568270123
iquique,PGA,2475,intraslab,rupture scaling: Allen & Hayes,msr_ah,2.2677983639172306,2.1981461390423296,-3.0713588113975288
iquique,PGA,2475,intraslab,rupture aspect ratio 2,asp20,2.2677983639172306,2.2367991443745314,-1.3669301484614094
iquique,PGA,2475,intraslab,rupture dip 45 / 90,dip45,2.2677983639172306,2.212138018777332,-2.45437804460511
iquique,PGA,2475,intraslab,rupture dip 45 / 90,dip90,2.2677983639172306,2.3187567717818176,2.2470431531913304
iquique,PGA,2475,intraslab,sources from M5.5,mmin55,2.2677983639172306,2.267798376570579,5.579573914005209e-07
iquique,PGA,2475,intraslab,GMM (single vs tree),gmm_ag,2.2677983639172306,2.151331990777477,-5.135658222214168
iquique,PGA,2475,intraslab,GMM (single vs tree),gmm_pk,2.2677983639172306,2.7364556486785117,20.665738727836303
iquique,PGA,2475,intraslab,GMM (single vs tree),gmm_mv,2.2677983639172306,1.7871727401060702,-21.193490191119214
iquique,PGA,2475,crustal,faults vs no faults,nofaults,2.2677983639172306,2.2652459423275007,-0.11255064075983423
iquique,PGA,2475,crustal,buffer margin 0 / 20 km,margin0,2.2677983639172306,2.2680931568549987,0.012999080626330262
iquique,PGA,2475,crustal,buffer margin 0 / 20 km,margin20,2.2677983639172306,2.267761846336665,-0.0016102657602545811
iquique,PGA,2475,crustal,cap and fault Mmin 6.5,cap65,2.2677983639172306,2.2678552469863513,0.002508294830172453
iquique,PGA,2475,crustal,declustering,dc_gruenthal,2.2677983639172306,2.2678016006330908,0.00014272502846246482
iquique,PGA,2475,crustal,no declustering (full catalog),raw,2.2677983639172306,2.2677979510619526,-1.8205114027392e-05
iquique,PGA,2475,crustal,classification tolerance -5 / +5 km,cls_m5,2.2677983639172306,2.267797001287322,-6.008602573270849e-05
iquique,PGA,2475,crustal,classification tolerance -5 / +5 km,cls_p5,2.2677983639172306,2.2677971698166535,-5.265461850978426e-05
iquique,PGA,2475,crustal,default-depth events to interface,cls_fix,2.2677983639172306,2.267798219879639,-6.351428505357859e-06
iquique,PGA,2475,crustal,background Mmax 7.5,mmax75,2.2677983639172306,2.267920744027036,0.005396428172477208
iquique,PGA,2475,crustal,GMM (single vs tree),gmm_ask,2.2677983639172306,2.268415482967366,0.02721225396200566
iquique,PGA,2475,crustal,GMM (single vs tree),gmm_bssa,2.2677983639172306,2.265618322658666,-0.09613029505846082
iquique,PGA,2475,crustal,GMM (single vs tree),gmm_cb,2.2677983639172306,2.2703229312335873,0.11132238899740354
iquique,PGA,2475,crustal,GMM (single vs tree),gmm_cy,2.2677983639172306,2.266826660850515,-0.0428478599409865
iquique,PGA,2475,all,truncation 2.5 / 4.0,tr25,2.2677983639172306,2.1073976014368654,-7.072972845932412
iquique,PGA,2475,all,truncation 2.5 / 4.0,tr40,2.2677983639172306,2.372074957136958,4.598142184017084
iquique,PGA,2475,all,truncation 2.0,tr20,2.2677983639172306,1.85456041434691,-18.22198816902413
iquique,PGA,2475,all,"numerics: mesh 5 km, point-source distance 100 km",num,2.2677983639172306,2.2863596105969166,0.8184698858157979
iquique,PGA,2475,all,"no declustering, all families",raw,2.2677983639172306,2.080177399952929,-8.273264808261827
iquique,PGA,2475,all,"classification tolerance -5 / +5 km, all families",cls_m5,2.2677983639172306,2.326665256724108,2.595772787541617
iquique,PGA,2475,all,"classification tolerance -5 / +5 km, all families",cls_p5,2.2677983639172306,2.2054306397192374,-2.7501441570080165
iquique,PGA,2475,all,"default-depth events to interface, all families",cls_fix,2.2677983639172306,2.2811230305436143,0.5875595837086633
antofagasta,PGA,475,interface,Z_BOTTOM 40 / 60 km,zbot40,1.3902837109955062,1.4634445223344243,5.262293642679006
antofagasta,PGA,475,interface,Z_BOTTOM 40 / 60 km,zbot60,1.3902837109955062,1.3598090861119156,-2.1919716560420133
antofagasta,PGA,475,interface,Z_TOP 10 km,ztop10,1.3902837109955062,1.4384105516743808,3.461656084887421
antofagasta,PGA,475,interface,declustering,dc_gk74sym,1.3902837109955062,1.4185842180139019,2.035592217226756
antofagasta,PGA,475,interface,declustering,dc_gruenthal,1.3902837109955062,1.400722239828337,0.7508200484745986
antofagasta,PGA,475,interface,no declustering (full catalog),raw,1.3902837109955062,1.2384607172759932,-10.920288608632323
antofagasta,PGA,475,interface,classification tolerance -5 / +5 km,cls_m5,1.3902837109955062,1.387813425584745,-0.17768210842320498
antofagasta,PGA,475,interface,classification tolerance -5 / +5 km,cls_p5,1.3902837109955062,1.4088288295711417,1.333908930167671
antofagasta,PGA,475,interface,default-depth events to interface,cls_fix,1.3902837109955062,1.3879272409313885,-0.1694956249203461
antofagasta,PGA,475,interface,"completeness table, ends of the ensemble",mc_lo,1.3902837109955062,1.3301740938769797,-4.323550412274146
antofagasta,PGA,475,interface,"completeness table, ends of the ensemble",mc_hi,1.3902837109955062,1.4167530605965162,1.903881156893994
antofagasta,PGA,475,interface,keep 1962 / 1998 events,keep6298,1.3902837109955062,1.401507027186121,0.8072680490932571
antofagasta,PGA,475,interface,b: fit floor 5.4 / 6.0,fit54,1.3902837109955062,1.3048362496013897,-6.146044920063998
antofagasta,PGA,475,interface,b: fit floor 5.4 / 6.0,fit60,1.3902837109955062,1.4464972249169388,4.043312417231815
antofagasta,PGA,475,interface,MMIN_HAZ 6.5,mmin65,1.3902837109955062,1.39167191026382,0.09985007069670537
antofagasta,PGA,475,interface,geometry: segmented,seg,1.3902837109955062,1.1662205864035649,-16.116359763109212
antofagasta,PGA,475,interface,rate: geodetic (mid),geo,1.3902837109955062,1.4194057673342715,2.0946844236499507
antofagasta,PGA,475,interface,MFD: tapered,tapered,1.3902837109955062,1.420954717564107,2.2060969517249784
antofagasta,PGA,475,interface,full 16-branch tree,tree,1.3902837109955062,1.4184787890599797,2.0280089482084707
antofagasta,PGA,475,interface,rupture scaling: Allen & Hayes,msr_ah,1.3902837109955062,1.3829732391174612,-0.5258259030317181
antofagasta,PGA,475,interface,rupture aspect ratio 1.5 / 2 / 3,asp15,1.3902837109955062,1.4125396812763622,1.6008221994429972
antofagasta,PGA,475,interface,rupture aspect ratio 1.5 / 2 / 3,asp20,1.3902837109955062,1.4308747736344598,2.9196244131989957
antofagasta,PGA,475,interface,rupture aspect ratio 1.5 / 2 / 3,asp30,1.3902837109955062,1.467580344579316,5.559774093049108
antofagasta,PGA,475,interface,GMM (single vs tree),gmm_ag,1.3902837109955062,1.2816120215100317,-7.816511739726895
antofagasta,PGA,475,interface,GMM (single vs tree),gmm_pk,1.3902837109955062,1.2894099121124687,-7.25562689724727
antofagasta,PGA,475,interface,GMM (single vs tree),gmm_ku,1.3902837109955062,1.597145427132329,14.879100898672014
antofagasta,PGA,475,intraslab,class domain cut at 50 km,classmask,1.3902837109955062,1.4026095771970086,0.8865720071392191
antofagasta,PGA,475,intraslab,declustering,dc_gk74sym,1.3902837109955062,1.4162105040174766,1.8648562747962893
antofagasta,PGA,475,intraslab,declustering,dc_gruenthal,1.3902837109955062,1.416515191862749,1.8867717905189263
antofagasta,PGA,475,intraslab,no declustering (full catalog),raw,1.3902837109955062,1.3519472451927765,-2.757456301870864
antofagasta,PGA,475,intraslab,classification tolerance -5 / +5 km,cls_m5,1.3902837109955062,1.4290097600209113,2.7854781523459993
antofagasta,PGA,475,intraslab,classification tolerance -5 / +5 km,cls_p5,1.3902837109955062,1.3215400391077672,-4.944578674414258
antofagasta,PGA,475,intraslab,default-depth events to interface,cls_fix,1.3902837109955062,1.3995521923270462,0.666661146803138
antofagasta,PGA,475,intraslab,"completeness table, ends of the ensemble",mc_lo,1.3902837109955062,1.3600150613029862,-2.1771563209099454
antofagasta,PGA,475,intraslab,"completeness table, ends of the ensemble",mc_hi,1.3902837109955062,1.4177236071510972,1.9736904013600842
antofagasta,PGA,475,intraslab,slab_deep b: floor 5.7 / 6.0,sd_fit57,1.3902837109955062,1.3793549658707374,-0.7860802107034215
antofagasta,PGA,475,intraslab,slab_deep b: floor 5.7 / 6.0,sd_fit60,1.3902837109955062,1.4044407077535797,1.0182811354336074
antofagasta,PGA,475,intraslab,intra_slab b: floor 5.5 / 5.8,is_fit55,1.3902837109955062,1.3892276683877998,-0.07595878448077853
antofagasta,PGA,475,intraslab,intra_slab b: floor 5.5 / 5.8,is_fit58,1.3902837109955062,1.3914708744704227,0.08539001539955571
antofagasta,PGA,475,intraslab,Mmax pad 0 / 0.4,pad0,1.3902837109955062,1.3620426172657438,-2.031318752166089
antofagasta,PGA,475,intraslab,Mmax pad 0 / 0.4,pad04,1.3902837109955062,1.4161327592264723,1.8592642657416336
antofagasta,PGA,475,intraslab,"depths by slab-top regime, not thickness fraction",regime,1.3902837109955062,1.3937764883817572,0.25122767091545484
antofagasta,PGA,475,intraslab,"previous geometry: top + 7.5 km, depth-rule band",band_rule,1.3902837109955062,1.4324726689394633,3.034557451136921
antofagasta,PGA,475,intraslab,smoothing neighbours 10 / 50,nn10,1.3902837109955062,1.3745276297587026,-1.1332997079798623
antofagasta,PGA,475,intraslab,smoothing neighbours 10 / 50,nn50,1.3902837109955062,1.3958016254961634,0.39689125730359986
antofagasta,PGA,475,intraslab,pattern from all complete events / + calibrated kernel,smooth_all,1.3902837109955062,1.3902837227855633,8.480324664716932e-07
antofagasta,PGA,475,intraslab,pattern from all complete events / + calibrated kernel,smooth_cv,1.3902837109955062,1.36104607895312,-2.1029975256957267
antofagasta,PGA,475,intraslab,kernel gaussian / cut-off 200 km,gauss,1.3902837109955062,1.38555789743689,-0.3399172069154299
antofagasta,PGA,475,intraslab,kernel gaussian / cut-off 200 km,dmax200,1.3902837109955062,1.4027827549443392,0.8990282954464801
antofagasta,PGA,475,intraslab,rupture scaling: Allen & Hayes,msr_ah,1.3902837109955062,1.3669236865262084,-1.6802343496185368
antofagasta,PGA,475,intraslab,rupture aspect ratio 2,asp20,1.3902837109955062,1.394933406826567,0.33444222889811304
antofagasta,PGA,475,intraslab,rupture dip 45 / 90,dip45,1.3902837109955062,1.3770946274319769,-0.948661302669318
antofagasta,PGA,475,intraslab,rupture dip 45 / 90,dip90,1.3902837109955062,1.4081073414854093,1.2820139047116097
antofagasta,PGA,475,intraslab,sources from M5.5,mmin55,1.3902837109955062,1.3902836760768917,-2.511617891443052e-06
antofagasta,PGA,475,intraslab,GMM (single vs tree),gmm_ag,1.3902837109955062,1.3098513985053937,-5.785316468429258
antofagasta,PGA,475,intraslab,GMM (single vs tree),gmm_pk,1.3902837109955062,1.5734649213914993,13.175815047478846
antofagasta,PGA,475,intraslab,GMM (single vs tree),gmm_mv,1.3902837109955062,1.280517106367036,-7.89526653878958
antofagasta,PGA,475,crustal,faults vs no faults,nofaults,1.3902837109955062,1.3909632538112735,0.048877995936580376
antofagasta,PGA,475,crustal,buffer margin 0 / 20 km,margin0,1.3902837109955062,1.3909307131097162,0.046537416003156196
antofagasta,PGA,475,crustal,buffer margin 0 / 20 km,margin20,1.3902837109955062,1.3899431244441216,-0.024497629418440692
antofagasta,PGA,475,crustal,cap and fault Mmin 6.5,cap65,1.3902837109955062,1.3904291510153755,0.010461175565756875
antofagasta,PGA,475,crustal,declustering,dc_gruenthal,1.3902837109955062,1.390255709853426,-0.0020140595663131755
antofagasta,PGA,475,crustal,no declustering (full catalog),raw,1.3902837109955062,1.3902261060901777,-0.0041433920913269695
antofagasta,PGA,475,crustal,classification tolerance -5 / +5 km,cls_m5,1.3902837109955062,1.3903130038603075,0.0021069702945908375
antofagasta,PGA,475,crustal,classification tolerance -5 / +5 km,cls_p5,1.3902837109955062,1.3901905648593509,-0.00669979338883131
antofagasta,PGA,475,crustal,default-depth events to interface,cls_fix,1.3902837109955062,1.3902190630433453,-0.004649982708537781
antofagasta,PGA,475,crustal,background Mmax 7.5,mmax75,1.3902837109955062,1.3903779939629064,0.0067815631194179105
antofagasta,PGA,475,crustal,GMM (single vs tree),gmm_ask,1.3902837109955062,1.39013028468436,-0.01103561164766953
antofagasta,PGA,475,crustal,GMM (single vs tree),gmm_bssa,1.3902837109955062,1.3906998906880492,0.029934875108694747
antofagasta,PGA,475,crustal,GMM (single vs tree),gmm_cb,1.3902837109955062,1.3903809650017733,0.0069952633047432045
antofagasta,PGA,475,crustal,GMM (single vs tree),gmm_cy,1.3902837109955062,1.38992263492423,-0.02597139478945909
antofagasta,PGA,475,all,truncation 2.5 / 4.0,tr25,1.3902837109955062,1.3324301637156672,-4.161276351171028
antofagasta,PGA,475,all,truncation 2.5 / 4.0,tr40,1.3902837109955062,1.4250513905048041,2.50076148014442
antofagasta,PGA,475,all,truncation 2.0,tr20,1.3902837109955062,1.2322419553681419,-11.367590253517335
antofagasta,PGA,475,all,"numerics: mesh 5 km, point-source distance 100 km",num,1.3902837109955062,1.406187166877808,1.1439000368431484
antofagasta,PGA,475,all,"no declustering, all families",raw,1.3902837109955062,1.195383471097335,-14.01873864713654
antofagasta,PGA,475,all,"classification tolerance -5 / +5 km, all families",cls_m5,1.3902837109955062,1.4268181428588278,2.6278400282170766
antofagasta,PGA,475,all,"classification tolerance -5 / +5 km, all families",cls_p5,1.3902837109955062,1.3412239942553632,-3.528755774964376
antofagasta,PGA,475,all,"default-depth events to interface, all families",cls_fix,1.3902837109955062,1.3971376826403132,0.4929908615486367
antofagasta,PGA,2475,interface,Z_BOTTOM 40 / 60 km,zbot40,2.6631934009843268,2.812336085998738,5.600144734486334
antofagasta,PGA,2475,interface,Z_BOTTOM 40 / 60 km,zbot60,2.6631934009843268,2.601635432616085,-2.3114343984740104
antofagasta,PGA,2475,interface,Z_TOP 10 km,ztop10,2.6631934009843268,2.7566430872240284,3.5089335308942315
antofagasta,PGA,2475,interface,declustering,dc_gk74sym,2.6631934009843268,2.7137629583027434,1.8988315794010946
antofagasta,PGA,2475,interface,declustering,dc_gruenthal,2.6631934009843268,2.6837710205662284,0.7726671136349283
antofagasta,PGA,2475,interface,no declustering (full catalog),raw,2.6631934009843268,2.3647619080903737,-11.20577622277269
antofagasta,PGA,2475,interface,classification tolerance -5 / +5 km,cls_m5,2.6631934009843268,2.6650109271242317,0.0682461190852024
antofagasta,PGA,2475,interface,classification tolerance -5 / +5 km,cls_p5,2.6631934009843268,2.6900811870698167,1.0096069656658102
antofagasta,PGA,2475,interface,default-depth events to interface,cls_fix,2.6631934009843268,2.6582703580708062,-0.18485487804607015
antofagasta,PGA,2475,interface,"completeness table, ends of the ensemble",mc_lo,2.6631934009843268,2.567343685094901,-3.5990520198044718
antofagasta,PGA,2475,interface,"completeness table, ends of the ensemble",mc_hi,2.6631934009843268,2.707189335013997,1.6519992131780237
antofagasta,PGA,2475,interface,keep 1962 / 1998 events,keep6298,2.6631934009843268,2.681150730405227,0.6742780833815187
antofagasta,PGA,2475,interface,b: fit floor 5.4 / 6.0,fit54,2.6631934009843268,2.516697252824966,-5.500770169572178
antofagasta,PGA,2475,interface,b: fit floor 5.4 / 6.0,fit60,2.6631934009843268,2.757347852086184,3.5353966808064907
antofagasta,PGA,2475,interface,MMIN_HAZ 6.5,mmin65,2.6631934009843268,2.665343620651843,0.08073839724600518
antofagasta,PGA,2475,interface,geometry: segmented,seg,2.6631934009843268,2.2164073386974774,-16.776328077477043
antofagasta,PGA,2475,interface,rate: geodetic (mid),geo,2.6631934009843268,2.707131374134384,1.649822845528881
antofagasta,PGA,2475,interface,MFD: tapered,tapered,2.6631934009843268,2.7184369679624636,2.074335531085292
antofagasta,PGA,2475,interface,full 16-branch tree,tree,2.6631934009843268,2.638738015886312,-0.9182729684211521
antofagasta,PGA,2475,interface,rupture scaling: Allen & Hayes,msr_ah,2.6631934009843268,2.645207662725496,-0.6753448041806998
antofagasta,PGA,2475,interface,rupture aspect ratio 1.5 / 2 / 3,asp15,2.6631934009843268,2.694050940656078,1.1586668718969628
antofagasta,PGA,2475,interface,rupture aspect ratio 1.5 / 2 / 3,asp20,2.6631934009843268,2.724425862512867,2.2992119725855575
antofagasta,PGA,2475,interface,rupture aspect ratio 1.5 / 2 / 3,asp30,2.6631934009843268,2.7870612568580433,4.651102538326146
antofagasta,PGA,2475,interface,GMM (single vs tree),gmm_ag,2.6631934009843268,2.4147684024036193,-9.328087043505306
antofagasta,PGA,2475,interface,GMM (single vs tree),gmm_pk,2.6631934009843268,2.4654439106030273,-7.42527712438047
antofagasta,PGA,2475,interface,GMM (single vs tree),gmm_ku,2.6631934009843268,,
antofagasta,PGA,2475,intraslab,class domain cut at 50 km,classmask,2.6631934009843268,2.67869705515971,0.5821452610108135
antofagasta,PGA,2475,intraslab,declustering,dc_gk74sym,2.6631934009843268,2.7067282107387203,1.6346845008816446
antofagasta,PGA,2475,intraslab,declustering,dc_gruenthal,2.6631934009843268,2.7052122131653213,1.5777604497466902
antofagasta,PGA,2475,intraslab,no declustering (full catalog),raw,2.6631934009843268,2.5997386842980377,-2.382655223718866
antofagasta,PGA,2475,intraslab,classification tolerance -5 / +5 km,cls_m5,2.6631934009843268,2.716964005596375,2.019027404925766
antofagasta,PGA,2475,intraslab,classification tolerance -5 / +5 km,cls_p5,2.6631934009843268,2.566854502167922,-3.6174203037900865
antofagasta,PGA,2475,intraslab,default-depth events to interface,cls_fix,2.6631934009843268,2.6779405666440144,0.5537399444680569
antofagasta,PGA,2475,intraslab,"completeness table, ends of the ensemble",mc_lo,2.6631934009843268,2.621044180220258,-1.5826571494390929
antofagasta,PGA,2475,intraslab,"completeness table, ends of the ensemble",mc_hi,2.6631934009843268,2.709016789054249,1.7206181140650978
antofagasta,PGA,2475,intraslab,slab_deep b: floor 5.7 / 6.0,sd_fit57,2.6631934009843268,2.646202178610315,-0.6380018202107096
antofagasta,PGA,2475,intraslab,slab_deep b: floor 5.7 / 6.0,sd_fit60,2.6631934009843268,2.686327801037321,0.8686714244802385
antofagasta,PGA,2475,intraslab,intra_slab b: floor 5.5 / 5.8,is_fit55,2.6631934009843268,2.653849079138379,-0.3508690672819337
antofagasta,PGA,2475,intraslab,intra_slab b: floor 5.5 / 5.8,is_fit58,2.6631934009843268,2.6721809212677003,0.3374715587704413
antofagasta,PGA,2475,intraslab,Mmax pad 0 / 0.4,pad0,2.6631934009843268,2.60514807923681,-2.1795383589514494
antofagasta,PGA,2475,intraslab,Mmax pad 0 / 0.4,pad04,2.6631934009843268,2.720844335144666,2.1647295363164787
antofagasta,PGA,2475,intraslab,"depths by slab-top regime, not thickness fraction",regime,2.6631934009843268,2.6608272912541855,-0.08884483302139534
antofagasta,PGA,2475,intraslab,"previous geometry: top + 7.5 km, depth-rule band",band_rule,2.6631934009843268,2.663700636547424,0.01904614073127142
antofagasta,PGA,2475,intraslab,smoothing neighbours 10 / 50,nn10,2.6631934009843268,2.6392454466968434,-0.8992194963622357
antofagasta,PGA,2475,intraslab,smoothing neighbours 10 / 50,nn50,2.6631934009843268,2.67215563386107,0.3365220443033001
antofagasta,PGA,2475,intraslab,pattern from all complete events / + calibrated kernel,smooth_all,2.6631934009843268,2.663193393925553,-2.650492270106497e-07
antofagasta,PGA,2475,intraslab,pattern from all complete events / + calibrated kernel,smooth_cv,2.6631934009843268,2.6195276550053554,-1.639601012935532
antofagasta,PGA,2475,intraslab,kernel gaussian / cut-off 200 km,gauss,2.6631934009843268,2.6548335301816843,-0.31390400710488153
antofagasta,PGA,2475,intraslab,kernel gaussian / cut-off 200 km,dmax200,2.6631934009843268,2.680321489878653,0.6431410083847178
antofagasta,PGA,2475,intraslab,rupture scaling: Allen & Hayes,msr_ah,2.6631934009843268,2.6170617609665268,-1.7321926376338115
antofagasta,PGA,2475,intraslab,rupture aspect ratio 2,asp20,2.6631934009843268,2.659145996334158,-0.15197561876929555
antofagasta,PGA,2475,intraslab,rupture dip 45 / 90,dip45,2.6631934009843268,2.629599159804477,-1.2614270209378442
antofagasta,PGA,2475,intraslab,rupture dip 45 / 90,dip90,2.6631934009843268,2.6980487540450917,1.3087803930380115
antofagasta,PGA,2475,intraslab,sources from M5.5,mmin55,2.6631934009843268,2.6631934859243866,3.1894063612369905e-06
antofagasta,PGA,2475,intraslab,GMM (single vs tree),gmm_ag,2.6631934009843268,2.5224970071082593,-5.282995738276675
antofagasta,PGA,2475,intraslab,GMM (single vs tree),gmm_pk,2.6631934009843268,,
antofagasta,PGA,2475,intraslab,GMM (single vs tree),gmm_mv,2.6631934009843268,2.423407652387842,-9.003692653633754
antofagasta,PGA,2475,crustal,faults vs no faults,nofaults,2.6631934009843268,2.663298244429018,0.003936756701650168
antofagasta,PGA,2475,crustal,buffer margin 0 / 20 km,margin0,2.6631934009843268,2.6632964067572646,0.0038677541368103974
antofagasta,PGA,2475,crustal,buffer margin 0 / 20 km,margin20,2.6631934009843268,2.6631409992912016,-0.0019676262755008445
antofagasta,PGA,2475,crustal,cap and fault Mmin 6.5,cap65,2.6631934009843268,2.6631934306189966,1.1127494481399935e-06
antofagasta,PGA,2475,crustal,declustering,dc_gruenthal,2.6631934009843268,2.6631930464463767,-1.3312512336938198e-05
antofagasta,PGA,2475,crustal,no declustering (full catalog),raw,2.6631934009843268,2.6631793939882416,-0.0005259473863206132
antofagasta,PGA,2475,crustal,classification tolerance -5 / +5 km,cls_m5,2.6631934009843268,2.663192561250265,-3.1531095767700634e-05
antofagasta,PGA,2475,crustal,classification tolerance -5 / +5 km,cls_p5,2.6631934009843268,2.6631848326328016,-0.0003217322302573322
antofagasta,PGA,2475,crustal,default-depth events to interface,cls_fix,2.6631934009843268,2.6631884559241135,-0.00018568160358167773
antofagasta,PGA,2475,crustal,background Mmax 7.5,mmax75,2.6631934009843268,2.6632301668710228,0.0013805188418647418
antofagasta,PGA,2475,crustal,GMM (single vs tree),gmm_ask,2.6631934009843268,2.663189726325193,-0.0001379794322353689
antofagasta,PGA,2475,crustal,GMM (single vs tree),gmm_bssa,2.6631934009843268,2.663155415391747,-0.0014263174640594123
antofagasta,PGA,2475,crustal,GMM (single vs tree),gmm_cb,2.6631934009843268,2.663277580291533,0.003160840935367837
antofagasta,PGA,2475,crustal,GMM (single vs tree),gmm_cy,2.6631934009843268,2.663150865506352,-0.0015971606853293352
antofagasta,PGA,2475,all,truncation 2.5 / 4.0,tr25,2.6631934009843268,2.4975488881634087,-6.219770323841112
antofagasta,PGA,2475,all,truncation 2.5 / 4.0,tr40,2.6631934009843268,2.762838887492921,3.7415790558719797
antofagasta,PGA,2475,all,truncation 2.0,tr20,2.6631934009843268,2.1972902119335513,-17.494155282848624
antofagasta,PGA,2475,all,"numerics: mesh 5 km, point-source distance 100 km",num,2.6631934009843268,2.686941184528532,0.8917033038392086
antofagasta,PGA,2475,all,"no declustering, all families",raw,2.6631934009843268,2.2827621050678975,-14.284779159328808
antofagasta,PGA,2475,all,"classification tolerance -5 / +5 km, all families",cls_m5,2.6631934009843268,2.7188632962116133,2.0903436906501316
antofagasta,PGA,2475,all,"classification tolerance -5 / +5 km, all families",cls_p5,2.6631934009843268,2.59566649902506,-2.5355613277769695
antofagasta,PGA,2475,all,"default-depth events to interface, all families",cls_fix,2.6631934009843268,2.6730491288138962,0.37007180274353235
copiapo,PGA,475,interface,Z_BOTTOM 40 / 60 km,zbot40,1.0681792873583542,1.1014000284263692,3.1100341919352292
copiapo,PGA,475,interface,Z_BOTTOM 40 / 60 km,zbot60,1.0681792873583542,1.0208771065885722,-4.4282997554429215
copiapo,PGA,475,interface,Z_TOP 10 km,ztop10,1.0681792873583542,1.1146820414506393,4.353459633849299
copiapo,PGA,475,interface,declustering,dc_gk74sym,1.0681792873583542,1.0934939504535923,2.369888968530942
copiapo,PGA,475,interface,declustering,dc_gruenthal,1.0681792873583542,1.07856283079767,0.9720787102130313
copiapo,PGA,475,interface,no declustering (full catalog),raw,1.0681792873583542,0.9259502795596088,-13.315087596435504
copiapo,PGA,475,interface,classification tolerance -5 / +5 km,cls_m5,1.0681792873583542,1.0695384890969173,0.12724471955680716
copiapo,PGA,475,interface,classification tolerance -5 / +5 km,cls_p5,1.0681792873583542,1.081116581261085,1.2111537881178247
copiapo,PGA,475,interface,default-depth events to interface,cls_fix,1.0681792873583542,1.0656934526200974,-0.23271699495356346
copiapo,PGA,475,interface,"completeness table, ends of the ensemble",mc_lo,1.0681792873583542,1.0222777352148165,-4.297176764871924
copiapo,PGA,475,interface,"completeness table, ends of the ensemble",mc_hi,1.0681792873583542,1.0899167481141763,2.0350011475676055
copiapo,PGA,475,interface,keep 1962 / 1998 events,keep6298,1.0681792873583542,1.0769556794139086,0.8216216284495426
copiapo,PGA,475,interface,b: fit floor 5.4 / 6.0,fit54,1.0681792873583542,0.9980200899534645,-6.568110637905733
copiapo,PGA,475,interface,b: fit floor 5.4 / 6.0,fit60,1.0681792873583542,1.1151854190748793,4.400584459259926
copiapo,PGA,475,interface,MMIN_HAZ 6.5,mmin65,1.0681792873583542,1.06921363217521,0.09683251015040195
copiapo,PGA,475,interface,geometry: segmented,seg,1.0681792873583542,0.8718584516706464,-18.379015396677122
copiapo,PGA,475,interface,rate: geodetic (mid),geo,1.0681792873583542,1.0895296831183123,1.998765189761209
copiapo,PGA,475,interface,MFD: tapered,tapered,1.0681792873583542,1.0968183718533617,2.681112134820829
copiapo,PGA,475,interface,full 16-branch tree,tree,1.0681792873583542,1.0379622735437095,-2.828833527503838
copiapo,PGA,475,interface,rupture scaling: Allen & Hayes,msr_ah,1.0681792873583542,1.035410611523737,-3.06771309109124
copiapo,PGA,475,interface,rupture aspect ratio 1.5 / 2 / 3,asp15,1.0681792873583542,1.072429143965201,0.3978598590276716
copiapo,PGA,475,interface,rupture aspect ratio 1.5 / 2 / 3,asp20,1.0681792873583542,1.0783866992484963,0.955589760159592
copiapo,PGA,475,interface,rupture aspect ratio 1.5 / 2 / 3,asp30,1.0681792873583542,1.088982806784158,1.9475681350507923
copiapo,PGA,475,interface,GMM (single vs tree),gmm_ag,1.0681792873583542,0.9836810217257018,-7.910494673756463
copiapo,PGA,475,interface,GMM (single vs tree),gmm_pk,1.0681792873583542,1.0436507115019469,-2.2962976484095066
copiapo,PGA,475,interface,GMM (single vs tree),gmm_ku,1.0681792873583542,1.1792045493311294,10.393878938370428
copiapo,PGA,475,intraslab,class domain cut at 50 km,classmask,1.0681792873583542,1.0450221281699204,-2.167909400836854
copiapo,PGA,475,intraslab,declustering,dc_gk74sym,1.0681792873583542,1.0750828971938917,0.6462969201181945
copiapo,PGA,475,intraslab,declustering,dc_gruenthal,1.0681792873583542,1.0740946653558983,0.5537813799191937
copiapo,PGA,475,intraslab,no declustering (full catalog),raw,1.0681792873583542,1.054415716238876,-1.28850758317135
copiapo,PGA,475,intraslab,classification tolerance -5 / +5 km,cls_m5,1.0681792873583542,1.1025230856875086,3.21517171654655
copiapo,PGA,475,intraslab,classification tolerance -5 / +5 km,cls_p5,1.0681792873583542,1.050453584747651,-1.6594314101090135
copiapo,PGA,475,intraslab,default-depth events to interface,cls_fix,1.0681792873583542,1.0684498547452816,0.025329772832094477
copiapo,PGA,475,intraslab,"completeness table, ends of the ensemble",mc_lo,1.0681792873583542,1.048676398724063,-1.825806666081542
copiapo,PGA,475,intraslab,"completeness table, ends of the ensemble",mc_hi,1.0681792873583542,1.0983763051490019,2.8269615548646376
copiapo,PGA,475,intraslab,slab_deep b: floor 5.7 / 6.0,sd_fit57,1.0681792873583542,1.0514478472572304,-1.5663512950622072
copiapo,PGA,475,intraslab,slab_deep b: floor 5.7 / 6.0,sd_fit60,1.0681792873583542,1.0903706439019112,2.077493619861981
copiapo,PGA,475,intraslab,intra_slab b: floor 5.5 / 5.8,is_fit55,1.0681792873583542,1.043374127881334,-2.3221906444529816
copiapo,PGA,475,intraslab,intra_slab b: floor 5.5 / 5.8,is_fit58,1.0681792873583542,1.0904373877495133,2.083741994867183
copiapo,PGA,475,intraslab,Mmax pad 0 / 0.4,pad0,1.0681792873583542,1.0450331382919344,-2.166878663567895
copiapo,PGA,475,intraslab,Mmax pad 0 / 0.4,pad04,1.0681792873583542,1.0886180709884514,1.9134225754033451
copiapo,PGA,475,intraslab,"depths by slab-top regime, not thickness fraction",regime,1.0681792873583542,1.0655947433482718,-0.24195788484854264
copiapo,PGA,475,intraslab,"previous geometry: top + 7.5 km, depth-rule band",band_rule,1.0681792873583542,1.086582780543768,1.722884295100524
copiapo,PGA,475,intraslab,smoothing neighbours 10 / 50,nn10,1.0681792873583542,1.0556227222077925,-1.1755110119776369
copiapo,PGA,475,intraslab,smoothing neighbours 10 / 50,nn50,1.0681792873583542,1.0795899423219955,1.0682340594583284
copiapo,PGA,475,intraslab,pattern from all complete events / + calibrated kernel,smooth_all,1.0681792873583542,1.0681792743747498,-1.2154892536919704e-06
copiapo,PGA,475,intraslab,pattern from all complete events / + calibrated kernel,smooth_cv,1.0681792873583542,1.0372719183974817,-2.8934626730413027
copiapo,PGA,475,intraslab,kernel gaussian / cut-off 200 km,gauss,1.0681792873583542,1.0585122752279246,-0.904999024493025
copiapo,PGA,475,intraslab,kernel gaussian / cut-off 200 km,dmax200,1.0681792873583542,1.0650495870444043,-0.292993915065487
copiapo,PGA,475,intraslab,rupture scaling: Allen & Hayes,msr_ah,1.0681792873583542,1.0493424261307187,-1.7634550164532525
copiapo,PGA,475,intraslab,rupture aspect ratio 2,asp20,1.0681792873583542,1.0643072616428648,-0.3624883726275008
copiapo,PGA,475,intraslab,rupture dip 45 / 90,dip45,1.0681792873583542,1.0611241625747323,-0.6604813318435987
copiapo,PGA,475,intraslab,rupture dip 45 / 90,dip90,1.0681792873583542,1.0730225469956067,0.45341261477087613
copiapo,PGA,475,intraslab,sources from M5.5,mmin55,1.0681792873583542,1.0681792788645623,-7.951653779869616e-07
copiapo,PGA,475,intraslab,GMM (single vs tree),gmm_ag,1.0681792873583542,1.0314244671195056,-3.4408849407429165
copiapo,PGA,475,intraslab,GMM (single vs tree),gmm_pk,1.0681792873583542,1.2266847369485703,14.838843204140929
copiapo,PGA,475,intraslab,GMM (single vs tree),gmm_mv,1.0681792873583542,0.9323303098396103,-12.717806750840799
copiapo,PGA,475,crustal,faults vs no faults,nofaults,1.0681792873583542,1.0681792875234497,1.5455792201635177e-08
copiapo,PGA,475,crustal,buffer margin 0 / 20 km,margin0,1.0681792873583542,1.0681792872973108,-5.714717588034546e-09
copiapo,PGA,475,crustal,buffer margin 0 / 20 km,margin20,1.0681792873583542,1.0681792875790728,2.066307125403455e-08
copiapo,PGA,475,crustal,cap and fault Mmin 6.5,cap65,1.0681792873583542,1.0681792872973108,-5.714717588034546e-09
copiapo,PGA,475,crustal,declustering,dc_gruenthal,1.0681792873583542,1.0683123323561228,0.012455305896974522
copiapo,PGA,475,crustal,no declustering (full catalog),raw,1.0681792873583542,1.06783768927932,-0.0319794704013554
copiapo,PGA,475,crustal,classification tolerance -5 / +5 km,cls_m5,1.0681792873583542,1.068326506602215,0.013782259738892577
copiapo,PGA,475,crustal,classification tolerance -5 / +5 km,cls_p5,1.0681792873583542,1.067919762085496,-0.02429604055512735
copiapo,PGA,475,crustal,default-depth events to interface,cls_fix,1.0681792873583542,1.068076461453044,-0.009626277772567526
copiapo,PGA,475,crustal,background Mmax 7.5,mmax75,1.0681792873583542,1.0690056232694067,0.07735928985255214
copiapo,PGA,475,crustal,GMM (single vs tree),gmm_ask,1.0681792873583542,1.067528644750818,-0.06091136714934109
copiapo,PGA,475,crustal,GMM (single vs tree),gmm_bssa,1.0681792873583542,1.0696728421253523,0.1398224796786307
copiapo,PGA,475,crustal,GMM (single vs tree),gmm_cb,1.0681792873583542,1.069241209255326,0.09941420036312376
copiapo,PGA,475,crustal,GMM (single vs tree),gmm_cy,1.0681792873583542,1.0662576497674863,-0.17989841346017776
copiapo,PGA,475,all,truncation 2.5 / 4.0,tr25,1.0681792873583542,1.0273171263085683,-3.825402863861882
copiapo,PGA,475,all,truncation 2.5 / 4.0,tr40,1.0681792873583542,1.0927817673492535,2.3032163497330282
copiapo,PGA,475,all,truncation 2.0,tr20,1.0681792873583542,0.9523458825716857,-10.844004012952603
copiapo,PGA,475,all,"numerics: mesh 5 km, point-source distance 100 km",num,1.0681792873583542,1.0726732928398204,0.42071640357117523
copiapo,PGA,475,all,"no declustering, all families",raw,1.0681792873583542,0.9112209948757962,-14.69400262110694
copiapo,PGA,475,all,"classification tolerance -5 / +5 km, all families",cls_m5,1.0681792873583542,1.1040653741799538,3.3595565132466865
copiapo,PGA,475,all,"classification tolerance -5 / +5 km, all families",cls_p5,1.0681792873583542,1.063391608491913,-0.44820929623914374
copiapo,PGA,475,all,"default-depth events to interface, all families",cls_fix,1.0681792873583542,1.0658558607760547,-0.2175127911387853
copiapo,PGA,2475,interface,Z_BOTTOM 40 / 60 km,zbot40,2.0716832448839835,2.123596392287478,2.505843860623669
copiapo,PGA,2475,interface,Z_BOTTOM 40 / 60 km,zbot60,2.0716832448839835,1.9708831693517865,-4.865612336302982
copiapo,PGA,2475,interface,Z_TOP 10 km,ztop10,2.0716832448839835,2.1594734079593993,4.237624805443274
copiapo,PGA,2475,interface,declustering,dc_gk74sym,2.0716832448839835,2.1138032731938425,2.0331307121334463
copiapo,PGA,2475,interface,declustering,dc_gruenthal,2.0716832448839835,2.089853320150365,0.8770682154838338
copiapo,PGA,2475,interface,no declustering (full catalog),raw,2.0716832448839835,1.815406281782823,-12.370470424667278
copiapo,PGA,2475,interface,classification tolerance -5 / +5 km,cls_m5,2.0716832448839835,2.0767300925286363,0.24361096982929986
copiapo,PGA,2475,interface,classification tolerance -5 / +5 km,cls_p5,2.0716832448839835,2.090493844836184,0.9079862956199225
copiapo,PGA,2475,interface,default-depth events to interface,cls_fix,2.0716832448839835,2.067211383127538,-0.215856442701301
copiapo,PGA,2475,interface,"completeness table, ends of the ensemble",mc_lo,2.0716832448839835,1.999673234097638,-3.475917998766176
copiapo,PGA,2475,interface,"completeness table, ends of the ensemble",mc_hi,2.0716832448839835,2.1064167206193627,1.6765823550078718
copiapo,PGA,2475,interface,keep 1962 / 1998 events,keep6298,2.0716832448839835,2.085395508166001,0.6618899542620627
copiapo,PGA,2475,interface,b: fit floor 5.4 / 6.0,fit54,2.0716832448839835,1.9559354625059675,-5.587137061800096
copiapo,PGA,2475,interface,b: fit floor 5.4 / 6.0,fit60,2.0716832448839835,2.1468850644089366,3.629986375120997
copiapo,PGA,2475,interface,MMIN_HAZ 6.5,mmin65,2.0716832448839835,2.0732483344615273,0.07554676041372499
copiapo,PGA,2475,interface,geometry: segmented,seg,2.0716832448839835,1.640990994840112,-20.78948367746203
copiapo,PGA,2475,interface,rate: geodetic (mid),geo,2.0716832448839835,2.1036681658280427,1.54390981454553
copiapo,PGA,2475,interface,MFD: tapered,tapered,2.0716832448839835,2.1203214590228483,2.3477630694256346
copiapo,PGA,2475,interface,full 16-branch tree,tree,2.0716832448839835,1.9491085100541372,-5.91667356158545
copiapo,PGA,2475,interface,rupture scaling: Allen & Hayes,msr_ah,2.0716832448839835,1.9972199984278756,-3.594335506646329
copiapo,PGA,2475,interface,rupture aspect ratio 1.5 / 2 / 3,asp15,2.0716832448839835,2.075489975369441,0.18375060448347913
copiapo,PGA,2475,interface,rupture aspect ratio 1.5 / 2 / 3,asp20,2.0716832448839835,2.0816438855233,0.48079940135223875
copiapo,PGA,2475,interface,rupture aspect ratio 1.5 / 2 / 3,asp30,2.0716832448839835,2.096269625899695,1.1867828287180249
copiapo,PGA,2475,interface,GMM (single vs tree),gmm_ag,2.0716832448839835,1.8798952591679876,-9.257592162779504
copiapo,PGA,2475,interface,GMM (single vs tree),gmm_pk,2.0716832448839835,2.029863033152621,-2.0186585876309726
copiapo,PGA,2475,interface,GMM (single vs tree),gmm_ku,2.0716832448839835,2.2848162383063917,10.28791413690966
copiapo,PGA,2475,intraslab,class domain cut at 50 km,classmask,2.0716832448839835,2.0337237192124236,-1.8323035514864916
copiapo,PGA,2475,intraslab,declustering,dc_gk74sym,2.0716832448839835,2.088870445330133,0.8296249191855676
copiapo,PGA,2475,intraslab,declustering,dc_gruenthal,2.0716832448839835,2.0851906509923106,0.6520015133434809
copiapo,PGA,2475,intraslab,no declustering (full catalog),raw,2.0716832448839835,2.039300266143824,-1.5631240354976539
copiapo,PGA,2475,intraslab,classification tolerance -5 / +5 km,cls_m5,2.0716832448839835,2.1214295740047953,2.4012516992479638
copiapo,PGA,2475,intraslab,classification tolerance -5 / +5 km,cls_p5,2.0716832448839835,2.045779788294462,-1.250357971156535
copiapo,PGA,2475,intraslab,default-depth events to interface,cls_fix,2.0716832448839835,2.0739465250460127,0.10924836929673276
copiapo,PGA,2475,intraslab,"completeness table, ends of the ensemble",mc_lo,2.0716832448839835,2.0415196651656977,-1.4559938056541544
copiapo,PGA,2475,intraslab,"completeness table, ends of the ensemble",mc_hi,2.0716832448839835,2.1219471097822544,2.4262331136961857
copiapo,PGA,2475,intraslab,slab_deep b: floor 5.7 / 6.0,sd_fit57,2.0716832448839835,2.0448100497326713,-1.2971671812124441
copiapo,PGA,2475,intraslab,slab_deep b: floor 5.7 / 6.0,sd_fit60,2.0716832448839835,2.1092205066334957,1.8119209025902139
copiapo,PGA,2475,intraslab,intra_slab b: floor 5.5 / 5.8,is_fit55,2.0716832448839835,2.032272617865702,-1.9023481082644178
copiapo,PGA,2475,intraslab,intra_slab b: floor 5.5 / 5.8,is_fit58,2.0716832448839835,2.108745780932019,1.7890059274052295
copiapo,PGA,2475,intraslab,Mmax pad 0 / 0.4,pad0,2.0716832448839835,2.0216831113620892,-2.4135028192832753
copiapo,PGA,2475,intraslab,Mmax pad 0 / 0.4,pad04,2.0716832448839835,2.119374991073857,2.3020771301620613
copiapo,PGA,2475,intraslab,"depths by slab-top regime, not thickness fraction",regime,2.0716832448839835,2.0656883450713655,-0.289373379227853
copiapo,PGA,2475,intraslab,"previous geometry: top + 7.5 km, depth-rule band",band_rule,2.0716832448839835,2.0708472288162802,-0.040354434963341124
copiapo,PGA,2475,intraslab,smoothing neighbours 10 / 50,nn10,2.0716832448839835,2.0515368891390353,-0.9724631308719367
copiapo,PGA,2475,intraslab,smoothing neighbours 10 / 50,nn50,2.0716832448839835,2.0901687094282844,0.892292033058184
copiapo,PGA,2475,intraslab,pattern from all complete events / + calibrated kernel,smooth_all,2.0716832448839835,2.0716832448839835,0.0
copiapo,PGA,2475,intraslab,pattern from all complete events / + calibrated kernel,smooth_cv,2.0716832448839835,2.023052271411081,-2.3474135630046966
copiapo,PGA,2475,intraslab,kernel gaussian / cut-off 200 km,gauss,2.0716832448839835,2.057426916579464,-0.688151933444725
copiapo,PGA,2475,intraslab,kernel gaussian / cut-off 200 km,dmax200,2.0716832448839835,2.067652141037003,-0.19458109037351345
copiapo,PGA,2475,intraslab,rupture scaling: Allen & Hayes,msr_ah,2.0716832448839835,2.032809202036638,-1.8764472292443823
copiapo,PGA,2475,intraslab,rupture aspect ratio 2,asp20,2.0716832448839835,2.054469024054665,-0.8309291911217098
copiapo,PGA,2475,intraslab,rupture dip 45 / 90,dip45,2.0716832448839835,2.0499120524158645,-1.0508938816724434
copiapo,PGA,2475,intraslab,rupture dip 45 / 90,dip90,2.0716832448839835,2.0872590782627514,0.7518443476932202
copiapo,PGA,2475,intraslab,sources from M5.5,mmin55,2.0716832448839835,2.0716832784736137,1.6213690168243033e-06
copiapo,PGA,2475,intraslab,GMM (single vs tree),gmm_ag,2.0716832448839835,2.013017739185047,-2.8317797058894367
copiapo,PGA,2475,intraslab,GMM (single vs tree),gmm_pk,2.0716832448839835,2.355772331400219,13.712959605084052
copiapo,PGA,2475,intraslab,GMM (single vs tree),gmm_mv,2.0716832448839835,1.796421750296993,-13.286852382802628
copiapo,PGA,2475,crustal,faults vs no faults,nofaults,2.0716832448839835,2.071683244897966,6.749489855906177e-10
copiapo,PGA,2475,crustal,buffer margin 0 / 20 km,margin0,2.0716832448839835,2.0716832448839835,0.0
copiapo,PGA,2475,crustal,buffer margin 0 / 20 km,margin20,2.0716832448839835,2.0716832448853553,6.621370118864434e-11
copiapo,PGA,2475,crustal,cap and fault Mmin 6.5,cap65,2.0716832448839835,2.0716832448839835,0.0
copiapo,PGA,2475,crustal,declustering,dc_gruenthal,2.0716832448839835,2.0717319821552893,0.002352544551698088
copiapo,PGA,2475,crustal,no declustering (full catalog),raw,2.0716832448839835,2.071543261045399,-0.006757009737368147
copiapo,PGA,2475,crustal,classification tolerance -5 / +5 km,cls_m5,2.0716832448839835,2.071684953068827,8.245395852757298e-05
copiapo,PGA,2475,crustal,classification tolerance -5 / +5 km,cls_p5,2.0716832448839835,2.071638792208253,-0.0021457274339775623
copiapo,PGA,2475,crustal,default-depth events to interface,cls_fix,2.0716832448839835,2.071676853455956,-0.0003085137673997096
copiapo,PGA,2475,crustal,background Mmax 7.5,mmax75,2.0716832448839835,2.0721472419228557,0.02239710341906953
copiapo,PGA,2475,crustal,GMM (single vs tree),gmm_ask,2.0716832448839835,2.071537105803783,-0.007054122803840102
copiapo,PGA,2475,crustal,GMM (single vs tree),gmm_bssa,2.0716832448839835,2.0717009369520127,0.0008539948408214926
copiapo,PGA,2475,crustal,GMM (single vs tree),gmm_cb,2.0716832448839835,2.0722896023775688,0.02926883224463328
copiapo,PGA,2475,crustal,GMM (single vs tree),gmm_cy,2.0716832448839835,2.0712042962033053,-0.023118818084810755
copiapo,PGA,2475,all,truncation 2.5 / 4.0,tr25,2.0716832448839835,1.9512977317943307,-5.810999986940302
copiapo,PGA,2475,all,truncation 2.5 / 4.0,tr40,2.0716832448839835,2.142098241861141,3.3989267978609794
copiapo,PGA,2475,all,truncation 2.0,tr20,2.0716832448839835,1.7170511655116178,-17.11806475474128
copiapo,PGA,2475,all,"numerics: mesh 5 km, point-source distance 100 km",num,2.0716832448839835,2.0845079544442924,0.6190478004771904
copiapo,PGA,2475,all,"no declustering, all families",raw,2.0716832448839835,1.7744806560312487,-14.345947411925819
copiapo,PGA,2475,all,"classification tolerance -5 / +5 km, all families",cls_m5,2.0716832448839835,2.126348966501223,2.6387104183149823
copiapo,PGA,2475,all,"classification tolerance -5 / +5 km, all families",cls_p5,2.0716832448839835,2.064992385276622,-0.3229673080517803
copiapo,PGA,2475,all,"default-depth events to interface, all families",cls_fix,2.0716832448839835,2.069471010340213,-0.10678440100500008
valparaiso,PGA,475,interface,Z_BOTTOM 40 / 60 km,zbot40,1.509811182452578,1.594361076473589,5.600030984249682
valparaiso,PGA,475,interface,Z_BOTTOM 40 / 60 km,zbot60,1.509811182452578,1.447556171591448,-4.1233640063521815
valparaiso,PGA,475,interface,Z_TOP 10 km,ztop10,1.509811182452578,1.570051620204465,3.989931883669784
valparaiso,PGA,475,interface,declustering,dc_gk74sym,1.509811182452578,1.539710300471562,1.9803216697875436
valparaiso,PGA,475,interface,declustering,dc_gruenthal,1.509811182452578,1.5218726299681857,0.7988712532924103
valparaiso,PGA,475,interface,no declustering (full catalog),raw,1.509811182452578,1.3508864746238687,-10.52613132527921
valparaiso,PGA,475,interface,classification tolerance -5 / +5 km,cls_m5,1.509811182452578,1.51078844398904,0.06472740087104523
valparaiso,PGA,475,interface,classification tolerance -5 / +5 km,cls_p5,1.509811182452578,1.5257199438205018,1.0536921141411248
valparaiso,PGA,475,interface,default-depth events to interface,cls_fix,1.509811182452578,1.5069534277409324,-0.18927894725241368
valparaiso,PGA,475,interface,"completeness table, ends of the ensemble",mc_lo,1.509811182452578,1.4545261179010796,-3.6617204319345342
valparaiso,PGA,475,interface,"completeness table, ends of the ensemble",mc_hi,1.509811182452578,1.5358073048990055,1.7218128166330615
valparaiso,PGA,475,interface,keep 1962 / 1998 events,keep6298,1.509811182452578,1.5203810902457402,0.7000814350833107
valparaiso,PGA,475,interface,b: fit floor 5.4 / 6.0,fit54,1.509811182452578,1.42658520315241,-5.512343547818565
valparaiso,PGA,475,interface,b: fit floor 5.4 / 6.0,fit60,1.509811182452578,1.5644512709485923,3.6190014440915297
valparaiso,PGA,475,interface,MMIN_HAZ 6.5,mmin65,1.509811182452578,1.5110731023635686,0.08358130643466577
valparaiso,PGA,475,interface,geometry: segmented,seg,1.509811182452578,1.433860763624058,-5.030458093782575
valparaiso,PGA,475,interface,rate: geodetic (mid),geo,1.509811182452578,1.5358398220296867,1.7239665383075975
valparaiso,PGA,475,interface,MFD: tapered,tapered,1.509811182452578,1.544508065980738,2.298094220748692
valparaiso,PGA,475,interface,full 16-branch tree,tree,1.509811182452578,1.4959251607951722,-0.9197190893002194
valparaiso,PGA,475,interface,rupture scaling: Allen & Hayes,msr_ah,1.509811182452578,1.442561185088327,-4.454199183702434
valparaiso,PGA,475,interface,rupture aspect ratio 1.5 / 2 / 3,asp15,1.509811182452578,1.5240369500291433,0.9422216328704547
valparaiso,PGA,475,interface,rupture aspect ratio 1.5 / 2 / 3,asp20,1.509811182452578,1.5360630335254437,1.7387506052393586
valparaiso,PGA,475,interface,rupture aspect ratio 1.5 / 2 / 3,asp30,1.509811182452578,1.5663661027165003,3.745827353858444
valparaiso,PGA,475,interface,GMM (single vs tree),gmm_ag,1.509811182452578,1.4063195093414487,-6.854610319087362
valparaiso,PGA,475,interface,GMM (single vs tree),gmm_pk,1.509811182452578,1.4449189380766536,-4.298037074444738
valparaiso,PGA,475,interface,GMM (single vs tree),gmm_ku,1.509811182452578,1.6684405277352785,10.506568445533615
valparaiso,PGA,475,intraslab,class domain cut at 50 km,classmask,1.509811182452578,1.4876938797508212,-1.4649052119105943
valparaiso,PGA,475,intraslab,declustering,dc_gk74sym,1.509811182452578,1.5209682704579226,0.7389724049613022
valparaiso,PGA,475,intraslab,declustering,dc_gruenthal,1.509811182452578,1.5280463160334372,1.2077757664529676
valparaiso,PGA,475,intraslab,no declustering (full catalog),raw,1.509811182452578,1.5628119008805466,3.5104203124176614
valparaiso,PGA,475,intraslab,classification tolerance -5 / +5 km,cls_m5,1.509811182452578,1.5679784673566404,3.8526198229353437
valparaiso,PGA,475,intraslab,classification tolerance -5 / +5 km,cls_p5,1.509811182452578,1.4303040660024706,-5.266030439710601
valparaiso,PGA,475,intraslab,default-depth events to interface,cls_fix,1.509811182452578,1.5220959446709414,0.813662155979511
valparaiso,PGA,475,intraslab,"completeness table, ends of the ensemble",mc_lo,1.509811182452578,1.689980043892951,11.933204862590951
valparaiso,PGA,475,intraslab,"completeness table, ends of the ensemble",mc_hi,1.509811182452578,1.5491438889966203,2.605140762048741
valparaiso,PGA,475,intraslab,slab_deep b: floor 5.7 / 6.0,sd_fit57,1.509811182452578,1.515268178556178,0.361435666063592
valparaiso,PGA,475,intraslab,slab_deep b: floor 5.7 / 6.0,sd_fit60,1.509811182452578,1.502942804367088,-0.4549163607553086
valparaiso,PGA,475,intraslab,intra_slab b: floor 5.5 / 5.8,is_fit55,1.509811182452578,1.4702029023414767,-2.6233929494919095
valparaiso,PGA,475,intraslab,intra_slab b: floor 5.5 / 5.8,is_fit58,1.509811182452578,1.544454245016286,2.294529472714113
valparaiso,PGA,475,intraslab,Mmax pad 0 / 0.4,pad0,1.509811182452578,1.474730626513414,-2.3235061673194335
valparaiso,PGA,475,intraslab,Mmax pad 0 / 0.4,pad04,1.509811182452578,1.5409643371154749,2.0633808402644727
valparaiso,PGA,475,intraslab,"depths by slab-top regime, not thickness fraction",regime,1.509811182452578,1.5052451937234825,-0.3024211757180373
valparaiso,PGA,475,intraslab,"previous geometry: top + 7.5 km, depth-rule band",band_rule,1.509811182452578,1.5576950599211539,3.171514294310107
valparaiso,PGA,475,intraslab,smoothing neighbours 10 / 50,nn10,1.509811182452578,1.516551205653019,0.4464149741885137
valparaiso,PGA,475,intraslab,smoothing neighbours 10 / 50,nn50,1.509811182452578,1.4924420546347126,-1.150417219035993
valparaiso,PGA,475,intraslab,pattern from all complete events / + calibrated kernel,smooth_all,1.509811182452578,1.509811182452578,0.0
valparaiso,PGA,475,intraslab,pattern from all complete events / + calibrated kernel,smooth_cv,1.509811182452578,1.5421215471087444,2.1400268478393825
valparaiso,PGA,475,intraslab,kernel gaussian / cut-off 200 km,gauss,1.509811182452578,1.5387777813791839,1.9185577152470046
valparaiso,PGA,475,intraslab,kernel gaussian / cut-off 200 km,dmax200,1.509811182452578,1.5224065261339987,0.8342330370715967
valparaiso,PGA,475,intraslab,rupture scaling: Allen & Hayes,msr_ah,1.509811182452578,1.4783093145796555,-2.0864773184253393
valparaiso,PGA,475,intraslab,rupture aspect ratio 2,asp20,1.509811182452578,1.510543982638197,0.04853588277367038
valparaiso,PGA,475,intraslab,rupture dip 45 / 90,dip45,1.509811182452578,1.489869116776949,-1.320831764090824
valparaiso,PGA,475,intraslab,rupture dip 45 / 90,dip90,1.509811182452578,1.5322218071812963,1.484332941044575
valparaiso,PGA,475,intraslab,sources from M5.5,mmin55,1.509811182452578,1.5098078834521726,-0.00021850417082358575
valparaiso,PGA,475,intraslab,GMM (single vs tree),gmm_ag,1.509811182452578,1.3902120697759108,-7.921461575240629
valparaiso,PGA,475,intraslab,GMM (single vs tree),gmm_pk,1.509811182452578,1.725483793892186,14.284740631557892
valparaiso,PGA,475,intraslab,GMM (single vs tree),gmm_mv,1.509811182452578,1.3952711302025305,-7.586382561028959
valparaiso,PGA,475,crustal,faults vs no faults,nofaults,1.509811182452578,1.5107810956362282,0.06424069412935829
valparaiso,PGA,475,crustal,buffer margin 0 / 20 km,margin0,1.509811182452578,1.5105016500394959,0.04573204881130888
valparaiso,PGA,475,crustal,buffer margin 0 / 20 km,margin20,1.509811182452578,1.5095552978794362,-0.016948117494142156
valparaiso,PGA,475,crustal,cap and fault Mmin 6.5,cap65,1.509811182452578,1.5100793641232713,0.017762596661774488
valparaiso,PGA,475,crustal,declustering,dc_gruenthal,1.509811182452578,1.5097827324059978,-0.0018843446724203794
valparaiso,PGA,475,crustal,no declustering (full catalog),raw,1.509811182452578,1.5098203574025744,0.0006076885707972934
valparaiso,PGA,475,crustal,classification tolerance -5 / +5 km,cls_m5,1.509811182452578,1.5100026902884842,0.012684224234926766
valparaiso,PGA,475,crustal,classification tolerance -5 / +5 km,cls_p5,1.509811182452578,1.5096935840320889,-0.007788948833853393
valparaiso,PGA,475,crustal,default-depth events to interface,cls_fix,1.509811182452578,1.509803213782503,-0.0005277924926994082
valparaiso,PGA,475,crustal,background Mmax 7.5,mmax75,1.509811182452578,1.5100991746624028,0.019074716969380567
valparaiso,PGA,475,crustal,GMM (single vs tree),gmm_ask,1.509811182452578,1.5095542571855018,-0.017017046241418754
valparaiso,PGA,475,crustal,GMM (single vs tree),gmm_bssa,1.509811182452578,1.5104792166644267,0.044246209036780115
valparaiso,PGA,475,crustal,GMM (single vs tree),gmm_cb,1.509811182452578,1.5099085826782799,0.0064511527556598836
valparaiso,PGA,475,crustal,GMM (single vs tree),gmm_cy,1.509811182452578,1.5092995302378458,-0.03388849020848905
valparaiso,PGA,475,all,truncation 2.5 / 4.0,tr25,1.509811182452578,1.4404168574106664,-4.5962253988068635
valparaiso,PGA,475,all,truncation 2.5 / 4.0,tr40,1.509811182452578,1.5514883216332966,2.760420618491999
valparaiso,PGA,475,all,truncation 2.0,tr20,1.509811182452578,1.321471880164856,-12.474361329194728
valparaiso,PGA,475,all,"numerics: mesh 5 km, point-source distance 100 km",num,1.509811182452578,1.5269390321585696,1.13443653783043
valparaiso,PGA,475,all,"no declustering, all families",raw,1.509811182452578,1.4143661468440314,-6.321653774845082
valparaiso,PGA,475,all,"classification tolerance -5 / +5 km, all families",cls_m5,1.509811182452578,1.5691419789195058,3.9296832051905595
valparaiso,PGA,475,all,"classification tolerance -5 / +5 km, all families",cls_p5,1.509811182452578,1.4471785146203877,-4.148377529595992
valparaiso,PGA,475,all,"default-depth events to interface, all families",cls_fix,1.509811182452578,1.519239917460926,0.624497627115983
valparaiso,PGA,2475,interface,Z_BOTTOM 40 / 60 km,zbot40,2.8195329810994223,2.9889325138304677,6.008070622567829
valparaiso,PGA,2475,interface,Z_BOTTOM 40 / 60 km,zbot60,2.8195329810994223,2.701285206035499,-4.1938780591179725
valparaiso,PGA,2475,interface,Z_TOP 10 km,ztop10,2.8195329810994223,2.9555880399139296,4.825446615682272
valparaiso,PGA,2475,interface,declustering,dc_gk74sym,2.8195329810994223,2.8688580424121675,1.7494053676049504
valparaiso,PGA,2475,interface,declustering,dc_gruenthal,2.8195329810994223,2.8406636510503795,0.7494386514577123
valparaiso,PGA,2475,interface,no declustering (full catalog),raw,2.8195329810994223,2.539474552711674,-9.93279490841582
valparaiso,PGA,2475,interface,classification tolerance -5 / +5 km,cls_m5,2.8195329810994223,2.825071337935245,0.1964281628535236
valparaiso,PGA,2475,interface,classification tolerance -5 / +5 km,cls_p5,2.8195329810994223,2.8418800491498044,0.7925804805329228
valparaiso,PGA,2475,interface,default-depth events to interface,cls_fix,2.8195329810994223,2.8143583544224904,-0.1835277938445734
valparaiso,PGA,2475,interface,"completeness table, ends of the ensemble",mc_lo,2.8195329810994223,2.73521099825799,-2.9906365134467316
valparaiso,PGA,2475,interface,"completeness table, ends of the ensemble",mc_hi,2.8195329810994223,2.860364796100764,1.4481765340237374
valparaiso,PGA,2475,interface,keep 1962 / 1998 events,keep6298,2.8195329810994223,2.8356756292114316,0.5725291465012328
valparaiso,PGA,2475,interface,b: fit floor 5.4 / 6.0,fit54,2.8195329810994223,2.685270620651062,-4.761865221949169
valparaiso,PGA,2475,interface,b: fit floor 5.4 / 6.0,fit60,2.8195329810994223,2.9081374908995783,3.1425243256280933
valparaiso,PGA,2475,interface,MMIN_HAZ 6.5,mmin65,2.8195329810994223,2.8213824394588762,0.06559449284160301
valparaiso,PGA,2475,interface,geometry: segmented,seg,2.8195329810994223,2.6273491271366383,-6.816159103336528
valparaiso,PGA,2475,interface,rate: geodetic (mid),geo,2.8195329810994223,2.857412521967574,1.3434686212956182
valparaiso,PGA,2475,interface,MFD: tapered,tapered,2.8195329810994223,2.8775116992296463,2.056323459199838
valparaiso,PGA,2475,interface,full 16-branch tree,tree,2.8195329810994223,2.76226397945718,-2.031152039225703
valparaiso,PGA,2475,interface,rupture scaling: Allen & Hayes,msr_ah,2.8195329810994223,2.690652980247464,-4.5709697923697945
valparaiso,PGA,2475,interface,rupture aspect ratio 1.5 / 2 / 3,asp15,2.8195329810994223,2.836194048981076,0.5909158712928742
valparaiso,PGA,2475,interface,rupture aspect ratio 1.5 / 2 / 3,asp20,2.8195329810994223,2.8535402446387956,1.2061310779954981
valparaiso,PGA,2475,interface,rupture aspect ratio 1.5 / 2 / 3,asp30,2.8195329810994223,2.901588552332692,2.9102539953717255
valparaiso,PGA,2475,interface,GMM (single vs tree),gmm_ag,2.8195329810994223,2.59809341911067,-7.853767395989319
valparaiso,PGA,2475,interface,GMM (single vs tree),gmm_pk,2.8195329810994223,2.7017561515707795,-4.1771750966615
valparaiso,PGA,2475,interface,GMM (single vs tree),gmm_ku,2.8195329810994223,,
valparaiso,PGA,2475,intraslab,class domain cut at 50 km,classmask,2.8195329810994223,2.7777299617474434,-1.4826221091295277
valparaiso,PGA,2475,intraslab,declustering,dc_gk74sym,2.8195329810994223,2.8427561282266125,0.823652260245411
valparaiso,PGA,2475,intraslab,declustering,dc_gruenthal,2.8195329810994223,2.8538137425816896,1.215831193040362
valparaiso,PGA,2475,intraslab,no declustering (full catalog),raw,2.8195329810994223,2.8669617057295307,1.6821482475305016
valparaiso,PGA,2475,intraslab,classification tolerance -5 / +5 km,cls_m5,2.8195329810994223,2.901633578716893,2.9118509401318438
valparaiso,PGA,2475,intraslab,classification tolerance -5 / +5 km,cls_p5,2.8195329810994223,2.708738034689724,-3.9295495797497693
valparaiso,PGA,2475,intraslab,default-depth events to interface,cls_fix,2.8195329810994223,2.8402650884743124,0.73530288575685
valparaiso,PGA,2475,intraslab,"completeness table, ends of the ensemble",mc_lo,2.8195329810994223,,
valparaiso,PGA,2475,intraslab,"completeness table, ends of the ensemble",mc_hi,2.8195329810994223,2.8829799673909786,2.250265796387896
valparaiso,PGA,2475,intraslab,slab_deep b: floor 5.7 / 6.0,sd_fit57,2.8195329810994223,2.8225956943618224,0.10862484258673533
valparaiso,PGA,2475,intraslab,slab_deep b: floor 5.7 / 6.0,sd_fit60,2.8195329810994223,2.814520262279013,-0.17778542950239729
valparaiso,PGA,2475,intraslab,intra_slab b: floor 5.5 / 5.8,is_fit55,2.8195329810994223,2.757469295638901,-2.2012044504023165
valparaiso,PGA,2475,intraslab,intra_slab b: floor 5.5 / 5.8,is_fit58,2.8195329810994223,2.8765607592750726,2.0225965987251238
valparaiso,PGA,2475,intraslab,Mmax pad 0 / 0.4,pad0,2.8195329810994223,2.744510840456536,-2.6608002511690043
valparaiso,PGA,2475,intraslab,Mmax pad 0 / 0.4,pad04,2.8195329810994223,2.8911770492731477,2.540990605677873
valparaiso,PGA,2475,intraslab,"depths by slab-top regime, not thickness fraction",regime,2.8195329810994223,2.8149267224693633,-0.1633695601696017
valparaiso,PGA,2475,intraslab,"previous geometry: top + 7.5 km, depth-rule band",band_rule,2.8195329810994223,2.8174138109224605,-0.07516032588260613
valparaiso,PGA,2475,intraslab,smoothing neighbours 10 / 50,nn10,2.8195329810994223,2.826801257909694,0.2577830037454598
valparaiso,PGA,2475,intraslab,smoothing neighbours 10 / 50,nn50,2.8195329810994223,2.7956678318455745,-0.8464220640023168
valparaiso,PGA,2475,intraslab,pattern from all complete events / + calibrated kernel,smooth_all,2.8195329810994223,2.8195329810994223,0.0
valparaiso,PGA,2475,intraslab,pattern from all complete events / + calibrated kernel,smooth_cv,2.8195329810994223,2.8642466375837246,1.585853287903971
valparaiso,PGA,2475,intraslab,kernel gaussian / cut-off 200 km,gauss,2.8195329810994223,2.861288344017785,1.4809318847577746
valparaiso,PGA,2475,intraslab,kernel gaussian / cut-off 200 km,dmax200,2.8195329810994223,2.8374297929362298,0.6347438372516834
valparaiso,PGA,2475,intraslab,rupture scaling: Allen & Hayes,msr_ah,2.8195329810994223,2.756279707163534,-2.243395426118544
valparaiso,PGA,2475,intraslab,rupture aspect ratio 2,asp20,2.8195329810994223,2.8093603777837237,-0.3607903643578547
valparaiso,PGA,2475,intraslab,rupture dip 45 / 90,dip45,2.8195329810994223,2.770072528527461,-1.7542072713288448
valparaiso,PGA,2475,intraslab,rupture dip 45 / 90,dip90,2.8195329810994223,2.865190357984941,1.6193240934431419
valparaiso,PGA,2475,intraslab,sources from M5.5,mmin55,2.8195329810994223,2.8195329486133267,-1.1521800180602781e-06
valparaiso,PGA,2475,intraslab,GMM (single vs tree),gmm_ag,2.8195329810994223,2.6260987405578313,-6.8605063972745235
valparaiso,PGA,2475,intraslab,GMM (single vs tree),gmm_pk,2.8195329810994223,,
valparaiso,PGA,2475,intraslab,GMM (single vs tree),gmm_mv,2.8195329810994223,2.5246831824283262,-10.45739846448347
valparaiso,PGA,2475,crustal,faults vs no faults,nofaults,2.8195329810994223,2.81967545678157,0.005053166006674381
valparaiso,PGA,2475,crustal,buffer margin 0 / 20 km,margin0,2.8195329810994223,2.819620454515311,0.0031024079688135586
valparaiso,PGA,2475,crustal,buffer margin 0 / 20 km,margin20,2.8195329810994223,2.8194995475220694,-0.0011857842265761143
valparaiso,PGA,2475,crustal,cap and fault Mmin 6.5,cap65,2.8195329810994223,2.8195335305613245,1.9487691971242782e-05
valparaiso,PGA,2475,crustal,declustering,dc_gruenthal,2.8195329810994223,2.8195327935977326,-6.6500974060801354e-06
valparaiso,PGA,2475,crustal,no declustering (full catalog),raw,2.8195329810994223,2.8195273756480943,-0.00019880779424941153
valparaiso,PGA,2475,crustal,classification tolerance -5 / +5 km,cls_m5,2.8195329810994223,2.8195426647388095,0.00034344834596300444
valparaiso,PGA,2475,crustal,classification tolerance -5 / +5 km,cls_p5,2.8195329810994223,2.819525599201901,-0.00026181277433812156
valparaiso,PGA,2475,crustal,default-depth events to interface,cls_fix,2.8195329810994223,2.819533896130156,3.2453272935661914e-05
valparaiso,PGA,2475,crustal,background Mmax 7.5,mmax75,2.8195329810994223,2.819606930837882,0.0026227655060440114
valparaiso,PGA,2475,crustal,GMM (single vs tree),gmm_ask,2.8195329810994223,2.8195237917050413,-0.000325919024268817
valparaiso,PGA,2475,crustal,GMM (single vs tree),gmm_bssa,2.8195329810994223,2.81950301790387,-0.0010627006583385779
valparaiso,PGA,2475,crustal,GMM (single vs tree),gmm_cb,2.8195329810994223,2.819602110438632,0.002451801049074831
valparaiso,PGA,2475,crustal,GMM (single vs tree),gmm_cy,2.8195329810994223,2.8195029898347093,-0.0010636961835230885
valparaiso,PGA,2475,all,truncation 2.5 / 4.0,tr25,2.8195329810994223,2.6219087501138336,-7.009112229236236
valparaiso,PGA,2475,all,truncation 2.5 / 4.0,tr40,2.8195329810994223,2.9393231393093724,4.248581556341291
valparaiso,PGA,2475,all,truncation 2.0,tr20,2.8195329810994223,2.2912560393171115,-18.73632780051111
valparaiso,PGA,2475,all,"numerics: mesh 5 km, point-source distance 100 km",num,2.8195329810994223,2.8418294563968383,0.7907861141146055
valparaiso,PGA,2475,all,"no declustering, all families",raw,2.8195329810994223,2.6014667474178417,-7.734126011058395
valparaiso,PGA,2475,all,"classification tolerance -5 / +5 km, all families",cls_m5,2.8195329810994223,2.9070404820696822,3.1036168598438607
valparaiso,PGA,2475,all,"classification tolerance -5 / +5 km, all families",cls_p5,2.8195329810994223,2.73291661202581,-3.0720112037787906
valparaiso,PGA,2475,all,"default-depth events to interface, all families",cls_fix,2.8195329810994223,2.8351439255378086,0.5536712832598045
santiago_centro,PGA,475,interface,Z_BOTTOM 40 / 60 km,zbot40,0.8788891880756893,0.8440746275037725,-3.9612002336884555
santiago_centro,PGA,475,interface,Z_BOTTOM 40 / 60 km,zbot60,0.8788891880756893,0.8894851988508791,1.2056139635065355
santiago_centro,PGA,475,interface,Z_TOP 10 km,ztop10,0.8788891880756893,0.8988037177980461,2.2658749240002996
santiago_centro,PGA,475,interface,declustering,dc_gk74sym,0.8788891880756893,0.8940985905407505,1.7305256079394704
santiago_centro,PGA,475,interface,declustering,dc_gruenthal,0.8788891880756893,0.8853541417155849,0.7355823382069859
santiago_centro,PGA,475,interface,no declustering (full catalog),raw,0.8788891880756893,0.7963911645121633,-9.386624011629252
santiago_centro,PGA,475,interface,classification tolerance -5 / +5 km,cls_m5,0.8788891880756893,0.8805014797224174,0.18344652188271304
santiago_centro,PGA,475,interface,classification tolerance -5 / +5 km,cls_p5,0.8788891880756893,0.8858432698361559,0.7912353291877894
santiago_centro,PGA,475,interface,default-depth events to interface,cls_fix,0.8788891880756893,0.877314293296606,-0.17919150678499252
santiago_centro,PGA,475,interface,"completeness table, ends of the ensemble",mc_lo,0.8788891880756893,0.8532159690916074,-2.9210985107568477
santiago_centro,PGA,475,interface,"completeness table, ends of the ensemble",mc_hi,0.8788891880756893,0.8915143016771295,1.4364852557900543
santiago_centro,PGA,475,interface,keep 1962 / 1998 events,keep6298,0.8788891880756893,0.8838746619722807,0.5672471529098111
santiago_centro,PGA,475,interface,b: fit floor 5.4 / 6.0,fit54,0.8788891880756893,0.8384404237357662,-4.602259862643754
santiago_centro,PGA,475,interface,b: fit floor 5.4 / 6.0,fit60,0.8788891880756893,0.9064446708065538,3.1352624545532004
santiago_centro,PGA,475,interface,MMIN_HAZ 6.5,mmin65,0.8788891880756893,0.8794612705737413,0.06509153893503594
santiago_centro,PGA,475,interface,geometry: segmented,seg,0.8788891880756893,0.8303313550682051,-5.524909586588567
santiago_centro,PGA,475,interface,rate: geodetic (mid),geo,0.8788891880756893,0.8906688363893152,1.340288226712305
santiago_centro,PGA,475,interface,MFD: tapered,tapered,0.8788891880756893,0.896667908704412,2.0228625940488465
santiago_centro,PGA,475,interface,full 16-branch tree,tree,0.8788891880756893,0.8660693728313891,-1.4586384060963242
santiago_centro,PGA,475,interface,rupture scaling: Allen & Hayes,msr_ah,0.8788891880756893,0.8425997035763857,-4.129017058311835
santiago_centro,PGA,475,interface,rupture aspect ratio 1.5 / 2 / 3,asp15,0.8788891880756893,0.8796681720651388,0.08863278784383422
santiago_centro,PGA,475,interface,rupture aspect ratio 1.5 / 2 / 3,asp20,0.8788891880756893,0.8796651746492528,0.08829174190463362
santiago_centro,PGA,475,interface,rupture aspect ratio 1.5 / 2 / 3,asp30,0.8788891880756893,0.8834279555119038,0.5164208978553964
santiago_centro,PGA,475,interface,GMM (single vs tree),gmm_ag,0.8788891880756893,0.8260418171299007,-6.012973155523382
santiago_centro,PGA,475,interface,GMM (single vs tree),gmm_pk,0.8788891880756893,0.8889633370222351,1.1462365316613932
santiago_centro,PGA,475,interface,GMM (single vs tree),gmm_ku,0.8788891880756893,0.9228364766037167,5.0003218977183295
santiago_centro,PGA,475,intraslab,class domain cut at 50 km,classmask,0.8788891880756893,0.8628470066633557,-1.8252791853609729
santiago_centro,PGA,475,intraslab,declustering,dc_gk74sym,0.8788891880756893,0.9075906361784323,3.26565037915465
santiago_centro,PGA,475,intraslab,declustering,dc_gruenthal,0.8788891880756893,0.89354895292862,1.6679878478227828
santiago_centro,PGA,475,intraslab,no declustering (full catalog),raw,0.8788891880756893,0.8444759695363018,-3.915535542624504
santiago_centro,PGA,475,intraslab,classification tolerance -5 / +5 km,cls_m5,0.8788891880756893,0.8898344027684861,1.2453463805558007
santiago_centro,PGA,475,intraslab,classification tolerance -5 / +5 km,cls_p5,0.8788891880756893,0.8598387024918958,-2.167563993534183
santiago_centro,PGA,475,intraslab,default-depth events to interface,cls_fix,0.8788891880756893,0.8848937044456338,0.6831937918238884
santiago_centro,PGA,475,intraslab,"completeness table, ends of the ensemble",mc_lo,0.8788891880756893,0.9124289385114164,3.8161523535363617
santiago_centro,PGA,475,intraslab,"completeness table, ends of the ensemble",mc_hi,0.8788891880756893,0.9158746135064639,4.208201208135631
santiago_centro,PGA,475,intraslab,slab_deep b: floor 5.7 / 6.0,sd_fit57,0.8788891880756893,0.8644362513808539,-1.6444549427760968
santiago_centro,PGA,475,intraslab,slab_deep b: floor 5.7 / 6.0,sd_fit60,0.8788891880756893,0.8985286137683037,2.2345735911957876
santiago_centro,PGA,475,intraslab,intra_slab b: floor 5.5 / 5.8,is_fit55,0.8788891880756893,0.8640396060337162,-1.68958524503936
santiago_centro,PGA,475,intraslab,intra_slab b: floor 5.5 / 5.8,is_fit58,0.8788891880756893,0.8926078966373289,1.5609144756549398
santiago_centro,PGA,475,intraslab,Mmax pad 0 / 0.4,pad0,0.8788891880756893,0.8550255781694704,-2.7152012142131032
santiago_centro,PGA,475,intraslab,Mmax pad 0 / 0.4,pad04,0.8788891880756893,0.8999428819763942,2.3954890088933256
santiago_centro,PGA,475,intraslab,"depths by slab-top regime, not thickness fraction",regime,0.8788891880756893,0.8662819648154458,-1.4344496930092765
santiago_centro,PGA,475,intraslab,"previous geometry: top + 7.5 km, depth-rule band",band_rule,0.8788891880756893,0.9114740339663678,3.7075033272422564
santiago_centro,PGA,475,intraslab,smoothing neighbours 10 / 50,nn10,0.8788891880756893,0.8668202809373822,-1.3732000918945997
santiago_centro,PGA,475,intraslab,smoothing neighbours 10 / 50,nn50,0.8788891880756893,0.8893612138329998,1.1915069498395825
santiago_centro,PGA,475,intraslab,pattern from all complete events / + calibrated kernel,smooth_all,0.8788891880756893,0.8788891913007506,3.669474279988094e-07
santiago_centro,PGA,475,intraslab,pattern from all complete events / + calibrated kernel,smooth_cv,0.8788891880756893,0.8570085769945823,-2.489575634559138
santiago_centro,PGA,475,intraslab,kernel gaussian / cut-off 200 km,gauss,0.8788891880756893,0.8769413797622528,-0.22162160370877704
santiago_centro,PGA,475,intraslab,kernel gaussian / cut-off 200 km,dmax200,0.8788891880756893,0.8779158340636428,-0.11074820640103455
santiago_centro,PGA,475,intraslab,rupture scaling: Allen & Hayes,msr_ah,0.8788891880756893,0.8600345318857264,-2.145282527737624
santiago_centro,PGA,475,intraslab,rupture aspect ratio 2,asp20,0.8788891880756893,0.8787388109784315,-0.017109904103718154
santiago_centro,PGA,475,intraslab,rupture dip 45 / 90,dip45,0.8788891880756893,0.8652788797233586,-1.5485807012975306
santiago_centro,PGA,475,intraslab,rupture dip 45 / 90,dip90,0.8788891880756893,0.8998356374468539,2.3832867277644443
santiago_centro,PGA,475,intraslab,sources from M5.5,mmin55,0.8788891880756893,0.8788892343082039,5.2603348787982895e-06
santiago_centro,PGA,475,intraslab,GMM (single vs tree),gmm_ag,0.8788891880756893,0.867372997480004,-1.3103120111079947
santiago_centro,PGA,475,intraslab,GMM (single vs tree),gmm_pk,0.8788891880756893,1.0308605282473144,17.291297041025544
santiago_centro,PGA,475,intraslab,GMM (single vs tree),gmm_mv,0.8788891880756893,0.720247631293389,-18.050234197287473
santiago_centro,PGA,475,crustal,faults vs no faults,nofaults,0.8788891880756893,0.8841086872656703,0.5938745476445018
santiago_centro,PGA,475,crustal,buffer margin 0 / 20 km,margin0,0.8788891880756893,0.8838207322581768,0.5611110307643052
santiago_centro,PGA,475,crustal,buffer margin 0 / 20 km,margin20,0.8788891880756893,0.8759890537868603,-0.32997724038211773
santiago_centro,PGA,475,crustal,cap and fault Mmin 6.5,cap65,0.8788891880756893,0.8808195174729911,0.2196328528660363
santiago_centro,PGA,475,crustal,declustering,dc_gruenthal,0.8788891880756893,0.8787430000783584,-0.016633268370380705
santiago_centro,PGA,475,crustal,no declustering (full catalog),raw,0.8788891880756893,0.878709566297355,-0.020437363523329033
santiago_centro,PGA,475,crustal,classification tolerance -5 / +5 km,cls_m5,0.8788891880756893,0.8787235545037688,-0.018845785585674957
santiago_centro,PGA,475,crustal,classification tolerance -5 / +5 km,cls_p5,0.8788891880756893,0.8788657165885808,-0.0026705854875630486
santiago_centro,PGA,475,crustal,default-depth events to interface,cls_fix,0.8788891880756893,0.8790915598861865,0.023025861876879716
santiago_centro,PGA,475,crustal,background Mmax 7.5,mmax75,0.8788891880756893,0.880435751799423,0.1759679996883312
santiago_centro,PGA,475,crustal,GMM (single vs tree),gmm_ask,0.8788891880756893,0.8775130125695503,-0.15658123058176487
santiago_centro,PGA,475,crustal,GMM (single vs tree),gmm_bssa,0.8788891880756893,0.8835800741567837,0.5337289552241664
santiago_centro,PGA,475,crustal,GMM (single vs tree),gmm_cb,0.8788891880756893,0.8801098585829844,0.13888787390452517
santiago_centro,PGA,475,crustal,GMM (single vs tree),gmm_cy,0.8788891880756893,0.8742424301696493,-0.5287080520598897
santiago_centro,PGA,475,all,truncation 2.5 / 4.0,tr25,0.8788891880756893,0.8392823333945617,-4.506467392987956
santiago_centro,PGA,475,all,truncation 2.5 / 4.0,tr40,0.8788891880756893,0.9034497175427062,2.794496712468586
santiago_centro,PGA,475,all,truncation 2.0,tr20,0.8788891880756893,0.7704470420439344,-12.338545917169242
santiago_centro,PGA,475,all,"numerics: mesh 5 km, point-source distance 100 km",num,0.8788891880756893,0.8950468222837404,1.8384154029051025
santiago_centro,PGA,475,all,"no declustering, all families",raw,0.8788891880756893,0.7579831431251591,-13.756688168533692
santiago_centro,PGA,475,all,"classification tolerance -5 / +5 km, all families",cls_m5,0.8788891880756893,0.8912795921344082,1.4097800071755984
santiago_centro,PGA,475,all,"classification tolerance -5 / +5 km, all families",cls_p5,0.8788891880756893,0.8669627350630501,-1.3569916633918266
santiago_centro,PGA,475,all,"default-depth events to interface, all families",cls_fix,0.8788891880756893,0.8835273226655618,0.5277268912623256
santiago_centro,PGA,2475,interface,Z_BOTTOM 40 / 60 km,zbot40,1.6591288906149906,1.5811797957034495,-4.698194055474958
santiago_centro,PGA,2475,interface,Z_BOTTOM 40 / 60 km,zbot60,1.6591288906149906,1.687789191178699,1.727430624939874
santiago_centro,PGA,2475,interface,Z_TOP 10 km,ztop10,1.6591288906149906,1.6976424936410313,2.3213147118283706
santiago_centro,PGA,2475,interface,declustering,dc_gk74sym,1.6591288906149906,1.6827319268007772,1.4226161884889788
santiago_centro,PGA,2475,interface,declustering,dc_gruenthal,1.6591288906149906,1.6695287422213656,0.626826020883775
santiago_centro,PGA,2475,interface,no declustering (full catalog),raw,1.6591288906149906,1.5239637689070944,-8.146752339282958
santiago_centro,PGA,2475,interface,classification tolerance -5 / +5 km,cls_m5,1.6591288906149906,1.6627832752868152,0.22025923920052648
santiago_centro,PGA,2475,interface,classification tolerance -5 / +5 km,cls_p5,1.6591288906149906,1.668792060285128,0.5824242905296817
santiago_centro,PGA,2475,interface,default-depth events to interface,cls_fix,1.6591288906149906,1.6565490803457699,-0.15549185381640296
santiago_centro,PGA,2475,interface,"completeness table, ends of the ensemble",mc_lo,1.6591288906149906,1.6211311385998788,-2.290223033909511
santiago_centro,PGA,2475,interface,"completeness table, ends of the ensemble",mc_hi,1.6591288906149906,1.6781204145635562,1.144668389297121
santiago_centro,PGA,2475,interface,keep 1962 / 1998 events,keep6298,1.6591288906149906,1.6664931466161172,0.4438628031121272
santiago_centro,PGA,2475,interface,b: fit floor 5.4 / 6.0,fit54,1.6591288906149906,1.5969401331152753,-3.7482776565155085
santiago_centro,PGA,2475,interface,b: fit floor 5.4 / 6.0,fit60,1.6591288906149906,1.7006435481059892,2.5021960455170023
santiago_centro,PGA,2475,interface,MMIN_HAZ 6.5,mmin65,1.6591288906149906,1.6599484765687522,0.04939857044246043
santiago_centro,PGA,2475,interface,geometry: segmented,seg,1.6591288906149906,1.54878024583313,-6.650998931189589
santiago_centro,PGA,2475,interface,rate: geodetic (mid),geo,1.6591288906149906,1.6759346958006518,1.0129294523604893
santiago_centro,PGA,2475,interface,MFD: tapered,tapered,1.6591288906149906,1.6874106891886542,1.7046173286260125
santiago_centro,PGA,2475,interface,full 16-branch tree,tree,1.6591288906149906,1.621847589592999,-2.2470406749515726
santiago_centro,PGA,2475,interface,rupture scaling: Allen & Hayes,msr_ah,1.6591288906149906,1.5893384476320482,-4.206450950117146
santiago_centro,PGA,2475,interface,rupture aspect ratio 1.5 / 2 / 3,asp15,1.6591288906149906,1.6597471917353481,0.0372666116451148
santiago_centro,PGA,2475,interface,rupture aspect ratio 1.5 / 2 / 3,asp20,1.6591288906149906,1.660165007563229,0.062449454897639534
santiago_centro,PGA,2475,interface,rupture aspect ratio 1.5 / 2 / 3,asp30,1.6591288906149906,1.66489611528282,0.34760558389721474
santiago_centro,PGA,2475,interface,GMM (single vs tree),gmm_ag,1.6591288906149906,1.5511593818709548,-6.5076022336043255
santiago_centro,PGA,2475,interface,GMM (single vs tree),gmm_pk,1.6591288906149906,1.6861639357694063,1.6294722674857764
santiago_centro,PGA,2475,interface,GMM (single vs tree),gmm_ku,1.6591288906149906,1.7356550330260903,4.61242901886505
santiago_centro,PGA,2475,intraslab,class domain cut at 50 km,classmask,1.6591288906149906,1.6367762465710218,-1.3472518121050436
santiago_centro,PGA,2475,intraslab,declustering,dc_gk74sym,1.6591288906149906,1.7105537280378473,3.099508284964836
santiago_centro,PGA,2475,intraslab,declustering,dc_gruenthal,1.6591288906149906,1.6870758723421588,1.684437049180021
santiago_centro,PGA,2475,intraslab,no declustering (full catalog),raw,1.6591288906149906,1.5916591893953775,-4.066573826859465
santiago_centro,PGA,2475,intraslab,classification tolerance -5 / +5 km,cls_m5,1.6591288906149906,1.6746874398784848,0.9377541040664461
santiago_centro,PGA,2475,intraslab,classification tolerance -5 / +5 km,cls_p5,1.6591288906149906,1.6303868016911605,-1.7323602214639466
santiago_centro,PGA,2475,intraslab,default-depth events to interface,cls_fix,1.6591288906149906,1.6689560749653272,0.5923098805599158
santiago_centro,PGA,2475,intraslab,"completeness table, ends of the ensemble",mc_lo,1.6591288906149906,1.698719901618106,2.38625288409271
santiago_centro,PGA,2475,intraslab,"completeness table, ends of the ensemble",mc_hi,1.6591288906149906,1.7196965288420984,3.650568594743553
santiago_centro,PGA,2475,intraslab,slab_deep b: floor 5.7 / 6.0,sd_fit57,1.6591288906149906,1.6310606371925007,-1.6917464086883438
santiago_centro,PGA,2475,intraslab,slab_deep b: floor 5.7 / 6.0,sd_fit60,1.6591288906149906,1.6979288923868368,2.3385767068081265
santiago_centro,PGA,2475,intraslab,intra_slab b: floor 5.5 / 5.8,is_fit55,1.6591288906149906,1.634891851046002,-1.460829216228321
santiago_centro,PGA,2475,intraslab,intra_slab b: floor 5.5 / 5.8,is_fit58,1.6591288906149906,1.6823718482528065,1.4009133207969482
santiago_centro,PGA,2475,intraslab,Mmax pad 0 / 0.4,pad0,1.6591288906149906,1.6033580224360022,-3.3614548269553457
santiago_centro,PGA,2475,intraslab,Mmax pad 0 / 0.4,pad04,1.6591288906149906,1.7111921925356754,3.1379901956493983
santiago_centro,PGA,2475,intraslab,"depths by slab-top regime, not thickness fraction",regime,1.6591288906149906,1.6344180683940868,-1.4893853250752764
santiago_centro,PGA,2475,intraslab,"previous geometry: top + 7.5 km, depth-rule band",band_rule,1.6591288906149906,1.692186026367986,1.9924392818415848
santiago_centro,PGA,2475,intraslab,smoothing neighbours 10 / 50,nn10,1.6591288906149906,1.6398274390723124,-1.1633485289695433
santiago_centro,PGA,2475,intraslab,smoothing neighbours 10 / 50,nn50,1.6591288906149906,1.6757484666317146,1.0017049374966724
santiago_centro,PGA,2475,intraslab,pattern from all complete events / + calibrated kernel,smooth_all,1.6591288906149906,1.6591288971411415,3.933480430262648e-07
santiago_centro,PGA,2475,intraslab,pattern from all complete events / + calibrated kernel,smooth_cv,1.6591288906149906,1.624829849853947,-2.067292116667918
santiago_centro,PGA,2475,intraslab,kernel gaussian / cut-off 200 km,gauss,1.6591288906149906,1.6569459013550967,-0.13157442271315434
santiago_centro,PGA,2475,intraslab,kernel gaussian / cut-off 200 km,dmax200,1.6591288906149906,1.6591273057628508,-9.552314763627834e-05
santiago_centro,PGA,2475,intraslab,rupture scaling: Allen & Hayes,msr_ah,1.6591288906149906,1.6177236084604991,-2.495603710399119
santiago_centro,PGA,2475,intraslab,rupture aspect ratio 2,asp20,1.6591288906149906,1.6510272975269142,-0.48830402109828475
santiago_centro,PGA,2475,intraslab,rupture dip 45 / 90,dip45,1.6591288906149906,1.62670750573463,-1.9541209283832628
santiago_centro,PGA,2475,intraslab,rupture dip 45 / 90,dip90,1.6591288906149906,1.6988200783774399,2.392290797114427
santiago_centro,PGA,2475,intraslab,sources from M5.5,mmin55,1.6591288906149906,1.659128872017715,-1.1209060124528492e-06
santiago_centro,PGA,2475,intraslab,GMM (single vs tree),gmm_ag,1.6591288906149906,1.6498568072011035,-0.5588525078633388
santiago_centro,PGA,2475,intraslab,GMM (single vs tree),gmm_pk,1.6591288906149906,1.9367846330040923,16.735031495122897
santiago_centro,PGA,2475,intraslab,GMM (single vs tree),gmm_mv,1.6591288906149906,1.3112444782627901,-20.967895521561918
santiago_centro,PGA,2475,crustal,faults vs no faults,nofaults,1.6591288906149906,1.6619551949955922,0.17034869301528754
santiago_centro,PGA,2475,crustal,buffer margin 0 / 20 km,margin0,1.6591288906149906,1.6618454480896367,0.16373396244333538
santiago_centro,PGA,2475,crustal,buffer margin 0 / 20 km,margin20,1.6591288906149906,1.6576697025599292,-0.08794904743780751
santiago_centro,PGA,2475,crustal,cap and fault Mmin 6.5,cap65,1.6591288906149906,1.6596812054494114,0.03328944710354609
santiago_centro,PGA,2475,crustal,declustering,dc_gruenthal,1.6591288906149906,1.659136881674225,0.0004816418591513383
santiago_centro,PGA,2475,crustal,no declustering (full catalog),raw,1.6591288906149906,1.658826528493635,-0.018224149013734703
santiago_centro,PGA,2475,crustal,classification tolerance -5 / +5 km,cls_m5,1.6591288906149906,1.6590364320391628,-0.005572718090240958
santiago_centro,PGA,2475,crustal,classification tolerance -5 / +5 km,cls_p5,1.6591288906149906,1.659142238362429,0.0008045033459413986
santiago_centro,PGA,2475,crustal,default-depth events to interface,cls_fix,1.6591288906149906,1.659217585551083,0.005345873765083553
santiago_centro,PGA,2475,crustal,background Mmax 7.5,mmax75,1.6591288906149906,1.6604893658014206,0.0819993669042729
santiago_centro,PGA,2475,crustal,GMM (single vs tree),gmm_ask,1.6591288906149906,1.6584431259163288,-0.04133281642799691
santiago_centro,PGA,2475,crustal,GMM (single vs tree),gmm_bssa,1.6591288906149906,1.6606147114678693,0.08955427521535331
santiago_centro,PGA,2475,crustal,GMM (single vs tree),gmm_cb,1.6591288906149906,1.6596690531874276,0.03255699876558715
santiago_centro,PGA,2475,crustal,GMM (single vs tree),gmm_cy,1.6591288906149906,1.657774927792408,-0.08160684985002442
santiago_centro,PGA,2475,all,truncation 2.5 / 4.0,tr25,1.6591288906149906,1.5508594470076702,-6.525680085480767
santiago_centro,PGA,2475,all,truncation 2.5 / 4.0,tr40,1.6591288906149906,1.7268280293110307,4.080402618445511
santiago_centro,PGA,2475,all,truncation 2.0,tr20,1.6591288906149906,1.3558614676163114,-18.278713891014633
santiago_centro,PGA,2475,all,"numerics: mesh 5 km, point-source distance 100 km",num,1.6591288906149906,1.6901265083009442,1.8683067880557402
santiago_centro,PGA,2475,all,"no declustering, all families",raw,1.6591288906149906,1.439296893032378,-13.249844471162653
santiago_centro,PGA,2475,all,"classification tolerance -5 / +5 km, all families",cls_m5,1.6591288906149906,1.678199704416983,1.1494473943445938
santiago_centro,PGA,2475,all,"classification tolerance -5 / +5 km, all families",cls_p5,1.6591288906149906,1.6404253953842933,-1.1273081516749661
santiago_centro,PGA,2475,all,"default-depth events to interface, all families",cls_fix,1.6591288906149906,1.666490611665719,0.4437100150790352
santiago_penalolen,PGA,475,interface,Z_BOTTOM 40 / 60 km,zbot40,0.8095567080084848,0.7781844559561802,-3.8752383547633773
santiago_penalolen,PGA,475,interface,Z_BOTTOM 40 / 60 km,zbot60,0.8095567080084848,0.8275174340438722,2.218587760154689
santiago_penalolen,PGA,475,interface,Z_TOP 10 km,ztop10,0.8095567080084848,0.8247474059920871,1.8764217297354557
santiago_penalolen,PGA,475,interface,declustering,dc_gk74sym,0.8095567080084848,0.8213544088176001,1.4573038173122832
santiago_penalolen,PGA,475,interface,declustering,dc_gruenthal,0.8095567080084848,0.8146088339154669,0.6240607800546139
santiago_penalolen,PGA,475,interface,no declustering (full catalog),raw,0.8095567080084848,0.7421713908884003,-8.323730314810529
santiago_penalolen,PGA,475,interface,classification tolerance -5 / +5 km,cls_m5,0.8095567080084848,0.8109316967430855,0.16984464719997927
santiago_penalolen,PGA,475,interface,classification tolerance -5 / +5 km,cls_p5,0.8095567080084848,0.8148259723905938,0.650882678135245
santiago_penalolen,PGA,475,interface,default-depth events to interface,cls_fix,0.8095567080084848,0.8083212869128519,-0.15260463947881497
santiago_penalolen,PGA,475,interface,"completeness table, ends of the ensemble",mc_lo,0.8095567080084848,0.7892691303859799,-2.506010687307192
santiago_penalolen,PGA,475,interface,"completeness table, ends of the ensemble",mc_hi,0.8095567080084848,0.8192840773060636,1.2015673764853574
santiago_penalolen,PGA,475,interface,keep 1962 / 1998 events,keep6298,0.8095567080084848,0.8133815131021026,0.4724567230165899
santiago_penalolen,PGA,475,interface,b: fit floor 5.4 / 6.0,fit54,0.8095567080084848,0.7769497227516976,-4.027758022906214
santiago_penalolen,PGA,475,interface,b: fit floor 5.4 / 6.0,fit60,0.8095567080084848,0.830812469341869,2.6256049913629287
santiago_penalolen,PGA,475,interface,MMIN_HAZ 6.5,mmin65,0.8095567080084848,0.8099926878222525,0.05385414134115862
santiago_penalolen,PGA,475,interface,geometry: segmented,seg,0.8095567080084848,0.765506026192842,-5.441333680503712
santiago_penalolen,PGA,475,interface,rate: geodetic (mid),geo,0.8095567080084848,0.8185333646649717,1.1088360540634223
santiago_penalolen,PGA,475,interface,MFD: tapered,tapered,0.8095567080084848,0.8234055537502343,1.7106702476492153
santiago_penalolen,PGA,475,interface,full 16-branch tree,tree,0.8095567080084848,0.7972756776379374,-1.5170068074364829
santiago_penalolen,PGA,475,interface,rupture scaling: Allen & Hayes,msr_ah,0.8095567080084848,0.7793396541345642,-3.7325432023477045
santiago_penalolen,PGA,475,interface,rupture aspect ratio 1.5 / 2 / 3,asp15,0.8095567080084848,0.8099339724712497,0.04660136331806619
santiago_penalolen,PGA,475,interface,rupture aspect ratio 1.5 / 2 / 3,asp20,0.8095567080084848,0.8098704325359375,0.038752631452410036
santiago_penalolen,PGA,475,interface,rupture aspect ratio 1.5 / 2 / 3,asp30,0.8095567080084848,0.8122909549919956,0.3377461957219774
santiago_penalolen,PGA,475,interface,GMM (single vs tree),gmm_ag,0.8095567080084848,0.7645246236555628,-5.562560832051055
santiago_penalolen,PGA,475,interface,GMM (single vs tree),gmm_pk,0.8095567080084848,0.8240892075567586,1.7951181683150796
santiago_penalolen,PGA,475,interface,GMM (single vs tree),gmm_ku,0.8095567080084848,0.8384922871500913,3.5742498154067937
santiago_penalolen,PGA,475,intraslab,class domain cut at 50 km,classmask,0.8095567080084848,0.7965363988979517,-1.6083257641781645
santiago_penalolen,PGA,475,intraslab,declustering,dc_gk74sym,0.8095567080084848,0.8363726128124073,3.312418331989342
santiago_penalolen,PGA,475,intraslab,declustering,dc_gruenthal,0.8095567080084848,0.8219910354450958,1.5359427342896748
santiago_penalolen,PGA,475,intraslab,no declustering (full catalog),raw,0.8095567080084848,0.7734149778551254,-4.4643852364917525
santiago_penalolen,PGA,475,intraslab,classification tolerance -5 / +5 km,cls_m5,0.8095567080084848,0.8182707788373574,1.0764002994069877
santiago_penalolen,PGA,475,intraslab,classification tolerance -5 / +5 km,cls_p5,0.8095567080084848,0.7942978994352399,-1.8848350488975263
santiago_penalolen,PGA,475,intraslab,default-depth events to interface,cls_fix,0.8095567080084848,0.8147448076820278,0.6408568568724293
santiago_penalolen,PGA,475,intraslab,"completeness table, ends of the ensemble",mc_lo,0.8095567080084848,0.8322486835582985,2.8030124789696576
santiago_penalolen,PGA,475,intraslab,"completeness table, ends of the ensemble",mc_hi,0.8095567080084848,0.8449447212437781,4.371282812583699
santiago_penalolen,PGA,475,intraslab,slab_deep b: floor 5.7 / 6.0,sd_fit57,0.8095567080084848,0.7932217214873499,-2.0177692753999943
santiago_penalolen,PGA,475,intraslab,slab_deep b: floor 5.7 / 6.0,sd_fit60,0.8095567080084848,0.831156353884587,2.6680831203582445
santiago_penalolen,PGA,475,intraslab,intra_slab b: floor 5.5 / 5.8,is_fit55,0.8095567080084848,0.7970307316386114,-1.5472636130318018
santiago_penalolen,PGA,475,intraslab,intra_slab b: floor 5.5 / 5.8,is_fit58,0.8095567080084848,0.8211071307942492,1.4267589498675903
santiago_penalolen,PGA,475,intraslab,Mmax pad 0 / 0.4,pad0,0.8095567080084848,0.7870654933977178,-2.7782136060728213
santiago_penalolen,PGA,475,intraslab,Mmax pad 0 / 0.4,pad04,0.8095567080084848,0.8286985238165874,2.364481156013354
santiago_penalolen,PGA,475,intraslab,"depths by slab-top regime, not thickness fraction",regime,0.8095567080084848,0.79784026588801,-1.447266387217916
santiago_penalolen,PGA,475,intraslab,"previous geometry: top + 7.5 km, depth-rule band",band_rule,0.8095567080084848,0.8419276361254556,3.998599208275788
santiago_penalolen,PGA,475,intraslab,smoothing neighbours 10 / 50,nn10,0.8095567080084848,0.7999526999688245,-1.1863292521269164
santiago_penalolen,PGA,475,intraslab,smoothing neighbours 10 / 50,nn50,0.8095567080084848,0.8187500141311242,1.1355975476078806
santiago_penalolen,PGA,475,intraslab,pattern from all complete events / + calibrated kernel,smooth_all,0.8095567080084848,0.8095567080084848,0.0
santiago_penalolen,PGA,475,intraslab,pattern from all complete events / + calibrated kernel,smooth_cv,0.8095567080084848,0.7915588562602858,-2.2231736912505906
santiago_penalolen,PGA,475,intraslab,kernel gaussian / cut-off 200 km,gauss,0.8095567080084848,0.8072682994966444,-0.28267426965924436
santiago_penalolen,PGA,475,intraslab,kernel gaussian / cut-off 200 km,dmax200,0.8095567080084848,0.8073951106844351,-0.2670099948115068
santiago_penalolen,PGA,475,intraslab,rupture scaling: Allen & Hayes,msr_ah,0.8095567080084848,0.7917958728008773,-2.193896367222914
santiago_penalolen,PGA,475,intraslab,rupture aspect ratio 2,asp20,0.8095567080084848,0.8097532160283253,0.024273533638408118
santiago_penalolen,PGA,475,intraslab,rupture dip 45 / 90,dip45,0.8095567080084848,0.7968047816316844,-1.575173950219022
santiago_penalolen,PGA,475,intraslab,rupture dip 45 / 90,dip90,0.8095567080084848,0.8284171555825471,2.329725316026243
santiago_penalolen,PGA,475,intraslab,sources from M5.5,mmin55,0.8095567080084848,0.8095567626402993,6.748361669473013e-06
santiago_penalolen,PGA,475,intraslab,GMM (single vs tree),gmm_ag,0.8095567080084848,0.8056360654257443,-0.4842949905739524
santiago_penalolen,PGA,475,intraslab,GMM (single vs tree),gmm_pk,0.8095567080084848,0.946669423826881,16.936764832162844
santiago_penalolen,PGA,475,intraslab,GMM (single vs tree),gmm_mv,0.8095567080084848,0.6581446967814074,-18.703076600964984
santiago_penalolen,PGA,475,crustal,faults vs no faults,nofaults,0.8095567080084848,0.8114603946161474,0.2351517304261197
santiago_penalolen,PGA,475,crustal,buffer margin 0 / 20 km,margin0,0.8095567080084848,0.8157265777873264,0.7621294120358169
santiago_penalolen,PGA,475,crustal,buffer margin 0 / 20 km,margin20,0.8095567080084848,0.809105671692315,-0.05571398664330207
santiago_penalolen,PGA,475,crustal,cap and fault Mmin 6.5,cap65,0.8095567080084848,0.8115960772981959,0.25191185120656545
santiago_penalolen,PGA,475,crustal,declustering,dc_gruenthal,0.8095567080084848,0.809255479558935,-0.037209061029319646
santiago_penalolen,PGA,475,crustal,no declustering (full catalog),raw,0.8095567080084848,0.8105460562614412,0.12220864124394826
santiago_penalolen,PGA,475,crustal,classification tolerance -5 / +5 km,cls_m5,0.8095567080084848,0.8094866686541597,-0.008651568646422803
santiago_penalolen,PGA,475,crustal,classification tolerance -5 / +5 km,cls_p5,0.8095567080084848,0.8095350461554888,-0.0026757672170085733
santiago_penalolen,PGA,475,crustal,default-depth events to interface,cls_fix,0.8095567080084848,0.8096542951038586,0.012054386605453438
santiago_penalolen,PGA,475,crustal,background Mmax 7.5,mmax75,0.8095567080084848,0.81056695509702,0.12479015719855102
santiago_penalolen,PGA,475,crustal,GMM (single vs tree),gmm_ask,0.8095567080084848,0.8084242431528496,-0.13988703254910195
santiago_penalolen,PGA,475,crustal,GMM (single vs tree),gmm_bssa,0.8095567080084848,0.8127613767111025,0.39585475247325697
santiago_penalolen,PGA,475,crustal,GMM (single vs tree),gmm_cb,0.8095567080084848,0.8132999478401366,0.4623814236386581
santiago_penalolen,PGA,475,crustal,GMM (single vs tree),gmm_cy,0.8095567080084848,0.8036016430855644,-0.7355957728483187
santiago_penalolen,PGA,475,all,truncation 2.5 / 4.0,tr25,0.8095567080084848,0.7713594717364164,-4.718290379686174
santiago_penalolen,PGA,475,all,truncation 2.5 / 4.0,tr40,0.8095567080084848,0.8321779291591426,2.7942725848453698
santiago_penalolen,PGA,475,all,truncation 2.0,tr20,0.8095567080084848,0.7053321243300659,-12.874278311498665
santiago_penalolen,PGA,475,all,"numerics: mesh 5 km, point-source distance 100 km",num,0.8095567080084848,0.8173041108833493,0.9569932282968985
santiago_penalolen,PGA,475,all,"no declustering, all families",raw,0.8095567080084848,0.7052670114140754,-12.882321344845959
santiago_penalolen,PGA,475,all,"classification tolerance -5 / +5 km, all families",cls_m5,0.8095567080084848,0.8195693766541735,1.2368088049470982
santiago_penalolen,PGA,475,all,"classification tolerance -5 / +5 km, all families",cls_p5,0.8095567080084848,0.799985963688207,-1.1822203714205393
santiago_penalolen,PGA,475,all,"default-depth events to interface, all families",cls_fix,0.8095567080084848,0.8136132947591318,0.5010874112360009
santiago_penalolen,PGA,2475,interface,Z_BOTTOM 40 / 60 km,zbot40,1.5141430662429765,1.4451668453012823,-4.555462589994486
santiago_penalolen,PGA,2475,interface,Z_BOTTOM 40 / 60 km,zbot60,1.5141430662429765,1.5591903200675712,2.9750989076857692
santiago_penalolen,PGA,2475,interface,Z_TOP 10 km,ztop10,1.5141430662429765,1.544677788897073,2.01663391887148
santiago_penalolen,PGA,2475,interface,declustering,dc_gk74sym,1.5141430662429765,1.5334230973056342,1.273329548078772
santiago_penalolen,PGA,2475,interface,declustering,dc_gruenthal,1.5141430662429765,1.5226667786514927,0.5629396982721024
santiago_penalolen,PGA,2475,interface,no declustering (full catalog),raw,1.5141430662429765,1.4077386617060075,-7.0273679488549785
santiago_penalolen,PGA,2475,interface,classification tolerance -5 / +5 km,cls_m5,1.5141430662429765,1.5172668119329489,0.20630452693768397
santiago_penalolen,PGA,2475,interface,classification tolerance -5 / +5 km,cls_p5,1.5141430662429765,1.5218731026392414,0.5105221936157811
santiago_penalolen,PGA,2475,interface,default-depth events to interface,cls_fix,1.5141430662429765,1.5120279799171115,-0.13968867097302606
santiago_penalolen,PGA,2475,interface,"completeness table, ends of the ensemble",mc_lo,1.5141430662429765,1.4836772964491185,-2.0120799991147686
santiago_penalolen,PGA,2475,interface,"completeness table, ends of the ensemble",mc_hi,1.5141430662429765,1.5295667706072515,1.0186424723091614
santiago_penalolen,PGA,2475,interface,keep 1962 / 1998 events,keep6298,1.5141430662429765,1.5200942797286077,0.3930416892769406
santiago_penalolen,PGA,2475,interface,b: fit floor 5.4 / 6.0,fit54,1.5141430662429765,1.4641936235468582,-3.2988588601509883
santiago_penalolen,PGA,2475,interface,b: fit floor 5.4 / 6.0,fit60,1.5141430662429765,1.5479803823712734,2.2347502612323877
santiago_penalolen,PGA,2475,interface,MMIN_HAZ 6.5,mmin65,1.5141430662429765,1.5148014767282805,0.043484033971630254
santiago_penalolen,PGA,2475,interface,geometry: segmented,seg,1.5141430662429765,1.418367560191941,-6.3253934311955025
santiago_penalolen,PGA,2475,interface,rate: geodetic (mid),geo,1.5141430662429765,1.527665969858759,0.8931060688562642
santiago_penalolen,PGA,2475,interface,MFD: tapered,tapered,1.5141430662429765,1.5373705679363021,1.534036129819616
santiago_penalolen,PGA,2475,interface,full 16-branch tree,tree,1.5141430662429765,1.4802873219955996,-2.2359673271418523
santiago_penalolen,PGA,2475,interface,rupture scaling: Allen & Hayes,msr_ah,1.5141430662429765,1.455918958661048,-3.8453504744699774
santiago_penalolen,PGA,2475,interface,rupture aspect ratio 1.5 / 2 / 3,asp15,1.5141430662429765,1.5144193383300657,0.01824610192051601
santiago_penalolen,PGA,2475,interface,rupture aspect ratio 1.5 / 2 / 3,asp20,1.5141430662429765,1.5146414086956281,0.032912507659421664
santiago_penalolen,PGA,2475,interface,rupture aspect ratio 1.5 / 2 / 3,asp30,1.5141430662429765,1.5177194788178514,0.23620043935141943
santiago_penalolen,PGA,2475,interface,GMM (single vs tree),gmm_ag,1.5141430662429765,1.4236040655776632,-5.979553893144751
santiago_penalolen,PGA,2475,interface,GMM (single vs tree),gmm_pk,1.5141430662429765,1.5503168258381543,2.3890582337728006
santiago_penalolen,PGA,2475,interface,GMM (single vs tree),gmm_ku,1.5141430662429765,1.564136217676022,3.301745558105873
santiago_penalolen,PGA,2475,intraslab,class domain cut at 50 km,classmask,1.5141430662429765,1.494928106074942,-1.2690320086933604
santiago_penalolen,PGA,2475,intraslab,declustering,dc_gk74sym,1.5141430662429765,1.5656869387396348,3.4041613138019677
santiago_penalolen,PGA,2475,intraslab,declustering,dc_gruenthal,1.5141430662429765,1.540209669198921,1.7215416123539384
santiago_penalolen,PGA,2475,intraslab,no declustering (full catalog),raw,1.5141430662429765,1.4416892144787732,-4.785139091511481
santiago_penalolen,PGA,2475,intraslab,classification tolerance -5 / +5 km,cls_m5,1.5141430662429765,1.527893653925916,0.9081432256635269
santiago_penalolen,PGA,2475,intraslab,classification tolerance -5 / +5 km,cls_p5,1.5141430662429765,1.4889624994249973,-1.6630242794995254
santiago_penalolen,PGA,2475,intraslab,default-depth events to interface,cls_fix,1.5141430662429765,1.523461107012378,0.6154002866137542
santiago_penalolen,PGA,2475,intraslab,"completeness table, ends of the ensemble",mc_lo,1.5141430662429765,1.541337993554078,1.7960606178767602
santiago_penalolen,PGA,2475,intraslab,"completeness table, ends of the ensemble",mc_hi,1.5141430662429765,1.5762328736607158,4.100656589327589
santiago_penalolen,PGA,2475,intraslab,slab_deep b: floor 5.7 / 6.0,sd_fit57,1.5141430662429765,1.4800364315999497,-2.25253712171698
santiago_penalolen,PGA,2475,intraslab,slab_deep b: floor 5.7 / 6.0,sd_fit60,1.5141430662429765,1.5601928679353898,3.0413111362505685
santiago_penalolen,PGA,2475,intraslab,intra_slab b: floor 5.5 / 5.8,is_fit55,1.5141430662429765,1.491727873808273,-1.4803880118357537
santiago_penalolen,PGA,2475,intraslab,intra_slab b: floor 5.5 / 5.8,is_fit58,1.5141430662429765,1.5357662342556522,1.4280795847336325
santiago_penalolen,PGA,2475,intraslab,Mmax pad 0 / 0.4,pad0,1.5141430662429765,1.4581915470376439,-3.695259744785173
santiago_penalolen,PGA,2475,intraslab,Mmax pad 0 / 0.4,pad04,1.5141430662429765,1.564466343003,3.323548341101601
santiago_penalolen,PGA,2475,intraslab,"depths by slab-top regime, not thickness fraction",regime,1.5141430662429765,1.4888647829298298,-1.6694778635330199
santiago_penalolen,PGA,2475,intraslab,"previous geometry: top + 7.5 km, depth-rule band",band_rule,1.5141430662429765,1.5538076263154026,2.6196045114049493
santiago_penalolen,PGA,2475,intraslab,smoothing neighbours 10 / 50,nn10,1.5141430662429765,1.4970903628489534,-1.1262280146575376
santiago_penalolen,PGA,2475,intraslab,smoothing neighbours 10 / 50,nn50,1.5141430662429765,1.5303265566964874,1.0688217523372456
santiago_penalolen,PGA,2475,intraslab,pattern from all complete events / + calibrated kernel,smooth_all,1.5141430662429765,1.5141430684173294,1.436028629342445e-07
santiago_penalolen,PGA,2475,intraslab,pattern from all complete events / + calibrated kernel,smooth_cv,1.5141430662429765,1.4843922485621064,-1.9648617322992057
santiago_penalolen,PGA,2475,intraslab,kernel gaussian / cut-off 200 km,gauss,1.5141430662429765,1.5122236141668872,-0.12676821093610124
santiago_penalolen,PGA,2475,intraslab,kernel gaussian / cut-off 200 km,dmax200,1.5141430662429765,1.5120129651078777,-0.14068030839279322
santiago_penalolen,PGA,2475,intraslab,rupture scaling: Allen & Hayes,msr_ah,1.5141430662429765,1.471964727763503,-2.7856243851599793
santiago_penalolen,PGA,2475,intraslab,rupture aspect ratio 2,asp20,1.5141430662429765,1.5074020516897975,-0.4452032772507719
santiago_penalolen,PGA,2475,intraslab,rupture dip 45 / 90,dip45,1.5141430662429765,1.4804158697500924,-2.2274775247342338
santiago_penalolen,PGA,2475,intraslab,rupture dip 45 / 90,dip90,1.5141430662429765,1.55311802869379,2.5740607555349238
santiago_penalolen,PGA,2475,intraslab,sources from M5.5,mmin55,1.5141430662429765,1.5141430771204487,7.183913242059248e-07
santiago_penalolen,PGA,2475,intraslab,GMM (single vs tree),gmm_ag,1.5141430662429765,1.5197931944234373,0.37315682424121643
santiago_penalolen,PGA,2475,intraslab,GMM (single vs tree),gmm_pk,1.5141430662429765,1.76324045062596,16.451377015585834
santiago_penalolen,PGA,2475,intraslab,GMM (single vs tree),gmm_mv,1.5141430662429765,1.1749369171058786,-22.40251642658614
santiago_penalolen,PGA,2475,crustal,faults vs no faults,nofaults,1.5141430662429765,1.511151886028631,-0.19754937832706654
santiago_penalolen,PGA,2475,crustal,buffer margin 0 / 20 km,margin0,1.5141430662429765,1.5180834729760926,0.26024005399261085
santiago_penalolen,PGA,2475,crustal,buffer margin 0 / 20 km,margin20,1.5141430662429765,1.5141087087577954,-0.0022691042839362296
santiago_penalolen,PGA,2475,crustal,cap and fault Mmin 6.5,cap65,1.5141430662429765,1.5144871094601409,0.022721975540807016
santiago_penalolen,PGA,2475,crustal,declustering,dc_gruenthal,1.5141430662429765,1.5140850829165404,-0.0038294483347578456
santiago_penalolen,PGA,2475,crustal,no declustering (full catalog),raw,1.5141430662429765,1.5143234860287318,0.011915636624948434
santiago_penalolen,PGA,2475,crustal,classification tolerance -5 / +5 km,cls_m5,1.5141430662429765,1.5141269868362806,-0.00106194764909473
santiago_penalolen,PGA,2475,crustal,classification tolerance -5 / +5 km,cls_p5,1.5141430662429765,1.514139173889511,-0.00025706642604594876
santiago_penalolen,PGA,2475,crustal,default-depth events to interface,cls_fix,1.5141430662429765,1.514163969073482,0.0013805056451765552
santiago_penalolen,PGA,2475,crustal,background Mmax 7.5,mmax75,1.5141430662429765,1.514957669545492,0.05379962572076291
santiago_penalolen,PGA,2475,crustal,GMM (single vs tree),gmm_ask,1.5141430662429765,1.513931092678102,-0.013999573065470727
santiago_penalolen,PGA,2475,crustal,GMM (single vs tree),gmm_bssa,1.5141430662429765,1.512306466753936,-0.12129629821556742
santiago_penalolen,PGA,2475,crustal,GMM (single vs tree),gmm_cb,1.5141430662429765,1.5200154855941372,0.3878378128251647
santiago_penalolen,PGA,2475,crustal,GMM (single vs tree),gmm_cy,1.5141430662429765,1.5102865868264468,-0.2546971618804017
santiago_penalolen,PGA,2475,all,truncation 2.5 / 4.0,tr25,1.5141430662429765,1.4061626703327492,-7.13145265580204
santiago_penalolen,PGA,2475,all,truncation 2.5 / 4.0,tr40,1.5141430662429765,1.5781473203496943,4.227094224691119
santiago_penalolen,PGA,2475,all,truncation 2.0,tr20,1.5141430662429765,1.2375517015070991,-18.267188279782566
santiago_penalolen,PGA,2475,all,"numerics: mesh 5 km, point-source distance 100 km",num,1.5141430662429765,1.531663553169669,1.1571222903107747
santiago_penalolen,PGA,2475,all,"no declustering, all families",raw,1.5141430662429765,1.3265626818428828,-12.388550896021632
santiago_penalolen,PGA,2475,all,"classification tolerance -5 / +5 km, all families",cls_m5,1.5141430662429765,1.5309613316097448,1.1107447995980513
santiago_penalolen,PGA,2475,all,"classification tolerance -5 / +5 km, all families",cls_p5,1.5141430662429765,1.4969464802962384,-1.1357305878240243
santiago_penalolen,PGA,2475,all,"default-depth events to interface, all families",cls_fix,1.5141430662429765,1.5213876425447075,0.47846048786570616
concepcion,PGA,475,interface,Z_BOTTOM 40 / 60 km,zbot40,1.4180990107563132,1.4979004717780748,5.627354678091279
concepcion,PGA,475,interface,Z_BOTTOM 40 / 60 km,zbot60,1.4180990107563132,1.3629780546583572,-3.8869610429075996
concepcion,PGA,475,interface,Z_TOP 10 km,ztop10,1.4180990107563132,1.454796240561136,2.587776278417353
concepcion,PGA,475,interface,declustering,dc_gk74sym,1.4180990107563132,1.4454770392568437,1.9306147379603011
concepcion,PGA,475,interface,declustering,dc_gruenthal,1.4180990107563132,1.4287221789099402,0.7491132899078323
concepcion,PGA,475,interface,no declustering (full catalog),raw,1.4180990107563132,1.2715468398263035,-10.334410349235712
concepcion,PGA,475,interface,classification tolerance -5 / +5 km,cls_m5,1.4180990107563132,1.4175253764246118,-0.04045093659541532
concepcion,PGA,475,interface,classification tolerance -5 / +5 km,cls_p5,1.4180990107563132,1.4341829613453467,1.1341909462623256
concepcion,PGA,475,interface,default-depth events to interface,cls_fix,1.4180990107563132,1.415632928108091,-0.17390059717388162
concepcion,PGA,475,interface,"completeness table, ends of the ensemble",mc_lo,1.4180990107563132,1.3640436586818419,-3.811817910065529
concepcion,PGA,475,interface,"completeness table, ends of the ensemble",mc_hi,1.4180990107563132,1.4427100598173914,1.735495820418942
concepcion,PGA,475,interface,keep 1962 / 1998 events,keep6298,1.4180990107563132,1.4283080675544508,0.719911425133346
concepcion,PGA,475,interface,b: fit floor 5.4 / 6.0,fit54,1.4180990107563132,1.3388718218721063,-5.586858765380054
concepcion,PGA,475,interface,b: fit floor 5.4 / 6.0,fit60,1.4180990107563132,1.4708377983533563,3.718977814455693
concepcion,PGA,475,interface,MMIN_HAZ 6.5,mmin65,1.4180990107563132,1.4193411104603577,0.08758906780297337
concepcion,PGA,475,interface,geometry: segmented,seg,1.4180990107563132,1.309403943866138,-7.664843291316092
concepcion,PGA,475,interface,rate: geodetic (mid),geo,1.4180990107563132,1.4438802187793047,1.81801184737036
concepcion,PGA,475,interface,MFD: tapered,tapered,1.4180990107563132,1.4487729763164123,2.1630341271967835
concepcion,PGA,475,interface,full 16-branch tree,tree,1.4180990107563132,1.3920994271373324,-1.833411025730458
concepcion,PGA,475,interface,rupture scaling: Allen & Hayes,msr_ah,1.4180990107563132,1.3731545206701692,-3.1693478202325043
concepcion,PGA,475,interface,rupture aspect ratio 1.5 / 2 / 3,asp15,1.4180990107563132,1.4384718045543363,1.4366270368637801
concepcion,PGA,475,interface,rupture aspect ratio 1.5 / 2 / 3,asp20,1.4180990107563132,1.4594420212857404,2.915382509672426
concepcion,PGA,475,interface,rupture aspect ratio 1.5 / 2 / 3,asp30,1.4180990107563132,1.5010306957148762,5.848088485326075
concepcion,PGA,475,interface,GMM (single vs tree),gmm_ag,1.4180990107563132,1.3182949347010249,-7.037877841975215
concepcion,PGA,475,interface,GMM (single vs tree),gmm_pk,1.4180990107563132,1.3451156057907956,-5.146566241985706
concepcion,PGA,475,interface,GMM (single vs tree),gmm_ku,1.4180990107563132,1.5868646492842757,11.900836066302233
concepcion,PGA,475,intraslab,class domain cut at 50 km,classmask,1.4180990107563132,1.4717273486815905,3.781706179787525
concepcion,PGA,475,intraslab,declustering,dc_gk74sym,1.4180990107563132,1.4187402756520586,0.04522003688609555
concepcion,PGA,475,intraslab,declustering,dc_gruenthal,1.4180990107563132,1.4156770337459448,-0.17079040264450507
concepcion,PGA,475,intraslab,no declustering (full catalog),raw,1.4180990107563132,1.4445851826779224,1.8677237428917914
concepcion,PGA,475,intraslab,classification tolerance -5 / +5 km,cls_m5,1.4180990107563132,1.4560690078860359,2.6775279329383617
concepcion,PGA,475,intraslab,classification tolerance -5 / +5 km,cls_p5,1.4180990107563132,1.3936714489525561,-1.7225568608731479
concepcion,PGA,475,intraslab,default-depth events to interface,cls_fix,1.4180990107563132,1.4113760656294303,-0.4740815045980007
concepcion,PGA,475,intraslab,"completeness table, ends of the ensemble",mc_lo,1.4180990107563132,1.4059097337426736,-0.8595504912692009
concepcion,PGA,475,intraslab,"completeness table, ends of the ensemble",mc_hi,1.4180990107563132,1.4052862534240782,-0.9035164142312979
concepcion,PGA,475,intraslab,slab_deep b: floor 5.7 / 6.0,sd_fit57,1.4180990107563132,1.42319943830646,0.35966653325754105
concepcion,PGA,475,intraslab,slab_deep b: floor 5.7 / 6.0,sd_fit60,1.4180990107563132,1.4113682935945802,-0.47462956469755957
concepcion,PGA,475,intraslab,intra_slab b: floor 5.5 / 5.8,is_fit55,1.4180990107563132,1.439411525502165,1.5028932806662842
concepcion,PGA,475,intraslab,intra_slab b: floor 5.5 / 5.8,is_fit58,1.4180990107563132,1.3996732036541395,-1.299331496772338
concepcion,PGA,475,intraslab,Mmax pad 0 / 0.4,pad0,1.4180990107563132,1.3891883751998888,-2.038689494678192
concepcion,PGA,475,intraslab,Mmax pad 0 / 0.4,pad04,1.4180990107563132,1.4422118473349148,1.700363401688132
concepcion,PGA,475,intraslab,"depths by slab-top regime, not thickness fraction",regime,1.4180990107563132,1.410342138583201,-0.5469908739993645
concepcion,PGA,475,intraslab,"previous geometry: top + 7.5 km, depth-rule band",band_rule,1.4180990107563132,1.447676948290658,2.0857455868733776
concepcion,PGA,475,intraslab,smoothing neighbours 10 / 50,nn10,1.4180990107563132,1.4457204080644386,1.9477763610732834
concepcion,PGA,475,intraslab,smoothing neighbours 10 / 50,nn50,1.4180990107563132,1.3695420253313613,-3.424089930015184
concepcion,PGA,475,intraslab,pattern from all complete events / + calibrated kernel,smooth_all,1.4180990107563132,1.4180990081549656,-1.8343906393880616e-07
concepcion,PGA,475,intraslab,pattern from all complete events / + calibrated kernel,smooth_cv,1.4180990107563132,1.4739339255013622,3.9373072205494797
concepcion,PGA,475,intraslab,kernel gaussian / cut-off 200 km,gauss,1.4180990107563132,1.4216773143296653,0.2523310111783861
concepcion,PGA,475,intraslab,kernel gaussian / cut-off 200 km,dmax200,1.4180990107563132,1.4713900297838627,3.7579194839948427
concepcion,PGA,475,intraslab,rupture scaling: Allen & Hayes,msr_ah,1.4180990107563132,1.3938622428790346,-1.7091026573914925
concepcion,PGA,475,intraslab,rupture aspect ratio 2,asp20,1.4180990107563132,1.4159871099859236,-0.1489247756588763
concepcion,PGA,475,intraslab,rupture dip 45 / 90,dip45,1.4180990107563132,1.4023721760418897,-1.1090082282784963
concepcion,PGA,475,intraslab,rupture dip 45 / 90,dip90,1.4180990107563132,1.4341860448016968,1.134408382162544
concepcion,PGA,475,intraslab,sources from M5.5,mmin55,1.4180990107563132,1.4180888145669945,-0.0007190040498761263
concepcion,PGA,475,intraslab,GMM (single vs tree),gmm_ag,1.4180990107563132,1.3196763918581687,-6.940461713294111
concepcion,PGA,475,intraslab,GMM (single vs tree),gmm_pk,1.4180990107563132,1.6041658895397601,13.120866552485078
concepcion,PGA,475,intraslab,GMM (single vs tree),gmm_mv,1.4180990107563132,1.3239987810136402,-6.635660065264881
concepcion,PGA,475,crustal,faults vs no faults,nofaults,1.4180990107563132,1.4180990106662834,-6.348621628404771e-09
concepcion,PGA,475,crustal,buffer margin 0 / 20 km,margin0,1.4180990107563132,1.4180990107191858,-2.618116834440798e-09
concepcion,PGA,475,crustal,buffer margin 0 / 20 km,margin20,1.4180990107563132,1.4180990107266054,-2.0949020296257004e-09
concepcion,PGA,475,crustal,cap and fault Mmin 6.5,cap65,1.4180990107563132,1.4180990106347489,-8.572342835577729e-09
concepcion,PGA,475,crustal,declustering,dc_gruenthal,1.4180990107563132,1.4180353824088738,-0.004486876230558323
concepcion,PGA,475,crustal,no declustering (full catalog),raw,1.4180990107563132,1.4184878117002544,0.027417052052935986
concepcion,PGA,475,crustal,classification tolerance -5 / +5 km,cls_m5,1.4180990107563132,1.4183672992366154,0.01891888212792736
concepcion,PGA,475,crustal,classification tolerance -5 / +5 km,cls_p5,1.4180990107563132,1.4178408020066433,-0.018208090388005527
concepcion,PGA,475,crustal,default-depth events to interface,cls_fix,1.4180990107563132,1.4180312949808505,-0.004775109138999145
concepcion,PGA,475,crustal,background Mmax 7.5,mmax75,1.4180990107563132,1.4185723036510671,0.033375165708737775
concepcion,PGA,475,crustal,GMM (single vs tree),gmm_ask,1.4180990107563132,1.4178299169786344,-0.01897566923309002
concepcion,PGA,475,crustal,GMM (single vs tree),gmm_bssa,1.4180990107563132,1.4186108467945104,0.036093110164725495
concepcion,PGA,475,crustal,GMM (single vs tree),gmm_cb,1.4180990107563132,1.4186165765535637,0.03649715522857644
concepcion,PGA,475,crustal,GMM (single vs tree),gmm_cy,1.4180990107563132,1.417335954043828,-0.05380842287437959
concepcion,PGA,475,all,truncation 2.5 / 4.0,tr25,1.4180990107563132,1.3570296958821773,-4.306421089848012
concepcion,PGA,475,all,truncation 2.5 / 4.0,tr40,1.4180990107563132,1.454021832786145,2.5331674133721505
concepcion,PGA,475,all,truncation 2.0,tr20,1.4180990107563132,1.2510566049043528,-11.779318974552544
concepcion,PGA,475,all,"numerics: mesh 5 km, point-source distance 100 km",num,1.4180990107563132,1.4249259945548374,0.48141799315430944
concepcion,PGA,475,all,"no declustering, all families",raw,1.4180990107563132,1.3037988030417138,-8.060100659236745
concepcion,PGA,475,all,"classification tolerance -5 / +5 km, all families",cls_m5,1.4180990107563132,1.4558922164954209,2.6650611454098305
concepcion,PGA,475,all,"classification tolerance -5 / +5 km, all families",cls_p5,1.4180990107563132,1.409805703376707,-0.5848186421893775
concepcion,PGA,475,all,"default-depth events to interface, all families",cls_fix,1.4180990107563132,1.4088263313398457,-0.6538809593782946
concepcion,PGA,2475,interface,Z_BOTTOM 40 / 60 km,zbot40,2.6662471753602612,2.829249888213729,6.113563452024784
concepcion,PGA,2475,interface,Z_BOTTOM 40 / 60 km,zbot60,2.6662471753602612,2.55682289129942,-4.1040562582520534
concepcion,PGA,2475,interface,Z_TOP 10 km,ztop10,2.6662471753602612,2.7415207633359233,2.8232036651099746
concepcion,PGA,2475,interface,declustering,dc_gk74sym,2.6662471753602612,2.712392644887494,1.7307273666777645
concepcion,PGA,2475,interface,declustering,dc_gruenthal,2.6662471753602612,2.6855943637142925,0.7256337121638756
concepcion,PGA,2475,interface,no declustering (full catalog),raw,2.6662471753602612,2.4018533791725822,-9.916327286946093
concepcion,PGA,2475,interface,classification tolerance -5 / +5 km,cls_m5,2.6662471753602612,2.669947636509509,0.1387891259087004
concepcion,PGA,2475,interface,classification tolerance -5 / +5 km,cls_p5,2.6662471753602612,2.688679196123104,0.8413331280814784
concepcion,PGA,2475,interface,default-depth events to interface,cls_fix,2.6662471753602612,2.6615570324667517,-0.17590803046517722
concepcion,PGA,2475,interface,"completeness table, ends of the ensemble",mc_lo,2.6662471753602612,2.583790318913736,-3.0926186142282153
concepcion,PGA,2475,interface,"completeness table, ends of the ensemble",mc_hi,2.6662471753602612,2.7052572327748456,1.463107313346268
concepcion,PGA,2475,interface,keep 1962 / 1998 events,keep6298,2.6662471753602612,2.681884738206236,0.5865008687299111
concepcion,PGA,2475,interface,b: fit floor 5.4 / 6.0,fit54,2.6662471753602612,2.537382492110522,-4.833185926669648
concepcion,PGA,2475,interface,b: fit floor 5.4 / 6.0,fit60,2.6662471753602612,2.7504162247932946,3.156835953203041
concepcion,PGA,2475,interface,MMIN_HAZ 6.5,mmin65,2.6662471753602612,2.6680746511994613,0.06854112612244556
concepcion,PGA,2475,interface,geometry: segmented,seg,2.6662471753602612,2.4645500315366218,-7.564832911501773
concepcion,PGA,2475,interface,rate: geodetic (mid),geo,2.6662471753602612,2.703638154863599,1.4023823390749701
concepcion,PGA,2475,interface,MFD: tapered,tapered,2.6662471753602612,2.7185847799401137,1.9629689649002913
concepcion,PGA,2475,interface,full 16-branch tree,tree,2.6662471753602612,2.612262985133358,-2.0247256415605652
concepcion,PGA,2475,interface,rupture scaling: Allen & Hayes,msr_ah,2.6662471753602612,2.5776340599984455,-3.3235146456307985
concepcion,PGA,2475,interface,rupture aspect ratio 1.5 / 2 / 3,asp15,2.6662471753602612,2.695066134429696,1.0808809976719624
concepcion,PGA,2475,interface,rupture aspect ratio 1.5 / 2 / 3,asp20,2.6662471753602612,2.7262681383027627,2.2511402355031684
concepcion,PGA,2475,interface,rupture aspect ratio 1.5 / 2 / 3,asp30,2.6662471753602612,2.7952015580960823,4.836550186626898
concepcion,PGA,2475,interface,GMM (single vs tree),gmm_ag,2.6662471753602612,2.454125546260167,-7.955812614088654
concepcion,PGA,2475,interface,GMM (single vs tree),gmm_pk,2.6662471753602612,2.538663638136068,-4.785135391918571
concepcion,PGA,2475,interface,GMM (single vs tree),gmm_ku,2.6662471753602612,2.9776622317172716,11.679901969888906
concepcion,PGA,2475,intraslab,class domain cut at 50 km,classmask,2.6662471753602612,2.7414317152982206,2.819863838310499
concepcion,PGA,2475,intraslab,declustering,dc_gk74sym,2.6662471753602612,2.6748724597971956,0.3234990557756001
concepcion,PGA,2475,intraslab,declustering,dc_gruenthal,2.6662471753602612,2.668232050429412,0.07444452590492645
concepcion,PGA,2475,intraslab,no declustering (full catalog),raw,2.6662471753602612,2.684830043811914,0.696967206318444
concepcion,PGA,2475,intraslab,classification tolerance -5 / +5 km,cls_m5,2.6662471753602612,2.7178405549293925,1.93505613605236
concepcion,PGA,2475,intraslab,classification tolerance -5 / +5 km,cls_p5,2.6662471753602612,2.628780042561309,-1.4052385369668352
concepcion,PGA,2475,intraslab,default-depth events to interface,cls_fix,2.6662471753602612,2.6593433944424527,-0.25893251689523833
concepcion,PGA,2475,intraslab,"completeness table, ends of the ensemble",mc_lo,2.6662471753602612,2.645074006947603,-0.7941187376896974
concepcion,PGA,2475,intraslab,"completeness table, ends of the ensemble",mc_hi,2.6662471753602612,2.657091155373786,-0.34340477023619975
concepcion,PGA,2475,intraslab,slab_deep b: floor 5.7 / 6.0,sd_fit57,2.6662471753602612,2.6695410519359517,0.12353980554129507
concepcion,PGA,2475,intraslab,slab_deep b: floor 5.7 / 6.0,sd_fit60,2.6662471753602612,2.6610343475330844,-0.1955117993316713
concepcion,PGA,2475,intraslab,intra_slab b: floor 5.5 / 5.8,is_fit55,2.6662471753602612,2.686280705145427,0.7513755652627685
concepcion,PGA,2475,intraslab,intra_slab b: floor 5.5 / 5.8,is_fit58,2.6662471753602612,2.648209452692036,-0.6765210230663676
concepcion,PGA,2475,intraslab,Mmax pad 0 / 0.4,pad0,2.6662471753602612,2.605257557429309,-2.2874705126583628
concepcion,PGA,2475,intraslab,Mmax pad 0 / 0.4,pad04,2.6662471753602612,2.7205503998606573,2.0366913091266037
concepcion,PGA,2475,intraslab,"depths by slab-top regime, not thickness fraction",regime,2.6662471753602612,2.663495457968879,-0.10320563737720168
concepcion,PGA,2475,intraslab,"previous geometry: top + 7.5 km, depth-rule band",band_rule,2.6662471753602612,2.6514443179701734,-0.5551944893514071
concepcion,PGA,2475,intraslab,smoothing neighbours 10 / 50,nn10,2.6662471753602612,2.7023914954862978,1.355625257105153
concepcion,PGA,2475,intraslab,smoothing neighbours 10 / 50,nn50,2.6662471753602612,2.5993820968809604,-2.507834948583343
concepcion,PGA,2475,intraslab,pattern from all complete events / + calibrated kernel,smooth_all,2.6662471753602612,2.6662471746968723,-2.4880997262499704e-08
concepcion,PGA,2475,intraslab,pattern from all complete events / + calibrated kernel,smooth_cv,2.6662471753602612,2.7348421090310135,2.5727147244509974
concepcion,PGA,2475,intraslab,kernel gaussian / cut-off 200 km,gauss,2.6662471753602612,2.670214545117437,0.1487997734733515
concepcion,PGA,2475,intraslab,kernel gaussian / cut-off 200 km,dmax200,2.6662471753602612,2.7396921761666704,2.754620857553669
concepcion,PGA,2475,intraslab,rupture scaling: Allen & Hayes,msr_ah,2.6662471753602612,2.619000380458431,-1.7720335660719844
concepcion,PGA,2475,intraslab,rupture aspect ratio 2,asp20,2.6662471753602612,2.653636972325352,-0.4729570143175321
concepcion,PGA,2475,intraslab,rupture dip 45 / 90,dip45,2.6662471753602612,2.6295770659027538,-1.3753454592053238
concepcion,PGA,2475,intraslab,rupture dip 45 / 90,dip90,2.6662471753602612,2.6993931788409764,1.2431706927635622
concepcion,PGA,2475,intraslab,sources from M5.5,mmin55,2.6662471753602612,2.666247184504396,3.429589945369571e-07
concepcion,PGA,2475,intraslab,GMM (single vs tree),gmm_ag,2.6662471753602612,2.508263566942338,-5.925317422852094
concepcion,PGA,2475,intraslab,GMM (single vs tree),gmm_pk,2.6662471753602612,,
concepcion,PGA,2475,intraslab,GMM (single vs tree),gmm_mv,2.6662471753602612,2.427532069440311,-8.953224897001355
concepcion,PGA,2475,crustal,faults vs no faults,nofaults,2.6662471753602612,2.6662471753503016,-3.7354563886538017e-10
concepcion,PGA,2475,crustal,buffer margin 0 / 20 km,margin0,2.6662471753602612,2.6662471753510677,-3.448130669880811e-10
concepcion,PGA,2475,crustal,buffer margin 0 / 20 km,margin20,2.6662471753602612,2.6662471753510677,-3.448130669880811e-10
concepcion,PGA,2475,crustal,cap and fault Mmin 6.5,cap65,2.6662471753602612,2.6662471753546098,-2.1196377986143489e-10
concepcion,PGA,2475,crustal,declustering,dc_gruenthal,2.6662471753602612,2.6662445622809163,-9.80058926680627e-05
concepcion,PGA,2475,crustal,no declustering (full catalog),raw,2.6662471753602612,2.6662673153560736,0.0007553686694361517
concepcion,PGA,2475,crustal,classification tolerance -5 / +5 km,cls_m5,2.6662471753602612,2.6662686143129672,0.0008040872168324498
concepcion,PGA,2475,crustal,classification tolerance -5 / +5 km,cls_p5,2.6662471753602612,2.6662202215533175,-0.0010109267885138884
concepcion,PGA,2475,crustal,default-depth events to interface,cls_fix,2.6662471753602612,2.6662433913269656,-0.00014192357447040393
concepcion,PGA,2475,crustal,background Mmax 7.5,mmax75,2.6662471753602612,2.6664189364263904,0.006442053374366985
concepcion,PGA,2475,crustal,GMM (single vs tree),gmm_ask,2.6662471753602612,2.6662238679987293,-0.0008741635714515361
concepcion,PGA,2475,crustal,GMM (single vs tree),gmm_bssa,2.6662471753602612,2.6661439902803568,-0.003870049290932709
concepcion,PGA,2475,crustal,GMM (single vs tree),gmm_cb,2.6662471753602612,2.6664781801795616,0.008664043657891085
concepcion,PGA,2475,crustal,GMM (single vs tree),gmm_cy,2.6662471753602612,2.6661425208879863,-0.003925160174278464
concepcion,PGA,2475,all,truncation 2.5 / 4.0,tr25,2.6662471753602612,2.4886403246471587,-6.661304786534073
concepcion,PGA,2475,all,truncation 2.5 / 4.0,tr40,2.6662471753602612,2.7728460992184814,3.9980885809589806
concepcion,PGA,2475,all,truncation 2.0,tr20,2.6662471753602612,2.171254600686316,-18.56514201865257
concepcion,PGA,2475,all,"numerics: mesh 5 km, point-source distance 100 km",num,2.6662471753602612,2.6758767009959747,0.3611640257776383
concepcion,PGA,2475,all,"no declustering, all families",raw,2.6662471753602612,2.4277514707388392,-8.944996053833476
concepcion,PGA,2475,all,"classification tolerance -5 / +5 km, all families",cls_m5,2.6662471753602612,2.7215453242381042,2.0740068433591885
concepcion,PGA,2475,all,"classification tolerance -5 / +5 km, all families",cls_p5,2.6662471753602612,2.65179235473687,-0.5421410571747942
concepcion,PGA,2475,all,"default-depth events to interface, all families",cls_fix,2.6662471753602612,2.6546234684474492,-0.4359575893874701
pucon,PGA,475,interface,Z_BOTTOM 40 / 60 km,zbot40,0.5414244870529926,0.5224789336184811,-3.499205131565697
pucon,PGA,475,interface,Z_BOTTOM 40 / 60 km,zbot60,0.5414244870529926,0.5594177049536703,3.323310698157722
pucon,PGA,475,interface,Z_TOP 10 km,ztop10,0.5414244870529926,0.5520380520984783,1.9603038464802491
pucon,PGA,475,interface,declustering,dc_gk74sym,0.5414244870529926,0.5481420910766639,1.2407277809386885
pucon,PGA,475,interface,declustering,dc_gruenthal,0.5414244870529926,0.5442308651073313,0.5183323106817683
pucon,PGA,475,interface,no declustering (full catalog),raw,0.5414244870529926,0.5044327924168911,-6.8322906556091745
pucon,PGA,475,interface,classification tolerance -5 / +5 km,cls_m5,0.5414244870529926,0.5419756152971429,0.10179226417150744
pucon,PGA,475,interface,classification tolerance -5 / +5 km,cls_p5,0.5414244870529926,0.5446586047698173,0.5973349551344098
pucon,PGA,475,interface,default-depth events to interface,cls_fix,0.5414244870529926,0.5407461623534209,-0.1252851904175789
pucon,PGA,475,interface,"completeness table, ends of the ensemble",mc_lo,0.5414244870529926,0.5297996746788176,-2.1470791684080615
pucon,PGA,475,interface,"completeness table, ends of the ensemble",mc_hi,0.5414244870529926,0.5470897423650357,1.046361117296235
pucon,PGA,475,interface,keep 1962 / 1998 events,keep6298,0.5414244870529926,0.5436818717252507,0.4169343511863044
pucon,PGA,475,interface,b: fit floor 5.4 / 6.0,fit54,0.5414244870529926,0.5233885737516786,-3.3311964516944292
pucon,PGA,475,interface,b: fit floor 5.4 / 6.0,fit60,0.5414244870529926,0.5537649819698955,2.2792642763671545
pucon,PGA,475,interface,MMIN_HAZ 6.5,mmin65,0.5414244870529926,0.541687050672347,0.048494965712309046
pucon,PGA,475,interface,geometry: segmented,seg,0.5414244870529926,0.509018554711761,-5.985309699902763
pucon,PGA,475,interface,rate: geodetic (mid),geo,0.5414244870529926,0.5468413385367864,1.0004814361607606
pucon,PGA,475,interface,MFD: tapered,tapered,0.5414244870529926,0.5488486221994486,1.3712226402736283
pucon,PGA,475,interface,full 16-branch tree,tree,0.5414244870529926,0.5329987474997945,-1.55621693415825
pucon,PGA,475,interface,rupture scaling: Allen & Hayes,msr_ah,0.5414244870529926,0.5338641942747497,-1.3963706775425022
pucon,PGA,475,interface,rupture aspect ratio 1.5 / 2 / 3,asp15,0.5414244870529926,0.5421292181625749,0.13016240056265005
pucon,PGA,475,interface,rupture aspect ratio 1.5 / 2 / 3,asp20,0.5414244870529926,0.5419031738797764,0.08841248193063311
pucon,PGA,475,interface,rupture aspect ratio 1.5 / 2 / 3,asp30,0.5414244870529926,0.5461898104700208,0.8801455292438254
pucon,PGA,475,interface,GMM (single vs tree),gmm_ag,0.5414244870529926,0.5165867838070537,-4.587473200765646
pucon,PGA,475,interface,GMM (single vs tree),gmm_pk,0.5414244870529926,0.5564994917471443,2.784322662649763
pucon,PGA,475,interface,GMM (single vs tree),gmm_ku,0.5414244870529926,0.5519801704799132,1.949613229422975
pucon,PGA,475,intraslab,class domain cut at 50 km,classmask,0.5414244870529926,0.5222517763595893,-3.5411606146152685
pucon,PGA,475,intraslab,declustering,dc_gk74sym,0.5414244870529926,0.5518955172484934,1.9339779499991216
pucon,PGA,475,intraslab,declustering,dc_gruenthal,0.5414244870529926,0.5540684664170848,2.335317235634138
pucon,PGA,475,intraslab,no declustering (full catalog),raw,0.5414244870529926,0.520988793659978,-3.774430946824625
pucon,PGA,475,intraslab,classification tolerance -5 / +5 km,cls_m5,0.5414244870529926,0.5474795381349364,1.1183556020714525
pucon,PGA,475,intraslab,classification tolerance -5 / +5 km,cls_p5,0.5414244870529926,0.5429073412009271,0.2738801408864511
pucon,PGA,475,intraslab,default-depth events to interface,cls_fix,0.5414244870529926,0.5412398373929674,-0.03410441611724213
pucon,PGA,475,intraslab,"completeness table, ends of the ensemble",mc_lo,0.5414244870529926,0.5269093841298254,-2.6809099459416563
pucon,PGA,475,intraslab,"completeness table, ends of the ensemble",mc_hi,0.5414244870529926,0.5542560042727308,2.3699550955999404
pucon,PGA,475,intraslab,slab_deep b: floor 5.7 / 6.0,sd_fit57,0.5414244870529926,0.5369067855506032,-0.8344102659596175
pucon,PGA,475,intraslab,slab_deep b: floor 5.7 / 6.0,sd_fit60,0.5414244870529926,0.5470890896271081,1.0462405579304779
pucon,PGA,475,intraslab,intra_slab b: floor 5.5 / 5.8,is_fit55,0.5414244870529926,0.5399310216270851,-0.27584002231532123
pucon,PGA,475,intraslab,intra_slab b: floor 5.5 / 5.8,is_fit58,0.5414244870529926,0.5429033663076461,0.2731459861934127
pucon,PGA,475,intraslab,Mmax pad 0 / 0.4,pad0,0.5414244870529926,0.5341737578736023,-1.339194911345154
pucon,PGA,475,intraslab,Mmax pad 0 / 0.4,pad04,0.5414244870529926,0.5476957629163073,1.1582918787898855
pucon,PGA,475,intraslab,"depths by slab-top regime, not thickness fraction",regime,0.5414244870529926,0.5357444980166914,-1.0490824061574533
pucon,PGA,475,intraslab,"previous geometry: top + 7.5 km, depth-rule band",band_rule,0.5414244870529926,0.5477910793954458,1.1758966383487612
pucon,PGA,475,intraslab,smoothing neighbours 10 / 50,nn10,0.5414244870529926,0.5370088515892518,-0.8155588765065613
pucon,PGA,475,intraslab,smoothing neighbours 10 / 50,nn50,0.5414244870529926,0.5504153001318168,1.6605848634149822
pucon,PGA,475,intraslab,pattern from all complete events / + calibrated kernel,smooth_all,0.5414244870529926,0.5414244839338004,-5.761084498345781e-07
pucon,PGA,475,intraslab,pattern from all complete events / + calibrated kernel,smooth_cv,0.5414244870529926,0.5251348414232319,-3.0086643695090953
pucon,PGA,475,intraslab,kernel gaussian / cut-off 200 km,gauss,0.5414244870529926,0.537763000901959,-0.6762690344803701
pucon,PGA,475,intraslab,kernel gaussian / cut-off 200 km,dmax200,0.5414244870529926,0.5295064298321147,-2.201240894320955
pucon,PGA,475,intraslab,rupture scaling: Allen & Hayes,msr_ah,0.5414244870529926,0.5366645089695266,-0.8791582570221279
pucon,PGA,475,intraslab,rupture aspect ratio 2,asp20,0.5414244870529926,0.5423034341264867,0.16233973425883175
pucon,PGA,475,intraslab,rupture dip 45 / 90,dip45,0.5414244870529926,0.538606875789058,-0.5204070616146472
pucon,PGA,475,intraslab,rupture dip 45 / 90,dip90,0.5414244870529926,0.5463439968875579,0.908623446520207
pucon,PGA,475,intraslab,sources from M5.5,mmin55,0.5414244870529926,0.5414244853461367,-3.152528016414635e-07
pucon,PGA,475,intraslab,GMM (single vs tree),gmm_ag,0.5414244870529926,0.5435395048147657,0.3906394727887452
pucon,PGA,475,intraslab,GMM (single vs tree),gmm_pk,0.5414244870529926,0.5817272266302475,7.443833912393805
pucon,PGA,475,intraslab,GMM (single vs tree),gmm_mv,0.5414244870529926,0.4977770459090747,-8.061593479359175
pucon,PGA,475,crustal,faults vs no faults,nofaults,0.5414244870529926,0.4760917148340572,-12.066829960821646
pucon,PGA,475,crustal,buffer margin 0 / 20 km,margin0,0.5414244870529926,0.5494757884658366,1.4870589722802752
pucon,PGA,475,crustal,buffer margin 0 / 20 km,margin20,0.5414244870529926,0.5407790635774491,-0.11920840135188904
pucon,PGA,475,crustal,cap and fault Mmin 6.5,cap65,0.5414244870529926,0.5221852123653533,-3.5534548487749174
pucon,PGA,475,crustal,declustering,dc_gruenthal,0.5414244870529926,0.5415340316893442,0.020232671216602327
pucon,PGA,475,crustal,no declustering (full catalog),raw,0.5414244870529926,0.5427697743236128,0.24847181883898006
pucon,PGA,475,crustal,classification tolerance -5 / +5 km,cls_m5,0.5414244870529926,0.5413639617932513,-0.011178892198016044
pucon,PGA,475,crustal,classification tolerance -5 / +5 km,cls_p5,0.5414244870529926,0.5409721980841035,-0.08353685134394606
pucon,PGA,475,crustal,default-depth events to interface,cls_fix,0.5414244870529926,0.541479711179185,0.010199783628728198
pucon,PGA,475,crustal,background Mmax 7.5,mmax75,0.5414244870529926,0.5417784355234064,0.06537356157281238
pucon,PGA,475,crustal,GMM (single vs tree),gmm_ask,0.5414244870529926,0.5346378864557209,-1.2534713075523563
pucon,PGA,475,crustal,GMM (single vs tree),gmm_bssa,0.5414244870529926,0.5394245122899487,-0.3693912652399378
pucon,PGA,475,crustal,GMM (single vs tree),gmm_cb,0.5414244870529926,0.5737705318777693,5.974248597590814
pucon,PGA,475,crustal,GMM (single vs tree),gmm_cy,0.5414244870529926,0.5149938730753425,-4.881680568515401
pucon,PGA,475,all,truncation 2.5 / 4.0,tr25,0.5414244870529926,0.5215281741013399,-3.6748084779005152
pucon,PGA,475,all,truncation 2.5 / 4.0,tr40,0.5414244870529926,0.5522543879361692,2.000260635074791
pucon,PGA,475,all,truncation 2.0,tr20,0.5414244870529926,0.4824044814983766,-10.90087481559351
pucon,PGA,475,all,"numerics: mesh 5 km, point-source distance 100 km",num,0.5414244870529926,0.5461965490362409,0.8813901286997439
pucon,PGA,475,all,"no declustering, all families",raw,0.5414244870529926,0.4830453238457769,-10.782512539278954
pucon,PGA,475,all,"classification tolerance -5 / +5 km, all families",cls_m5,0.5414244870529926,0.5479744569804772,1.2097661048055874
pucon,PGA,475,all,"classification tolerance -5 / +5 km, all families",cls_p5,0.5414244870529926,0.5456858266078002,0.7870607363922977
pucon,PGA,475,all,"default-depth events to interface, all families",cls_fix,0.5414244870529926,0.5406161563239497,-0.14929703926815918
pucon,PGA,2475,interface,Z_BOTTOM 40 / 60 km,zbot40,0.9657210221198079,0.9220358334001051,-4.523582661979497
pucon,PGA,2475,interface,Z_BOTTOM 40 / 60 km,zbot60,0.9657210221198079,1.008412485001734,4.420682775261131
pucon,PGA,2475,interface,Z_TOP 10 km,ztop10,0.9657210221198079,0.9892406942024338,2.4354520139780123
pucon,PGA,2475,interface,declustering,dc_gk74sym,0.9657210221198079,0.9782087035290243,1.2930940844391392
pucon,PGA,2475,interface,declustering,dc_gruenthal,0.9657210221198079,0.9711601149313159,0.5632157410810912
pucon,PGA,2475,interface,no declustering (full catalog),raw,0.9657210221198079,0.8974924303083935,-7.065041585368936
pucon,PGA,2475,interface,classification tolerance -5 / +5 km,cls_m5,0.9657210221198079,0.9674798045105057,0.18212116650802024
pucon,PGA,2475,interface,classification tolerance -5 / +5 km,cls_p5,0.9657210221198079,0.9709896125394673,0.5455602911174529
pucon,PGA,2475,interface,default-depth events to interface,cls_fix,0.9657210221198079,0.9643805727986924,-0.13880295555471767
pucon,PGA,2475,interface,"completeness table, ends of the ensemble",mc_lo,0.9657210221198079,0.9455199920059313,-2.0918080533790517
pucon,PGA,2475,interface,"completeness table, ends of the ensemble",mc_hi,0.9657210221198079,0.9758519842596061,1.0490568091352293
pucon,PGA,2475,interface,keep 1962 / 1998 events,keep6298,0.9657210221198079,0.9696639315700757,0.4082865920856493
pucon,PGA,2475,interface,b: fit floor 5.4 / 6.0,fit54,0.9657210221198079,0.9331258869021858,-3.3752123512931442
pucon,PGA,2475,interface,b: fit floor 5.4 / 6.0,fit60,0.9657210221198079,0.9879211016204829,2.2988087648692312
pucon,PGA,2475,interface,MMIN_HAZ 6.5,mmin65,0.9657210221198079,0.9661634690187451,0.045815187699438376
pucon,PGA,2475,interface,geometry: segmented,seg,0.9657210221198079,0.907541851273101,-6.024428330140374
pucon,PGA,2475,interface,rate: geodetic (mid),geo,0.9657210221198079,0.9748215743380269,0.9423583011833658
pucon,PGA,2475,interface,MFD: tapered,tapered,0.9657210221198079,0.980005257070069,1.479126437457734
pucon,PGA,2475,interface,full 16-branch tree,tree,0.9657210221198079,0.9505455417812395,-1.5714145173372551
pucon,PGA,2475,interface,rupture scaling: Allen & Hayes,msr_ah,0.9657210221198079,0.9458461071164048,-2.0580389727642645
pucon,PGA,2475,interface,rupture aspect ratio 1.5 / 2 / 3,asp15,0.9657210221198079,0.9666887238824603,0.10020510483743639
pucon,PGA,2475,interface,rupture aspect ratio 1.5 / 2 / 3,asp20,0.9657210221198079,0.9659351585771607,0.022173738838437984
pucon,PGA,2475,interface,rupture aspect ratio 1.5 / 2 / 3,asp30,0.9657210221198079,0.9718478198307755,0.6344272901421366
pucon,PGA,2475,interface,GMM (single vs tree),gmm_ag,0.9657210221198079,0.9081559026575928,-5.960843571144037
pucon,PGA,2475,interface,GMM (single vs tree),gmm_pk,0.9657210221198079,1.0041326209538788,3.9775046782926315
pucon,PGA,2475,interface,GMM (single vs tree),gmm_ku,0.9657210221198079,0.9838107075901146,1.87317921593948
pucon,PGA,2475,intraslab,class domain cut at 50 km,classmask,0.9657210221198079,0.928417164590907,-3.8627985385486396
pucon,PGA,2475,intraslab,declustering,dc_gk74sym,0.9657210221198079,0.989092558708966,2.4201126468031298
pucon,PGA,2475,intraslab,declustering,dc_gruenthal,0.9657210221198079,0.9925466842049889,2.777785868873117
pucon,PGA,2475,intraslab,no declustering (full catalog),raw,0.9657210221198079,0.9214777825940121,-4.581368584964585
pucon,PGA,2475,intraslab,classification tolerance -5 / +5 km,cls_m5,0.9657210221198079,0.9773042182492778,1.199435019447348
pucon,PGA,2475,intraslab,classification tolerance -5 / +5 km,cls_p5,0.9657210221198079,0.9676394932913863,0.1986568716674686
pucon,PGA,2475,intraslab,default-depth events to interface,cls_fix,0.9657210221198079,0.965797334574378,0.007902122126601796
pucon,PGA,2475,intraslab,"completeness table, ends of the ensemble",mc_lo,0.9657210221198079,0.9355986970577345,-3.1191539142384372
pucon,PGA,2475,intraslab,"completeness table, ends of the ensemble",mc_hi,0.9657210221198079,0.9933512152799765,2.861094718588486
pucon,PGA,2475,intraslab,slab_deep b: floor 5.7 / 6.0,sd_fit57,0.9657210221198079,0.9548980326149381,-1.1207159476670392
pucon,PGA,2475,intraslab,slab_deep b: floor 5.7 / 6.0,sd_fit60,0.9657210221198079,0.9800601914598353,1.484814870090756
pucon,PGA,2475,intraslab,intra_slab b: floor 5.5 / 5.8,is_fit55,0.9657210221198079,0.96073011279996,-0.5168065316516146
pucon,PGA,2475,intraslab,intra_slab b: floor 5.5 / 5.8,is_fit58,0.9657210221198079,0.9706572267916537,0.5111418886802888
pucon,PGA,2475,intraslab,Mmax pad 0 / 0.4,pad0,0.9657210221198079,0.9450888988573125,-2.1364475650749393
pucon,PGA,2475,intraslab,Mmax pad 0 / 0.4,pad04,0.9657210221198079,0.9847016996370362,1.9654410624265761
pucon,PGA,2475,intraslab,"depths by slab-top regime, not thickness fraction",regime,0.9657210221198079,0.9518211526210091,-1.4393255588749487
pucon,PGA,2475,intraslab,"previous geometry: top + 7.5 km, depth-rule band",band_rule,0.9657210221198079,0.9742725324458176,0.8855052473889957
pucon,PGA,2475,intraslab,smoothing neighbours 10 / 50,nn10,0.9657210221198079,0.958863726166461,-0.7100700716129005
pucon,PGA,2475,intraslab,smoothing neighbours 10 / 50,nn50,0.9657210221198079,0.9827200336702914,1.760240396669599
pucon,PGA,2475,intraslab,pattern from all complete events / + calibrated kernel,smooth_all,0.9657210221198079,0.9657210150783385,-7.291411585619301e-07
pucon,PGA,2475,intraslab,pattern from all complete events / + calibrated kernel,smooth_cv,0.9657210221198079,0.9354087314202905,-3.1388247749831955
pucon,PGA,2475,intraslab,kernel gaussian / cut-off 200 km,gauss,0.9657210221198079,0.9583132686527405,-0.7670697124110504
pucon,PGA,2475,intraslab,kernel gaussian / cut-off 200 km,dmax200,0.9657210221198079,0.9416488677330731,-2.49266132095739
pucon,PGA,2475,intraslab,rupture scaling: Allen & Hayes,msr_ah,0.9657210221198079,0.9523932672204432,-1.3800833360870235
pucon,PGA,2475,intraslab,rupture aspect ratio 2,asp20,0.9657210221198079,0.9667798402150647,0.10964016222123618
pucon,PGA,2475,intraslab,rupture dip 45 / 90,dip45,0.9657210221198079,0.9563561663265733,-0.9697268236615875
pucon,PGA,2475,intraslab,rupture dip 45 / 90,dip90,0.9657210221198079,0.9784799907427988,1.3211857597325904
pucon,PGA,2475,intraslab,sources from M5.5,mmin55,0.9657210221198079,0.9657210284401577,6.544695230203956e-07
pucon,PGA,2475,intraslab,GMM (single vs tree),gmm_ag,0.9657210221198079,0.9769759768724202,1.1654457648552663
pucon,PGA,2475,intraslab,GMM (single vs tree),gmm_pk,0.9657210221198079,1.0550579737326689,9.250803240956863
pucon,PGA,2475,intraslab,GMM (single vs tree),gmm_mv,0.9657210221198079,0.8559643076046398,-11.36526098129731
pucon,PGA,2475,crustal,faults vs no faults,nofaults,0.9657210221198079,0.9127356790219182,-5.486609681705401
pucon,PGA,2475,crustal,buffer margin 0 / 20 km,margin0,0.9657210221198079,0.9759818824221493,1.0625077084703394
pucon,PGA,2475,crustal,buffer margin 0 / 20 km,margin20,0.9657210221198079,0.9651614859421722,-0.05793973257488538
pucon,PGA,2475,crustal,cap and fault Mmin 6.5,cap65,0.9657210221198079,0.9555277561216661,-1.0555083470966675
pucon,PGA,2475,crustal,declustering,dc_gruenthal,0.9657210221198079,0.9658320176044248,0.011493535097040208
pucon,PGA,2475,crustal,no declustering (full catalog),raw,0.9657210221198079,0.9662729881605845,0.05715584813148489
pucon,PGA,2475,crustal,classification tolerance -5 / +5 km,cls_m5,0.9657210221198079,0.9656353827921945,-0.008867915852694974
pucon,PGA,2475,crustal,classification tolerance -5 / +5 km,cls_p5,0.9657210221198079,0.9654864989843097,-0.02428477066631629
pucon,PGA,2475,crustal,default-depth events to interface,cls_fix,0.9657210221198079,0.9657839707417463,0.00651830295670397
pucon,PGA,2475,crustal,background Mmax 7.5,mmax75,0.9657210221198079,0.9662810082656142,0.05798632658706726
pucon,PGA,2475,crustal,GMM (single vs tree),gmm_ask,0.9657210221198079,0.9587781418440661,-0.7189322916986818
pucon,PGA,2475,crustal,GMM (single vs tree),gmm_bssa,0.9657210221198079,0.9649766321590972,-0.07708126297972795
pucon,PGA,2475,crustal,GMM (single vs tree),gmm_cb,0.9657210221198079,1.0029032810313367,3.850207053576593
pucon,PGA,2475,crustal,GMM (single vs tree),gmm_cy,0.9657210221198079,0.9306833045469918,-3.62814071251204
pucon,PGA,2475,all,truncation 2.5 / 4.0,tr25,0.9657210221198079,0.9001331721211303,-6.791593896828385
pucon,PGA,2475,all,truncation 2.5 / 4.0,tr40,0.9657210221198079,1.002875553887131,3.8473359196185886
pucon,PGA,2475,all,truncation 2.0,tr20,0.9657210221198079,0.7932377784103377,-17.860566329068874
pucon,PGA,2475,all,"numerics: mesh 5 km, point-source distance 100 km",num,0.9657210221198079,0.9722550749710415,0.6765983862390135
pucon,PGA,2475,all,"no declustering, all families",raw,0.9657210221198079,0.8504056730293349,-11.940855221039904
pucon,PGA,2475,all,"classification tolerance -5 / +5 km, all families",cls_m5,0.9657210221198079,0.9789648631678092,1.3713940925641488
pucon,PGA,2475,all,"classification tolerance -5 / +5 km, all families",cls_p5,0.9657210221198079,0.972657989773547,0.7183200422117952
pucon,PGA,2475,all,"default-depth events to interface, all families",cls_fix,0.9657210221198079,0.9645194069641806,-0.12442673692550921
puerto_montt,PGA,475,interface,Z_BOTTOM 40 / 60 km,zbot40,0.6270522184333698,0.5925648205675614,-5.499924384602584
puerto_montt,PGA,475,interface,Z_BOTTOM 40 / 60 km,zbot60,0.6270522184333698,0.6216139854571745,-0.8672695536875996
puerto_montt,PGA,475,interface,Z_TOP 10 km,ztop10,0.6270522184333698,0.6549110907721828,4.442831317687657
puerto_montt,PGA,475,interface,declustering,dc_gk74sym,0.6270522184333698,0.6461225686486662,3.0412698742924293
puerto_montt,PGA,475,interface,declustering,dc_gruenthal,0.6270522184333698,0.6341910940848097,1.1384818427523813
puerto_montt,PGA,475,interface,no declustering (full catalog),raw,0.6270522184333698,0.5230755388377828,-16.58182150369595
puerto_montt,PGA,475,interface,classification tolerance -5 / +5 km,cls_m5,0.6270522184333698,0.625068687430863,-0.31632628738041957
puerto_montt,PGA,475,interface,classification tolerance -5 / +5 km,cls_p5,0.6270522184333698,0.6401083342929126,2.082141722129971
puerto_montt,PGA,475,interface,default-depth events to interface,cls_fix,0.6270522184333698,0.6254512302284079,-0.2553197577327526
puerto_montt,PGA,475,interface,"completeness table, ends of the ensemble",mc_lo,0.6270522184333698,0.5849828497496853,-6.709069427868508
puerto_montt,PGA,475,interface,"completeness table, ends of the ensemble",mc_hi,0.6270522184333698,0.6450818751715887,2.8753038755311655
puerto_montt,PGA,475,interface,keep 1962 / 1998 events,keep6298,0.6270522184333698,0.6348960969624803,1.2509131294850873
puerto_montt,PGA,475,interface,b: fit floor 5.4 / 6.0,fit54,0.6270522184333698,0.5677679177426838,-9.454443975782779
puerto_montt,PGA,475,interface,b: fit floor 5.4 / 6.0,fit60,0.6270522184333698,0.6640094708150048,5.893807771539228
puerto_montt,PGA,475,interface,MMIN_HAZ 6.5,mmin65,0.6270522184333698,0.6279710339651352,0.1465293487137309
puerto_montt,PGA,475,interface,geometry: segmented,seg,0.6270522184333698,0.5761574201605529,-8.116516739223512
puerto_montt,PGA,475,interface,rate: geodetic (mid),geo,0.6270522184333698,0.6469184248702499,3.1681901208345797
puerto_montt,PGA,475,interface,MFD: tapered,tapered,0.6270522184333698,0.6465632278030625,3.111544588493631
puerto_montt,PGA,475,interface,full 16-branch tree,tree,0.6270522184333698,0.6354528275375179,1.3396984903643494
puerto_montt,PGA,475,interface,rupture scaling: Allen & Hayes,msr_ah,0.6270522184333698,0.6116319091585036,-2.4591746622621535
puerto_montt,PGA,475,interface,rupture aspect ratio 1.5 / 2 / 3,asp15,0.6270522184333698,0.6309283228429033,0.6181469892918345
puerto_montt,PGA,475,interface,rupture aspect ratio 1.5 / 2 / 3,asp20,0.6270522184333698,0.6373435722617219,1.6412275606111582
puerto_montt,PGA,475,interface,rupture aspect ratio 1.5 / 2 / 3,asp30,0.6270522184333698,0.654781806050563,4.422213461978175
puerto_montt,PGA,475,interface,GMM (single vs tree),gmm_ag,0.6270522184333698,0.5725615571935906,-8.689971845713096
puerto_montt,PGA,475,interface,GMM (single vs tree),gmm_pk,0.6270522184333698,0.6096148240353857,-2.7808520383756474
puerto_montt,PGA,475,interface,GMM (single vs tree),gmm_ku,0.6270522184333698,0.6965862747373489,11.089037604827134
puerto_montt,PGA,475,intraslab,class domain cut at 50 km,classmask,0.6270522184333698,0.6100445694933696,-2.712317800659758
puerto_montt,PGA,475,intraslab,declustering,dc_gk74sym,0.6270522184333698,0.6402567534690284,2.1058110708305877
puerto_montt,PGA,475,intraslab,declustering,dc_gruenthal,0.6270522184333698,0.6408696620246896,2.203555491094744
puerto_montt,PGA,475,intraslab,no declustering (full catalog),raw,0.6270522184333698,0.6051872811878141,-3.486940417846407
puerto_montt,PGA,475,intraslab,classification tolerance -5 / +5 km,cls_m5,0.6270522184333698,0.6843342826283625,9.135134604595851
puerto_montt,PGA,475,intraslab,classification tolerance -5 / +5 km,cls_p5,0.6270522184333698,0.6220258664586439,-0.8015842743182899
puerto_montt,PGA,475,intraslab,default-depth events to interface,cls_fix,0.6270522184333698,0.6258758399508018,-0.18760454839105156
puerto_montt,PGA,475,intraslab,"completeness table, ends of the ensemble",mc_lo,0.6270522184333698,0.617622218844668,-1.503861929116812
puerto_montt,PGA,475,intraslab,"completeness table, ends of the ensemble",mc_hi,0.6270522184333698,0.6390090448069706,1.9068310456621607
puerto_montt,PGA,475,intraslab,slab_deep b: floor 5.7 / 6.0,sd_fit57,0.6270522184333698,0.6242870874083579,-0.44097300730715494
puerto_montt,PGA,475,intraslab,slab_deep b: floor 5.7 / 6.0,sd_fit60,0.6270522184333698,0.6305138305339939,0.5520452681393229
puerto_montt,PGA,475,intraslab,intra_slab b: floor 5.5 / 5.8,is_fit55,0.6270522184333698,0.6210204721661003,-0.961920887918899
puerto_montt,PGA,475,intraslab,intra_slab b: floor 5.5 / 5.8,is_fit58,0.6270522184333698,0.6322607219655085,0.8306331401157774
puerto_montt,PGA,475,intraslab,Mmax pad 0 / 0.4,pad0,0.6270522184333698,0.6219650339618301,-0.8112856189632089
puerto_montt,PGA,475,intraslab,Mmax pad 0 / 0.4,pad04,0.6270522184333698,0.6315284926992685,0.7138598882693081
puerto_montt,PGA,475,intraslab,"depths by slab-top regime, not thickness fraction",regime,0.6270522184333698,0.620928970621256,-0.9765132204479166
puerto_montt,PGA,475,intraslab,"previous geometry: top + 7.5 km, depth-rule band",band_rule,0.6270522184333698,0.6305281617272568,0.5543307545536447
puerto_montt,PGA,475,intraslab,smoothing neighbours 10 / 50,nn10,0.6270522184333698,0.616143712675539,-1.7396486986497872
puerto_montt,PGA,475,intraslab,smoothing neighbours 10 / 50,nn50,0.6270522184333698,0.6358148722984661,1.3974360679225306
puerto_montt,PGA,475,intraslab,pattern from all complete events / + calibrated kernel,smooth_all,0.6270522184333698,0.6270522167358207,-2.7071893615726594e-07
puerto_montt,PGA,475,intraslab,pattern from all complete events / + calibrated kernel,smooth_cv,0.6270522184333698,0.6078638980964404,-3.0600833188772714
puerto_montt,PGA,475,intraslab,kernel gaussian / cut-off 200 km,gauss,0.6270522184333698,0.6194849372143911,-1.2068023996286592
puerto_montt,PGA,475,intraslab,kernel gaussian / cut-off 200 km,dmax200,0.6270522184333698,0.6225873408551305,-0.7120423861021297
puerto_montt,PGA,475,intraslab,rupture scaling: Allen & Hayes,msr_ah,0.6270522184333698,0.6233219279373274,-0.5948931183693329
puerto_montt,PGA,475,intraslab,rupture aspect ratio 2,asp20,0.6270522184333698,0.6270766313953329,0.0038932901033517098
puerto_montt,PGA,475,intraslab,rupture dip 45 / 90,dip45,0.6270522184333698,0.6249284878870504,-0.3386847991105668
puerto_montt,PGA,475,intraslab,rupture dip 45 / 90,dip90,0.6270522184333698,0.630735993124915,0.587474947580735
puerto_montt,PGA,475,intraslab,sources from M5.5,mmin55,0.6270522184333698,0.6270500923801315,-0.0003390552135384972
puerto_montt,PGA,475,intraslab,GMM (single vs tree),gmm_ag,0.6270522184333698,0.6191625935836748,-1.2582085857867575
puerto_montt,PGA,475,intraslab,GMM (single vs tree),gmm_pk,0.6270522184333698,0.6576146199248456,4.873980283146606
puerto_montt,PGA,475,intraslab,GMM (single vs tree),gmm_mv,0.6270522184333698,0.6032840796278934,-3.7904560588046032
puerto_montt,PGA,475,crustal,faults vs no faults,nofaults,0.6270522184333698,0.6271550923767247,0.01640596115135562
puerto_montt,PGA,475,crustal,buffer margin 0 / 20 km,margin0,0.6270522184333698,0.6271769691492396,0.01989478901478492
puerto_montt,PGA,475,crustal,buffer margin 0 / 20 km,margin20,0.6270522184333698,0.6259376286581162,-0.17775071078423021
puerto_montt,PGA,475,crustal,cap and fault Mmin 6.5,cap65,0.6270522184333698,0.6270813750843549,0.004649796321265498
puerto_montt,PGA,475,crustal,declustering,dc_gruenthal,0.6270522184333698,0.6270073774216669,-0.007151080944245436
puerto_montt,PGA,475,crustal,no declustering (full catalog),raw,0.6270522184333698,0.6275914332097916,0.08599200522230177
puerto_montt,PGA,475,crustal,classification tolerance -5 / +5 km,cls_m5,0.6270522184333698,0.6274099216603496,0.05704520556095716
puerto_montt,PGA,475,crustal,classification tolerance -5 / +5 km,cls_p5,0.6270522184333698,0.6264860923822617,-0.09028371712366257
puerto_montt,PGA,475,crustal,default-depth events to interface,cls_fix,0.6270522184333698,0.6269619822036631,-0.014390544687359341
puerto_montt,PGA,475,crustal,background Mmax 7.5,mmax75,0.6270522184333698,0.6285259511040084,0.23502550940983635
puerto_montt,PGA,475,crustal,GMM (single vs tree),gmm_ask,0.6270522184333698,0.6263523786352978,-0.11160789763577927
puerto_montt,PGA,475,crustal,GMM (single vs tree),gmm_bssa,0.6270522184333698,0.6297559643441036,0.4311835332452718
puerto_montt,PGA,475,crustal,GMM (single vs tree),gmm_cb,0.6270522184333698,0.6301038304238235,0.48665994645196164
puerto_montt,PGA,475,crustal,GMM (single vs tree),gmm_cy,0.6270522184333698,0.6218958509984298,-0.8223186655527126
puerto_montt,PGA,475,all,truncation 2.5 / 4.0,tr25,0.6270522184333698,0.6069537766681655,-3.205226163686703
puerto_montt,PGA,475,all,truncation 2.5 / 4.0,tr40,0.6270522184333698,0.6382165758967779,1.7804509951820702
puerto_montt,PGA,475,all,truncation 2.0,tr20,0.6270522184333698,0.569922488260104,-9.110840930600473
puerto_montt,PGA,475,all,"numerics: mesh 5 km, point-source distance 100 km",num,0.6270522184333698,0.6271579049477567,0.01685449971788877
puerto_montt,PGA,475,all,"no declustering, all families",raw,0.6270522184333698,0.5003916875230771,-20.199359349487988
puerto_montt,PGA,475,all,"classification tolerance -5 / +5 km, all families",cls_m5,0.6270522184333698,0.6832410580497718,8.960791137424629
puerto_montt,PGA,475,all,"classification tolerance -5 / +5 km, all families",cls_p5,0.6270522184333698,0.6346179120437786,1.2065492136063227
puerto_montt,PGA,475,all,"default-depth events to interface, all families",cls_fix,0.6270522184333698,0.6241801217966375,-0.4580314928010143
puerto_montt,PGA,2475,interface,Z_BOTTOM 40 / 60 km,zbot40,1.3078607515443958,1.2376428812784381,-5.3689102745105295
puerto_montt,PGA,2475,interface,Z_BOTTOM 40 / 60 km,zbot60,1.3078607515443958,1.2804502835533582,-2.095824647896938
puerto_montt,PGA,2475,interface,Z_TOP 10 km,ztop10,1.3078607515443958,1.3760737346075995,5.2156151167204845
puerto_montt,PGA,2475,interface,declustering,dc_gk74sym,1.3078607515443958,1.3427793517925353,2.6699019912407085
puerto_montt,PGA,2475,interface,declustering,dc_gruenthal,1.3078607515443958,1.3221454629420828,1.0922195945415991
puerto_montt,PGA,2475,interface,no declustering (full catalog),raw,1.3078607515443958,1.0854982742024135,-17.001999416176695
puerto_montt,PGA,2475,interface,classification tolerance -5 / +5 km,cls_m5,1.3078607515443958,1.3092738635931969,0.10804759200337966
puerto_montt,PGA,2475,interface,classification tolerance -5 / +5 km,cls_p5,1.3078607515443958,1.326278774165184,1.4082556265289758
puerto_montt,PGA,2475,interface,default-depth events to interface,cls_fix,1.3078607515443958,1.3044325271644004,-0.2621245706736941
puerto_montt,PGA,2475,interface,"completeness table, ends of the ensemble",mc_lo,1.3078607515443958,1.24119727155268,-5.097138966284898
puerto_montt,PGA,2475,interface,"completeness table, ends of the ensemble",mc_hi,1.3078607515443958,1.338156710341395,2.316451408242348
puerto_montt,PGA,2475,interface,keep 1962 / 1998 events,keep6298,1.3078607515443958,1.3202279167817665,0.9456025974299509
puerto_montt,PGA,2475,interface,b: fit floor 5.4 / 6.0,fit54,1.3078607515443958,1.2018030615766244,-8.109249386261686
puerto_montt,PGA,2475,interface,b: fit floor 5.4 / 6.0,fit60,1.3078607515443958,1.3725218025242618,4.9440317635887965
puerto_montt,PGA,2475,interface,MMIN_HAZ 6.5,mmin65,1.3078607515443958,1.3093402615787597,0.11312443106934467
puerto_montt,PGA,2475,interface,geometry: segmented,seg,1.3078607515443958,1.249307494497111,-4.477025323845973
puerto_montt,PGA,2475,interface,rate: geodetic (mid),geo,1.3078607515443958,1.3379756714353563,2.302609039639658
puerto_montt,PGA,2475,interface,MFD: tapered,tapered,1.3078607515443958,1.3450676269759005,2.8448652035446997
puerto_montt,PGA,2475,interface,full 16-branch tree,tree,1.3078607515443958,1.3337025134033462,1.9758802172505696
puerto_montt,PGA,2475,interface,rupture scaling: Allen & Hayes,msr_ah,1.3078607515443958,1.2722098016187142,-2.725897989031556
puerto_montt,PGA,2475,interface,rupture aspect ratio 1.5 / 2 / 3,asp15,1.3078607515443958,1.314617654608047,0.5166378038084174
puerto_montt,PGA,2475,interface,rupture aspect ratio 1.5 / 2 / 3,asp20,1.3078607515443958,1.322040784720874,1.0842158203565155
puerto_montt,PGA,2475,interface,rupture aspect ratio 1.5 / 2 / 3,asp30,1.3078607515443958,1.351929343743124,3.36951714061986
puerto_montt,PGA,2475,interface,GMM (single vs tree),gmm_ag,1.3078607515443958,1.171973191627957,-10.390063296568474
puerto_montt,PGA,2475,interface,GMM (single vs tree),gmm_pk,1.3078607515443958,1.2903363590831811,-1.339928003842994
puerto_montt,PGA,2475,interface,GMM (single vs tree),gmm_ku,1.3078607515443958,1.4474973000937297,10.676713739168564
puerto_montt,PGA,2475,intraslab,class domain cut at 50 km,classmask,1.3078607515443958,1.2809536221668165,-2.0573390053800322
puerto_montt,PGA,2475,intraslab,declustering,dc_gk74sym,1.3078607515443958,1.3291428798753515,1.6272472666393867
puerto_montt,PGA,2475,intraslab,declustering,dc_gruenthal,1.3078607515443958,1.3293215166016137,1.6409059628003764
puerto_montt,PGA,2475,intraslab,no declustering (full catalog),raw,1.3078607515443958,1.2744450158611769,-2.5549918554983675
puerto_montt,PGA,2475,intraslab,classification tolerance -5 / +5 km,cls_m5,1.3078607515443958,1.3947171495281605,6.641104405128728
puerto_montt,PGA,2475,intraslab,classification tolerance -5 / +5 km,cls_p5,1.3078607515443958,1.299842928765103,-0.6130486574985161
puerto_montt,PGA,2475,intraslab,default-depth events to interface,cls_fix,1.3078607515443958,1.3068090174612361,-0.08041636557392096
puerto_montt,PGA,2475,intraslab,"completeness table, ends of the ensemble",mc_lo,1.3078607515443958,1.2934383469747892,-1.102747716266872
puerto_montt,PGA,2475,intraslab,"completeness table, ends of the ensemble",mc_hi,1.3078607515443958,1.3272852360200857,1.485210444059315
puerto_montt,PGA,2475,intraslab,slab_deep b: floor 5.7 / 6.0,sd_fit57,1.3078607515443958,1.3030107975090228,-0.3708310712471463
puerto_montt,PGA,2475,intraslab,slab_deep b: floor 5.7 / 6.0,sd_fit60,1.3078607515443958,1.3144738349200387,0.5056412441335034
puerto_montt,PGA,2475,intraslab,intra_slab b: floor 5.5 / 5.8,is_fit55,1.3078607515443958,1.2974047533456037,-0.7994733526826225
puerto_montt,PGA,2475,intraslab,intra_slab b: floor 5.5 / 5.8,is_fit58,1.3078607515443958,1.3175247226144726,0.738914372853916
puerto_montt,PGA,2475,intraslab,Mmax pad 0 / 0.4,pad0,1.3078607515443958,1.2959455537157818,-0.9110448352046552
puerto_montt,PGA,2475,intraslab,Mmax pad 0 / 0.4,pad04,1.3078607515443958,1.319495796114531,0.889624109936471
puerto_montt,PGA,2475,intraslab,"depths by slab-top regime, not thickness fraction",regime,1.3078607515443958,1.2972885542187278,-0.8083580238327226
puerto_montt,PGA,2475,intraslab,"previous geometry: top + 7.5 km, depth-rule band",band_rule,1.3078607515443958,1.3070079738232898,-0.06520401503745665
puerto_montt,PGA,2475,intraslab,smoothing neighbours 10 / 50,nn10,1.3078607515443958,1.2922654939998526,-1.1924249218525418
puerto_montt,PGA,2475,intraslab,smoothing neighbours 10 / 50,nn50,1.3078607515443958,1.3204006424030406,0.958809326133303
puerto_montt,PGA,2475,intraslab,pattern from all complete events / + calibrated kernel,smooth_all,1.3078607515443958,1.307860748713168,-2.1647778014610708e-07
puerto_montt,PGA,2475,intraslab,pattern from all complete events / + calibrated kernel,smooth_cv,1.3078607515443958,1.2804816784542277,-2.093424170565361
puerto_montt,PGA,2475,intraslab,kernel gaussian / cut-off 200 km,gauss,1.3078607515443958,1.297107467556145,-0.8222040439360923
puerto_montt,PGA,2475,intraslab,kernel gaussian / cut-off 200 km,dmax200,1.3078607515443958,1.3023241786788222,-0.4233304546402028
puerto_montt,PGA,2475,intraslab,rupture scaling: Allen & Hayes,msr_ah,1.3078607515443958,1.2994106466770345,-0.646101265550092
puerto_montt,PGA,2475,intraslab,rupture aspect ratio 2,asp20,1.3078607515443958,1.3064989329835444,-0.10412565399209317
puerto_montt,PGA,2475,intraslab,rupture dip 45 / 90,dip45,1.3078607515443958,1.3022202892713342,-0.43127391554499406
puerto_montt,PGA,2475,intraslab,rupture dip 45 / 90,dip90,1.3078607515443958,1.3147399772034705,0.5259906798908975
puerto_montt,PGA,2475,intraslab,sources from M5.5,mmin55,1.3078607515443958,1.3078607660913912,1.1122740284363886e-06
puerto_montt,PGA,2475,intraslab,GMM (single vs tree),gmm_ag,1.3078607515443958,1.2997087248165637,-0.6233099906244433
puerto_montt,PGA,2475,intraslab,GMM (single vs tree),gmm_pk,1.3078607515443958,1.3727167520374353,4.958937747497494
puerto_montt,PGA,2475,intraslab,GMM (single vs tree),gmm_mv,1.3078607515443958,1.2500921013396427,-4.4170337045848935
puerto_montt,PGA,2475,crustal,faults vs no faults,nofaults,1.3078607515443958,1.3078737085052594,0.0009906988070573775
puerto_montt,PGA,2475,crustal,buffer margin 0 / 20 km,margin0,1.3078607515443958,1.307873540300539,0.0009778377497715596
puerto_montt,PGA,2475,crustal,buffer margin 0 / 20 km,margin20,1.3078607515443958,1.3074343100412587,-0.0326060326096389
puerto_montt,PGA,2475,crustal,cap and fault Mmin 6.5,cap65,1.3078607515443958,1.307860751496921,-3.6299629968539193e-09
puerto_montt,PGA,2475,crustal,declustering,dc_gruenthal,1.3078607515443958,1.3079297570379635,0.0052762110558157715
puerto_montt,PGA,2475,crustal,no declustering (full catalog),raw,1.3078607515443958,1.3076152733320283,-0.018769445606314772
puerto_montt,PGA,2475,crustal,classification tolerance -5 / +5 km,cls_m5,1.3078607515443958,1.3078889828334488,0.0021585852331362787
puerto_montt,PGA,2475,crustal,classification tolerance -5 / +5 km,cls_p5,1.3078607515443958,1.307693547409949,-0.012784551738365124
puerto_montt,PGA,2475,crustal,default-depth events to interface,cls_fix,1.3078607515443958,1.3078816285038024,0.0015962677511360823
puerto_montt,PGA,2475,crustal,background Mmax 7.5,mmax75,1.3078607515443958,1.3094351442042085,0.12037922676044754
puerto_montt,PGA,2475,crustal,GMM (single vs tree),gmm_ask,1.3078607515443958,1.3069792618537783,-0.06739935345384529
puerto_montt,PGA,2475,crustal,GMM (single vs tree),gmm_bssa,1.3078607515443958,1.3094475348489438,0.12132662461765698
puerto_montt,PGA,2475,crustal,GMM (single vs tree),gmm_cb,1.3078607515443958,1.3094844934045893,0.12415250310677806
puerto_montt,PGA,2475,crustal,GMM (single vs tree),gmm_cy,1.3078607515443958,1.3055075905098843,-0.17992443245451462
puerto_montt,PGA,2475,all,truncation 2.5 / 4.0,tr25,1.3078607515443958,1.2482211262681573,-4.560089841813264
puerto_montt,PGA,2475,all,truncation 2.5 / 4.0,tr40,1.3078607515443958,1.3397788851014818,2.440484089716377
puerto_montt,PGA,2475,all,truncation 2.0,tr20,1.3078607515443958,1.1238752795949511,-14.067665210702607
puerto_montt,PGA,2475,all,"numerics: mesh 5 km, point-source distance 100 km",num,1.3078607515443958,1.311565948571698,0.2833021040601347
puerto_montt,PGA,2475,all,"no declustering, all families",raw,1.3078607515443958,1.0402053328384753,-20.465131199163057
puerto_montt,PGA,2475,all,"classification tolerance -5 / +5 km, all families",cls_m5,1.3078607515443958,1.3963142060729465,6.7632165292902835
puerto_montt,PGA,2475,all,"classification tolerance -5 / +5 km, all families",cls_p5,1.3078607515443958,1.3182661121266692,0.795601563085846
puerto_montt,PGA,2475,all,"default-depth events to interface, all families",cls_fix,1.3078607515443958,1.3033967364843018,-0.34132189186216744
puerto_aysen,PGA,475,interface,Z_BOTTOM 40 / 60 km,zbot40,0.48045774866327584,0.4818492917580022,0.2896286090916078
puerto_aysen,PGA,475,interface,Z_BOTTOM 40 / 60 km,zbot60,0.48045774866327584,0.47998708729733414,-0.09796103138125511
puerto_aysen,PGA,475,interface,Z_TOP 10 km,ztop10,0.48045774866327584,0.48185393042365315,0.2905940770570936
puerto_aysen,PGA,475,interface,declustering,dc_gk74sym,0.48045774866327584,0.48140224733346954,0.19658308619674436
puerto_aysen,PGA,475,interface,declustering,dc_gruenthal,0.48045774866327584,0.4808481260016903,0.08125112759667097
puerto_aysen,PGA,475,interface,no declustering (full catalog),raw,0.48045774866327584,0.4754309265037765,-1.046256860979955
puerto_aysen,PGA,475,interface,classification tolerance -5 / +5 km,cls_m5,0.48045774866327584,0.4805228304357008,0.013545784745083722
puerto_aysen,PGA,475,interface,classification tolerance -5 / +5 km,cls_p5,0.48045774866327584,0.48092512724179615,0.09727776892363149
puerto_aysen,PGA,475,interface,default-depth events to interface,cls_fix,0.48045774866327584,0.48036380624529446,-0.019552690791801997
puerto_aysen,PGA,475,interface,"completeness table, ends of the ensemble",mc_lo,0.48045774866327584,0.47881184809982397,-0.34256926192387516
puerto_aysen,PGA,475,interface,"completeness table, ends of the ensemble",mc_hi,0.48045774866327584,0.48126142253414883,0.16727253813866305
puerto_aysen,PGA,475,interface,keep 1962 / 1998 events,keep6298,0.48045774866327584,0.48077920294085835,0.06690583687678497
puerto_aysen,PGA,475,interface,b: fit floor 5.4 / 6.0,fit54,0.48045774866327584,0.4779267162123662,-0.5267960518799963
puerto_aysen,PGA,475,interface,b: fit floor 5.4 / 6.0,fit60,0.48045774866327584,0.4822097020558837,0.3646425512924045
puerto_aysen,PGA,475,interface,MMIN_HAZ 6.5,mmin65,0.48045774866327584,0.48049537005322396,0.00783032224014324
puerto_aysen,PGA,475,interface,geometry: segmented,seg,0.48045774866327584,0.4880667576227721,1.5836999154797526
puerto_aysen,PGA,475,interface,rate: geodetic (mid),geo,0.48045774866327584,0.48123673421188273,0.16213403796154768
puerto_aysen,PGA,475,interface,MFD: tapered,tapered,0.48045774866327584,0.48147258547710203,0.21122290495878548
puerto_aysen,PGA,475,interface,full 16-branch tree,tree,0.48045774866327584,0.48695958821071855,1.3532593793173398
puerto_aysen,PGA,475,interface,rupture scaling: Allen & Hayes,msr_ah,0.48045774866327584,0.4787911371472878,-0.34687993286086627
puerto_aysen,PGA,475,interface,rupture aspect ratio 1.5 / 2 / 3,asp15,0.48045774866327584,0.4803021636179349,-0.03238266960493563
puerto_aysen,PGA,475,interface,rupture aspect ratio 1.5 / 2 / 3,asp20,0.48045774866327584,0.4802045122399174,-0.05270732422631985
puerto_aysen,PGA,475,interface,rupture aspect ratio 1.5 / 2 / 3,asp30,0.48045774866327584,0.48001193931109265,-0.09278846130039708
puerto_aysen,PGA,475,interface,GMM (single vs tree),gmm_ag,0.48045774866327584,0.47652282863692724,-0.8189939775758215
puerto_aysen,PGA,475,interface,GMM (single vs tree),gmm_pk,0.48045774866327584,0.48459290547499834,0.8606702302600633
puerto_aysen,PGA,475,interface,GMM (single vs tree),gmm_ku,0.48045774866327584,0.48034088095863753,-0.024324241822193393
puerto_aysen,PGA,475,intraslab,class domain cut at 50 km,classmask,0.48045774866327584,0.4803236813140252,-0.027904087221741758
puerto_aysen,PGA,475,intraslab,declustering,dc_gk74sym,0.48045774866327584,0.480717190010762,0.053998785160191964
puerto_aysen,PGA,475,intraslab,declustering,dc_gruenthal,0.48045774866327584,0.4807302081455603,0.05670831265442988
puerto_aysen,PGA,475,intraslab,no declustering (full catalog),raw,0.48045774866327584,0.4800837141361078,-0.0778496190786182
puerto_aysen,PGA,475,intraslab,classification tolerance -5 / +5 km,cls_m5,0.48045774866327584,0.48807258748170196,1.5849133122760595
puerto_aysen,PGA,475,intraslab,classification tolerance -5 / +5 km,cls_p5,0.48045774866327584,0.48030283956478004,-0.032241981511749174
puerto_aysen,PGA,475,intraslab,default-depth events to interface,cls_fix,0.48045774866327584,0.480535112182872,0.016102044313237585
puerto_aysen,PGA,475,intraslab,"completeness table, ends of the ensemble",mc_lo,0.48045774866327584,0.4803563436847161,-0.02110590969588433
puerto_aysen,PGA,475,intraslab,"completeness table, ends of the ensemble",mc_hi,0.48045774866327584,0.48058959227741227,0.027441250454018906
puerto_aysen,PGA,475,intraslab,slab_deep b: floor 5.7 / 6.0,sd_fit57,0.48045774866327584,0.48040190597364835,-0.01162280966076068
puerto_aysen,PGA,475,intraslab,slab_deep b: floor 5.7 / 6.0,sd_fit60,0.48045774866327584,0.48053975835352997,0.01706907433218774
puerto_aysen,PGA,475,intraslab,intra_slab b: floor 5.5 / 5.8,is_fit55,0.48045774866327584,0.4803232419590804,-0.02799553229595464
puerto_aysen,PGA,475,intraslab,intra_slab b: floor 5.5 / 5.8,is_fit58,0.48045774866327584,0.48058691963625433,0.026884980695562888
puerto_aysen,PGA,475,intraslab,Mmax pad 0 / 0.4,pad0,0.48045774866327584,0.4802957777783252,-0.033711785354961776
puerto_aysen,PGA,475,intraslab,Mmax pad 0 / 0.4,pad04,0.48045774866327584,0.4806456481574305,0.03910843246412998
puerto_aysen,PGA,475,intraslab,"depths by slab-top regime, not thickness fraction",regime,0.48045774866327584,0.48033767878271555,-0.024990726217721804
puerto_aysen,PGA,475,intraslab,"previous geometry: top + 7.5 km, depth-rule band",band_rule,0.48045774866327584,0.4803166526416004,-0.02936699888137495
puerto_aysen,PGA,475,intraslab,smoothing neighbours 10 / 50,nn10,0.48045774866327584,0.48025623112193794,-0.04194282263082494
puerto_aysen,PGA,475,intraslab,smoothing neighbours 10 / 50,nn50,0.48045774866327584,0.48070285756703157,0.051015704177448384
puerto_aysen,PGA,475,intraslab,pattern from all complete events / + calibrated kernel,smooth_all,0.48045774866327584,0.48045774866327584,0.0
puerto_aysen,PGA,475,intraslab,pattern from all complete events / + calibrated kernel,smooth_cv,0.48045774866327584,0.47988638735545874,-0.11892019837472789
puerto_aysen,PGA,475,intraslab,kernel gaussian / cut-off 200 km,gauss,0.48045774866327584,0.48038754169979214,-0.014612515601841736
puerto_aysen,PGA,475,intraslab,kernel gaussian / cut-off 200 km,dmax200,0.48045774866327584,0.48001554652042844,-0.09203767533725316
puerto_aysen,PGA,475,intraslab,rupture scaling: Allen & Hayes,msr_ah,0.48045774866327584,0.4803570547141113,-0.02095791970151417
puerto_aysen,PGA,475,intraslab,rupture aspect ratio 2,asp20,0.48045774866327584,0.48046448913265927,0.0014029265637205413
puerto_aysen,PGA,475,intraslab,rupture dip 45 / 90,dip45,0.48045774866327584,0.4803992146161342,-0.012182974945140757
puerto_aysen,PGA,475,intraslab,rupture dip 45 / 90,dip90,0.48045774866327584,0.48060705916595287,0.03107671862769834
puerto_aysen,PGA,475,intraslab,sources from M5.5,mmin55,0.48045774866327584,0.4804577487358542,1.5106071948878252e-08
puerto_aysen,PGA,475,intraslab,GMM (single vs tree),gmm_ag,0.48045774866327584,0.4804708704072488,0.002731092173968719
puerto_aysen,PGA,475,intraslab,GMM (single vs tree),gmm_pk,0.48045774866327584,0.48092850314191965,0.0979804113792504
puerto_aysen,PGA,475,intraslab,GMM (single vs tree),gmm_mv,0.48045774866327584,0.47997318369774633,-0.10085485495398006
puerto_aysen,PGA,475,crustal,faults vs no faults,nofaults,0.48045774866327584,0.223237594358351,-53.53647745729149
puerto_aysen,PGA,475,crustal,buffer margin 0 / 20 km,margin0,0.48045774866327584,0.48911045632064415,1.8009299842580928
puerto_aysen,PGA,475,crustal,buffer margin 0 / 20 km,margin20,0.48045774866327584,0.47908335581860606,-0.28605904442037255
puerto_aysen,PGA,475,crustal,cap and fault Mmin 6.5,cap65,0.48045774866327584,0.41151129095731687,-14.350160424674396
puerto_aysen,PGA,475,crustal,declustering,dc_gruenthal,0.48045774866327584,0.4766635623854696,-0.7897023803575598
puerto_aysen,PGA,475,crustal,no declustering (full catalog),raw,0.48045774866327584,0.5230867009499379,8.87257046124532
puerto_aysen,PGA,475,crustal,classification tolerance -5 / +5 km,cls_m5,0.48045774866327584,0.4804789626734377,0.004415374758948154
puerto_aysen,PGA,475,crustal,classification tolerance -5 / +5 km,cls_p5,0.48045774866327584,0.4804218415772129,-0.007473515863332114
puerto_aysen,PGA,475,crustal,default-depth events to interface,cls_fix,0.48045774866327584,0.48052089364794,0.013142671720833832
puerto_aysen,PGA,475,crustal,background Mmax 7.5,mmax75,0.48045774866327584,0.48101891058799046,0.11679735133336422
puerto_aysen,PGA,475,crustal,GMM (single vs tree),gmm_ask,0.48045774866327584,0.4604778175197522,-4.158519911295344
puerto_aysen,PGA,475,crustal,GMM (single vs tree),gmm_bssa,0.48045774866327584,0.49811810930635114,3.675736460117407
puerto_aysen,PGA,475,crustal,GMM (single vs tree),gmm_cb,0.48045774866327584,0.5349193004044414,11.335346738123775
puerto_aysen,PGA,475,crustal,GMM (single vs tree),gmm_cy,0.48045774866327584,0.42560539640913925,-11.41668594309202
puerto_aysen,PGA,475,all,truncation 2.5 / 4.0,tr25,0.48045774866327584,0.46929527852392605,-2.3232990144098853
puerto_aysen,PGA,475,all,truncation 2.5 / 4.0,tr40,0.48045774866327584,0.48567267244099244,1.085407362504931
puerto_aysen,PGA,475,all,truncation 2.0,tr20,0.48045774866327584,0.4479734950581441,-6.7611051534727125
puerto_aysen,PGA,475,all,"numerics: mesh 5 km, point-source distance 100 km",num,0.48045774866327584,0.49751292663047303,3.5497768564765497
puerto_aysen,PGA,475,all,"no declustering, all families",raw,0.48045774866327584,0.5193064874887746,8.08577631094165
puerto_aysen,PGA,475,all,"classification tolerance -5 / +5 km, all families",cls_m5,0.48045774866327584,0.48815820350101596,1.6027329893553155
puerto_aysen,PGA,475,all,"classification tolerance -5 / +5 km, all families",cls_p5,0.48045774866327584,0.4807346925598744,0.05764167554151989
puerto_aysen,PGA,475,all,"default-depth events to interface, all families",cls_fix,0.48045774866327584,0.48050434161789346,0.009697617479842435
puerto_aysen,PGA,2475,interface,Z_BOTTOM 40 / 60 km,zbot40,0.8679213705439908,0.8697834353937208,0.21454303499439664
puerto_aysen,PGA,2475,interface,Z_BOTTOM 40 / 60 km,zbot60,0.8679213705439908,0.8673816821428743,-0.06218171592874411
puerto_aysen,PGA,2475,interface,Z_TOP 10 km,ztop10,0.8679213705439908,0.8697473203530507,0.21038193908227143
puerto_aysen,PGA,2475,interface,declustering,dc_gk74sym,0.8679213705439908,0.8689205363857863,0.11512170061778182
puerto_aysen,PGA,2475,interface,declustering,dc_gruenthal,0.8679213705439908,0.8683568482241745,0.05017478483226867
puerto_aysen,PGA,2475,interface,no declustering (full catalog),raw,0.8679213705439908,0.8627791880494053,-0.5924710082161555
puerto_aysen,PGA,2475,interface,classification tolerance -5 / +5 km,cls_m5,0.8679213705439908,0.8680695165028439,0.01706905301344097
puerto_aysen,PGA,2475,interface,classification tolerance -5 / +5 km,cls_p5,0.8679213705439908,0.8683324026446373,0.0473582186816035
puerto_aysen,PGA,2475,interface,default-depth events to interface,cls_fix,0.8679213705439908,0.8678142596419955,-0.012341083608535808
puerto_aysen,PGA,2475,interface,"completeness table, ends of the ensemble",mc_lo,0.8679213705439908,0.8663621315005593,-0.17965210862985748
puerto_aysen,PGA,2475,interface,"completeness table, ends of the ensemble",mc_hi,0.8679213705439908,0.8687262130812102,0.09273219493546314
puerto_aysen,PGA,2475,interface,keep 1962 / 1998 events,keep6298,0.8679213705439908,0.8682320169494456,0.03579199867611571
puerto_aysen,PGA,2475,interface,b: fit floor 5.4 / 6.0,fit54,0.8679213705439908,0.8654128751814951,-0.2890233433154643
puerto_aysen,PGA,2475,interface,b: fit floor 5.4 / 6.0,fit60,0.8679213705439908,0.8697025127002023,0.20521929942745043
puerto_aysen,PGA,2475,interface,MMIN_HAZ 6.5,mmin65,0.8679213705439908,0.8679559276138864,0.003981589930668328
puerto_aysen,PGA,2475,interface,geometry: segmented,seg,0.8679213705439908,0.8790854919209298,1.286305621204109
puerto_aysen,PGA,2475,interface,rate: geodetic (mid),geo,0.8679213705439908,0.8686371545911908,0.0824710707090226
puerto_aysen,PGA,2475,interface,MFD: tapered,tapered,0.8679213705439908,0.8690587371084085,0.1310448852878121
puerto_aysen,PGA,2475,interface,full 16-branch tree,tree,0.8679213705439908,0.8767204161627067,1.0138067706756626
puerto_aysen,PGA,2475,interface,rupture scaling: Allen & Hayes,msr_ah,0.8679213705439908,0.8657536271217795,-0.2497626508323636
puerto_aysen,PGA,2475,interface,rupture aspect ratio 1.5 / 2 / 3,asp15,0.8679213705439908,0.8678594907424859,-0.007129655243542921
puerto_aysen,PGA,2475,interface,rupture aspect ratio 1.5 / 2 / 3,asp20,0.8679213705439908,0.8677889586765682,-0.015256205448599403
puerto_aysen,PGA,2475,interface,rupture aspect ratio 1.5 / 2 / 3,asp30,0.8679213705439908,0.8676685646851187,-0.029127737540746157
puerto_aysen,PGA,2475,interface,GMM (single vs tree),gmm_ag,0.8679213705439908,0.8625810625132138,-0.6152985987002313
puerto_aysen,PGA,2475,interface,GMM (single vs tree),gmm_pk,0.8679213705439908,0.8736134628902378,0.655830417296821
puerto_aysen,PGA,2475,interface,GMM (single vs tree),gmm_ku,0.8679213705439908,0.8676731335269607,-0.02860132558718531
puerto_aysen,PGA,2475,intraslab,class domain cut at 50 km,classmask,0.8679213705439908,0.8677807774407333,-0.01619882952867968
puerto_aysen,PGA,2475,intraslab,declustering,dc_gk74sym,0.8679213705439908,0.8683007098391936,0.043706643029772785
puerto_aysen,PGA,2475,intraslab,declustering,dc_gruenthal,0.8679213705439908,0.8683086656178914,0.044623290432155294
puerto_aysen,PGA,2475,intraslab,no declustering (full catalog),raw,0.8679213705439908,0.8673965069077437,-0.06047363897930813
puerto_aysen,PGA,2475,intraslab,classification tolerance -5 / +5 km,cls_m5,0.8679213705439908,0.8778692193887556,1.1461693630760328
puerto_aysen,PGA,2475,intraslab,classification tolerance -5 / +5 km,cls_p5,0.8679213705439908,0.8677168805966297,-0.02356088400414791
puerto_aysen,PGA,2475,intraslab,default-depth events to interface,cls_fix,0.8679213705439908,0.8680248549896943,0.011923251254741807
puerto_aysen,PGA,2475,intraslab,"completeness table, ends of the ensemble",mc_lo,0.8679213705439908,0.8677783246941202,-0.016481429623160793
puerto_aysen,PGA,2475,intraslab,"completeness table, ends of the ensemble",mc_hi,0.8679213705439908,0.8681074788315539,0.021442989408870794
puerto_aysen,PGA,2475,intraslab,slab_deep b: floor 5.7 / 6.0,sd_fit57,0.8679213705439908,0.867824534866182,-0.011157194775379686
puerto_aysen,PGA,2475,intraslab,slab_deep b: floor 5.7 / 6.0,sd_fit60,0.8679213705439908,0.8680727064805069,0.017436595255326814
puerto_aysen,PGA,2475,intraslab,intra_slab b: floor 5.5 / 5.8,is_fit55,0.8679213705439908,0.86773510322441,-0.0214613127297425
puerto_aysen,PGA,2475,intraslab,intra_slab b: floor 5.5 / 5.8,is_fit58,0.8679213705439908,0.8681081912738351,0.02152507544861404
puerto_aysen,PGA,2475,intraslab,Mmax pad 0 / 0.4,pad0,0.8679213705439908,0.8675669348581543,-0.040837303685048454
puerto_aysen,PGA,2475,intraslab,Mmax pad 0 / 0.4,pad04,0.8679213705439908,0.8684195942933364,0.05740424953857293
puerto_aysen,PGA,2475,intraslab,"depths by slab-top regime, not thickness fraction",regime,0.8679213705439908,0.8676231500898649,-0.03436030777062005
puerto_aysen,PGA,2475,intraslab,"previous geometry: top + 7.5 km, depth-rule band",band_rule,0.8679213705439908,0.8675559098417885,-0.04210758193142761
puerto_aysen,PGA,2475,intraslab,smoothing neighbours 10 / 50,nn10,0.8679213705439908,0.8676533116873842,-0.030885154543258686
puerto_aysen,PGA,2475,intraslab,smoothing neighbours 10 / 50,nn50,0.8679213705439908,0.8682379016364502,0.03647001942825856
puerto_aysen,PGA,2475,intraslab,pattern from all complete events / + calibrated kernel,smooth_all,0.8679213705439908,0.8679213705301194,-1.598221555099144e-09
puerto_aysen,PGA,2475,intraslab,pattern from all complete events / + calibrated kernel,smooth_cv,0.8679213705439908,0.8671572249989219,-0.0880431766059564
puerto_aysen,PGA,2475,intraslab,kernel gaussian / cut-off 200 km,gauss,0.8679213705439908,0.867833994602592,-0.010067264658319974
puerto_aysen,PGA,2475,intraslab,kernel gaussian / cut-off 200 km,dmax200,0.8679213705439908,0.867326401904329,-0.0685509839778331
puerto_aysen,PGA,2475,intraslab,rupture scaling: Allen & Hayes,msr_ah,0.8679213705439908,0.8676714523372828,-0.02879502858090799
puerto_aysen,PGA,2475,intraslab,rupture aspect ratio 2,asp20,0.8679213705439908,0.8679249966862926,0.00041779617658832535
puerto_aysen,PGA,2475,intraslab,rupture dip 45 / 90,dip45,0.8679213705439908,0.8677413481197427,-0.020741789562717106
puerto_aysen,PGA,2475,intraslab,rupture dip 45 / 90,dip90,0.8679213705439908,0.8682254345906587,0.035033593708777566
puerto_aysen,PGA,2475,intraslab,sources from M5.5,mmin55,0.8679213705439908,0.8679213703672151,-2.0367707520563272e-08
puerto_aysen,PGA,2475,intraslab,GMM (single vs tree),gmm_ag,0.8679213705439908,0.8680501813323138,0.014841296999335007
puerto_aysen,PGA,2475,intraslab,GMM (single vs tree),gmm_pk,0.8679213705439908,0.8686811726154099,0.08754273108206867
puerto_aysen,PGA,2475,intraslab,GMM (single vs tree),gmm_mv,0.8679213705439908,0.8670285187199395,-0.10287243226787535
puerto_aysen,PGA,2475,crustal,faults vs no faults,nofaults,0.8679213705439908,0.4362876138752737,-49.731896381141084
puerto_aysen,PGA,2475,crustal,buffer margin 0 / 20 km,margin0,0.8679213705439908,0.8781442308275748,1.1778555789191625
puerto_aysen,PGA,2475,crustal,buffer margin 0 / 20 km,margin20,0.8679213705439908,0.8670293519727728,-0.10277642670083464
puerto_aysen,PGA,2475,crustal,cap and fault Mmin 6.5,cap65,0.8679213705439908,0.8010808547549261,-7.7012178818884
puerto_aysen,PGA,2475,crustal,declustering,dc_gruenthal,0.8679213705439908,0.8659910730094221,-0.22240465554601574
puerto_aysen,PGA,2475,crustal,no declustering (full catalog),raw,0.8679213705439908,0.8913187440245437,2.6957941438736643
puerto_aysen,PGA,2475,crustal,classification tolerance -5 / +5 km,cls_m5,0.8679213705439908,0.8679232641015968,0.0002181715614169022
puerto_aysen,PGA,2475,crustal,classification tolerance -5 / +5 km,cls_p5,0.8679213705439908,0.8679067764996192,-0.0016814938388232115
puerto_aysen,PGA,2475,crustal,default-depth events to interface,cls_fix,0.8679213705439908,0.8679582863674105,0.004253360347217239
puerto_aysen,PGA,2475,crustal,background Mmax 7.5,mmax75,0.8679213705439908,0.8685164011599056,0.06855812474599876
puerto_aysen,PGA,2475,crustal,GMM (single vs tree),gmm_ask,0.8679213705439908,0.8306515033732098,-4.294152493032999
puerto_aysen,PGA,2475,crustal,GMM (single vs tree),gmm_bssa,0.8679213705439908,0.9145768503323358,5.375542229027341
puerto_aysen,PGA,2475,crustal,GMM (single vs tree),gmm_cb,0.8679213705439908,0.9547825755134054,10.007957853943882
puerto_aysen,PGA,2475,crustal,GMM (single vs tree),gmm_cy,0.8679213705439908,0.7526593905253753,-13.280232971608042
puerto_aysen,PGA,2475,all,truncation 2.5 / 4.0,tr25,0.8679213705439908,0.8386209278117632,-3.375932858279862
puerto_aysen,PGA,2475,all,truncation 2.5 / 4.0,tr40,0.8679213705439908,0.8839291747932153,1.8443841565038532
puerto_aysen,PGA,2475,all,truncation 2.0,tr20,0.8679213705439908,0.7831682414498959,-9.765069967222228
puerto_aysen,PGA,2475,all,"numerics: mesh 5 km, point-source distance 100 km",num,0.8679213705439908,0.9047309096757139,4.241114504261123
puerto_aysen,PGA,2475,all,"no declustering, all families",raw,0.8679213705439908,0.8862677129084287,2.1138253979088972
puerto_aysen,PGA,2475,all,"classification tolerance -5 / +5 km, all families",cls_m5,0.8679213705439908,0.8780168826671921,1.1631828027087066
puerto_aysen,PGA,2475,all,"classification tolerance -5 / +5 km, all families",cls_p5,0.8679213705439908,0.8681135715045205,0.022144973848181593
puerto_aysen,PGA,2475,all,"default-depth events to interface, all families",cls_fix,0.8679213705439908,0.8679546882002429,0.0038387874043532833
